source_row_index,process,category,start_ns,duration_ns
0,python (3410),Command Buffer 0,10790973958,814417
1,python (3410),Compute Command 0,10791623208,151458
2,python (3410),Command Buffer 0,10791822875,2889958
3,python (3410),Command Buffer 0,10794863625,378625
4,python (3410),Compute Command 0,10794922500,314666
5,python (3410),Command Buffer 0,10795245541,296250
6,python (3410),Compute Command 0,10795256500,277458
7,python (3410),Command Buffer 0,10795553583,128292
8,python (3410),Compute Command 0,10795567000,107333
9,python (3410),Command Buffer 0,10795692833,3784875
10,python (3410),Command Buffer 0,10799596625,105500
11,python (3410),Compute Command 0,10799607916,88334
12,python (3410),Command Buffer 0,10799705833,64667
13,python (3410),Compute Command 0,10799708625,58625
14,python (3410),Command Buffer 0,10799771625,34541
15,python (3410),Compute Command 0,10799773458,29667
16,python (3410),Command Buffer 0,10799808250,3070625
17,python (3410),Command Buffer 0,10802983500,65583
18,python (3410),Compute Command 0,10802987750,58041
19,python (3410),Command Buffer 0,10803052000,77791
20,python (3410),Compute Command 0,10803054166,72125
21,python (3410),Command Buffer 0,10803132916,34042
22,python (3410),Compute Command 0,10803137416,27084
23,python (3410),Command Buffer 0,10803167833,2603167
24,python (3410),Command Buffer 0,10805897208,75833
25,python (3410),Compute Command 0,10805900416,69042
26,python (3410),Command Buffer 0,10805975833,77208
27,python (3410),Compute Command 0,10805978166,71917
28,python (3410),Command Buffer 0,10806055250,28083
29,python (3410),Compute Command 0,10806057250,23875
30,python (3410),Command Buffer 0,10806084250,2935250
31,python (3410),Command Buffer 0,10809108958,60125
32,python (3410),Compute Command 0,10809111333,55083
33,python (3410),Command Buffer 0,10809172166,59709
34,python (3410),Compute Command 0,10809174416,54417
35,python (3410),Command Buffer 0,10809234250,69750
36,python (3410),Compute Command 0,10809236500,64958
37,python (3410),Command Buffer 0,10809306791,3062084
38,python (3410),Command Buffer 0,10812469208,76208
39,python (3410),Compute Command 0,10812473291,67875
40,python (3410),Command Buffer 0,10812549083,72750
41,python (3410),Compute Command 0,10812551833,65792
42,python (3410),Command Buffer 0,10812624583,33792
43,python (3410),Compute Command 0,10812626833,28583
44,python (3410),Command Buffer 0,10812659500,2950875
45,python (3410),Command Buffer 0,10815707666,79375
46,python (3410),Compute Command 0,10815712333,70375
47,python (3410),Command Buffer 0,10815789916,61417
48,python (3410),Compute Command 0,10815792791,55250
49,python (3410),Command Buffer 0,10815853541,37750
50,python (3410),Compute Command 0,10815855833,32375
51,python (3410),Command Buffer 0,10815893291,2720917
52,python (3410),Command Buffer 0,10818704500,62541
53,python (3410),Compute Command 0,10818707125,56791
54,python (3410),Command Buffer 0,10818772458,59083
55,python (3410),Compute Command 0,10818774916,53375
56,python (3410),Command Buffer 0,10818834458,32375
57,python (3410),Compute Command 0,10818836583,27833
58,python (3410),Command Buffer 0,10818867750,2591875
59,python (3410),Command Buffer 0,10821555166,82792
60,python (3410),Compute Command 0,10821558708,75458
61,python (3410),Command Buffer 0,10821641541,61625
62,python (3410),Compute Command 0,10821644166,56334
63,python (3410),Command Buffer 0,10821705500,35833
64,python (3410),Compute Command 0,10821707791,30209
65,python (3410),Command Buffer 0,10821744083,2362667
66,python (3410),Command Buffer 0,10824229916,90834
67,python (3410),Compute Command 0,10824233000,83541
68,python (3410),Command Buffer 0,10824325291,61375
69,python (3410),Compute Command 0,10824327583,56333
70,python (3410),Command Buffer 0,10824387750,31041
71,python (3410),Compute Command 0,10824389500,26750
72,python (3410),Command Buffer 0,10824422125,2555500
73,python (3410),Command Buffer 0,10827071708,70917
74,python (3410),Compute Command 0,10827076125,62708
75,python (3410),Command Buffer 0,10827145375,58250
76,python (3410),Compute Command 0,10827147333,53583
77,python (3410),Command Buffer 0,10827205875,31333
78,python (3410),Compute Command 0,10827207708,26792
79,python (3410),Command Buffer 0,10827239375,2246291
80,python (3410),Command Buffer 0,10829573583,63417
81,python (3410),Compute Command 0,10829576250,57708
82,python (3410),Command Buffer 0,10829639333,57042
83,python (3410),Compute Command 0,10829641250,52416
84,python (3410),Command Buffer 0,10829698458,30292
85,python (3410),Compute Command 0,10829700208,26000
86,python (3410),Command Buffer 0,10829731708,1614917
87,python (3410),Command Buffer 0,10831421666,56625
88,python (3410),Compute Command 0,10831423791,52000
89,python (3410),Command Buffer 0,10831480833,54000
90,python (3410),Compute Command 0,10831482583,49750
91,python (3410),Command Buffer 0,10831537041,27750
92,python (3410),Compute Command 0,10831538750,23833
93,python (3410),Command Buffer 0,10831567041,2036209
94,python (3410),Command Buffer 0,10833678708,56000
95,python (3410),Compute Command 0,10833680625,51625
96,python (3410),Command Buffer 0,10833737291,54542
97,python (3410),Compute Command 0,10833739083,50375
98,python (3410),Command Buffer 0,10833793916,27542
99,python (3410),Compute Command 0,10833795541,23834
100,python (3410),Command Buffer 0,10833823625,2551583
101,python (3410),Command Buffer 0,10836454000,58958
102,python (3410),Compute Command 0,10836456041,54459
103,python (3410),Command Buffer 0,10836518250,54666
104,python (3410),Compute Command 0,10836520000,50416
105,python (3410),Command Buffer 0,10836575250,26916
106,python (3410),Compute Command 0,10836576833,23250
107,python (3410),Command Buffer 0,10836604416,1534042
108,python (3410),Command Buffer 0,10838213875,59708
109,python (3410),Compute Command 0,10838215916,55084
110,python (3410),Command Buffer 0,10838276083,53375
111,python (3410),Compute Command 0,10838277750,49291
112,python (3410),Command Buffer 0,10838331291,27875
113,python (3410),Compute Command 0,10838332958,24083
114,python (3410),Command Buffer 0,10838361291,1377709
115,python (3410),Command Buffer 0,10839814750,59208
116,python (3410),Compute Command 0,10839816750,54625
117,python (3410),Command Buffer 0,10839879333,53917
118,python (3410),Compute Command 0,10839881041,49834
119,python (3410),Command Buffer 0,10839935458,27125
120,python (3410),Compute Command 0,10839937041,23459
121,python (3410),Command Buffer 0,10839964625,1786208
122,python (3410),Command Buffer 0,10841847583,65292
123,python (3410),Compute Command 0,10841850500,58958
124,python (3410),Command Buffer 0,10841918583,60542
125,python (3410),Compute Command 0,10841921041,54709
126,python (3410),Command Buffer 0,10841981416,34709
127,python (3410),Compute Command 0,10841983583,29167
128,python (3410),Command Buffer 0,10842018416,1678292
129,python (3410),Command Buffer 0,10843793833,74042
130,python (3410),Compute Command 0,10843797791,65500
131,python (3410),Command Buffer 0,10843874416,66000
132,python (3410),Compute Command 0,10843877208,58792
133,python (3410),Command Buffer 0,10843943250,34625
134,python (3410),Compute Command 0,10843945666,29084
135,python (3410),Command Buffer 0,10843979000,1415041
136,python (3410),Command Buffer 0,10845489041,90292
137,python (3410),Compute Command 0,10845491541,83375
138,python (3410),Command Buffer 0,10845582875,77125
139,python (3410),Compute Command 0,10845586208,69708
140,python (3410),Command Buffer 0,10845663083,36292
141,python (3410),Compute Command 0,10845665500,30208
142,python (3410),Command Buffer 0,10845701500,1533291
143,python (3410),Command Buffer 0,10847325958,62125
144,python (3410),Compute Command 0,10847328375,56625
145,python (3410),Command Buffer 0,10847393625,60000
146,python (3410),Compute Command 0,10847395833,54500
147,python (3410),Command Buffer 0,10847456458,31375
148,python (3410),Compute Command 0,10847458666,26667
149,python (3410),Command Buffer 0,10847489708,2035083
150,python (3410),Command Buffer 0,10849625541,65792
151,python (3410),Compute Command 0,10849628791,58667
152,python (3410),Command Buffer 0,10849694750,61541
153,python (3410),Compute Command 0,10849697458,55833
154,python (3410),Command Buffer 0,10849759375,33666
155,python (3410),Compute Command 0,10849761666,28584
156,python (3410),Command Buffer 0,10849794708,1417542
157,python (3410),Command Buffer 0,10851311458,69875
158,python (3410),Compute Command 0,10851314125,64000
159,python (3410),Command Buffer 0,10851387166,69209
160,python (3410),Compute Command 0,10851389375,63458
161,python (3410),Command Buffer 0,10851459541,34125
162,python (3410),Compute Command 0,10851461541,29292
163,python (3410),Command Buffer 0,10851495666,1514000
164,python (3410),Command Buffer 0,10853094625,61000
165,python (3410),Compute Command 0,10853097166,55459
166,python (3410),Command Buffer 0,10853160916,76417
167,python (3410),Compute Command 0,10853163083,71000
168,python (3410),Command Buffer 0,10853239708,36000
169,python (3410),Compute Command 0,10853241875,31333
170,python (3410),Command Buffer 0,10853277291,1276292
171,python (3410),Command Buffer 0,10854641458,67625
172,python (3410),Compute Command 0,10854644250,61666
173,python (3410),Command Buffer 0,10854717291,61459
174,python (3410),Compute Command 0,10854719708,56375
175,python (3410),Command Buffer 0,10854780958,31417
176,python (3410),Compute Command 0,10854782833,27000
177,python (3410),Command Buffer 0,10854817916,1420875
178,python (3410),Command Buffer 0,10856327875,59500
179,python (3410),Compute Command 0,10856330125,54541
180,python (3410),Command Buffer 0,10856392916,59750
181,python (3410),Compute Command 0,10856395500,53916
182,python (3410),Command Buffer 0,10856456458,31333
183,python (3410),Compute Command 0,10856458625,26666
184,python (3410),Command Buffer 0,10856489750,1334458
185,python (3410),Command Buffer 0,10857903666,60875
186,python (3410),Compute Command 0,10857906291,55375
187,python (3410),Command Buffer 0,10857970416,59042
188,python (3410),Compute Command 0,10857972750,54083
189,python (3410),Command Buffer 0,10858031708,33417
190,python (3410),Compute Command 0,10858033916,28875
191,python (3410),Command Buffer 0,10858066041,1260917
192,python (3410),Command Buffer 0,10859416125,59791
193,python (3410),Compute Command 0,10859418333,54958
194,python (3410),Command Buffer 0,10859481333,59333
195,python (3410),Compute Command 0,10859483583,54042
196,python (3410),Command Buffer 0,10859542583,33292
197,python (3410),Compute Command 0,10859544666,28417
198,python (3410),Command Buffer 0,10859578625,1326000
199,python (3410),Command Buffer 0,10860989791,70417
200,python (3410),Compute Command 0,10860992083,65500
201,python (3410),Command Buffer 0,10861062708,61833
202,python (3410),Compute Command 0,10861065083,56417
203,python (3410),Command Buffer 0,10861126791,32042
204,python (3410),Compute Command 0,10861128916,27709
205,python (3410),Command Buffer 0,10861159750,1156208
206,python (3410),Command Buffer 0,10862397875,66541
207,python (3410),Compute Command 0,10862400375,61083
208,python (3410),Command Buffer 0,10862467666,60917
209,python (3410),Compute Command 0,10862470000,56000
210,python (3410),Command Buffer 0,10862531083,29125
211,python (3410),Compute Command 0,10862532833,25042
212,python (3410),Command Buffer 0,10862561083,1249667
213,python (3410),Command Buffer 0,10863894625,58958
214,python (3410),Compute Command 0,10863896708,54333
215,python (3410),Command Buffer 0,10863959125,58500
216,python (3410),Compute Command 0,10863961375,53166
217,python (3410),Command Buffer 0,10864020416,30792
218,python (3410),Compute Command 0,10864022541,26500
219,python (3410),Command Buffer 0,10864052125,1371416
220,python (3410),Command Buffer 0,10865515708,68750
221,python (3410),Compute Command 0,10865518916,62167
222,python (3410),Command Buffer 0,10865587291,64500
223,python (3410),Compute Command 0,10865589375,59625
224,python (3410),Command Buffer 0,10865653875,30916
225,python (3410),Compute Command 0,10865655666,26334
226,python (3410),Command Buffer 0,10865685750,1315375
227,python (3410),Command Buffer 0,10867088458,63458
228,python (3410),Compute Command 0,10867090625,58541
229,python (3410),Command Buffer 0,10867157458,61208
230,python (3410),Compute Command 0,10867159750,55791
231,python (3410),Command Buffer 0,10867221041,34417
232,python (3410),Compute Command 0,10867223208,28625
233,python (3410),Command Buffer 0,10867261166,1316750
234,python (3410),Command Buffer 0,10868677583,74792
235,python (3410),Compute Command 0,10868681250,66916
236,python (3410),Command Buffer 0,10868756458,65750
237,python (3410),Compute Command 0,10868758958,59125
238,python (3410),Command Buffer 0,10868825541,32667
239,python (3410),Compute Command 0,10868827750,27583
240,python (3410),Command Buffer 0,10868859416,1199959
241,python (3410),Command Buffer 0,10870154291,67042
242,python (3410),Compute Command 0,10870157125,61041
243,python (3410),Command Buffer 0,10870226833,61292
244,python (3410),Compute Command 0,10870229250,56208
245,python (3410),Command Buffer 0,10870290208,33875
246,python (3410),Compute Command 0,10870292291,28584
247,python (3410),Command Buffer 0,10870326291,1140292
248,python (3410),Command Buffer 0,10871551708,64292
249,python (3410),Compute Command 0,10871554166,57334
250,python (3410),Command Buffer 0,10871619666,60667
251,python (3410),Compute Command 0,10871622041,55750
252,python (3410),Command Buffer 0,10871682500,33875
253,python (3410),Compute Command 0,10871684666,29292
254,python (3410),Command Buffer 0,10871717666,1197625
255,python (3410),Command Buffer 0,10873021833,75958
256,python (3410),Compute Command 0,10873024666,70292
257,python (3410),Command Buffer 0,10873100750,60375
258,python (3410),Compute Command 0,10873103041,55542
259,python (3410),Command Buffer 0,10873163166,32917
260,python (3410),Compute Command 0,10873165291,28500
261,python (3410),Command Buffer 0,10873197750,1102916
262,python (3410),Command Buffer 0,10874387083,65792
263,python (3410),Compute Command 0,10874389666,60459
264,python (3410),Command Buffer 0,10874455375,60291
265,python (3410),Compute Command 0,10874457625,54833
266,python (3410),Command Buffer 0,10874518041,29834
267,python (3410),Compute Command 0,10874520500,25208
268,python (3410),Command Buffer 0,10874549375,1277875
269,python (3410),Command Buffer 0,10875925208,66667
270,python (3410),Compute Command 0,10875928375,60041
271,python (3410),Command Buffer 0,10875997958,62917
272,python (3410),Compute Command 0,10876000458,56875
273,python (3410),Command Buffer 0,10876063500,34833
274,python (3410),Compute Command 0,10876065750,28916
275,python (3410),Command Buffer 0,10876100666,1184959
276,python (3410),Command Buffer 0,10877365791,60459
277,python (3410),Compute Command 0,10877368000,55541
278,python (3410),Command Buffer 0,10877429083,59417
279,python (3410),Compute Command 0,10877431291,54625
280,python (3410),Command Buffer 0,10877490541,29667
281,python (3410),Compute Command 0,10877492250,25208
282,python (3410),Command Buffer 0,10877522083,1032500
283,python (3410),Command Buffer 0,10878645708,63625
284,python (3410),Compute Command 0,10878648500,57666
285,python (3410),Command Buffer 0,10878712125,61625
286,python (3410),Compute Command 0,10878714291,56209
287,python (3410),Command Buffer 0,10878776250,34833
288,python (3410),Compute Command 0,10878778791,28709
289,python (3410),Command Buffer 0,10878814333,1159958
290,python (3410),Command Buffer 0,10880050541,64084
291,python (3410),Compute Command 0,10880052750,59208
292,python (3410),Command Buffer 0,10880120083,63167
293,python (3410),Compute Command 0,10880122333,57792
294,python (3410),Command Buffer 0,10880185625,29583
295,python (3410),Compute Command 0,10880187875,25041
296,python (3410),Command Buffer 0,10880217000,1150625
297,python (3410),Command Buffer 0,10881452416,61459
298,python (3410),Compute Command 0,10881454708,56333
299,python (3410),Command Buffer 0,10881519208,58375
300,python (3410),Compute Command 0,10881521250,53041
301,python (3410),Command Buffer 0,10881580041,34209
302,python (3410),Compute Command 0,10881582166,28792
303,python (3410),Command Buffer 0,10881616541,1078750
304,python (3410),Command Buffer 0,10882784166,61417
305,python (3410),Compute Command 0,10882786666,56042
306,python (3410),Command Buffer 0,10882851291,58625
307,python (3410),Compute Command 0,10882853583,53708
308,python (3410),Command Buffer 0,10882912541,29375
309,python (3410),Compute Command 0,10882914500,25125
310,python (3410),Command Buffer 0,10882942791,1319875
311,python (3410),Command Buffer 0,10884349375,63833
312,python (3410),Compute Command 0,10884351583,58875
313,python (3410),Command Buffer 0,10884415458,59792
314,python (3410),Compute Command 0,10884417666,54834
315,python (3410),Command Buffer 0,10884477333,33333
316,python (3410),Compute Command 0,10884479458,28917
317,python (3410),Command Buffer 0,10884512250,1040333
318,python (3410),Command Buffer 0,10885640375,60625
319,python (3410),Compute Command 0,10885642791,55334
320,python (3410),Command Buffer 0,10885703541,60834
321,python (3410),Compute Command 0,10885705625,55583
322,python (3410),Command Buffer 0,10885766833,34875
323,python (3410),Compute Command 0,10885769000,29875
324,python (3410),Command Buffer 0,10885803875,999958
325,python (3410),Command Buffer 0,10886889541,58750
326,python (3410),Compute Command 0,10886891708,53917
327,python (3410),Command Buffer 0,10886952875,59041
328,python (3410),Compute Command 0,10886955125,54291
329,python (3410),Command Buffer 0,10887013875,35666
330,python (3410),Compute Command 0,10887016000,30666
331,python (3410),Command Buffer 0,10887051333,1053333
332,python (3410),Command Buffer 0,10888188458,66167
333,python (3410),Compute Command 0,10888190958,60875
334,python (3410),Command Buffer 0,10888257458,60333
335,python (3410),Compute Command 0,10888260958,53542
336,python (3410),Command Buffer 0,10888320208,32125
337,python (3410),Compute Command 0,10888322416,27667
338,python (3410),Command Buffer 0,10888353291,1160792
339,python (3410),Command Buffer 0,10889602541,62875
340,python (3410),Compute Command 0,10889605208,56750
341,python (3410),Command Buffer 0,10889671375,59000
342,python (3410),Compute Command 0,10889673458,53417
343,python (3410),Command Buffer 0,10889732958,32333
344,python (3410),Compute Command 0,10889735208,27542
345,python (3410),Command Buffer 0,10889766291,1052417
346,python (3410),Command Buffer 0,10890894708,61208
347,python (3410),Compute Command 0,10890896958,55583
348,python (3410),Command Buffer 0,10890958416,59750
349,python (3410),Compute Command 0,10890960708,54833
350,python (3410),Command Buffer 0,10891020333,28833
351,python (3410),Compute Command 0,10891022250,24666
352,python (3410),Command Buffer 0,10891050125,1404791
353,python (3410),Command Buffer 0,10892538250,64625
354,python (3410),Compute Command 0,10892540500,59500
355,python (3410),Command Buffer 0,10892605833,60167
356,python (3410),Compute Command 0,10892608000,55500
357,python (3410),Command Buffer 0,10892667958,31375
358,python (3410),Compute Command 0,10892670125,27000
359,python (3410),Command Buffer 0,10892700791,925500
360,python (3410),Command Buffer 0,10893706083,58042
361,python (3410),Compute Command 0,10893708041,53250
362,python (3410),Command Buffer 0,10893766791,63584
363,python (3410),Compute Command 0,10893768833,59042
364,python (3410),Command Buffer 0,10893832833,32042
365,python (3410),Compute Command 0,10893834875,27416
366,python (3410),Command Buffer 0,10893866708,959042
367,python (3410),Command Buffer 0,10894904958,63458
368,python (3410),Compute Command 0,10894907083,58542
369,python (3410),Command Buffer 0,10894973791,64125
370,python (3410),Compute Command 0,10894975958,58792
371,python (3410),Command Buffer 0,10895040291,31709
372,python (3410),Compute Command 0,10895042291,27417
373,python (3410),Command Buffer 0,10895074041,898042
374,python (3410),Command Buffer 0,10896056916,59334
375,python (3410),Compute Command 0,10896059166,54459
376,python (3410),Command Buffer 0,10896121500,57416
377,python (3410),Compute Command 0,10896123708,52708
378,python (3410),Command Buffer 0,10896181500,28083
379,python (3410),Compute Command 0,10896183125,24291
380,python (3410),Command Buffer 0,10896211291,1030792
381,python (3410),Command Buffer 0,10897328958,58500
382,python (3410),Compute Command 0,10897330875,54125
383,python (3410),Command Buffer 0,10897392833,58458
384,python (3410),Compute Command 0,10897394958,53458
385,python (3410),Command Buffer 0,10897453500,31041
386,python (3410),Compute Command 0,10897455541,26917
387,python (3410),Command Buffer 0,10897485625,1123958
388,python (3410),Command Buffer 0,10898697083,57958
389,python (3410),Compute Command 0,10898699000,53416
390,python (3410),Command Buffer 0,10898760333,59000
391,python (3410),Compute Command 0,10898762500,54416
392,python (3410),Command Buffer 0,10898821416,31500
393,python (3410),Compute Command 0,10898823458,26792
394,python (3410),Command Buffer 0,10898855750,959416
395,python (3410),Command Buffer 0,10899893041,61084
396,python (3410),Compute Command 0,10899895000,51750
397,python (3410),Command Buffer 0,10899957333,67208
398,python (3410),Compute Command 0,10899959458,62000
399,python (3410),Command Buffer 0,10900026833,34417
400,python (3410),Compute Command 0,10900028916,30167
401,python (3410),Command Buffer 0,10900062458,1059208
402,python (3410),Command Buffer 0,10901210916,55625
403,python (3410),Compute Command 0,10901212833,51083
404,python (3410),Command Buffer 0,10901268916,56042
405,python (3410),Compute Command 0,10901270791,51292
406,python (3410),Command Buffer 0,10901327166,32334
407,python (3410),Compute Command 0,10901329166,26834
408,python (3410),Command Buffer 0,10901362000,887333
409,python (3410),Command Buffer 0,10902343000,60833
410,python (3410),Compute Command 0,10902346000,54791
411,python (3410),Command Buffer 0,10902406541,59792
412,python (3410),Compute Command 0,10902408791,54584
413,python (3410),Command Buffer 0,10902468916,35542
414,python (3410),Compute Command 0,10902471041,31084
415,python (3410),Command Buffer 0,10902506083,949958
416,python (3410),Command Buffer 0,10903533708,62458
417,python (3410),Compute Command 0,10903535916,57542
418,python (3410),Command Buffer 0,10903604125,57083
419,python (3410),Compute Command 0,10903606291,52500
420,python (3410),Command Buffer 0,10903663250,32916
421,python (3410),Compute Command 0,10903665208,28250
422,python (3410),Command Buffer 0,10903698666,902834
423,python (3410),Command Buffer 0,10904690583,66708
424,python (3410),Compute Command 0,10904694041,59584
425,python (3410),Command Buffer 0,10904760666,62250
426,python (3410),Compute Command 0,10904763333,56667
427,python (3410),Command Buffer 0,10904825125,31208
428,python (3410),Compute Command 0,10904827041,26625
429,python (3410),Command Buffer 0,10904858750,904541
430,python (3410),Command Buffer 0,10905848625,55875
431,python (3410),Compute Command 0,10905850666,51292
432,python (3410),Command Buffer 0,10905906500,55958
433,python (3410),Compute Command 0,10905908625,51000
434,python (3410),Command Buffer 0,10905964291,34417
435,python (3410),Compute Command 0,10905966333,29625
436,python (3410),Command Buffer 0,10906001041,1187209
437,python (3410),Command Buffer 0,10907267375,57583
438,python (3410),Compute Command 0,10907269541,52709
439,python (3410),Command Buffer 0,10907327333,58708
440,python (3410),Compute Command 0,10907329541,54084
441,python (3410),Command Buffer 0,10907388166,31875
442,python (3410),Compute Command 0,10907390000,27458
443,python (3410),Command Buffer 0,10907422791,912542
444,python (3410),Command Buffer 0,10908419000,61416
445,python (3410),Compute Command 0,10908421000,53916
446,python (3410),Command Buffer 0,10908483541,53750
447,python (3410),Compute Command 0,10908485500,48833
448,python (3410),Command Buffer 0,10908539708,31458
449,python (3410),Compute Command 0,10908541750,26791
450,python (3410),Command Buffer 0,10908572750,970916
451,python (3410),Command Buffer 0,10909629625,63500
452,python (3410),Compute Command 0,10909632291,57292
453,python (3410),Command Buffer 0,10909696250,59541
454,python (3410),Compute Command 0,10909698416,54417
455,python (3410),Command Buffer 0,10909758125,31166
456,python (3410),Compute Command 0,10909760041,26334
457,python (3410),Command Buffer 0,10909791291,905584
458,python (3410),Command Buffer 0,10910775708,59042
459,python (3410),Compute Command 0,10910778041,53917
460,python (3410),Command Buffer 0,10910837250,61500
461,python (3410),Compute Command 0,10910839500,56166
462,python (3410),Command Buffer 0,10910901125,39916
463,python (3410),Compute Command 0,10910903041,35084
464,python (3410),Command Buffer 0,10910943458,976250
465,python (3410),Command Buffer 0,10912003916,65959
466,python (3410),Compute Command 0,10912006875,59875
467,python (3410),Command Buffer 0,10912072375,59291
468,python (3410),Compute Command 0,10912074333,54792
469,python (3410),Command Buffer 0,10912134166,30625
470,python (3410),Compute Command 0,10912136416,25334
471,python (3410),Command Buffer 0,10912166750,1024583
472,python (3410),Command Buffer 0,10913274291,59125
473,python (3410),Compute Command 0,10913276166,54750
474,python (3410),Command Buffer 0,10913338416,57584
475,python (3410),Compute Command 0,10913340333,52667
476,python (3410),Command Buffer 0,10913398083,29625
477,python (3410),Compute Command 0,10913400083,25250
478,python (3410),Command Buffer 0,10913429375,1061208
479,python (3410),Command Buffer 0,10914571875,63083
480,python (3410),Compute Command 0,10914574041,55417
481,python (3410),Command Buffer 0,10914638083,57333
482,python (3410),Compute Command 0,10914640083,52292
483,python (3410),Command Buffer 0,10914697708,29792
484,python (3410),Compute Command 0,10914699791,24709
485,python (3410),Command Buffer 0,10914728416,1001125
486,python (3410),Command Buffer 0,10915813333,59458
487,python (3410),Compute Command 0,10915815916,53792
488,python (3410),Command Buffer 0,10915875750,60875
489,python (3410),Compute Command 0,10915877916,56000
490,python (3410),Command Buffer 0,10915938583,33417
491,python (3410),Compute Command 0,10915940458,28542
492,python (3410),Command Buffer 0,10915974291,857375
493,python (3410),Command Buffer 0,10916914375,52333
494,python (3410),Compute Command 0,10916916166,48334
495,python (3410),Command Buffer 0,10916968875,61375
496,python (3410),Compute Command 0,10916970833,56417
497,python (3410),Command Buffer 0,10917032500,35875
498,python (3410),Compute Command 0,10917034541,31459
499,python (3410),Command Buffer 0,10917070291,839042
500,python (3410),Command Buffer 0,10917995833,52458
501,python (3410),Compute Command 0,10917998166,48000
502,python (3410),Command Buffer 0,10918050083,54958
503,python (3410),Compute Command 0,10918051958,50083
504,python (3410),Command Buffer 0,10918107250,33666
505,python (3410),Compute Command 0,10918109250,29708
506,python (3410),Command Buffer 0,10918141958,1122958
507,python (3410),Command Buffer 0,10919345208,50542
508,python (3410),Compute Command 0,10919347000,46416
509,python (3410),Command Buffer 0,10919398375,63041
510,python (3410),Compute Command 0,10919400458,57833
511,python (3410),Command Buffer 0,10919463916,35292
512,python (3410),Compute Command 0,10919466000,29875
513,python (3410),Command Buffer 0,10919501875,860333
514,python (3410),Command Buffer 0,10920444416,51250
515,python (3410),Compute Command 0,10920446375,46875
516,python (3410),Command Buffer 0,10920497666,58625
517,python (3410),Compute Command 0,10920499750,54083
518,python (3410),Command Buffer 0,10920558416,35667
519,python (3410),Compute Command 0,10920560416,30209
520,python (3410),Command Buffer 0,10920596166,878292
521,python (3410),Command Buffer 0,10921566166,60417
522,python (3410),Compute Command 0,10921568791,55084
523,python (3410),Command Buffer 0,10921628875,65333
524,python (3410),Compute Command 0,10921630958,60583
525,python (3410),Command Buffer 0,10921696208,31500
526,python (3410),Compute Command 0,10921698166,27500
527,python (3410),Command Buffer 0,10921728458,1029625
528,python (3410),Command Buffer 0,10922845750,54166
529,python (3410),Compute Command 0,10922848166,48875
530,python (3410),Command Buffer 0,10922902291,60084
531,python (3410),Compute Command 0,10922904625,54375
532,python (3410),Command Buffer 0,10922964666,35084
533,python (3410),Compute Command 0,10922966875,29833
534,python (3410),Command Buffer 0,10923002458,905792
535,python (3410),Command Buffer 0,10924018750,83791
536,python (3410),Compute Command 0,10924023041,74667
537,python (3410),Command Buffer 0,10924106291,69584
538,python (3410),Compute Command 0,10924108916,64042
539,python (3410),Command Buffer 0,10924177875,37583
540,python (3410),Compute Command 0,10924179750,32208
541,python (3410),Command Buffer 0,10924218250,839416
542,python (3410),Command Buffer 0,10925152625,57250
543,python (3410),Compute Command 0,10925154708,52750
544,python (3410),Command Buffer 0,10925211958,65458
545,python (3410),Compute Command 0,10925214166,60792
546,python (3410),Command Buffer 0,10925279291,41750
547,python (3410),Compute Command 0,10925281500,36500
548,python (3410),Command Buffer 0,10925323416,814792
549,python (3410),Command Buffer 0,10926229458,63292
550,python (3410),Compute Command 0,10926231708,58417
551,python (3410),Command Buffer 0,10926295708,57833
552,python (3410),Compute Command 0,10926297458,53667
553,python (3410),Command Buffer 0,10926356750,29125
554,python (3410),Compute Command 0,10926358583,25125
555,python (3410),Command Buffer 0,10926386875,1120208
556,python (3410),Command Buffer 0,10927613791,88209
557,python (3410),Compute Command 0,10927619000,79250
558,python (3410),Command Buffer 0,10927706250,129916
559,python (3410),Compute Command 0,10927708583,116667
560,python (3410),Command Buffer 0,10927847666,61959
561,python (3410),Compute Command 0,10927852041,53792
562,python (3410),Command Buffer 0,10927911291,743000
563,python (3410),Command Buffer 0,10928747416,62709
564,python (3410),Compute Command 0,10928750666,56375
565,python (3410),Command Buffer 0,10928813333,60917
566,python (3410),Compute Command 0,10928815291,55875
567,python (3410),Command Buffer 0,10928877750,34083
568,python (3410),Compute Command 0,10928879750,28833
569,python (3410),Command Buffer 0,10928912916,835250
570,python (3410),Command Buffer 0,10929881250,81333
571,python (3410),Compute Command 0,10929886250,72333
572,python (3410),Command Buffer 0,10929967500,64375
573,python (3410),Compute Command 0,10929969875,59250
574,python (3410),Command Buffer 0,10930035500,34791
575,python (3410),Compute Command 0,10930037291,28792
576,python (3410),Command Buffer 0,10930071416,829209
577,python (3410),Command Buffer 0,10930999458,69792
578,python (3410),Compute Command 0,10931003500,62250
579,python (3410),Command Buffer 0,10931071625,58666
580,python (3410),Compute Command 0,10931073666,53959
581,python (3410),Command Buffer 0,10931132875,34083
582,python (3410),Compute Command 0,10931134666,27250
583,python (3410),Command Buffer 0,10931169083,823917
584,python (3410),Command Buffer 0,10932083125,61708
585,python (3410),Compute Command 0,10932085875,56041
586,python (3410),Command Buffer 0,10932147333,74208
587,python (3410),Compute Command 0,10932149208,68625
588,python (3410),Command Buffer 0,10932225541,40625
589,python (3410),Compute Command 0,10932228416,35000
590,python (3410),Command Buffer 0,10932268875,779458
591,python (3410),Command Buffer 0,10933132125,62166
592,python (3410),Compute Command 0,10933135083,56125
593,python (3410),Command Buffer 0,10933196625,56208
594,python (3410),Compute Command 0,10933198416,51834
595,python (3410),Command Buffer 0,10933255041,31125
596,python (3410),Compute Command 0,10933256833,26333
597,python (3410),Command Buffer 0,10933288291,786750
598,python (3410),Command Buffer 0,10934146916,59625
599,python (3410),Compute Command 0,10934148916,54959
600,python (3410),Command Buffer 0,10934212125,55958
601,python (3410),Compute Command 0,10934213833,51750
602,python (3410),Command Buffer 0,10934270416,29375
603,python (3410),Compute Command 0,10934272041,25542
604,python (3410),Command Buffer 0,10934301875,802750
605,python (3410),Command Buffer 0,10935177416,58750
606,python (3410),Compute Command 0,10935179333,54292
607,python (3410),Command Buffer 0,10935238208,55250
608,python (3410),Compute Command 0,10935239875,51125
609,python (3410),Command Buffer 0,10935295500,27375
610,python (3410),Compute Command 0,10935297166,23667
611,python (3410),Command Buffer 0,10935325875,790000
612,python (3410),Command Buffer 0,10936187875,57500
613,python (3410),Compute Command 0,10936189875,52916
614,python (3410),Command Buffer 0,10936247916,56584
615,python (3410),Compute Command 0,10936249666,52417
616,python (3410),Command Buffer 0,10936306750,27958
617,python (3410),Compute Command 0,10936308375,24166
618,python (3410),Command Buffer 0,10936337666,822292
619,python (3410),Command Buffer 0,10937240041,69542
620,python (3410),Compute Command 0,10937243125,62750
621,python (3410),Command Buffer 0,10937313083,60458
622,python (3410),Compute Command 0,10937315083,55583
623,python (3410),Command Buffer 0,10937375958,31417
624,python (3410),Compute Command 0,10937377791,27000
625,python (3410),Command Buffer 0,10937409750,822666
626,python (3410),Command Buffer 0,10938325625,66458
627,python (3410),Compute Command 0,10938329000,59750
628,python (3410),Command Buffer 0,10938394750,57500
629,python (3410),Compute Command 0,10938396666,53000
630,python (3410),Command Buffer 0,10938454666,30375
631,python (3410),Compute Command 0,10938456375,26416
632,python (3410),Command Buffer 0,10938487666,830500
633,python (3410),Command Buffer 0,10939398458,59708
634,python (3410),Compute Command 0,10939401333,54125
635,python (3410),Command Buffer 0,10939464166,55625
636,python (3410),Compute Command 0,10939465916,51500
637,python (3410),Command Buffer 0,10939522041,28959
638,python (3410),Compute Command 0,10939523791,25000
639,python (3410),Command Buffer 0,10939553250,835750
640,python (3410),Command Buffer 0,10940479041,57375
641,python (3410),Compute Command 0,10940481208,52667
642,python (3410),Command Buffer 0,10940539125,57000
643,python (3410),Compute Command 0,10940540916,52750
644,python (3410),Command Buffer 0,10940598708,29417
645,python (3410),Compute Command 0,10940600375,25500
646,python (3410),Command Buffer 0,10940630375,837833
647,python (3410),Command Buffer 0,10941555708,59500
648,python (3410),Compute Command 0,10941558333,54125
649,python (3410),Command Buffer 0,10941618041,54959
650,python (3410),Compute Command 0,10941619708,50875
651,python (3410),Command Buffer 0,10941675250,33875
652,python (3410),Compute Command 0,10941677166,29834
653,python (3410),Command Buffer 0,10941711416,825917
654,python (3410),Command Buffer 0,10942617250,56583
655,python (3410),Compute Command 0,10942619541,51792
656,python (3410),Command Buffer 0,10942676458,53750
657,python (3410),Compute Command 0,10942678166,49750
658,python (3410),Command Buffer 0,10942732291,29209
659,python (3410),Compute Command 0,10942734041,25292
660,python (3410),Command Buffer 0,10942763791,840375
661,python (3410),Command Buffer 0,10943680083,57792
662,python (3410),Compute Command 0,10943682166,53250
663,python (3410),Command Buffer 0,10943740250,54416
664,python (3410),Compute Command 0,10943742000,50291
665,python (3410),Command Buffer 0,10943796791,28750
666,python (3410),Compute Command 0,10943798541,24834
667,python (3410),Command Buffer 0,10943827916,840375
668,python (3410),Command Buffer 0,10944762416,66667
669,python (3410),Compute Command 0,10944766583,58583
670,python (3410),Command Buffer 0,10944832125,57458
671,python (3410),Compute Command 0,10944834083,52625
672,python (3410),Command Buffer 0,10944891958,30625
673,python (3410),Compute Command 0,10944893666,26417
674,python (3410),Command Buffer 0,10944924875,868208
675,python (3410),Command Buffer 0,10945871500,63833
676,python (3410),Compute Command 0,10945874125,58416
677,python (3410),Command Buffer 0,10945937625,55916
678,python (3410),Compute Command 0,10945939416,51625
679,python (3410),Command Buffer 0,10945995916,30334
680,python (3410),Compute Command 0,10945997625,25333
681,python (3410),Command Buffer 0,10946029000,860833
682,python (3410),Command Buffer 0,10946967291,57000
683,python (3410),Compute Command 0,10946969583,52208
684,python (3410),Command Buffer 0,10947026666,54417
685,python (3410),Compute Command 0,10947028333,50333
686,python (3410),Command Buffer 0,10947083166,27875
687,python (3410),Compute Command 0,10947084791,24042
688,python (3410),Command Buffer 0,10947113041,881959
689,python (3410),Command Buffer 0,10948088916,63375
690,python (3410),Compute Command 0,10948092375,56833
691,python (3410),Command Buffer 0,10948156833,57125
692,python (3410),Compute Command 0,10948158875,52375
693,python (3410),Command Buffer 0,10948215000,29750
694,python (3410),Compute Command 0,10948216791,25542
695,python (3410),Command Buffer 0,10948245708,968583
696,python (3410),Command Buffer 0,10949308416,61750
697,python (3410),Compute Command 0,10949311250,56166
698,python (3410),Command Buffer 0,10949372875,58625
699,python (3410),Compute Command 0,10949375000,54125
700,python (3410),Command Buffer 0,10949433708,29250
701,python (3410),Compute Command 0,10949435458,25208
702,python (3410),Command Buffer 0,10949465458,984875
703,python (3410),Command Buffer 0,10950543208,63458
704,python (3410),Compute Command 0,10950545375,58750
705,python (3410),Command Buffer 0,10950608958,54583
706,python (3410),Compute Command 0,10950610625,50416
707,python (3410),Command Buffer 0,10950665625,27583
708,python (3410),Compute Command 0,10950667250,23750
709,python (3410),Command Buffer 0,10950695666,1023750
710,python (3410),Command Buffer 0,10951797250,56958
711,python (3410),Compute Command 0,10951799333,52292
712,python (3410),Command Buffer 0,10951856625,55166
713,python (3410),Compute Command 0,10951858333,51125
714,python (3410),Command Buffer 0,10951914041,28875
715,python (3410),Compute Command 0,10951915666,25125
716,python (3410),Command Buffer 0,10951945375,987666
717,python (3410),Command Buffer 0,10953016541,62125
718,python (3410),Compute Command 0,10953019416,56292
719,python (3410),Command Buffer 0,10953082000,56625
720,python (3410),Compute Command 0,10953083916,52209
721,python (3410),Command Buffer 0,10953141083,29750
722,python (3410),Compute Command 0,10953142833,25083
723,python (3410),Command Buffer 0,10953173000,941291
724,python (3410),Command Buffer 0,10954194958,61292
725,python (3410),Compute Command 0,10954197166,56542
726,python (3410),Command Buffer 0,10954264000,55333
727,python (3410),Compute Command 0,10954265875,50958
728,python (3410),Command Buffer 0,10954321625,28500
729,python (3410),Compute Command 0,10954323375,24500
730,python (3410),Command Buffer 0,10954352208,935625
731,python (3410),Command Buffer 0,10955370041,60875
732,python (3410),Compute Command 0,10955372041,56375
733,python (3410),Command Buffer 0,10955436625,54083
734,python (3410),Compute Command 0,10955438333,50042
735,python (3410),Command Buffer 0,10955493125,28250
736,python (3410),Compute Command 0,10955494833,24500
737,python (3410),Command Buffer 0,10955523500,942416
738,python (3410),Command Buffer 0,10956552166,60959
739,python (3410),Compute Command 0,10956555041,55250
740,python (3410),Command Buffer 0,10956615416,58292
741,python (3410),Compute Command 0,10956617166,54042
742,python (3410),Command Buffer 0,10956676416,34875
743,python (3410),Compute Command 0,10956678541,29875
744,python (3410),Command Buffer 0,10956714041,1145584
745,python (3410),Command Buffer 0,10957941833,52333
746,python (3410),Compute Command 0,10957943791,48084
747,python (3410),Command Buffer 0,10957996333,60375
748,python (3410),Compute Command 0,10957998375,55375
749,python (3410),Command Buffer 0,10958058875,36458
750,python (3410),Compute Command 0,10958060916,31792
751,python (3410),Command Buffer 0,10958097416,1177917
752,python (3410),Command Buffer 0,10959355833,52083
753,python (3410),Compute Command 0,10959357625,48083
754,python (3410),Command Buffer 0,10959410041,54584
755,python (3410),Compute Command 0,10959411958,49708
756,python (3410),Command Buffer 0,10959466750,37041
757,python (3410),Compute Command 0,10959468750,32125
758,python (3410),Command Buffer 0,10959509166,1544042
759,python (3410),Command Buffer 0,10961133875,55416
760,python (3410),Compute Command 0,10961136416,50667
761,python (3410),Command Buffer 0,10961191041,57542
762,python (3410),Compute Command 0,10961193125,53125
763,python (3410),Command Buffer 0,10961250500,32625
764,python (3410),Compute Command 0,10961252083,28375
765,python (3410),Command Buffer 0,10961285000,946250
766,python (3410),Command Buffer 0,10962330583,66250
767,python (3410),Compute Command 0,10962334250,56083
768,python (3410),Command Buffer 0,10962399833,67708
769,python (3410),Compute Command 0,10962402458,61125
770,python (3410),Command Buffer 0,10962470125,33916
771,python (3410),Compute Command 0,10962472458,27458
772,python (3410),Command Buffer 0,10962506125,940375
773,python (3410),Command Buffer 0,10963578125,70791
774,python (3410),Compute Command 0,10963582250,63125
775,python (3410),Command Buffer 0,10963652625,64291
776,python (3410),Compute Command 0,10963655041,59167
777,python (3410),Command Buffer 0,10963719166,32125
778,python (3410),Compute Command 0,10963721000,27583
779,python (3410),Command Buffer 0,10963752583,971000
780,python (3410),Command Buffer 0,10964819916,59709
781,python (3410),Compute Command 0,10964823000,54000
782,python (3410),Command Buffer 0,10964881791,51709
783,python (3410),Compute Command 0,10964883708,47583
784,python (3410),Command Buffer 0,10964934291,32584
785,python (3410),Compute Command 0,10964935791,28875
786,python (3410),Command Buffer 0,10964968625,1156958
787,python (3410),Command Buffer 0,10966214416,63125
788,python (3410),Compute Command 0,10966217666,56042
789,python (3410),Command Buffer 0,10966280833,63042
790,python (3410),Compute Command 0,10966283458,57250
791,python (3410),Command Buffer 0,10966346208,37792
792,python (3410),Compute Command 0,10966348416,32209
793,python (3410),Command Buffer 0,10966387083,1487958
794,python (3410),Command Buffer 0,10967966583,66833
795,python (3410),Compute Command 0,10967969625,58666
796,python (3410),Command Buffer 0,10968037375,63166
797,python (3410),Compute Command 0,10968040041,57292
798,python (3410),Command Buffer 0,10968104666,35625
799,python (3410),Compute Command 0,10968106541,30500
800,python (3410),Command Buffer 0,10968142458,1236458
801,python (3410),Command Buffer 0,10969479625,52583
802,python (3410),Compute Command 0,10969481958,47708
803,python (3410),Command Buffer 0,10969537791,65500
804,python (3410),Compute Command 0,10969540125,59916
805,python (3410),Command Buffer 0,10969605875,32000
806,python (3410),Compute Command 0,10969608083,26958
807,python (3410),Command Buffer 0,10969639000,1132291
808,python (3410),Command Buffer 0,10970857541,65792
809,python (3410),Compute Command 0,10970859875,60500
810,python (3410),Command Buffer 0,10970926000,66208
811,python (3410),Compute Command 0,10970928333,60708
812,python (3410),Command Buffer 0,10970994708,32417
813,python (3410),Compute Command 0,10970997041,27042
814,python (3410),Command Buffer 0,10971028041,1247875
815,python (3410),Command Buffer 0,10972360708,51250
816,python (3410),Compute Command 0,10972362791,46834
817,python (3410),Command Buffer 0,10972414958,53500
818,python (3410),Compute Command 0,10972416958,48458
819,python (3410),Command Buffer 0,10972471083,34458
820,python (3410),Compute Command 0,10972473125,29708
821,python (3410),Command Buffer 0,10972507291,1260459
822,python (3410),Command Buffer 0,10973863000,72583
823,python (3410),Compute Command 0,10973866583,65417
824,python (3410),Command Buffer 0,10973939416,115417
825,python (3410),Compute Command 0,10973941291,110084
826,python (3410),Command Buffer 0,10974057500,33750
827,python (3410),Compute Command 0,10974059541,28709
828,python (3410),Command Buffer 0,10975269083,57500
829,python (3410),Compute Command 0,10975270875,53000
830,python (3410),Command Buffer 0,10975328833,60167
831,python (3410),Compute Command 0,10975331000,55416
832,python (3410),Command Buffer 0,10975390958,44333
833,python (3410),Compute Command 0,10975393500,38291
834,python (3410),Command Buffer 0,10975439458,1329083
835,python (3410),Command Buffer 0,10976858458,53125
836,python (3410),Compute Command 0,10976860583,48500
837,python (3410),Command Buffer 0,10976913958,52708
838,python (3410),Compute Command 0,10976915833,47792
839,python (3410),Command Buffer 0,10976968833,34625
840,python (3410),Compute Command 0,10976970916,29875
841,python (3410),Command Buffer 0,10977007000,1267458
842,python (3410),Command Buffer 0,10978350583,53875
843,python (3410),Compute Command 0,10978352583,49542
844,python (3410),Command Buffer 0,10978409916,69834
845,python (3410),Compute Command 0,10978412083,64583
846,python (3410),Command Buffer 0,10978482208,34083
847,python (3410),Compute Command 0,10978484291,29209
848,python (3410),Command Buffer 0,10978518083,1117333
849,python (3410),Command Buffer 0,10979723916,59375
850,python (3410),Compute Command 0,10979726375,54291
851,python (3410),Command Buffer 0,10979785375,59583
852,python (3410),Compute Command 0,10979787208,54917
853,python (3410),Command Buffer 0,10979847583,40667
854,python (3410),Compute Command 0,10979856208,29333
855,python (3410),Command Buffer 0,10979890875,1386041
856,python (3410),Command Buffer 0,10981356333,51417
857,python (3410),Compute Command 0,10981358500,46958
858,python (3410),Command Buffer 0,10981410125,66833
859,python (3410),Compute Command 0,10981412375,61500
860,python (3410),Command Buffer 0,10981479208,30500
861,python (3410),Compute Command 0,10981481291,26292
862,python (3410),Command Buffer 0,10981510583,1135250
863,python (3410),Command Buffer 0,10982723708,51750
864,python (3410),Compute Command 0,10982725791,47292
865,python (3410),Command Buffer 0,10982780541,59292
866,python (3410),Compute Command 0,10982782708,54625
867,python (3410),Command Buffer 0,10982841791,34375
868,python (3410),Compute Command 0,10982843833,29625
869,python (3410),Command Buffer 0,10982877250,1413916
870,python (3410),Command Buffer 0,10984372958,51750
871,python (3410),Compute Command 0,10984374875,47583
872,python (3410),Command Buffer 0,10984426541,60209
873,python (3410),Compute Command 0,10984428666,55125
874,python (3410),Command Buffer 0,10984490041,33917
875,python (3410),Compute Command 0,10984492083,28792
876,python (3410),Command Buffer 0,10984525958,1264917
877,python (3410),Command Buffer 0,10985881875,69083
878,python (3410),Compute Command 0,10985884541,63292
879,python (3410),Command Buffer 0,10985953708,65667
880,python (3410),Compute Command 0,10985955875,59916
881,python (3410),Command Buffer 0,10986022041,30042
882,python (3410),Compute Command 0,10986024041,25542
883,python (3410),Command Buffer 0,10986054583,1138167
884,python (3410),Command Buffer 0,10987282916,54000
885,python (3410),Compute Command 0,10987284916,49875
886,python (3410),Command Buffer 0,10987341083,58208
887,python (3410),Compute Command 0,10987343125,53750
888,python (3410),Command Buffer 0,10987401166,33042
889,python (3410),Compute Command 0,10987403166,28459
890,python (3410),Command Buffer 0,10987436000,1007125
891,python (3410),Command Buffer 0,10988544416,71792
892,python (3410),Compute Command 0,10988547958,64708
893,python (3410),Command Buffer 0,10988619791,58875
894,python (3410),Compute Command 0,10988621958,54167
895,python (3410),Command Buffer 0,10988680125,37583
896,python (3410),Compute Command 0,10988682083,32875
897,python (3410),Command Buffer 0,10988718833,976375
898,python (3410),Command Buffer 0,10989777083,58667
899,python (3410),Compute Command 0,10989779833,53250
900,python (3410),Command Buffer 0,10989838208,57167
901,python (3410),Compute Command 0,10989840125,52208
902,python (3410),Command Buffer 0,10989897708,33917
903,python (3410),Compute Command 0,10989899791,28792
904,python (3410),Command Buffer 0,10989933708,1150917
905,python (3410),Command Buffer 0,10991162625,55958
906,python (3410),Compute Command 0,10991164708,48208
907,python (3410),Command Buffer 0,10991222041,59667
908,python (3410),Compute Command 0,10991224291,54834
909,python (3410),Command Buffer 0,10991284208,28042
910,python (3410),Compute Command 0,10991285833,24125
911,python (3410),Command Buffer 0,10991313750,1640375
912,python (3410),Command Buffer 0,10993051458,62625
913,python (3410),Compute Command 0,10993054791,56084
914,python (3410),Command Buffer 0,10993116458,69750
915,python (3410),Compute Command 0,10993118916,63792
916,python (3410),Command Buffer 0,10993188583,31417
917,python (3410),Compute Command 0,10993190750,26833
918,python (3410),Command Buffer 0,10993220958,1225417
919,python (3410),Command Buffer 0,10994531583,54042
920,python (3410),Compute Command 0,10994533541,49667
921,python (3410),Command Buffer 0,10994590916,52959
922,python (3410),Compute Command 0,10994592916,47875
923,python (3410),Command Buffer 0,10994647583,34250
924,python (3410),Compute Command 0,10994649666,29375
925,python (3410),Command Buffer 0,10994683875,1062625
926,python (3410),Command Buffer 0,10995828583,66625
927,python (3410),Compute Command 0,10995830583,61375
928,python (3410),Command Buffer 0,10995897791,59125
929,python (3410),Compute Command 0,10995899958,54542
930,python (3410),Command Buffer 0,10995958916,35000
931,python (3410),Compute Command 0,10995961000,29291
932,python (3410),Command Buffer 0,10995994958,1002875
933,python (3410),Command Buffer 0,10997096541,65167
934,python (3410),Compute Command 0,10997099166,59875
935,python (3410),Command Buffer 0,10997164416,52709
936,python (3410),Compute Command 0,10997166583,48333
937,python (3410),Command Buffer 0,10997217916,34167
938,python (3410),Compute Command 0,10997219666,29750
939,python (3410),Command Buffer 0,10997254166,1278917
940,python (3410),Command Buffer 0,10998627541,54500
941,python (3410),Compute Command 0,10998629875,49541
942,python (3410),Command Buffer 0,10998687833,56333
943,python (3410),Compute Command 0,10998689833,51208
944,python (3410),Command Buffer 0,10998746666,36417
945,python (3410),Compute Command 0,10998748750,30875
946,python (3410),Command Buffer 0,10998785333,1067667
947,python (3410),Command Buffer 0,10999932875,56041
948,python (3410),Compute Command 0,10999935208,51000
949,python (3410),Command Buffer 0,10999991875,60625
950,python (3410),Compute Command 0,10999994208,55667
951,python (3410),Command Buffer 0,11000054500,36333
952,python (3410),Compute Command 0,11000056666,31209
953,python (3410),Command Buffer 0,11000091958,1581833
954,python (3410),Command Buffer 0,11001753708,57292
955,python (3410),Compute Command 0,11001755416,53209
956,python (3410),Command Buffer 0,11001816083,66375
957,python (3410),Compute Command 0,11001818250,61208
958,python (3410),Command Buffer 0,11001884666,29375
959,python (3410),Compute Command 0,11001886666,24459
960,python (3410),Command Buffer 0,11001914875,1284291
961,python (3410),Command Buffer 0,11003291791,58709
962,python (3410),Compute Command 0,11003294291,53375
963,python (3410),Command Buffer 0,11003357750,61000
964,python (3410),Compute Command 0,11003359958,56250
965,python (3410),Command Buffer 0,11003420916,31250
966,python (3410),Compute Command 0,11003422708,27000
967,python (3410),Command Buffer 0,11003453041,1010500
968,python (3410),Command Buffer 0,11004553875,63416
969,python (3410),Compute Command 0,11004556041,57667
970,python (3410),Command Buffer 0,11004621291,62917
971,python (3410),Compute Command 0,11004623416,57709
972,python (3410),Command Buffer 0,11004686500,36583
973,python (3410),Compute Command 0,11004688625,30791
974,python (3410),Command Buffer 0,11004724250,1026166
975,python (3410),Command Buffer 0,11005847875,50833
976,python (3410),Compute Command 0,11005849833,46542
977,python (3410),Command Buffer 0,11005903833,54542
978,python (3410),Compute Command 0,11005905750,49583
979,python (3410),Command Buffer 0,11005960750,35250
980,python (3410),Compute Command 0,11005962833,30000
981,python (3410),Command Buffer 0,11005997750,1165666
982,python (3410),Command Buffer 0,11007251083,65750
983,python (3410),Compute Command 0,11007253250,60250
984,python (3410),Command Buffer 0,11007319750,59500
985,python (3410),Compute Command 0,11007321916,54959
986,python (3410),Command Buffer 0,11007381208,34375
987,python (3410),Compute Command 0,11007383250,29250
988,python (3410),Command Buffer 0,11007416583,1177083
989,python (3410),Command Buffer 0,11008690791,79459
990,python (3410),Compute Command 0,11008692625,74916
991,python (3410),Command Buffer 0,11008772625,73291
992,python (3410),Compute Command 0,11008774791,61084
993,python (3410),Command Buffer 0,11008848166,34417
994,python (3410),Compute Command 0,11008850250,30416
995,python (3410),Command Buffer 0,11008883375,1274791
996,python (3410),Command Buffer 0,11010264708,93750
997,python (3410),Compute Command 0,11010269291,85417
998,python (3410),Command Buffer 0,11010361416,60750
999,python (3410),Compute Command 0,11010363833,55375
1000,python (3410),Command Buffer 0,11010425000,31916
1001,python (3410),Compute Command 0,11010427250,26208
1002,python (3410),Command Buffer 0,11010459500,1216708
1003,python (3410),Command Buffer 0,11011757458,61167
1004,python (3410),Compute Command 0,11011759708,56000
1005,python (3410),Command Buffer 0,11011821666,61167
1006,python (3410),Compute Command 0,11011823916,56334
1007,python (3410),Command Buffer 0,11011884791,34834
1008,python (3410),Compute Command 0,11011886875,29791
1009,python (3410),Command Buffer 0,11011922666,997792
1010,python (3410),Command Buffer 0,11013011666,62709
1011,python (3410),Compute Command 0,11013013666,57834
1012,python (3410),Command Buffer 0,11013077291,62292
1013,python (3410),Compute Command 0,11013079458,57583
1014,python (3410),Command Buffer 0,11013141541,36334
1015,python (3410),Compute Command 0,11013143583,32042
1016,python (3410),Command Buffer 0,11013179833,998833
1017,python (3410),Command Buffer 0,11014247458,52000
1018,python (3410),Compute Command 0,11014249541,47584
1019,python (3410),Command Buffer 0,11014301750,56333
1020,python (3410),Compute Command 0,11014303625,51458
1021,python (3410),Command Buffer 0,11014360250,35958
1022,python (3410),Compute Command 0,11014362375,31625
1023,python (3410),Command Buffer 0,11014398041,1061375
1024,python (3410),Command Buffer 0,11015546833,63375
1025,python (3410),Compute Command 0,11015549416,58167
1026,python (3410),Command Buffer 0,11015612458,60917
1027,python (3410),Compute Command 0,11015614666,56167
1028,python (3410),Command Buffer 0,11015675916,28209
1029,python (3410),Compute Command 0,11015677583,24292
1030,python (3410),Command Buffer 0,11015706708,1585667
1031,python (3410),Command Buffer 0,11017398916,51209
1032,python (3410),Compute Command 0,11017401041,46750
1033,python (3410),Command Buffer 0,11017452583,61833
1034,python (3410),Compute Command 0,11017454791,56500
1035,python (3410),Command Buffer 0,11017517333,31958
1036,python (3410),Compute Command 0,11017519458,27083
1037,python (3410),Command Buffer 0,11017551375,1193041
1038,python (3410),Command Buffer 0,11018823916,48584
1039,python (3410),Compute Command 0,11018825625,44666
1040,python (3410),Command Buffer 0,11018874666,54834
1041,python (3410),Compute Command 0,11018876583,50000
1042,python (3410),Command Buffer 0,11018931916,33667
1043,python (3410),Compute Command 0,11018933958,28917
1044,python (3410),Command Buffer 0,11018968291,1130834
1045,python (3410),Command Buffer 0,11020177541,55792
1046,python (3410),Compute Command 0,11020179666,51125
1047,python (3410),Command Buffer 0,11020238416,65542
1048,python (3410),Compute Command 0,11020240666,60750
1049,python (3410),Command Buffer 0,11020306000,35250
1050,python (3410),Compute Command 0,11020308333,29917
1051,python (3410),Command Buffer 0,11020343208,1000750
1052,python (3410),Command Buffer 0,11021437333,91292
1053,python (3410),Compute Command 0,11021439458,84917
1054,python (3410),Command Buffer 0,11021536958,75250
1055,python (3410),Compute Command 0,11021539416,68084
1056,python (3410),Command Buffer 0,11021614333,35958
1057,python (3410),Compute Command 0,11021616875,30666
1058,python (3410),Command Buffer 0,11021651500,1198166
1059,python (3410),Command Buffer 0,11022933666,61667
1060,python (3410),Compute Command 0,11022935666,56500
1061,python (3410),Command Buffer 0,11022998166,59125
1062,python (3410),Compute Command 0,11023000250,53916
1063,python (3410),Command Buffer 0,11023059583,34875
1064,python (3410),Compute Command 0,11023061583,30167
1065,python (3410),Command Buffer 0,11023097166,1127584
1066,python (3410),Command Buffer 0,11024304333,59125
1067,python (3410),Compute Command 0,11024307166,53584
1068,python (3410),Command Buffer 0,11024365791,65417
1069,python (3410),Compute Command 0,11024368000,60041
1070,python (3410),Command Buffer 0,11024434041,29500
1071,python (3410),Compute Command 0,11024436166,24375
1072,python (3410),Command Buffer 0,11025720208,74792
1073,python (3410),Compute Command 0,11025724458,67750
1074,python (3410),Command Buffer 0,11025799916,65167
1075,python (3410),Compute Command 0,11025801958,59917
1076,python (3410),Command Buffer 0,11025867375,40250
1077,python (3410),Compute Command 0,11025869708,34875
1078,python (3410),Command Buffer 0,11025910333,1116875
1079,python (3410),Command Buffer 0,11027104166,55625
1080,python (3410),Compute Command 0,11027106291,51084
1081,python (3410),Command Buffer 0,11027166416,59542
1082,python (3410),Compute Command 0,11027168541,54959
1083,python (3410),Command Buffer 0,11027227875,36000
1084,python (3410),Compute Command 0,11027229958,30375
1085,python (3410),Command Buffer 0,11027267250,1029666
1086,python (3410),Command Buffer 0,11028389958,84083
1087,python (3410),Compute Command 0,11028392916,77042
1088,python (3410),Command Buffer 0,11028477041,61209
1089,python (3410),Compute Command 0,11028479208,56292
1090,python (3410),Command Buffer 0,11028539458,30417
1091,python (3410),Compute Command 0,11028541166,26417
1092,python (3410),Command Buffer 0,11028570791,1101584
1093,python (3410),Command Buffer 0,11029833125,127791
1094,python (3410),Compute Command 0,11029838291,114459
1095,python (3410),Command Buffer 0,11029967750,70208
1096,python (3410),Compute Command 0,11029971291,63292
1097,python (3410),Command Buffer 0,11030041875,37458
1098,python (3410),Compute Command 0,11030043791,31000
1099,python (3410),Command Buffer 0,11030080750,1031916
1100,python (3410),Command Buffer 0,11031203750,75375
1101,python (3410),Compute Command 0,11031207333,68458
1102,python (3410),Command Buffer 0,11031282125,62416
1103,python (3410),Compute Command 0,11031284083,57958
1104,python (3410),Command Buffer 0,11031345958,32417
1105,python (3410),Compute Command 0,11031347583,28333
1106,python (3410),Command Buffer 0,11031381708,1067042
1107,python (3410),Command Buffer 0,11032552083,69500
1108,python (3410),Compute Command 0,11032556041,62167
1109,python (3410),Command Buffer 0,11032624333,59417
1110,python (3410),Compute Command 0,11032626208,54667
1111,python (3410),Command Buffer 0,11032686541,32125
1112,python (3410),Compute Command 0,11032688791,27375
1113,python (3410),Command Buffer 0,11033921875,109083
1114,python (3410),Compute Command 0,11033926875,98541
1115,python (3410),Command Buffer 0,11034036083,78167
1116,python (3410),Compute Command 0,11034039125,71583
1117,python (3410),Command Buffer 0,11034118708,42792
1118,python (3410),Compute Command 0,11034120916,36542
1119,python (3410),Command Buffer 0,11034165833,1081500
1120,python (3410),Command Buffer 0,11035346708,71625
1121,python (3410),Compute Command 0,11035351291,63167
1122,python (3410),Command Buffer 0,11035420750,59375
1123,python (3410),Compute Command 0,11035422708,54542
1124,python (3410),Command Buffer 0,11035482375,31500
1125,python (3410),Compute Command 0,11035484166,27042
1126,python (3410),Command Buffer 0,11035516166,1016542
1127,python (3410),Command Buffer 0,11036616708,62875
1128,python (3410),Compute Command 0,11036619333,57333
1129,python (3410),Command Buffer 0,11036682041,57625
1130,python (3410),Compute Command 0,11036683958,53167
1131,python (3410),Command Buffer 0,11036741666,31834
1132,python (3410),Compute Command 0,11036743416,27417
1133,python (3410),Command Buffer 0,11036774500,1004041
1134,python (3410),Command Buffer 0,11037957041,77875
1135,python (3410),Compute Command 0,11037962083,68000
1136,python (3410),Command Buffer 0,11038039750,66250
1137,python (3410),Compute Command 0,11038042291,60167
1138,python (3410),Command Buffer 0,11038110375,42375
1139,python (3410),Compute Command 0,11038112333,36958
1140,python (3410),Command Buffer 0,11038156875,1034125
1141,python (3410),Command Buffer 0,11039290416,71125
1142,python (3410),Compute Command 0,11039295500,62541
1143,python (3410),Command Buffer 0,11039364250,60583
1144,python (3410),Compute Command 0,11039366208,56125
1145,python (3410),Command Buffer 0,11039427000,33541
1146,python (3410),Compute Command 0,11039428708,29542
1147,python (3410),Command Buffer 0,11039462958,1004917
1148,python (3410),Command Buffer 0,11040545750,71916
1149,python (3410),Compute Command 0,11040549458,64375
1150,python (3410),Command Buffer 0,11040620791,61125
1151,python (3410),Compute Command 0,11040622916,56084
1152,python (3410),Command Buffer 0,11040685041,33584
1153,python (3410),Compute Command 0,11040686833,28167
1154,python (3410),Command Buffer 0,11040720333,1001292
1155,python (3410),Command Buffer 0,11041797083,58792
1156,python (3410),Compute Command 0,11041799291,53750
1157,python (3410),Command Buffer 0,11041858333,55792
1158,python (3410),Compute Command 0,11041860291,51292
1159,python (3410),Command Buffer 0,11041916541,29959
1160,python (3410),Compute Command 0,11041918166,26000
1161,python (3410),Command Buffer 0,11041949000,1256791
1162,python (3410),Command Buffer 0,11043282125,59583
1163,python (3410),Compute Command 0,11043284125,55125
1164,python (3410),Command Buffer 0,11043347250,54708
1165,python (3410),Compute Command 0,11043349125,50416
1166,python (3410),Command Buffer 0,11043404291,27417
1167,python (3410),Compute Command 0,11043405875,23625
1168,python (3410),Command Buffer 0,11043433833,1022750
1169,python (3410),Command Buffer 0,11044531208,57833
1170,python (3410),Compute Command 0,11044533083,50500
1171,python (3410),Command Buffer 0,11044594041,53917
1172,python (3410),Compute Command 0,11044595791,49834
1173,python (3410),Command Buffer 0,11044650250,27666
1174,python (3410),Compute Command 0,11044651875,24000
1175,python (3410),Command Buffer 0,11044679958,1053042
1176,python (3410),Command Buffer 0,11045815208,60292
1177,python (3410),Compute Command 0,11045817833,54375
1178,python (3410),Command Buffer 0,11045878833,55708
1179,python (3410),Compute Command 0,11045880750,51250
1180,python (3410),Command Buffer 0,11045936791,29042
1181,python (3410),Compute Command 0,11045938541,24709
1182,python (3410),Command Buffer 0,11045967916,1089792
1183,python (3410),Command Buffer 0,11047133291,64709
1184,python (3410),Compute Command 0,11047135458,59750
1185,python (3410),Command Buffer 0,11047200791,55334
1186,python (3410),Compute Command 0,11047202625,50916
1187,python (3410),Command Buffer 0,11047259291,28667
1188,python (3410),Compute Command 0,11047260958,24750
1189,python (3410),Command Buffer 0,11047290166,1239459
1190,python (3410),Command Buffer 0,11048607750,57791
1191,python (3410),Compute Command 0,11048609750,53333
1192,python (3410),Command Buffer 0,11048671000,54583
1193,python (3410),Compute Command 0,11048672791,50417
1194,python (3410),Command Buffer 0,11048727833,27375
1195,python (3410),Compute Command 0,11048729416,23667
1196,python (3410),Command Buffer 0,11048757375,1009000
1197,python (3410),Command Buffer 0,11049854166,63959
1198,python (3410),Compute Command 0,11049857083,57417
1199,python (3410),Command Buffer 0,11049921375,57208
1200,python (3410),Compute Command 0,11049923375,52375
1201,python (3410),Command Buffer 0,11049980916,32334
1202,python (3410),Compute Command 0,11049982750,25791
1203,python (3410),Command Buffer 0,11050015750,1279208
1204,python (3410),Command Buffer 0,11051373708,63375
1205,python (3410),Compute Command 0,11051376625,57333
1206,python (3410),Command Buffer 0,11051439625,56208
1207,python (3410),Compute Command 0,11051441500,51500
1208,python (3410),Command Buffer 0,11051498125,29166
1209,python (3410),Compute Command 0,11051499958,24833
1210,python (3410),Command Buffer 0,11051529541,1053792
1211,python (3410),Command Buffer 0,11052665750,57125
1212,python (3410),Compute Command 0,11052667791,52584
1213,python (3410),Command Buffer 0,11052727625,54958
1214,python (3410),Compute Command 0,11052729375,50791
1215,python (3410),Command Buffer 0,11052784791,28667
1216,python (3410),Compute Command 0,11052786500,24583
1217,python (3410),Command Buffer 0,11052815625,1040916
1218,python (3410),Command Buffer 0,11053939125,60833
1219,python (3410),Compute Command 0,11053941458,52583
1220,python (3410),Command Buffer 0,11054003041,54542
1221,python (3410),Compute Command 0,11054004833,50208
1222,python (3410),Command Buffer 0,11054059791,28417
1223,python (3410),Compute Command 0,11054061500,24333
1224,python (3410),Command Buffer 0,11054090583,1001500
1225,python (3410),Command Buffer 0,11055174000,65916
1226,python (3410),Compute Command 0,11055176375,59916
1227,python (3410),Command Buffer 0,11055243291,60959
1228,python (3410),Compute Command 0,11055245583,55583
1229,python (3410),Command Buffer 0,11055306833,32917
1230,python (3410),Compute Command 0,11055309000,28541
1231,python (3410),Command Buffer 0,11055340625,1110375
1232,python (3410),Command Buffer 0,11056523166,55125
1233,python (3410),Compute Command 0,11056525250,50666
1234,python (3410),Command Buffer 0,11056580250,60208
1235,python (3410),Compute Command 0,11056582250,55500
1236,python (3410),Command Buffer 0,11056641500,33375
1237,python (3410),Compute Command 0,11056643416,28834
1238,python (3410),Command Buffer 0,11056677791,1242042
1239,python (3410),Command Buffer 0,11058010250,61375
1240,python (3410),Compute Command 0,11058013125,55791
1241,python (3410),Command Buffer 0,11058074125,62583
1242,python (3410),Compute Command 0,11058076291,57917
1243,python (3410),Command Buffer 0,11058139000,36291
1244,python (3410),Compute Command 0,11058141083,30417
1245,python (3410),Command Buffer 0,11058176416,1375375
1246,python (3410),Command Buffer 0,11059634750,51375
1247,python (3410),Compute Command 0,11059636666,47209
1248,python (3410),Command Buffer 0,11059688375,59000
1249,python (3410),Compute Command 0,11059690541,54417
1250,python (3410),Command Buffer 0,11059749250,28250
1251,python (3410),Compute Command 0,11059750916,23917
1252,python (3410),Command Buffer 0,11059779416,1150709
1253,python (3410),Command Buffer 0,11061012791,54542
1254,python (3410),Compute Command 0,11061014916,49875
1255,python (3410),Command Buffer 0,11061069708,54167
1256,python (3410),Compute Command 0,11061071791,48834
1257,python (3410),Command Buffer 0,11061126125,34750
1258,python (3410),Compute Command 0,11061128166,29959
1259,python (3410),Command Buffer 0,11061162833,1043625
1260,python (3410),Command Buffer 0,11062301125,61291
1261,python (3410),Compute Command 0,11062303458,55750
1262,python (3410),Command Buffer 0,11062365583,57750
1263,python (3410),Compute Command 0,11062367750,53083
1264,python (3410),Command Buffer 0,11062425583,34875
1265,python (3410),Compute Command 0,11062427708,29875
1266,python (3410),Command Buffer 0,11062463041,1003292
1267,python (3410),Command Buffer 0,11063565083,62583
1268,python (3410),Compute Command 0,11063568375,56000
1269,python (3410),Command Buffer 0,11063631333,61917
1270,python (3410),Compute Command 0,11063633833,56875
1271,python (3410),Command Buffer 0,11063695750,38458
1272,python (3410),Compute Command 0,11063697916,34000
1273,python (3410),Command Buffer 0,11063736583,1126250
1274,python (3410),Command Buffer 0,11064944208,52583
1275,python (3410),Compute Command 0,11064946416,47209
1276,python (3410),Command Buffer 0,11064999583,65708
1277,python (3410),Compute Command 0,11065001666,60542
1278,python (3410),Command Buffer 0,11065067666,33709
1279,python (3410),Compute Command 0,11065069791,29125
1280,python (3410),Command Buffer 0,11065103250,1222916
1281,python (3410),Command Buffer 0,11066400333,54792
1282,python (3410),Compute Command 0,11066402291,50500
1283,python (3410),Command Buffer 0,11066457708,58625
1284,python (3410),Compute Command 0,11066459875,53958
1285,python (3410),Command Buffer 0,11066518333,34000
1286,python (3410),Compute Command 0,11066520333,28875
1287,python (3410),Command Buffer 0,11066554500,1356125
1288,python (3410),Command Buffer 0,11067992833,60750
1289,python (3410),Compute Command 0,11067995250,55916
1290,python (3410),Command Buffer 0,11068055416,63625
1291,python (3410),Compute Command 0,11068057333,58792
1292,python (3410),Command Buffer 0,11068121250,31750
1293,python (3410),Compute Command 0,11068123125,27083
1294,python (3410),Command Buffer 0,11068153833,1178292
1295,python (3410),Command Buffer 0,11069436791,62167
1296,python (3410),Compute Command 0,11069439500,56166
1297,python (3410),Command Buffer 0,11069501875,71333
1298,python (3410),Compute Command 0,11069504375,65250
1299,python (3410),Command Buffer 0,11069575958,32917
1300,python (3410),Compute Command 0,11069578250,27291
1301,python (3410),Command Buffer 0,11069610958,1036583
1302,python (3410),Command Buffer 0,11070725458,54708
1303,python (3410),Compute Command 0,11070727458,50375
1304,python (3410),Command Buffer 0,11070785750,59041
1305,python (3410),Compute Command 0,11070787916,54417
1306,python (3410),Command Buffer 0,11070846791,34542
1307,python (3410),Compute Command 0,11070848916,29375
1308,python (3410),Command Buffer 0,11070883166,956792
1309,python (3410),Command Buffer 0,11071936958,66042
1310,python (3410),Compute Command 0,11071939250,59958
1311,python (3410),Command Buffer 0,11072005875,62916
1312,python (3410),Compute Command 0,11072008000,58291
1313,python (3410),Command Buffer 0,11072071166,29875
1314,python (3410),Compute Command 0,11072072875,26000
1315,python (3410),Command Buffer 0,11072102125,1209750
1316,python (3410),Command Buffer 0,11073413000,63166
1317,python (3410),Compute Command 0,11073415416,50417
1318,python (3410),Command Buffer 0,11073479083,68750
1319,python (3410),Compute Command 0,11073481625,62625
1320,python (3410),Command Buffer 0,11073550333,38583
1321,python (3410),Compute Command 0,11073552541,32917
1322,python (3410),Command Buffer 0,11073591291,1099542
1323,python (3410),Command Buffer 0,11074774916,54125
1324,python (3410),Compute Command 0,11074776875,49750
1325,python (3410),Command Buffer 0,11074831125,59541
1326,python (3410),Compute Command 0,11074833416,54875
1327,python (3410),Command Buffer 0,11074892666,34917
1328,python (3410),Compute Command 0,11074894750,29708
1329,python (3410),Command Buffer 0,11074930083,1273333
1330,python (3410),Command Buffer 0,11076292791,57667
1331,python (3410),Compute Command 0,11076295458,52167
1332,python (3410),Command Buffer 0,11076352708,62542
1333,python (3410),Compute Command 0,11076354875,57291
1334,python (3410),Command Buffer 0,11076417541,29417
1335,python (3410),Compute Command 0,11076419583,24958
1336,python (3410),Command Buffer 0,11076447833,1167292
1337,python (3410),Command Buffer 0,11077720708,61542
1338,python (3410),Compute Command 0,11077723791,54959
1339,python (3410),Command Buffer 0,11077785416,64667
1340,python (3410),Compute Command 0,11077787875,59458
1341,python (3410),Command Buffer 0,11077852541,31542
1342,python (3410),Compute Command 0,11077854708,26083
1343,python (3410),Command Buffer 0,11077886250,1109041
1344,python (3410),Command Buffer 0,11079068458,60083
1345,python (3410),Compute Command 0,11079070291,55667
1346,python (3410),Command Buffer 0,11079130750,61708
1347,python (3410),Compute Command 0,11079132916,57084
1348,python (3410),Command Buffer 0,11079194333,33667
1349,python (3410),Compute Command 0,11079196458,28917
1350,python (3410),Command Buffer 0,11079229958,947625
1351,python (3410),Command Buffer 0,11080287041,69042
1352,python (3410),Compute Command 0,11080290125,63041
1353,python (3410),Command Buffer 0,11080358791,91209
1354,python (3410),Compute Command 0,11080361250,85541
1355,python (3410),Command Buffer 0,11080453000,36458
1356,python (3410),Compute Command 0,11080454958,31875
1357,python (3410),Command Buffer 0,11080491166,993584
1358,python (3410),Command Buffer 0,11081573791,58125
1359,python (3410),Compute Command 0,11081575750,53750
1360,python (3410),Command Buffer 0,11081637375,68000
1361,python (3410),Compute Command 0,11081639708,62625
1362,python (3410),Command Buffer 0,11081707625,33208
1363,python (3410),Compute Command 0,11081709750,28750
1364,python (3410),Command Buffer 0,11081741583,1200167
1365,python (3410),Command Buffer 0,11083022541,54625
1366,python (3410),Compute Command 0,11083024500,50333
1367,python (3410),Command Buffer 0,11083079208,59292
1368,python (3410),Compute Command 0,11083081416,54542
1369,python (3410),Command Buffer 0,11083140541,35334
1370,python (3410),Compute Command 0,11083142583,30458
1371,python (3410),Command Buffer 0,11083177041,1302084
1372,python (3410),Command Buffer 0,11084566666,64459
1373,python (3410),Compute Command 0,11084569541,58709
1374,python (3410),Command Buffer 0,11084633666,65125
1375,python (3410),Compute Command 0,11084635916,59500
1376,python (3410),Command Buffer 0,11084701208,29542
1377,python (3410),Compute Command 0,11084703208,25167
1378,python (3410),Command Buffer 0,11084731541,1127917
1379,python (3410),Command Buffer 0,11085958916,51375
1380,python (3410),Compute Command 0,11085960833,46708
1381,python (3410),Command Buffer 0,11086012791,65500
1382,python (3410),Compute Command 0,11086014666,60875
1383,python (3410),Command Buffer 0,11086080791,32084
1384,python (3410),Compute Command 0,11086082541,27750
1385,python (3410),Command Buffer 0,11086114708,1069292
1386,python (3410),Command Buffer 0,11087270416,54209
1387,python (3410),Compute Command 0,11087272208,50167
1388,python (3410),Command Buffer 0,11087326583,58625
1389,python (3410),Compute Command 0,11087328583,54208
1390,python (3410),Command Buffer 0,11087387125,33000
1391,python (3410),Compute Command 0,11087389166,28334
1392,python (3410),Command Buffer 0,11087422000,938333
1393,python (3410),Command Buffer 0,11088450833,62500
1394,python (3410),Compute Command 0,11088453291,57042
1395,python (3410),Command Buffer 0,11088516000,63333
1396,python (3410),Compute Command 0,11088518208,58417
1397,python (3410),Command Buffer 0,11088581375,36125
1398,python (3410),Compute Command 0,11088583458,30875
1399,python (3410),Command Buffer 0,11088619750,932125
1400,python (3410),Command Buffer 0,11089650958,74000
1401,python (3410),Compute Command 0,11089654708,66042
1402,python (3410),Command Buffer 0,11089727583,67458
1403,python (3410),Compute Command 0,11089729750,62416
1404,python (3410),Command Buffer 0,11089797125,36041
1405,python (3410),Compute Command 0,11089798916,30292
1406,python (3410),Command Buffer 0,11089835625,996791
1407,python (3410),Command Buffer 0,11090923750,54791
1408,python (3410),Compute Command 0,11090926208,49458
1409,python (3410),Command Buffer 0,11090984375,62916
1410,python (3410),Compute Command 0,11090986750,57208
1411,python (3410),Command Buffer 0,11091049583,36083
1412,python (3410),Compute Command 0,11091051750,30625
1413,python (3410),Command Buffer 0,11091086833,1276958
1414,python (3410),Command Buffer 0,11092452708,54167
1415,python (3410),Compute Command 0,11092455000,49166
1416,python (3410),Command Buffer 0,11092512375,55833
1417,python (3410),Compute Command 0,11092514375,50625
1418,python (3410),Command Buffer 0,11092570625,34875
1419,python (3410),Compute Command 0,11092572791,30084
1420,python (3410),Command Buffer 0,11092607500,1167458
1421,python (3410),Command Buffer 0,11093864041,63042
1422,python (3410),Compute Command 0,11093867125,56791
1423,python (3410),Command Buffer 0,11093930375,60625
1424,python (3410),Compute Command 0,11093932750,55041
1425,python (3410),Command Buffer 0,11093993291,34125
1426,python (3410),Compute Command 0,11093995458,29792
1427,python (3410),Command Buffer 0,11094028250,1059291
1428,python (3410),Command Buffer 0,11095183208,55125
1429,python (3410),Compute Command 0,11095185416,50584
1430,python (3410),Command Buffer 0,11095242958,66417
1431,python (3410),Compute Command 0,11095245125,61250
1432,python (3410),Command Buffer 0,11095311666,30209
1433,python (3410),Compute Command 0,11095313750,25958
1434,python (3410),Command Buffer 0,11095343458,928958
1435,python (3410),Command Buffer 0,11096348250,55416
1436,python (3410),Compute Command 0,11096350500,50791
1437,python (3410),Command Buffer 0,11096406000,59250
1438,python (3410),Compute Command 0,11096408166,54625
1439,python (3410),Command Buffer 0,11096467375,34708
1440,python (3410),Compute Command 0,11096469375,30250
1441,python (3410),Command Buffer 0,11096504458,1065583
1442,python (3410),Command Buffer 0,11097650208,51708
1443,python (3410),Compute Command 0,11097652333,47125
1444,python (3410),Command Buffer 0,11097704333,60458
1445,python (3410),Compute Command 0,11097706333,55417
1446,python (3410),Command Buffer 0,11097767416,35500
1447,python (3410),Compute Command 0,11097769500,30875
1448,python (3410),Command Buffer 0,11097805750,1058375
1449,python (3410),Command Buffer 0,11098958833,67625
1450,python (3410),Compute Command 0,11098961500,61833
1451,python (3410),Command Buffer 0,11099029291,65375
1452,python (3410),Compute Command 0,11099031625,60416
1453,python (3410),Command Buffer 0,11099096666,36292
1454,python (3410),Compute Command 0,11099098958,30875
1455,python (3410),Command Buffer 0,11099134916,965792
1456,python (3410),Command Buffer 0,11100178625,51083
1457,python (3410),Compute Command 0,11100180458,46958
1458,python (3410),Command Buffer 0,11100231750,61250
1459,python (3410),Compute Command 0,11100233958,56500
1460,python (3410),Command Buffer 0,11100294958,35083
1461,python (3410),Compute Command 0,11100297083,30292
1462,python (3410),Command Buffer 0,11100331041,1337000
1463,python (3410),Command Buffer 0,11101755375,61041
1464,python (3410),Compute Command 0,11101758250,54666
1465,python (3410),Command Buffer 0,11101819291,60875
1466,python (3410),Compute Command 0,11101821458,56167
1467,python (3410),Command Buffer 0,11101883541,32250
1468,python (3410),Compute Command 0,11101887083,25375
1469,python (3410),Command Buffer 0,11101919583,1137417
1470,python (3410),Command Buffer 0,11103145416,54042
1471,python (3410),Compute Command 0,11103147791,48875
1472,python (3410),Command Buffer 0,11103205250,56125
1473,python (3410),Compute Command 0,11103207333,49667
1474,python (3410),Command Buffer 0,11103263833,35625
1475,python (3410),Compute Command 0,11103265958,30208
1476,python (3410),Command Buffer 0,11103302166,954125
1477,python (3410),Command Buffer 0,11104351208,55958
1478,python (3410),Compute Command 0,11104353625,51250
1479,python (3410),Command Buffer 0,11104409208,59333
1480,python (3410),Compute Command 0,11104411333,54792
1481,python (3410),Command Buffer 0,11104470875,35666
1482,python (3410),Compute Command 0,11104472916,30209
1483,python (3410),Command Buffer 0,11104508875,973916
1484,python (3410),Command Buffer 0,11105566750,55125
1485,python (3410),Compute Command 0,11105569000,50375
1486,python (3410),Command Buffer 0,11105624375,58791
1487,python (3410),Compute Command 0,11105626458,53417
1488,python (3410),Command Buffer 0,11105685583,33208
1489,python (3410),Compute Command 0,11105687666,28834
1490,python (3410),Command Buffer 0,11105721125,1222458
1491,python (3410),Command Buffer 0,11107019500,53916
1492,python (3410),Compute Command 0,11107021250,50000
1493,python (3410),Command Buffer 0,11107078708,54083
1494,python (3410),Compute Command 0,11107080541,49292
1495,python (3410),Command Buffer 0,11107135083,41292
1496,python (3410),Compute Command 0,11107137083,29333
1497,python (3410),Command Buffer 0,11107178583,1000125
1498,python (3410),Command Buffer 0,11108270625,59541
1499,python (3410),Compute Command 0,11108273458,54208
1500,python (3410),Command Buffer 0,11108332291,59584
1501,python (3410),Compute Command 0,11108334500,54875
1502,python (3410),Command Buffer 0,11108394208,35125
1503,python (3410),Compute Command 0,11108396375,30166
1504,python (3410),Command Buffer 0,11108430208,1214292
1505,python (3410),Command Buffer 0,11109717541,60584
1506,python (3410),Compute Command 0,11109720208,54750
1507,python (3410),Command Buffer 0,11109780708,63125
1508,python (3410),Compute Command 0,11109782833,58000
1509,python (3410),Command Buffer 0,11109846375,48041
1510,python (3410),Compute Command 0,11109856666,34917
1511,python (3410),Command Buffer 0,11109897541,1081667
1512,python (3410),Command Buffer 0,11111050625,51000
1513,python (3410),Compute Command 0,11111052583,46583
1514,python (3410),Command Buffer 0,11111107125,56083
1515,python (3410),Compute Command 0,11111109125,51291
1516,python (3410),Command Buffer 0,11111164208,33542
1517,python (3410),Compute Command 0,11111166041,29209
1518,python (3410),Command Buffer 0,11111200083,1024333
1519,python (3410),Command Buffer 0,11112311625,57208
1520,python (3410),Compute Command 0,11112313791,51584
1521,python (3410),Command Buffer 0,11112371583,53958
1522,python (3410),Compute Command 0,11112373625,49375
1523,python (3410),Command Buffer 0,11112427541,34334
1524,python (3410),Compute Command 0,11112429583,29417
1525,python (3410),Command Buffer 0,11112463041,979334
1526,python (3410),Command Buffer 0,11113524041,52292
1527,python (3410),Compute Command 0,11113525833,45292
1528,python (3410),Command Buffer 0,11113579541,57334
1529,python (3410),Compute Command 0,11113581500,52625
1530,python (3410),Command Buffer 0,11113638625,33000
1531,python (3410),Compute Command 0,11113640500,28958
1532,python (3410),Command Buffer 0,11113673541,1154042
1533,python (3410),Command Buffer 0,11114903708,58208
1534,python (3410),Compute Command 0,11114905750,53541
1535,python (3410),Command Buffer 0,11114967208,56458
1536,python (3410),Compute Command 0,11114968833,51750
1537,python (3410),Command Buffer 0,11115025833,32667
1538,python (3410),Compute Command 0,11115027875,28208
1539,python (3410),Command Buffer 0,11115059458,1243375
1540,python (3410),Command Buffer 0,11116381041,52625
1541,python (3410),Compute Command 0,11116382833,48583
1542,python (3410),Command Buffer 0,11116436125,59375
1543,python (3410),Compute Command 0,11116438250,54833
1544,python (3410),Command Buffer 0,11116497416,33625
1545,python (3410),Compute Command 0,11116499416,29125
1546,python (3410),Command Buffer 0,11116533541,1190500
1547,python (3410),Command Buffer 0,11117804375,59625
1548,python (3410),Compute Command 0,11117806458,54792
1549,python (3410),Command Buffer 0,11117866750,84458
1550,python (3410),Compute Command 0,11117887458,61125
1551,python (3410),Command Buffer 0,11117954000,33083
1552,python (3410),Compute Command 0,11117956416,28417
1553,python (3410),Command Buffer 0,11117988416,1043250
1554,python (3410),Command Buffer 0,11119125291,73917
1555,python (3410),Compute Command 0,11119128583,66833
1556,python (3410),Command Buffer 0,11119202250,70083
1557,python (3410),Compute Command 0,11119204791,64667
1558,python (3410),Command Buffer 0,11119274583,37375
1559,python (3410),Compute Command 0,11119276833,31917
1560,python (3410),Command Buffer 0,11119315791,961417
1561,python (3410),Command Buffer 0,11120370208,56250
1562,python (3410),Compute Command 0,11120373041,51042
1563,python (3410),Command Buffer 0,11120428625,62333
1564,python (3410),Compute Command 0,11120430750,57041
1565,python (3410),Command Buffer 0,11120493208,29167
1566,python (3410),Compute Command 0,11120494916,25209
1567,python (3410),Command Buffer 0,11120523958,938458
1568,python (3410),Command Buffer 0,11121550375,62583
1569,python (3410),Compute Command 0,11121552791,57250
1570,python (3410),Command Buffer 0,11121615541,67375
1571,python (3410),Compute Command 0,11121617833,62500
1572,python (3410),Command Buffer 0,11121685208,36167
1573,python (3410),Compute Command 0,11121687333,30542
1574,python (3410),Command Buffer 0,11121723291,952625
1575,python (3410),Command Buffer 0,11122765208,73625
1576,python (3410),Compute Command 0,11122768208,67875
1577,python (3410),Command Buffer 0,11122841208,61625
1578,python (3410),Compute Command 0,11122843416,56959
1579,python (3410),Command Buffer 0,11122904791,30709
1580,python (3410),Compute Command 0,11122906875,25875
1581,python (3410),Command Buffer 0,11122938583,1120625
1582,python (3410),Command Buffer 0,11124281791,87542
1583,python (3410),Compute Command 0,11124285875,78500
1584,python (3410),Command Buffer 0,11124373583,62708
1585,python (3410),Compute Command 0,11124375750,56708
1586,python (3410),Command Buffer 0,11124439375,38541
1587,python (3410),Compute Command 0,11124441625,31958
1588,python (3410),Command Buffer 0,11124481208,965583
1589,python (3410),Command Buffer 0,11125544583,70417
1590,python (3410),Compute Command 0,11125547333,63875
1591,python (3410),Command Buffer 0,11125618958,62083
1592,python (3410),Compute Command 0,11125621000,57458
1593,python (3410),Command Buffer 0,11125682666,31875
1594,python (3410),Compute Command 0,11125684750,27500
1595,python (3410),Command Buffer 0,11125715416,1246959
1596,python (3410),Command Buffer 0,11127081375,100791
1597,python (3410),Compute Command 0,11127108833,69542
1598,python (3410),Command Buffer 0,11127185291,75375
1599,python (3410),Compute Command 0,11127187416,68667
1600,python (3410),Command Buffer 0,11127262291,34584
1601,python (3410),Compute Command 0,11127264333,29417
1602,python (3410),Command Buffer 0,11127298125,1010750
1603,python (3410),Command Buffer 0,11128406833,138333
1604,python (3410),Compute Command 0,11128409791,125625
1605,python (3410),Command Buffer 0,11128555375,77375
1606,python (3410),Compute Command 0,11128558750,70875
1607,python (3410),Command Buffer 0,11128637041,45834
1608,python (3410),Compute Command 0,11128639000,39833
1609,python (3410),Command Buffer 0,11128684166,920334
1610,python (3410),Command Buffer 0,11129733208,65542
1611,python (3410),Compute Command 0,11129735750,59666
1612,python (3410),Command Buffer 0,11129802666,59250
1613,python (3410),Compute Command 0,11129804625,54625
1614,python (3410),Command Buffer 0,11129865541,31167
1615,python (3410),Compute Command 0,11129867375,26666
1616,python (3410),Command Buffer 0,11129900458,956125
1617,python (3410),Command Buffer 0,11130954958,71083
1618,python (3410),Compute Command 0,11130959458,63042
1619,python (3410),Command Buffer 0,11131029125,60625
1620,python (3410),Compute Command 0,11131031333,55875
1621,python (3410),Command Buffer 0,11131092041,32250
1622,python (3410),Compute Command 0,11131093791,27459
1623,python (3410),Command Buffer 0,11131126625,947500
1624,python (3410),Command Buffer 0,11132167250,69958
1625,python (3410),Compute Command 0,11132170666,63250
1626,python (3410),Command Buffer 0,11132241000,62541
1627,python (3410),Compute Command 0,11132243125,57791
1628,python (3410),Command Buffer 0,11132308291,33459
1629,python (3410),Compute Command 0,11132310125,28125
1630,python (3410),Command Buffer 0,11132342750,944083
1631,python (3410),Command Buffer 0,11133390833,73208
1632,python (3410),Compute Command 0,11133396000,64416
1633,python (3410),Command Buffer 0,11133466791,60459
1634,python (3410),Compute Command 0,11133468875,55458
1635,python (3410),Command Buffer 0,11133529625,61583
1636,python (3410),Compute Command 0,11133531333,51750
1637,python (3410),Command Buffer 0,11133597083,1166875
1638,python (3410),Command Buffer 0,11134857250,68666
1639,python (3410),Compute Command 0,11134860875,62000
1640,python (3410),Command Buffer 0,11134930333,60708
1641,python (3410),Compute Command 0,11134932208,56250
1642,python (3410),Command Buffer 0,11134994833,36333
1643,python (3410),Compute Command 0,11134996708,31875
1644,python (3410),Command Buffer 0,11135035750,945750
1645,python (3410),Command Buffer 0,11136088666,83084
1646,python (3410),Compute Command 0,11136094500,73291
1647,python (3410),Command Buffer 0,11136174166,62250
1648,python (3410),Compute Command 0,11136176208,57583
1649,python (3410),Command Buffer 0,11136238583,37042
1650,python (3410),Compute Command 0,11136240500,30583
1651,python (3410),Command Buffer 0,11136277791,953709
1652,python (3410),Command Buffer 0,11137308291,62584
1653,python (3410),Compute Command 0,11137310708,57458
1654,python (3410),Command Buffer 0,11137373250,57958
1655,python (3410),Compute Command 0,11137375208,53500
1656,python (3410),Command Buffer 0,11137433125,30833
1657,python (3410),Compute Command 0,11137434791,26750
1658,python (3410),Command Buffer 0,11137465875,947833
1659,python (3410),Command Buffer 0,11138488500,59375
1660,python (3410),Compute Command 0,11138490541,54875
1661,python (3410),Command Buffer 0,11138553333,53958
1662,python (3410),Compute Command 0,11138555083,49792
1663,python (3410),Command Buffer 0,11138609375,27625
1664,python (3410),Compute Command 0,11138610958,23917
1665,python (3410),Command Buffer 0,11138639041,967084
1666,python (3410),Command Buffer 0,11139685916,60834
1667,python (3410),Compute Command 0,11139688666,55042
1668,python (3410),Command Buffer 0,11139752458,56667
1669,python (3410),Compute Command 0,11139754333,52208
1670,python (3410),Command Buffer 0,11139811375,29375
1671,python (3410),Compute Command 0,11139813125,24958
1672,python (3410),Command Buffer 0,11139842916,934125
1673,python (3410),Command Buffer 0,11140854750,59208
1674,python (3410),Compute Command 0,11140857125,53958
1675,python (3410),Command Buffer 0,11140919750,55375
1676,python (3410),Compute Command 0,11140921500,51125
1677,python (3410),Command Buffer 0,11140977333,29000
1678,python (3410),Compute Command 0,11140979041,25000
1679,python (3410),Command Buffer 0,11141008416,953625
1680,python (3410),Command Buffer 0,11142047375,65416
1681,python (3410),Compute Command 0,11142050375,59250
1682,python (3410),Command Buffer 0,11142118583,55958
1683,python (3410),Compute Command 0,11142120625,51041
1684,python (3410),Command Buffer 0,11142176708,29167
1685,python (3410),Compute Command 0,11142178583,24833
1686,python (3410),Command Buffer 0,11142208458,943333
1687,python (3410),Command Buffer 0,11143220958,63250
1688,python (3410),Compute Command 0,11143223000,58750
1689,python (3410),Command Buffer 0,11143290250,53750
1690,python (3410),Compute Command 0,11143292000,49666
1691,python (3410),Command Buffer 0,11143346083,28167
1692,python (3410),Compute Command 0,11143347875,24208
1693,python (3410),Command Buffer 0,11143376250,988291
1694,python (3410),Command Buffer 0,11144442291,59834
1695,python (3410),Compute Command 0,11144444375,55291
1696,python (3410),Command Buffer 0,11144507666,54584
1697,python (3410),Compute Command 0,11144509500,50333
1698,python (3410),Command Buffer 0,11144564333,27667
1699,python (3410),Compute Command 0,11144566250,23625
1700,python (3410),Command Buffer 0,11144594125,951541
1701,python (3410),Command Buffer 0,11145627333,59375
1702,python (3410),Compute Command 0,11145629458,54750
1703,python (3410),Command Buffer 0,11145689000,54375
1704,python (3410),Compute Command 0,11145690791,50167
1705,python (3410),Command Buffer 0,11145745500,27666
1706,python (3410),Compute Command 0,11145747166,23875
1707,python (3410),Command Buffer 0,11145775125,985375
1708,python (3410),Command Buffer 0,11146835500,58375
1709,python (3410),Compute Command 0,11146837416,54125
1710,python (3410),Command Buffer 0,11146899666,53667
1711,python (3410),Compute Command 0,11146901416,49625
1712,python (3410),Command Buffer 0,11146955500,26833
1713,python (3410),Compute Command 0,11146957125,23125
1714,python (3410),Command Buffer 0,11146984750,1019625
1715,python (3410),Command Buffer 0,11148075750,55583
1716,python (3410),Compute Command 0,11148077708,51208
1717,python (3410),Command Buffer 0,11148136958,56333
1718,python (3410),Compute Command 0,11148138708,51625
1719,python (3410),Command Buffer 0,11148198000,27291
1720,python (3410),Compute Command 0,11148199791,23500
1721,python (3410),Command Buffer 0,11148226208,973833
1722,python (3410),Command Buffer 0,11149271625,53708
1723,python (3410),Compute Command 0,11149273333,49833
1724,python (3410),Command Buffer 0,11149333583,52250
1725,python (3410),Compute Command 0,11149335583,47375
1726,python (3410),Command Buffer 0,11149390833,33000
1727,python (3410),Compute Command 0,11149392875,28666
1728,python (3410),Command Buffer 0,11149426000,938666
1729,python (3410),Command Buffer 0,11150460208,54583
1730,python (3410),Compute Command 0,11150462625,49708
1731,python (3410),Command Buffer 0,11150517041,55417
1732,python (3410),Compute Command 0,11150519125,49875
1733,python (3410),Command Buffer 0,11150574875,39750
1734,python (3410),Compute Command 0,11150577041,34250
1735,python (3410),Command Buffer 0,11150617166,1090084
1736,python (3410),Command Buffer 0,11151787666,55375
1737,python (3410),Compute Command 0,11151790083,50375
1738,python (3410),Command Buffer 0,11151845125,60625
1739,python (3410),Compute Command 0,11151847083,56167
1740,python (3410),Command Buffer 0,11151907750,29333
1741,python (3410),Compute Command 0,11151909791,24459
1742,python (3410),Command Buffer 0,11151940458,1077125
1743,python (3410),Command Buffer 0,11153100666,59625
1744,python (3410),Compute Command 0,11153102958,54583
1745,python (3410),Command Buffer 0,11153162791,56875
1746,python (3410),Compute Command 0,11153164708,52083
1747,python (3410),Command Buffer 0,11153221916,34209
1748,python (3410),Compute Command 0,11153224083,28833
1749,python (3410),Command Buffer 0,11153259750,921166
1750,python (3410),Command Buffer 0,11154263041,60625
1751,python (3410),Compute Command 0,11154264833,56333
1752,python (3410),Command Buffer 0,11154325583,63417
1753,python (3410),Compute Command 0,11154327750,58166
1754,python (3410),Command Buffer 0,11154391250,29333
1755,python (3410),Compute Command 0,11154393000,24750
1756,python (3410),Command Buffer 0,11154422916,939875
1757,python (3410),Command Buffer 0,11155438583,52000
1758,python (3410),Compute Command 0,11155440625,47666
1759,python (3410),Command Buffer 0,11155492708,55667
1760,python (3410),Compute Command 0,11155494625,50791
1761,python (3410),Command Buffer 0,11155550708,34042
1762,python (3410),Compute Command 0,11155552708,28958
1763,python (3410),Command Buffer 0,11155586625,1262791
1764,python (3410),Command Buffer 0,11156925250,50833
1765,python (3410),Compute Command 0,11156927083,46667
1766,python (3410),Command Buffer 0,11156978250,55750
1767,python (3410),Compute Command 0,11156980208,50750
1768,python (3410),Command Buffer 0,11157036333,28458
1769,python (3410),Compute Command 0,11157038333,24208
1770,python (3410),Command Buffer 0,11157066791,925167
1771,python (3410),Command Buffer 0,11158070291,55875
1772,python (3410),Compute Command 0,11158072291,51459
1773,python (3410),Command Buffer 0,11158128458,54917
1774,python (3410),Compute Command 0,11158130125,50750
1775,python (3410),Command Buffer 0,11158185541,29209
1776,python (3410),Compute Command 0,11158187125,25041
1777,python (3410),Command Buffer 0,11158216666,1258584
1778,python (3410),Command Buffer 0,11159546791,60167
1779,python (3410),Compute Command 0,11159549333,54750
1780,python (3410),Command Buffer 0,11159610041,57917
1781,python (3410),Compute Command 0,11159611833,53625
1782,python (3410),Command Buffer 0,11159670541,29500
1783,python (3410),Compute Command 0,11159672250,25416
1784,python (3410),Command Buffer 0,11159702208,958875
1785,python (3410),Command Buffer 0,11160741833,55958
1786,python (3410),Compute Command 0,11160743791,51542
1787,python (3410),Command Buffer 0,11160800291,53959
1788,python (3410),Compute Command 0,11160802000,49875
1789,python (3410),Command Buffer 0,11160856375,28666
1790,python (3410),Compute Command 0,11160858041,24917
1791,python (3410),Command Buffer 0,11160887666,1032542
1792,python (3410),Command Buffer 0,11161990125,56125
1793,python (3410),Compute Command 0,11161992041,51834
1794,python (3410),Command Buffer 0,11162048875,53791
1795,python (3410),Compute Command 0,11162050583,49708
1796,python (3410),Command Buffer 0,11162104750,27625
1797,python (3410),Compute Command 0,11162106375,24000
1798,python (3410),Command Buffer 0,11162134583,1009708
1799,python (3410),Command Buffer 0,11163223583,59875
1800,python (3410),Compute Command 0,11163225916,54584
1801,python (3410),Command Buffer 0,11163285916,54209
1802,python (3410),Compute Command 0,11163287666,50000
1803,python (3410),Command Buffer 0,11163342416,28417
1804,python (3410),Compute Command 0,11163344125,24500
1805,python (3410),Command Buffer 0,11163373708,906708
1806,python (3410),Command Buffer 0,11164360291,58542
1807,python (3410),Compute Command 0,11164362375,53916
1808,python (3410),Command Buffer 0,11164421083,55125
1809,python (3410),Compute Command 0,11164422833,50958
1810,python (3410),Command Buffer 0,11164478291,28584
1811,python (3410),Compute Command 0,11164480000,24750
1812,python (3410),Command Buffer 0,11164509291,963375
1813,python (3410),Command Buffer 0,11165552291,52375
1814,python (3410),Compute Command 0,11165553958,48583
1815,python (3410),Command Buffer 0,11165607125,60791
1816,python (3410),Compute Command 0,11165609166,56292
1817,python (3410),Command Buffer 0,11165669750,29333
1818,python (3410),Compute Command 0,11165671708,25292
1819,python (3410),Command Buffer 0,11165699916,965250
1820,python (3410),Command Buffer 0,11166751208,56292
1821,python (3410),Compute Command 0,11166753458,51500
1822,python (3410),Command Buffer 0,11166809958,54208
1823,python (3410),Compute Command 0,11166811875,49208
1824,python (3410),Command Buffer 0,11166866375,36416
1825,python (3410),Compute Command 0,11166868583,31375
1826,python (3410),Command Buffer 0,11166905416,1221542
1827,python (3410),Command Buffer 0,11168196208,52875
1828,python (3410),Compute Command 0,11168198041,48667
1829,python (3410),Command Buffer 0,11168254500,52541
1830,python (3410),Compute Command 0,11168256500,47541
1831,python (3410),Command Buffer 0,11168309583,33875
1832,python (3410),Compute Command 0,11168311666,29084
1833,python (3410),Command Buffer 0,11168345291,1134500
1834,python (3410),Command Buffer 0,11169562958,55250
1835,python (3410),Compute Command 0,11169564875,50833
1836,python (3410),Command Buffer 0,11169623500,53208
1837,python (3410),Compute Command 0,11169625583,48083
1838,python (3410),Command Buffer 0,11169678875,34000
1839,python (3410),Compute Command 0,11169680958,29250
1840,python (3410),Command Buffer 0,11169713833,1054000
1841,python (3410),Command Buffer 0,11170847208,50167
1842,python (3410),Compute Command 0,11170849041,46000
1843,python (3410),Command Buffer 0,11170902625,58583
1844,python (3410),Compute Command 0,11170904791,53959
1845,python (3410),Command Buffer 0,11170963083,33583
1846,python (3410),Compute Command 0,11170965125,29000
1847,python (3410),Command Buffer 0,11170997791,1062209
1848,python (3410),Command Buffer 0,11172142250,53708
1849,python (3410),Compute Command 0,11172144041,49667
1850,python (3410),Command Buffer 0,11172202833,53667
1851,python (3410),Compute Command 0,11172204750,48583
1852,python (3410),Command Buffer 0,11172259791,33750
1853,python (3410),Compute Command 0,11172261833,29333
1854,python (3410),Command Buffer 0,11172294541,1208834
1855,python (3410),Command Buffer 0,11173601458,62667
1856,python (3410),Compute Command 0,11173604625,57000
1857,python (3410),Command Buffer 0,11173666208,66333
1858,python (3410),Compute Command 0,11173668375,61125
1859,python (3410),Command Buffer 0,11173734833,34583
1860,python (3410),Compute Command 0,11173736875,29291
1861,python (3410),Command Buffer 0,11173771333,958333
1862,python (3410),Command Buffer 0,11174801375,54000
1863,python (3410),Compute Command 0,11174803375,49625
1864,python (3410),Command Buffer 0,11174860291,52709
1865,python (3410),Compute Command 0,11174862250,47625
1866,python (3410),Command Buffer 0,11174915375,33833
1867,python (3410),Compute Command 0,11174917375,29166
1868,python (3410),Command Buffer 0,11174951333,1231458
1869,python (3410),Command Buffer 0,11176262375,49666
1870,python (3410),Compute Command 0,11176264041,45792
1871,python (3410),Command Buffer 0,11176317458,51958
1872,python (3410),Compute Command 0,11176319458,46958
1873,python (3410),Command Buffer 0,11176372041,33375
1874,python (3410),Compute Command 0,11176374125,28791
1875,python (3410),Command Buffer 0,11176406541,1190459
1876,python (3410),Command Buffer 0,11177688041,49667
1877,python (3410),Compute Command 0,11177689791,45792
1878,python (3410),Command Buffer 0,11177739416,52542
1879,python (3410),Compute Command 0,11177741291,47709
1880,python (3410),Command Buffer 0,11177793916,40584
1881,python (3410),Compute Command 0,11177795875,35250
1882,python (3410),Command Buffer 0,11177837333,1085042
1883,python (3410),Command Buffer 0,11179005833,49167
1884,python (3410),Compute Command 0,11179007791,45042
1885,python (3410),Command Buffer 0,11179056833,51292
1886,python (3410),Compute Command 0,11179058708,46500
1887,python (3410),Command Buffer 0,11179110958,33667
1888,python (3410),Compute Command 0,11179112958,29083
1889,python (3410),Command Buffer 0,11179146375,1161791
1890,python (3410),Command Buffer 0,11180395833,62500
1891,python (3410),Compute Command 0,11180398916,56125
1892,python (3410),Command Buffer 0,11180464541,61667
1893,python (3410),Compute Command 0,11180467083,55667
1894,python (3410),Command Buffer 0,11180528666,34042
1895,python (3410),Compute Command 0,11180531208,28208
1896,python (3410),Command Buffer 0,11180565666,1087250
1897,python (3410),Command Buffer 0,11181727833,70625
1898,python (3410),Compute Command 0,11181730250,65666
1899,python (3410),Command Buffer 0,11181800416,59709
1900,python (3410),Compute Command 0,11181802541,54625
1901,python (3410),Command Buffer 0,11181862291,29709
1902,python (3410),Compute Command 0,11181864250,25583
1903,python (3410),Command Buffer 0,11181893750,1158416
1904,python (3410),Command Buffer 0,11183134250,58166
1905,python (3410),Compute Command 0,11183136291,53625
1906,python (3410),Command Buffer 0,11183197916,58250
1907,python (3410),Compute Command 0,11183200125,53166
1908,python (3410),Command Buffer 0,11183259458,32167
1909,python (3410),Compute Command 0,11183261833,27125
1910,python (3410),Command Buffer 0,11183293458,1226250
1911,python (3410),Command Buffer 0,11184600166,58625
1912,python (3410),Compute Command 0,11184602416,53709
1913,python (3410),Command Buffer 0,11184663958,59792
1914,python (3410),Compute Command 0,11184666208,54333
1915,python (3410),Command Buffer 0,11184726125,34166
1916,python (3410),Compute Command 0,11184728125,28625
1917,python (3410),Command Buffer 0,11184762291,1205917
1918,python (3410),Command Buffer 0,11186048958,54292
1919,python (3410),Compute Command 0,11186050958,49875
1920,python (3410),Command Buffer 0,11186108416,58292
1921,python (3410),Compute Command 0,11186110583,53167
1922,python (3410),Command Buffer 0,11186168875,32125
1923,python (3410),Compute Command 0,11186170916,26959
1924,python (3410),Command Buffer 0,11186202875,1036291
1925,python (3410),Command Buffer 0,11187307416,59334
1926,python (3410),Compute Command 0,11187310208,54000
1927,python (3410),Command Buffer 0,11187368916,62417
1928,python (3410),Compute Command 0,11187371041,57334
1929,python (3410),Command Buffer 0,11187433541,30917
1930,python (3410),Compute Command 0,11187435541,26792
1931,python (3410),Command Buffer 0,11187465333,1096458
1932,python (3410),Command Buffer 0,11188643541,63084
1933,python (3410),Compute Command 0,11188645916,57667
1934,python (3410),Command Buffer 0,11188708875,57500
1935,python (3410),Compute Command 0,11188711000,52958
1936,python (3410),Command Buffer 0,11188768291,28334
1937,python (3410),Compute Command 0,11188770083,24208
1938,python (3410),Command Buffer 0,11188798583,896750
1939,python (3410),Command Buffer 0,11189789000,60000
1940,python (3410),Compute Command 0,11189791458,54250
1941,python (3410),Command Buffer 0,11189852000,59125
1942,python (3410),Compute Command 0,11189854250,54333
1943,python (3410),Command Buffer 0,11189913583,35042
1944,python (3410),Compute Command 0,11189915708,29875
1945,python (3410),Command Buffer 0,11189950416,910750
1946,python (3410),Command Buffer 0,11190952875,61916
1947,python (3410),Compute Command 0,11190955291,55917
1948,python (3410),Command Buffer 0,11191017500,60958
1949,python (3410),Compute Command 0,11191019708,56208
1950,python (3410),Command Buffer 0,11191081250,28958
1951,python (3410),Compute Command 0,11191083000,24333
1952,python (3410),Command Buffer 0,11191111416,1030834
1953,python (3410),Command Buffer 0,11192230208,65417
1954,python (3410),Compute Command 0,11192232583,60625
1955,python (3410),Command Buffer 0,11192298041,60125
1956,python (3410),Compute Command 0,11192300083,55583
1957,python (3410),Command Buffer 0,11192359083,32000
1958,python (3410),Compute Command 0,11192361041,27417
1959,python (3410),Command Buffer 0,11192394208,951167
1960,python (3410),Command Buffer 0,11193428833,64958
1961,python (3410),Compute Command 0,11193431666,56500
1962,python (3410),Command Buffer 0,11193496166,57875
1963,python (3410),Compute Command 0,11193497958,53500
1964,python (3410),Command Buffer 0,11193556750,30833
1965,python (3410),Compute Command 0,11193558583,25958
1966,python (3410),Command Buffer 0,11193590000,921875
1967,python (3410),Command Buffer 0,11194594958,59958
1968,python (3410),Compute Command 0,11194597125,55250
1969,python (3410),Command Buffer 0,11194657041,54000
1970,python (3410),Compute Command 0,11194658708,50042
1971,python (3410),Command Buffer 0,11194713250,27916
1972,python (3410),Compute Command 0,11194714833,24208
1973,python (3410),Command Buffer 0,11194743375,928333
1974,python (3410),Command Buffer 0,11195757291,62917
1975,python (3410),Compute Command 0,11195760083,56875
1976,python (3410),Command Buffer 0,11195822916,56875
1977,python (3410),Compute Command 0,11195824833,52250
1978,python (3410),Command Buffer 0,11195881791,29500
1979,python (3410),Compute Command 0,11195883541,25334
1980,python (3410),Command Buffer 0,11195913375,894541
1981,python (3410),Command Buffer 0,11196896333,64833
1982,python (3410),Compute Command 0,11196899541,57792
1983,python (3410),Command Buffer 0,11196966291,57000
1984,python (3410),Compute Command 0,11196968208,52292
1985,python (3410),Command Buffer 0,11197025625,29125
1986,python (3410),Compute Command 0,11197027333,24917
1987,python (3410),Command Buffer 0,11197057166,894709
1988,python (3410),Command Buffer 0,11198028958,59125
1989,python (3410),Compute Command 0,11198031333,54000
1990,python (3410),Command Buffer 0,11198090291,54917
1991,python (3410),Compute Command 0,11198092125,50416
1992,python (3410),Command Buffer 0,11198148041,29000
1993,python (3410),Compute Command 0,11198149750,25041
1994,python (3410),Command Buffer 0,11198179166,902167
1995,python (3410),Command Buffer 0,11199166625,65250
1996,python (3410),Compute Command 0,11199169708,58458
1997,python (3410),Command Buffer 0,11199235458,59292
1998,python (3410),Compute Command 0,11199237416,54542
1999,python (3410),Command Buffer 0,11199297291,32667
2000,python (3410),Compute Command 0,11199299000,28375
2001,python (3410),Command Buffer 0,11199332291,988709
2002,python (3410),Command Buffer 0,11200391000,59500
2003,python (3410),Compute Command 0,11200393083,51875
2004,python (3410),Command Buffer 0,11200453583,56792
2005,python (3410),Compute Command 0,11200455833,51667
2006,python (3410),Command Buffer 0,11200511458,33958
2007,python (3410),Compute Command 0,11200513375,29333
2008,python (3410),Command Buffer 0,11200547458,1224375
2009,python (3410),Command Buffer 0,11201848500,58833
2010,python (3410),Compute Command 0,11201851000,53625
2011,python (3410),Command Buffer 0,11201909458,59417
2012,python (3410),Compute Command 0,11201911625,54166
2013,python (3410),Command Buffer 0,11201970958,32375
2014,python (3410),Compute Command 0,11201972958,28042
2015,python (3410),Command Buffer 0,11202004416,1146500
2016,python (3410),Command Buffer 0,11203233041,59334
2017,python (3410),Compute Command 0,11203235166,54750
2018,python (3410),Command Buffer 0,11203295250,59291
2019,python (3410),Compute Command 0,11203297541,53834
2020,python (3410),Command Buffer 0,11203356750,33541
2021,python (3410),Compute Command 0,11203358833,28208
2022,python (3410),Command Buffer 0,11203392791,917292
2023,python (3410),Command Buffer 0,11204392750,58958
2024,python (3410),Compute Command 0,11204394791,54417
2025,python (3410),Command Buffer 0,11204457083,57708
2026,python (3410),Compute Command 0,11204459250,52500
2027,python (3410),Command Buffer 0,11204517000,30166
2028,python (3410),Compute Command 0,11204519083,25750
2029,python (3410),Command Buffer 0,11204548875,1124041
2030,python (3410),Command Buffer 0,11205751375,62833
2031,python (3410),Compute Command 0,11205753875,57875
2032,python (3410),Command Buffer 0,11205816125,60791
2033,python (3410),Compute Command 0,11205818250,55666
2034,python (3410),Command Buffer 0,11205878541,32875
2035,python (3410),Compute Command 0,11205880583,27583
2036,python (3410),Command Buffer 0,11205914000,1050750
2037,python (3410),Command Buffer 0,11207044708,57833
2038,python (3410),Compute Command 0,11207046833,53083
2039,python (3410),Command Buffer 0,11207108166,58250
2040,python (3410),Compute Command 0,11207110291,52959
2041,python (3410),Command Buffer 0,11207168750,32541
2042,python (3410),Compute Command 0,11207170750,28375
2043,python (3410),Command Buffer 0,11207203708,1141250
2044,python (3410),Command Buffer 0,11208414541,56417
2045,python (3410),Compute Command 0,11208416458,52125
2046,python (3410),Command Buffer 0,11208476375,57208
2047,python (3410),Compute Command 0,11208478958,51667
2048,python (3410),Command Buffer 0,11208535666,31167
2049,python (3410),Compute Command 0,11208537625,27208
2050,python (3410),Command Buffer 0,11208567625,1216916
2051,python (3410),Command Buffer 0,11209867625,54625
2052,python (3410),Compute Command 0,11209869708,50042
2053,python (3410),Command Buffer 0,11209927708,58750
2054,python (3410),Compute Command 0,11209929875,53541
2055,python (3410),Command Buffer 0,11209988541,33500
2056,python (3410),Compute Command 0,11209990500,28416
2057,python (3410),Command Buffer 0,11210023916,1118709
2058,python (3410),Command Buffer 0,11211217041,53584
2059,python (3410),Compute Command 0,11211218916,49209
2060,python (3410),Command Buffer 0,11211272750,58791
2061,python (3410),Compute Command 0,11211274833,53833
2062,python (3410),Command Buffer 0,11211333500,32833
2063,python (3410),Compute Command 0,11211335458,28208
2064,python (3410),Command Buffer 0,11211368708,923500
2065,python (3410),Command Buffer 0,11212375041,59417
2066,python (3410),Compute Command 0,11212376958,55125
2067,python (3410),Command Buffer 0,11212439583,58042
2068,python (3410),Compute Command 0,11212441625,53083
2069,python (3410),Command Buffer 0,11212499750,30291
2070,python (3410),Compute Command 0,11212501750,25666
2071,python (3410),Command Buffer 0,11212532833,1103458
2072,python (3410),Command Buffer 0,11213709083,55667
2073,python (3410),Compute Command 0,11213711125,51083
2074,python (3410),Command Buffer 0,11213766958,58375
2075,python (3410),Compute Command 0,11213769083,53250
2076,python (3410),Command Buffer 0,11213827375,33625
2077,python (3410),Compute Command 0,11213829458,28958
2078,python (3410),Command Buffer 0,11213862916,958875
2079,python (3410),Command Buffer 0,11214902375,59958
2080,python (3410),Compute Command 0,11214904291,55125
2081,python (3410),Command Buffer 0,11214964458,64917
2082,python (3410),Compute Command 0,11214966625,59708
2083,python (3410),Command Buffer 0,11215031458,32875
2084,python (3410),Compute Command 0,11215033500,28708
2085,python (3410),Command Buffer 0,11215066000,1282666
2086,python (3410),Command Buffer 0,11216429541,55792
2087,python (3410),Compute Command 0,11216431833,50667
2088,python (3410),Command Buffer 0,11216488083,63750
2089,python (3410),Compute Command 0,11216490208,58417
2090,python (3410),Command Buffer 0,11216554208,35375
2091,python (3410),Compute Command 0,11216556208,30708
2092,python (3410),Command Buffer 0,11216591458,1166708
2093,python (3410),Command Buffer 0,11217838375,58875
2094,python (3410),Compute Command 0,11217840375,54375
2095,python (3410),Command Buffer 0,11217902541,62000
2096,python (3410),Compute Command 0,11217904666,56834
2097,python (3410),Command Buffer 0,11217966666,32584
2098,python (3410),Compute Command 0,11217968833,27667
2099,python (3410),Command Buffer 0,11218000083,1155250
2100,python (3410),Command Buffer 0,11219240583,69792
2101,python (3410),Compute Command 0,11219242541,64709
2102,python (3410),Command Buffer 0,11219312833,63083
2103,python (3410),Compute Command 0,11219314958,58458
2104,python (3410),Command Buffer 0,11219377708,33375
2105,python (3410),Compute Command 0,11219379750,29083
2106,python (3410),Command Buffer 0,11219412750,945541
2107,python (3410),Command Buffer 0,11220437708,62042
2108,python (3410),Compute Command 0,11220440166,56750
2109,python (3410),Command Buffer 0,11220505375,57541
2110,python (3410),Compute Command 0,11220507583,52625
2111,python (3410),Command Buffer 0,11220565875,29333
2112,python (3410),Compute Command 0,11220567541,25375
2113,python (3410),Command Buffer 0,11220597916,918042
2114,python (3410),Command Buffer 0,11221596875,60208
2115,python (3410),Compute Command 0,11221599208,55250
2116,python (3410),Command Buffer 0,11221659875,59541
2117,python (3410),Compute Command 0,11221661541,55375
2118,python (3410),Command Buffer 0,11221720458,29083
2119,python (3410),Compute Command 0,11221722125,25291
2120,python (3410),Command Buffer 0,11221750458,1080083
2121,python (3410),Command Buffer 0,11222922416,651334
2122,python (3410),Compute Command 0,11223080958,489333
2123,python (3410),Command Buffer 0,11223576666,10413875
