source_row_index,process,category,start_ns,duration_ns
0,python (3551),Command Buffer 0,10764938000,857791
1,python (3551),Compute Command 0,10765589625,189250
2,python (3551),Command Buffer 0,10765843375,3458125
3,python (3551),Command Buffer 0,10769496458,1281708
4,python (3551),Compute Command 0,10770541666,230875
5,python (3551),Command Buffer 0,10770782375,273166
6,python (3551),Compute Command 0,10770799125,246583
7,python (3551),Command Buffer 0,10771071625,114291
8,python (3551),Compute Command 0,10771084833,92958
9,python (3551),Command Buffer 0,10771196458,4954917
10,python (3551),Command Buffer 0,10776287625,64000
11,python (3551),Compute Command 0,10776296541,50917
12,python (3551),Command Buffer 0,10776354375,50791
13,python (3551),Compute Command 0,10776357000,44583
14,python (3551),Command Buffer 0,10776407416,36084
15,python (3551),Compute Command 0,10776409958,29833
16,python (3551),Command Buffer 0,10776446166,3018875
17,python (3551),Command Buffer 0,10779576375,53958
18,python (3551),Compute Command 0,10779579583,46917
19,python (3551),Command Buffer 0,10779633625,44833
20,python (3551),Compute Command 0,10779636125,39375
21,python (3551),Command Buffer 0,10779679333,31875
22,python (3551),Compute Command 0,10779681083,26917
23,python (3551),Command Buffer 0,10779713416,2719250
24,python (3551),Command Buffer 0,10782593916,58667
25,python (3551),Compute Command 0,10782597791,49167
26,python (3551),Command Buffer 0,10782657750,61541
27,python (3551),Compute Command 0,10782660666,54250
28,python (3551),Command Buffer 0,10782720791,32959
29,python (3551),Compute Command 0,10782723166,26917
30,python (3551),Command Buffer 0,10782756583,3311333
31,python (3551),Command Buffer 0,10786176125,54500
32,python (3551),Compute Command 0,10786178833,48958
33,python (3551),Command Buffer 0,10786233625,51541
34,python (3551),Compute Command 0,10786236083,46458
35,python (3551),Command Buffer 0,10786286041,78209
36,python (3551),Compute Command 0,10786287708,73083
37,python (3551),Command Buffer 0,10786366291,2438042
38,python (3551),Command Buffer 0,10788899625,48583
39,python (3551),Compute Command 0,10788902833,42417
40,python (3551),Command Buffer 0,10788951166,47584
41,python (3551),Compute Command 0,10788953541,42417
42,python (3551),Command Buffer 0,10788999708,32375
43,python (3551),Compute Command 0,10789001625,28000
44,python (3551),Command Buffer 0,10789033791,1390584
45,python (3551),Command Buffer 0,10790522958,50333
46,python (3551),Compute Command 0,10790526291,43584
47,python (3551),Command Buffer 0,10790576708,47708
48,python (3551),Compute Command 0,10790579166,42000
49,python (3551),Command Buffer 0,10790626625,32500
50,python (3551),Compute Command 0,10790629000,26791
51,python (3551),Command Buffer 0,10790661916,1147500
52,python (3551),Command Buffer 0,10791913083,51333
53,python (3551),Compute Command 0,10791915916,45209
54,python (3551),Command Buffer 0,10791970625,46416
55,python (3551),Compute Command 0,10791973125,41208
56,python (3551),Command Buffer 0,10792017958,28042
57,python (3551),Compute Command 0,10792019750,23583
58,python (3551),Command Buffer 0,10792046875,1024458
59,python (3551),Command Buffer 0,10793170125,43708
60,python (3551),Compute Command 0,10793172500,38625
61,python (3551),Command Buffer 0,10793218958,44542
62,python (3551),Compute Command 0,10793221291,39709
63,python (3551),Command Buffer 0,10793264583,27583
64,python (3551),Compute Command 0,10793266333,23500
65,python (3551),Command Buffer 0,10793293083,955458
66,python (3551),Command Buffer 0,10794354916,55917
67,python (3551),Compute Command 0,10794358416,48959
68,python (3551),Command Buffer 0,10794413958,49375
69,python (3551),Compute Command 0,10794416375,44083
70,python (3551),Command Buffer 0,10794464291,26959
71,python (3551),Compute Command 0,10794466000,22208
72,python (3551),Command Buffer 0,10794493375,1082791
73,python (3551),Command Buffer 0,10795681041,49959
74,python (3551),Compute Command 0,10795684083,43542
75,python (3551),Command Buffer 0,10795735500,47041
76,python (3551),Compute Command 0,10795737916,41709
77,python (3551),Command Buffer 0,10795783458,28958
78,python (3551),Compute Command 0,10795785166,24292
79,python (3551),Command Buffer 0,10795813291,1125417
80,python (3551),Command Buffer 0,10797025333,41875
81,python (3551),Compute Command 0,10797027375,37291
82,python (3551),Command Buffer 0,10797069625,48750
83,python (3551),Compute Command 0,10797071875,43458
84,python (3551),Command Buffer 0,10797120500,29708
85,python (3551),Compute Command 0,10797122750,25333
86,python (3551),Command Buffer 0,10797151083,1088792
87,python (3551),Command Buffer 0,10798328125,43166
88,python (3551),Compute Command 0,10798330166,38750
89,python (3551),Command Buffer 0,10798373541,44750
90,python (3551),Compute Command 0,10798375750,39458
91,python (3551),Command Buffer 0,10798420458,26792
92,python (3551),Compute Command 0,10798422625,22250
93,python (3551),Command Buffer 0,10799629875,46583
94,python (3551),Compute Command 0,10799632500,40916
95,python (3551),Command Buffer 0,10799679166,46834
96,python (3551),Compute Command 0,10799681541,41250
97,python (3551),Command Buffer 0,10799727958,32000
98,python (3551),Compute Command 0,10799730291,26500
99,python (3551),Command Buffer 0,10799762416,1154792
100,python (3551),Command Buffer 0,10801015625,44166
101,python (3551),Compute Command 0,10801017875,39333
102,python (3551),Command Buffer 0,10801061958,45000
103,python (3551),Compute Command 0,10801064250,40208
104,python (3551),Command Buffer 0,10801107791,25000
105,python (3551),Compute Command 0,10801109583,21042
106,python (3551),Command Buffer 0,10801133625,965541
107,python (3551),Command Buffer 0,10802192625,43416
108,python (3551),Compute Command 0,10802194833,38625
109,python (3551),Command Buffer 0,10802241125,44291
110,python (3551),Compute Command 0,10802243416,39500
111,python (3551),Command Buffer 0,10802286250,23416
112,python (3551),Compute Command 0,10802287916,19709
113,python (3551),Command Buffer 0,10802310541,972500
114,python (3551),Command Buffer 0,10803376583,41208
115,python (3551),Compute Command 0,10803378625,36791
116,python (3551),Command Buffer 0,10803422791,43334
117,python (3551),Compute Command 0,10803424958,38667
118,python (3551),Command Buffer 0,10803466958,25750
119,python (3551),Compute Command 0,10803468625,22041
120,python (3551),Command Buffer 0,10803493541,1035292
121,python (3551),Command Buffer 0,10804625458,40208
122,python (3551),Compute Command 0,10804627458,35833
123,python (3551),Command Buffer 0,10804668041,46334
124,python (3551),Compute Command 0,10804670250,41625
125,python (3551),Command Buffer 0,10804715125,26541
126,python (3551),Compute Command 0,10804716875,22625
127,python (3551),Command Buffer 0,10804743416,1006750
128,python (3551),Command Buffer 0,10805856958,53125
129,python (3551),Compute Command 0,10805860291,45875
130,python (3551),Command Buffer 0,10805913708,48583
131,python (3551),Compute Command 0,10805916208,42917
132,python (3551),Command Buffer 0,10805964500,32291
133,python (3551),Compute Command 0,10805966833,27083
134,python (3551),Command Buffer 0,10805999041,1273250
135,python (3551),Command Buffer 0,10807379625,54125
136,python (3551),Compute Command 0,10807383125,46708
137,python (3551),Command Buffer 0,10807436875,49666
138,python (3551),Compute Command 0,10807439666,43292
139,python (3551),Command Buffer 0,10807488791,32459
140,python (3551),Compute Command 0,10807491125,26333
141,python (3551),Command Buffer 0,10807523833,1098750
142,python (3551),Command Buffer 0,10808711833,45917
143,python (3551),Compute Command 0,10808714208,40750
144,python (3551),Command Buffer 0,10808760375,46958
145,python (3551),Compute Command 0,10808762750,41125
146,python (3551),Command Buffer 0,10808809958,28458
147,python (3551),Compute Command 0,10808812208,23792
148,python (3551),Command Buffer 0,10808840333,989500
149,python (3551),Command Buffer 0,10809925000,53541
150,python (3551),Compute Command 0,10809927958,47208
151,python (3551),Command Buffer 0,10809981541,47125
152,python (3551),Compute Command 0,10809983541,42375
153,python (3551),Command Buffer 0,10810029625,33958
154,python (3551),Compute Command 0,10810031416,29000
155,python (3551),Command Buffer 0,10810066000,1014625
156,python (3551),Command Buffer 0,10811182958,51625
157,python (3551),Compute Command 0,10811185625,45916
158,python (3551),Command Buffer 0,10811240208,46625
159,python (3551),Compute Command 0,10811242583,41708
160,python (3551),Command Buffer 0,10811287833,30542
161,python (3551),Compute Command 0,10811289541,25875
162,python (3551),Command Buffer 0,10811319250,1117458
163,python (3551),Command Buffer 0,10812535583,48000
164,python (3551),Compute Command 0,10812538208,42500
165,python (3551),Command Buffer 0,10812589708,46708
166,python (3551),Compute Command 0,10812592083,41792
167,python (3551),Command Buffer 0,10812637375,27500
168,python (3551),Compute Command 0,10812639083,23417
169,python (3551),Command Buffer 0,10812665708,1099333
170,python (3551),Command Buffer 0,10813864958,58333
171,python (3551),Compute Command 0,10813868833,49958
172,python (3551),Command Buffer 0,10813927208,50208
173,python (3551),Compute Command 0,10813930166,43834
174,python (3551),Command Buffer 0,10813978500,27125
175,python (3551),Compute Command 0,10813980333,22375
176,python (3551),Command Buffer 0,10814006458,1270167
177,python (3551),Command Buffer 0,10815367958,47167
178,python (3551),Compute Command 0,10815370291,42250
179,python (3551),Command Buffer 0,10815417416,43875
180,python (3551),Compute Command 0,10815419625,39000
181,python (3551),Command Buffer 0,10815462166,26500
182,python (3551),Compute Command 0,10815463875,22625
183,python (3551),Command Buffer 0,10815489541,1184042
184,python (3551),Command Buffer 0,10816766083,45375
185,python (3551),Compute Command 0,10816768416,40000
186,python (3551),Command Buffer 0,10816814083,45250
187,python (3551),Compute Command 0,10816816541,40209
188,python (3551),Command Buffer 0,10816860458,28292
189,python (3551),Compute Command 0,10816862583,23208
190,python (3551),Command Buffer 0,10816891833,1067667
191,python (3551),Command Buffer 0,10818086333,49792
192,python (3551),Compute Command 0,10818089541,43667
193,python (3551),Command Buffer 0,10818139208,45208
194,python (3551),Compute Command 0,10818141125,40791
195,python (3551),Command Buffer 0,10818185500,26666
196,python (3551),Compute Command 0,10818187375,22541
197,python (3551),Command Buffer 0,10818213125,952041
198,python (3551),Command Buffer 0,10819279291,50792
199,python (3551),Compute Command 0,10819282125,44875
200,python (3551),Command Buffer 0,10819332625,46708
201,python (3551),Compute Command 0,10819334458,42167
202,python (3551),Command Buffer 0,10819380250,42958
203,python (3551),Compute Command 0,10819382000,37958
204,python (3551),Command Buffer 0,10819428000,922375
205,python (3551),Command Buffer 0,10820444541,52334
206,python (3551),Compute Command 0,10820447541,45875
207,python (3551),Command Buffer 0,10820499375,45333
208,python (3551),Compute Command 0,10820501375,40458
209,python (3551),Command Buffer 0,10820545541,25750
210,python (3551),Compute Command 0,10820547291,21500
211,python (3551),Command Buffer 0,10820572166,1098792
212,python (3551),Command Buffer 0,10821774791,54167
213,python (3551),Compute Command 0,10821777083,49125
214,python (3551),Command Buffer 0,10821834333,44542
215,python (3551),Compute Command 0,10821836291,40042
216,python (3551),Command Buffer 0,10821879750,25583
217,python (3551),Compute Command 0,10821881458,21625
218,python (3551),Command Buffer 0,10821909375,1060583
219,python (3551),Command Buffer 0,10823049375,44541
220,python (3551),Compute Command 0,10823051541,39834
221,python (3551),Command Buffer 0,10823096291,42709
222,python (3551),Compute Command 0,10823098083,38542
223,python (3551),Command Buffer 0,10823141125,24291
224,python (3551),Compute Command 0,10823142916,20375
225,python (3551),Command Buffer 0,10823167375,1031166
226,python (3551),Command Buffer 0,10824285625,43083
227,python (3551),Compute Command 0,10824287666,38542
228,python (3551),Command Buffer 0,10824331166,44125
229,python (3551),Compute Command 0,10824332916,39959
230,python (3551),Command Buffer 0,10824377416,23625
231,python (3551),Compute Command 0,10824379083,19875
232,python (3551),Command Buffer 0,10824402750,1232666
233,python (3551),Command Buffer 0,10825725250,45208
234,python (3551),Compute Command 0,10825727583,40042
235,python (3551),Command Buffer 0,10825773041,42750
236,python (3551),Compute Command 0,10825775250,38083
237,python (3551),Command Buffer 0,10825816666,23834
238,python (3551),Compute Command 0,10825818458,19917
239,python (3551),Command Buffer 0,10825842458,981833
240,python (3551),Command Buffer 0,10826916708,47708
241,python (3551),Compute Command 0,10826919250,42208
242,python (3551),Command Buffer 0,10826966708,44375
243,python (3551),Compute Command 0,10826968625,39875
244,python (3551),Command Buffer 0,10827013250,25208
245,python (3551),Compute Command 0,10827015083,21042
246,python (3551),Command Buffer 0,10827039958,942750
247,python (3551),Command Buffer 0,10828070666,44084
248,python (3551),Compute Command 0,10828072750,39416
249,python (3551),Command Buffer 0,10828117166,42667
250,python (3551),Compute Command 0,10828118958,38417
251,python (3551),Command Buffer 0,10828162041,24709
252,python (3551),Compute Command 0,10828163875,20666
253,python (3551),Command Buffer 0,10828188750,963583
254,python (3551),Command Buffer 0,10829233458,42750
255,python (3551),Compute Command 0,10829235458,38125
256,python (3551),Command Buffer 0,10829279083,41917
257,python (3551),Compute Command 0,10829280958,37458
258,python (3551),Command Buffer 0,10829321958,23417
259,python (3551),Compute Command 0,10829323708,19625
260,python (3551),Command Buffer 0,10829346208,1002542
261,python (3551),Command Buffer 0,10830430458,43333
262,python (3551),Compute Command 0,10830432541,38792
263,python (3551),Command Buffer 0,10830476083,44250
264,python (3551),Compute Command 0,10830477875,40125
265,python (3551),Command Buffer 0,10830522333,26625
266,python (3551),Compute Command 0,10830524083,22833
267,python (3551),Command Buffer 0,10830550875,1047958
268,python (3551),Command Buffer 0,10831680291,45417
269,python (3551),Compute Command 0,10831682333,40917
270,python (3551),Command Buffer 0,10831728166,44167
271,python (3551),Compute Command 0,10831729916,40000
272,python (3551),Command Buffer 0,10831774208,25792
273,python (3551),Compute Command 0,10831776000,21916
274,python (3551),Command Buffer 0,10832927000,52750
275,python (3551),Compute Command 0,10832930208,46083
276,python (3551),Command Buffer 0,10832983000,48541
277,python (3551),Compute Command 0,10832985333,43542
278,python (3551),Command Buffer 0,10833032500,26875
279,python (3551),Compute Command 0,10833034458,22125
280,python (3551),Command Buffer 0,10833060291,1180000
281,python (3551),Command Buffer 0,10834327291,47125
282,python (3551),Compute Command 0,10834329625,41958
283,python (3551),Command Buffer 0,10834377333,46125
284,python (3551),Compute Command 0,10834379791,41000
285,python (3551),Command Buffer 0,10834424291,25000
286,python (3551),Compute Command 0,10834426125,20833
287,python (3551),Command Buffer 0,10834450125,964916
288,python (3551),Command Buffer 0,10835518416,54125
289,python (3551),Compute Command 0,10835521791,47042
290,python (3551),Command Buffer 0,10835575708,52000
291,python (3551),Compute Command 0,10835578125,46833
292,python (3551),Command Buffer 0,10835628625,25750
293,python (3551),Compute Command 0,10835630375,21458
294,python (3551),Command Buffer 0,10835655333,1027583
295,python (3551),Command Buffer 0,10836773625,45208
296,python (3551),Compute Command 0,10836776083,40000
297,python (3551),Command Buffer 0,10836824083,41833
298,python (3551),Compute Command 0,10836826125,37375
299,python (3551),Command Buffer 0,10836866750,27125
300,python (3551),Compute Command 0,10836868583,23167
301,python (3551),Command Buffer 0,10836894666,1101125
302,python (3551),Command Buffer 0,10838086833,45542
303,python (3551),Compute Command 0,10838089125,40375
304,python (3551),Command Buffer 0,10838134875,44458
305,python (3551),Compute Command 0,10838137291,39500
306,python (3551),Command Buffer 0,10838180166,27667
307,python (3551),Compute Command 0,10838182333,23250
308,python (3551),Command Buffer 0,10838209708,1274625
309,python (3551),Command Buffer 0,10839575333,48542
310,python (3551),Compute Command 0,10839578000,42541
311,python (3551),Command Buffer 0,10839626750,46791
312,python (3551),Compute Command 0,10839628958,41000
313,python (3551),Command Buffer 0,10839676208,27333
314,python (3551),Compute Command 0,10839678416,22709
315,python (3551),Command Buffer 0,10839704375,1092916
316,python (3551),Command Buffer 0,10840891333,44292
317,python (3551),Compute Command 0,10840893583,39458
318,python (3551),Command Buffer 0,10840937875,47791
319,python (3551),Compute Command 0,10840940208,42417
320,python (3551),Command Buffer 0,10840987916,29959
321,python (3551),Compute Command 0,10840990166,24834
322,python (3551),Command Buffer 0,10841020750,1366333
323,python (3551),Command Buffer 0,10842480625,46708
324,python (3551),Compute Command 0,10842482833,41625
325,python (3551),Command Buffer 0,10842529875,46875
326,python (3551),Compute Command 0,10842532166,41459
327,python (3551),Command Buffer 0,10842578958,29292
328,python (3551),Compute Command 0,10842581291,24417
329,python (3551),Command Buffer 0,10842610166,1061959
330,python (3551),Command Buffer 0,10843764375,43291
331,python (3551),Compute Command 0,10843766458,38667
332,python (3551),Command Buffer 0,10843811291,44167
333,python (3551),Compute Command 0,10843813541,39417
334,python (3551),Command Buffer 0,10843856333,23750
335,python (3551),Compute Command 0,10843858083,19833
336,python (3551),Command Buffer 0,10843880916,967209
337,python (3551),Command Buffer 0,10844935708,43792
338,python (3551),Compute Command 0,10844938000,38750
339,python (3551),Command Buffer 0,10844984666,44709
340,python (3551),Compute Command 0,10844986916,40042
341,python (3551),Command Buffer 0,10845030208,24542
342,python (3551),Compute Command 0,10845031958,20667
343,python (3551),Command Buffer 0,10845055666,1013875
344,python (3551),Command Buffer 0,10846168541,44875
345,python (3551),Compute Command 0,10846170791,40000
346,python (3551),Command Buffer 0,10846216125,43750
347,python (3551),Compute Command 0,10846218375,39041
348,python (3551),Command Buffer 0,10846260708,26625
349,python (3551),Compute Command 0,10846262416,22750
350,python (3551),Command Buffer 0,10846288166,1027959
351,python (3551),Command Buffer 0,10847409333,43292
352,python (3551),Compute Command 0,10847411583,38417
353,python (3551),Command Buffer 0,10847455250,45875
354,python (3551),Compute Command 0,10847457500,40416
355,python (3551),Command Buffer 0,10847503625,27041
356,python (3551),Compute Command 0,10847505833,22125
357,python (3551),Command Buffer 0,10847532333,978292
358,python (3551),Command Buffer 0,10848605083,43708
359,python (3551),Compute Command 0,10848607166,39000
360,python (3551),Command Buffer 0,10848650958,46833
361,python (3551),Compute Command 0,10848653250,41458
362,python (3551),Command Buffer 0,10848700000,29708
363,python (3551),Compute Command 0,10848702250,24750
364,python (3551),Command Buffer 0,10848733125,1240791
365,python (3551),Command Buffer 0,10850085583,55708
366,python (3551),Compute Command 0,10850087833,50875
367,python (3551),Command Buffer 0,10850143625,43250
368,python (3551),Compute Command 0,10850145500,38708
369,python (3551),Command Buffer 0,10850187625,24625
370,python (3551),Compute Command 0,10850189333,20708
371,python (3551),Command Buffer 0,10850214208,978917
372,python (3551),Command Buffer 0,10851284791,44709
373,python (3551),Compute Command 0,10851287000,39916
374,python (3551),Command Buffer 0,10851334541,46042
375,python (3551),Compute Command 0,10851336833,41125
376,python (3551),Command Buffer 0,10851381416,26875
377,python (3551),Compute Command 0,10851383208,22833
378,python (3551),Command Buffer 0,10851409125,962166
379,python (3551),Command Buffer 0,10852468833,46667
380,python (3551),Compute Command 0,10852470958,41875
381,python (3551),Command Buffer 0,10852520708,45167
382,python (3551),Compute Command 0,10852523041,40292
383,python (3551),Command Buffer 0,10852566791,26959
384,python (3551),Compute Command 0,10852568541,23084
385,python (3551),Command Buffer 0,10852594666,999084
386,python (3551),Command Buffer 0,10853683875,46416
387,python (3551),Compute Command 0,10853686000,41750
388,python (3551),Command Buffer 0,10853734666,44375
389,python (3551),Compute Command 0,10853737375,39166
390,python (3551),Command Buffer 0,10853779833,26292
391,python (3551),Compute Command 0,10853781625,22333
392,python (3551),Command Buffer 0,10853806875,911125
393,python (3551),Command Buffer 0,10854806000,43250
394,python (3551),Compute Command 0,10854808083,38542
395,python (3551),Command Buffer 0,10854851625,44250
396,python (3551),Compute Command 0,10854853916,39417
397,python (3551),Command Buffer 0,10854896750,27666
398,python (3551),Compute Command 0,10854898708,22958
399,python (3551),Command Buffer 0,10854927541,1114167
400,python (3551),Command Buffer 0,10856137708,50708
401,python (3551),Compute Command 0,10856140458,44458
402,python (3551),Command Buffer 0,10856191541,50459
403,python (3551),Compute Command 0,10856194041,44542
404,python (3551),Command Buffer 0,10856244458,30792
405,python (3551),Compute Command 0,10856246750,25166
406,python (3551),Command Buffer 0,10856277708,953208
407,python (3551),Command Buffer 0,10857317708,43375
408,python (3551),Compute Command 0,10857319875,38625
409,python (3551),Command Buffer 0,10857364833,45833
410,python (3551),Compute Command 0,10857366750,41375
411,python (3551),Command Buffer 0,10857412625,29208
412,python (3551),Compute Command 0,10857414916,24750
413,python (3551),Command Buffer 0,10857443375,1142458
414,python (3551),Command Buffer 0,10858687625,45875
415,python (3551),Compute Command 0,10858689958,40667
416,python (3551),Command Buffer 0,10858738875,43625
417,python (3551),Compute Command 0,10858741000,38916
418,python (3551),Command Buffer 0,10858783416,27792
419,python (3551),Compute Command 0,10858785250,23625
420,python (3551),Command Buffer 0,10858812041,890292
421,python (3551),Command Buffer 0,10859798666,43750
422,python (3551),Compute Command 0,10859801000,38708
423,python (3551),Command Buffer 0,10859844708,43833
424,python (3551),Compute Command 0,10859846833,38625
425,python (3551),Command Buffer 0,10859891000,25291
426,python (3551),Compute Command 0,10859893208,20833
427,python (3551),Command Buffer 0,10859918416,873209
428,python (3551),Command Buffer 0,10860886958,52250
429,python (3551),Compute Command 0,10860889583,46500
430,python (3551),Command Buffer 0,10860941750,44458
431,python (3551),Compute Command 0,10860943708,39833
432,python (3551),Command Buffer 0,10860987166,25542
433,python (3551),Compute Command 0,10860989041,21334
434,python (3551),Command Buffer 0,10861013666,881209
435,python (3551),Command Buffer 0,10861996958,54292
436,python (3551),Compute Command 0,10862000125,47208
437,python (3551),Command Buffer 0,10862054708,48333
438,python (3551),Compute Command 0,10862057208,42875
439,python (3551),Command Buffer 0,10862106041,26959
440,python (3551),Compute Command 0,10862107958,22333
441,python (3551),Command Buffer 0,10862135041,867792
442,python (3551),Command Buffer 0,10863089708,46250
443,python (3551),Compute Command 0,10863092083,40875
444,python (3551),Command Buffer 0,10863138375,41166
445,python (3551),Compute Command 0,10863140291,36750
446,python (3551),Command Buffer 0,10863181083,24542
447,python (3551),Compute Command 0,10863182916,20292
448,python (3551),Command Buffer 0,10863207125,1001000
449,python (3551),Command Buffer 0,10864297041,46000
450,python (3551),Compute Command 0,10864299916,40209
451,python (3551),Command Buffer 0,10864345750,45750
452,python (3551),Compute Command 0,10864348291,40500
453,python (3551),Command Buffer 0,10864393833,24625
454,python (3551),Compute Command 0,10864395750,20333
455,python (3551),Command Buffer 0,10864420750,807041
456,python (3551),Command Buffer 0,10865329291,48834
457,python (3551),Compute Command 0,10865331833,43417
458,python (3551),Command Buffer 0,10865380750,47708
459,python (3551),Compute Command 0,10865383000,42916
460,python (3551),Command Buffer 0,10865430375,30625
461,python (3551),Compute Command 0,10865432583,26167
462,python (3551),Command Buffer 0,10866369833,45167
463,python (3551),Compute Command 0,10866372000,40250
464,python (3551),Command Buffer 0,10866417333,41958
465,python (3551),Compute Command 0,10866419250,37375
466,python (3551),Command Buffer 0,10866460250,30708
467,python (3551),Compute Command 0,10866461958,26292
468,python (3551),Command Buffer 0,10866492041,899417
469,python (3551),Command Buffer 0,10867492541,48125
470,python (3551),Compute Command 0,10867495416,42209
471,python (3551),Command Buffer 0,10867543208,44208
472,python (3551),Compute Command 0,10867545166,39709
473,python (3551),Command Buffer 0,10867588333,25333
474,python (3551),Compute Command 0,10867590125,21250
475,python (3551),Command Buffer 0,10867615291,814125
476,python (3551),Command Buffer 0,10868519041,88625
477,python (3551),Compute Command 0,10868521833,82792
478,python (3551),Command Buffer 0,10868610458,72000
479,python (3551),Compute Command 0,10868622291,55834
480,python (3551),Command Buffer 0,10868687166,31667
481,python (3551),Compute Command 0,10868689458,26458
482,python (3551),Command Buffer 0,10868720083,929458
483,python (3551),Command Buffer 0,10869764375,52041
484,python (3551),Compute Command 0,10869768125,45500
485,python (3551),Command Buffer 0,10869819208,44625
486,python (3551),Compute Command 0,10869821458,39750
487,python (3551),Command Buffer 0,10869864791,27959
488,python (3551),Compute Command 0,10869867125,23375
489,python (3551),Command Buffer 0,10869894416,1063292
490,python (3551),Command Buffer 0,10871053791,49917
491,python (3551),Compute Command 0,10871056208,44583
492,python (3551),Command Buffer 0,10871106250,48583
493,python (3551),Compute Command 0,10871108500,43750
494,python (3551),Command Buffer 0,10871156750,25666
495,python (3551),Compute Command 0,10871158541,21542
496,python (3551),Command Buffer 0,10871184833,791125
497,python (3551),Command Buffer 0,10872074666,46209
498,python (3551),Compute Command 0,10872077166,40834
499,python (3551),Command Buffer 0,10872123708,43583
500,python (3551),Compute Command 0,10872125625,38791
501,python (3551),Command Buffer 0,10872169208,30917
502,python (3551),Compute Command 0,10872171500,25791
503,python (3551),Command Buffer 0,10872202291,812000
504,python (3551),Command Buffer 0,10873101166,44584
505,python (3551),Compute Command 0,10873103458,39708
506,python (3551),Command Buffer 0,10873147791,41834
507,python (3551),Compute Command 0,10873149625,37583
508,python (3551),Command Buffer 0,10873190583,30458
509,python (3551),Compute Command 0,10873192791,25500
510,python (3551),Command Buffer 0,10873223541,1026334
511,python (3551),Command Buffer 0,10874341916,46750
512,python (3551),Compute Command 0,10874344416,41459
513,python (3551),Command Buffer 0,10874391208,45292
514,python (3551),Compute Command 0,10874393500,40458
515,python (3551),Command Buffer 0,10874438833,23708
516,python (3551),Compute Command 0,10874440583,19833
517,python (3551),Command Buffer 0,10874463458,815333
518,python (3551),Command Buffer 0,10875384833,50917
519,python (3551),Compute Command 0,10875387625,44708
520,python (3551),Command Buffer 0,10875438416,45584
521,python (3551),Compute Command 0,10875440458,40125
522,python (3551),Command Buffer 0,10875486083,31542
523,python (3551),Compute Command 0,10875488625,25708
524,python (3551),Command Buffer 0,10875519958,783333
525,python (3551),Command Buffer 0,10876408166,49084
526,python (3551),Compute Command 0,10876411125,42958
527,python (3551),Command Buffer 0,10876459750,46250
528,python (3551),Compute Command 0,10876462208,41125
529,python (3551),Command Buffer 0,10876508083,30250
530,python (3551),Compute Command 0,10876510375,25458
531,python (3551),Command Buffer 0,10876539916,862500
532,python (3551),Command Buffer 0,10877505250,55666
533,python (3551),Compute Command 0,10877508708,49292
534,python (3551),Command Buffer 0,10877563333,62250
535,python (3551),Compute Command 0,10877565291,56417
536,python (3551),Command Buffer 0,10877628291,29667
537,python (3551),Compute Command 0,10877631041,24500
538,python (3551),Command Buffer 0,10877659625,773416
539,python (3551),Command Buffer 0,10878524916,41292
540,python (3551),Compute Command 0,10878527208,36417
541,python (3551),Command Buffer 0,10878568208,47583
542,python (3551),Compute Command 0,10878570416,42750
543,python (3551),Command Buffer 0,10878618125,30208
544,python (3551),Compute Command 0,10878620375,25041
545,python (3551),Command Buffer 0,10878650416,777000
546,python (3551),Command Buffer 0,10879533375,51833
547,python (3551),Compute Command 0,10879536291,46250
548,python (3551),Command Buffer 0,10879587416,47625
549,python (3551),Compute Command 0,10879589791,42209
550,python (3551),Command Buffer 0,10879636208,26875
551,python (3551),Compute Command 0,10879638333,22625
552,python (3551),Command Buffer 0,10879663875,782291
553,python (3551),Command Buffer 0,10880543166,51084
554,python (3551),Compute Command 0,10880545750,45666
555,python (3551),Command Buffer 0,10880596375,43541
556,python (3551),Compute Command 0,10880598291,39084
557,python (3551),Command Buffer 0,10880640833,28083
558,python (3551),Compute Command 0,10880642541,24167
559,python (3551),Command Buffer 0,10880669916,772709
560,python (3551),Command Buffer 0,10881540708,48333
561,python (3551),Compute Command 0,10881543500,42625
562,python (3551),Command Buffer 0,10881592958,44167
563,python (3551),Compute Command 0,10881595000,39583
564,python (3551),Command Buffer 0,10881638083,29000
565,python (3551),Compute Command 0,10881639916,24709
566,python (3551),Command Buffer 0,10881668958,765625
567,python (3551),Command Buffer 0,10882521333,44917
568,python (3551),Compute Command 0,10882523333,40708
569,python (3551),Command Buffer 0,10882569208,45958
570,python (3551),Compute Command 0,10882571541,41250
571,python (3551),Command Buffer 0,10882616000,24208
572,python (3551),Compute Command 0,10882617750,20291
573,python (3551),Command Buffer 0,10882641000,1337833
574,python (3551),Command Buffer 0,10884149125,60291
575,python (3551),Compute Command 0,10884153250,51916
576,python (3551),Command Buffer 0,10884213000,49416
577,python (3551),Compute Command 0,10884215416,43667
578,python (3551),Command Buffer 0,10884263500,33875
579,python (3551),Compute Command 0,10884265416,28459
580,python (3551),Command Buffer 0,10884300416,739042
581,python (3551),Command Buffer 0,10885145583,53708
582,python (3551),Compute Command 0,10885148666,47542
583,python (3551),Command Buffer 0,10885201583,137875
584,python (3551),Compute Command 0,10885203541,127584
585,python (3551),Command Buffer 0,10885350708,49958
586,python (3551),Compute Command 0,10885354208,41542
587,python (3551),Command Buffer 0,10885405625,655375
588,python (3551),Command Buffer 0,10886189541,49959
589,python (3551),Compute Command 0,10886192541,44000
590,python (3551),Command Buffer 0,10886242500,52041
591,python (3551),Compute Command 0,10886244625,47166
592,python (3551),Command Buffer 0,10886296958,33667
593,python (3551),Compute Command 0,10886299000,29083
594,python (3551),Command Buffer 0,10886331791,750875
595,python (3551),Command Buffer 0,10887182416,41625
596,python (3551),Compute Command 0,10887184416,37334
597,python (3551),Command Buffer 0,10887226125,48416
598,python (3551),Compute Command 0,10887228375,43666
599,python (3551),Command Buffer 0,10887276250,24791
600,python (3551),Compute Command 0,10887278000,20875
601,python (3551),Command Buffer 0,10887302500,796000
602,python (3551),Command Buffer 0,10888252166,62875
603,python (3551),Compute Command 0,10888255291,55292
604,python (3551),Command Buffer 0,10888319916,64167
605,python (3551),Compute Command 0,10888322416,58334
606,python (3551),Command Buffer 0,10888385125,25916
607,python (3551),Compute Command 0,10888387000,21583
608,python (3551),Command Buffer 0,10888412750,771291
609,python (3551),Command Buffer 0,10889277125,48166
610,python (3551),Compute Command 0,10889279625,42666
611,python (3551),Command Buffer 0,10889327458,45625
612,python (3551),Compute Command 0,10889329333,41042
613,python (3551),Command Buffer 0,10889374291,31209
614,python (3551),Compute Command 0,10889376541,25875
615,python (3551),Command Buffer 0,10889408791,767417
616,python (3551),Command Buffer 0,10890274708,51292
617,python (3551),Compute Command 0,10890277375,45375
618,python (3551),Command Buffer 0,10890328541,44459
619,python (3551),Compute Command 0,10890330500,39916
620,python (3551),Command Buffer 0,10890373958,28875
621,python (3551),Compute Command 0,10890376166,23709
622,python (3551),Command Buffer 0,10890405416,1017834
623,python (3551),Command Buffer 0,10891509708,43000
624,python (3551),Compute Command 0,10891511875,38458
625,python (3551),Command Buffer 0,10891554791,47000
626,python (3551),Compute Command 0,10891557125,42041
627,python (3551),Command Buffer 0,10891602666,26125
628,python (3551),Compute Command 0,10891604416,20459
629,python (3551),Command Buffer 0,10891631166,756417
630,python (3551),Command Buffer 0,10892471625,39125
631,python (3551),Compute Command 0,10892473666,34709
632,python (3551),Command Buffer 0,10892514541,46500
633,python (3551),Compute Command 0,10892516791,41750
634,python (3551),Command Buffer 0,10892561875,27291
635,python (3551),Compute Command 0,10892563666,23292
636,python (3551),Command Buffer 0,10892590000,750791
637,python (3551),Command Buffer 0,10893431416,53084
638,python (3551),Compute Command 0,10893434166,47167
639,python (3551),Command Buffer 0,10893486750,55041
640,python (3551),Compute Command 0,10893498833,40208
641,python (3551),Command Buffer 0,10893544250,25250
642,python (3551),Compute Command 0,10893546250,20875
643,python (3551),Command Buffer 0,10893570416,746834
644,python (3551),Command Buffer 0,10894411500,47000
645,python (3551),Compute Command 0,10894414000,41750
646,python (3551),Command Buffer 0,10894464083,42083
647,python (3551),Compute Command 0,10894466000,37625
648,python (3551),Command Buffer 0,10894507083,26917
649,python (3551),Compute Command 0,10894508916,22834
650,python (3551),Command Buffer 0,10894534916,748750
651,python (3551),Command Buffer 0,10895376958,47667
652,python (3551),Compute Command 0,10895379250,42541
653,python (3551),Command Buffer 0,10895430041,42375
654,python (3551),Compute Command 0,10895431875,38000
655,python (3551),Command Buffer 0,10895473250,27458
656,python (3551),Compute Command 0,10895475000,23416
657,python (3551),Command Buffer 0,10895501583,758333
658,python (3551),Command Buffer 0,10896350583,48500
659,python (3551),Compute Command 0,10896353166,43125
660,python (3551),Command Buffer 0,10896404708,42417
661,python (3551),Compute Command 0,10896406583,38042
662,python (3551),Command Buffer 0,10896447958,27792
663,python (3551),Compute Command 0,10896449708,23875
664,python (3551),Command Buffer 0,10896476666,1188792
665,python (3551),Command Buffer 0,10897757791,47209
666,python (3551),Compute Command 0,10897760500,41500
667,python (3551),Command Buffer 0,10897807125,46041
668,python (3551),Compute Command 0,10897808916,41209
669,python (3551),Command Buffer 0,10897855375,27250
670,python (3551),Compute Command 0,10897857666,22750
671,python (3551),Command Buffer 0,10897883416,1022459
672,python (3551),Command Buffer 0,10899003625,40375
673,python (3551),Compute Command 0,10899005916,35750
674,python (3551),Command Buffer 0,10899046125,49916
675,python (3551),Compute Command 0,10899048333,44792
676,python (3551),Command Buffer 0,10899098541,27584
677,python (3551),Compute Command 0,10899100333,23583
678,python (3551),Command Buffer 0,10899127041,1033834
679,python (3551),Command Buffer 0,10900251458,42167
680,python (3551),Compute Command 0,10900253708,37417
681,python (3551),Command Buffer 0,10900296000,48125
682,python (3551),Compute Command 0,10900298333,43167
683,python (3551),Command Buffer 0,10900345041,28917
684,python (3551),Compute Command 0,10900346833,24250
685,python (3551),Command Buffer 0,10900374958,1364083
686,python (3551),Command Buffer 0,10901859041,54125
687,python (3551),Compute Command 0,10901861791,47917
688,python (3551),Command Buffer 0,10901916083,44875
689,python (3551),Compute Command 0,10901918166,40250
690,python (3551),Command Buffer 0,10901961791,28334
691,python (3551),Compute Command 0,10901963541,23792
692,python (3551),Command Buffer 0,10901991208,1010125
693,python (3551),Command Buffer 0,10903113000,55250
694,python (3551),Compute Command 0,10903117625,46250
695,python (3551),Command Buffer 0,10903171916,53459
696,python (3551),Compute Command 0,10903174750,47333
697,python (3551),Command Buffer 0,10903227916,27834
698,python (3551),Compute Command 0,10903229750,22916
699,python (3551),Command Buffer 0,10903257250,943250
700,python (3551),Command Buffer 0,10904295083,42583
701,python (3551),Compute Command 0,10904297333,37708
702,python (3551),Command Buffer 0,10904343166,52959
703,python (3551),Compute Command 0,10904345541,48125
704,python (3551),Command Buffer 0,10904396958,24667
705,python (3551),Compute Command 0,10904398708,20708
706,python (3551),Command Buffer 0,10904423208,982667
707,python (3551),Command Buffer 0,10905495208,44458
708,python (3551),Compute Command 0,10905497625,39208
709,python (3551),Command Buffer 0,10905542333,45333
710,python (3551),Compute Command 0,10905544208,41000
711,python (3551),Command Buffer 0,10905588541,26792
712,python (3551),Compute Command 0,10905590250,22875
713,python (3551),Command Buffer 0,10905616125,1055166
714,python (3551),Command Buffer 0,10906757875,49666
715,python (3551),Compute Command 0,10906761208,42583
716,python (3551),Command Buffer 0,10906810458,48458
717,python (3551),Compute Command 0,10906812875,43458
718,python (3551),Command Buffer 0,10906859833,28333
719,python (3551),Compute Command 0,10906861583,24292
720,python (3551),Command Buffer 0,10906889083,1396708
721,python (3551),Command Buffer 0,10908380875,42500
722,python (3551),Compute Command 0,10908382916,38209
723,python (3551),Command Buffer 0,10908428041,43334
724,python (3551),Compute Command 0,10908430000,38333
725,python (3551),Command Buffer 0,10908472416,26042
726,python (3551),Compute Command 0,10908474583,21750
727,python (3551),Command Buffer 0,10908499250,1119416
728,python (3551),Command Buffer 0,10909712375,43458
729,python (3551),Compute Command 0,10909714791,37959
730,python (3551),Command Buffer 0,10909758416,43917
731,python (3551),Compute Command 0,10909760583,38292
732,python (3551),Command Buffer 0,10909804583,31208
733,python (3551),Compute Command 0,10909807041,25750
734,python (3551),Command Buffer 0,10909837791,962084
735,python (3551),Command Buffer 0,10910895000,52208
736,python (3551),Compute Command 0,10910897583,46375
737,python (3551),Command Buffer 0,10910950208,50375
738,python (3551),Compute Command 0,10910952750,45000
739,python (3551),Command Buffer 0,10911002333,28333
740,python (3551),Compute Command 0,10911004416,23250
741,python (3551),Command Buffer 0,10911034333,1069917
742,python (3551),Command Buffer 0,10912204416,50209
743,python (3551),Compute Command 0,10912207250,44166
744,python (3551),Command Buffer 0,10912261041,43167
745,python (3551),Compute Command 0,10912263416,38250
746,python (3551),Command Buffer 0,10912305041,31000
747,python (3551),Compute Command 0,10912306541,26209
748,python (3551),Command Buffer 0,10912338208,1077250
749,python (3551),Command Buffer 0,10913509791,43209
750,python (3551),Compute Command 0,10913511958,38375
751,python (3551),Command Buffer 0,10913555291,47334
752,python (3551),Compute Command 0,10913557125,42375
753,python (3551),Command Buffer 0,10913605375,30208
754,python (3551),Compute Command 0,10913607625,25166
755,python (3551),Command Buffer 0,10913636583,1022667
756,python (3551),Command Buffer 0,10914750625,56000
757,python (3551),Compute Command 0,10914753333,50667
758,python (3551),Command Buffer 0,10914808833,52292
759,python (3551),Compute Command 0,10914811166,47500
760,python (3551),Command Buffer 0,10914863125,36416
761,python (3551),Compute Command 0,10914865291,31250
762,python (3551),Command Buffer 0,10914902208,1260792
763,python (3551),Command Buffer 0,10916251875,43125
764,python (3551),Compute Command 0,10916253833,37833
765,python (3551),Command Buffer 0,10916298041,47084
766,python (3551),Compute Command 0,10916300375,42166
767,python (3551),Command Buffer 0,10916347333,27500
768,python (3551),Compute Command 0,10916349166,23459
769,python (3551),Command Buffer 0,10916376750,1034458
770,python (3551),Command Buffer 0,10917498416,39250
771,python (3551),Compute Command 0,10917500416,34959
772,python (3551),Command Buffer 0,10917540083,47667
773,python (3551),Compute Command 0,10917542375,42916
774,python (3551),Command Buffer 0,10917590250,29583
775,python (3551),Compute Command 0,10917592458,24750
776,python (3551),Command Buffer 0,10917621166,1033209
777,python (3551),Command Buffer 0,10918752625,53583
778,python (3551),Compute Command 0,10918755416,47250
779,python (3551),Command Buffer 0,10918813708,50375
780,python (3551),Compute Command 0,10918816375,44916
781,python (3551),Command Buffer 0,10918865083,27917
782,python (3551),Compute Command 0,10918867083,23083
783,python (3551),Command Buffer 0,10918894666,961709
784,python (3551),Command Buffer 0,10919967583,63958
785,python (3551),Compute Command 0,10919972250,54791
786,python (3551),Command Buffer 0,10920035083,46708
787,python (3551),Compute Command 0,10920037166,41959
788,python (3551),Command Buffer 0,10920082791,27875
789,python (3551),Compute Command 0,10920084875,23166
790,python (3551),Command Buffer 0,10920111625,952416
791,python (3551),Command Buffer 0,10921170541,57959
792,python (3551),Compute Command 0,10921174541,50292
793,python (3551),Command Buffer 0,10921231541,49000
794,python (3551),Compute Command 0,10921233875,43833
795,python (3551),Command Buffer 0,10921281916,65875
796,python (3551),Compute Command 0,10921283791,47542
797,python (3551),Command Buffer 0,10921355083,1021917
798,python (3551),Command Buffer 0,10922491458,52958
799,python (3551),Compute Command 0,10922494666,46667
800,python (3551),Command Buffer 0,10922547291,46167
801,python (3551),Compute Command 0,10922549125,41791
802,python (3551),Command Buffer 0,10922595041,26917
803,python (3551),Compute Command 0,10922596958,22333
804,python (3551),Command Buffer 0,10922624166,1136875
805,python (3551),Command Buffer 0,10923886375,58291
806,python (3551),Compute Command 0,10923892000,49291
807,python (3551),Command Buffer 0,10923947125,47625
808,python (3551),Compute Command 0,10923949208,42875
809,python (3551),Command Buffer 0,10923997166,27292
810,python (3551),Compute Command 0,10923999166,22750
811,python (3551),Command Buffer 0,10924025500,1261833
812,python (3551),Command Buffer 0,10925402250,62333
813,python (3551),Compute Command 0,10925406875,53416
814,python (3551),Command Buffer 0,10925467458,50125
815,python (3551),Compute Command 0,10925469625,44833
816,python (3551),Command Buffer 0,10925518625,28875
817,python (3551),Compute Command 0,10925520583,23958
818,python (3551),Command Buffer 0,10925549833,1072833
819,python (3551),Command Buffer 0,10926707958,51042
820,python (3551),Compute Command 0,10926710583,45292
821,python (3551),Command Buffer 0,10926761333,45792
822,python (3551),Compute Command 0,10926763375,41000
823,python (3551),Command Buffer 0,10926809041,25875
824,python (3551),Compute Command 0,10926810875,21541
825,python (3551),Command Buffer 0,10926836375,988916
826,python (3551),Command Buffer 0,10927913125,51083
827,python (3551),Compute Command 0,10927915833,45458
828,python (3551),Command Buffer 0,10927969791,43584
829,python (3551),Compute Command 0,10927971666,39084
830,python (3551),Command Buffer 0,10928014250,25791
831,python (3551),Compute Command 0,10928016000,21666
832,python (3551),Command Buffer 0,10928040916,985625
833,python (3551),Command Buffer 0,10929115541,50667
834,python (3551),Compute Command 0,10929118208,44833
835,python (3551),Command Buffer 0,10929169000,42583
836,python (3551),Compute Command 0,10929170916,38000
837,python (3551),Command Buffer 0,10929212458,24167
838,python (3551),Compute Command 0,10929214250,19916
839,python (3551),Command Buffer 0,10929237416,968209
840,python (3551),Command Buffer 0,10930297541,45292
841,python (3551),Compute Command 0,10930299666,40584
842,python (3551),Command Buffer 0,10930345208,43750
843,python (3551),Compute Command 0,10930347125,39208
844,python (3551),Command Buffer 0,10930391333,28458
845,python (3551),Compute Command 0,10930393166,24375
846,python (3551),Command Buffer 0,10930422208,1032958
847,python (3551),Command Buffer 0,10931547833,54417
848,python (3551),Compute Command 0,10931550958,47375
849,python (3551),Command Buffer 0,10931605458,46125
850,python (3551),Compute Command 0,10931607458,41167
851,python (3551),Command Buffer 0,10931653833,29708
852,python (3551),Compute Command 0,10931655750,25166
853,python (3551),Command Buffer 0,10931685833,1020500
854,python (3551),Command Buffer 0,10932798500,48125
855,python (3551),Compute Command 0,10932800750,43041
856,python (3551),Command Buffer 0,10932849125,44458
857,python (3551),Compute Command 0,10932850875,40166
858,python (3551),Command Buffer 0,10932895750,26083
859,python (3551),Compute Command 0,10932897541,21959
860,python (3551),Command Buffer 0,10932924083,1238042
861,python (3551),Command Buffer 0,10934243583,47458
862,python (3551),Compute Command 0,10934246083,42208
863,python (3551),Command Buffer 0,10934294000,44125
864,python (3551),Compute Command 0,10934295833,39792
865,python (3551),Command Buffer 0,10934339083,25292
866,python (3551),Compute Command 0,10934340791,20750
867,python (3551),Command Buffer 0,10934365208,1043167
868,python (3551),Command Buffer 0,10935497833,48458
869,python (3551),Compute Command 0,10935500500,43083
870,python (3551),Command Buffer 0,10935549041,45125
871,python (3551),Compute Command 0,10935550958,40667
872,python (3551),Command Buffer 0,10935596333,25542
873,python (3551),Compute Command 0,10935598250,21375
874,python (3551),Command Buffer 0,10935624041,955167
875,python (3551),Command Buffer 0,10936664916,51917
876,python (3551),Compute Command 0,10936669708,44125
877,python (3551),Command Buffer 0,10936719416,45125
878,python (3551),Compute Command 0,10936721291,40625
879,python (3551),Command Buffer 0,10936766708,26042
880,python (3551),Compute Command 0,10936768500,21750
881,python (3551),Command Buffer 0,10936795041,928500
882,python (3551),Command Buffer 0,10937809458,44792
883,python (3551),Compute Command 0,10937812000,39541
884,python (3551),Command Buffer 0,10937857041,42834
885,python (3551),Compute Command 0,10937858875,38541
886,python (3551),Command Buffer 0,10937902041,24584
887,python (3551),Compute Command 0,10937903750,20666
888,python (3551),Command Buffer 0,10937928750,988916
889,python (3551),Command Buffer 0,10939078208,67833
890,python (3551),Compute Command 0,10939082333,60417
891,python (3551),Command Buffer 0,10939148500,80625
892,python (3551),Compute Command 0,10939150750,74000
893,python (3551),Command Buffer 0,10939231125,33375
894,python (3551),Compute Command 0,10939234083,27625
895,python (3551),Command Buffer 0,10940376666,53125
896,python (3551),Compute Command 0,10940379458,47000
897,python (3551),Command Buffer 0,10940432541,47375
898,python (3551),Compute Command 0,10940434583,42708
899,python (3551),Command Buffer 0,10940482125,27833
900,python (3551),Compute Command 0,10940483958,23125
901,python (3551),Command Buffer 0,10940513000,1123250
902,python (3551),Command Buffer 0,10941737416,50334
903,python (3551),Compute Command 0,10941740083,44500
904,python (3551),Command Buffer 0,10941790375,49208
905,python (3551),Compute Command 0,10941792291,44084
906,python (3551),Command Buffer 0,10941840750,30458
907,python (3551),Compute Command 0,10941842625,26250
908,python (3551),Command Buffer 0,10941872208,1056958
909,python (3551),Command Buffer 0,10943022791,39834
910,python (3551),Compute Command 0,10943024708,35500
911,python (3551),Command Buffer 0,10943064708,46708
912,python (3551),Compute Command 0,10943066958,42042
913,python (3551),Command Buffer 0,10943112250,24416
914,python (3551),Compute Command 0,10943113916,20584
915,python (3551),Command Buffer 0,10943137541,1056417
916,python (3551),Command Buffer 0,10944304583,62958
917,python (3551),Compute Command 0,10944308083,54958
918,python (3551),Command Buffer 0,10944370458,49542
919,python (3551),Compute Command 0,10944373000,43791
920,python (3551),Command Buffer 0,10944420916,30417
921,python (3551),Compute Command 0,10944422750,26083
922,python (3551),Command Buffer 0,10944452333,949500
923,python (3551),Command Buffer 0,10945515250,47250
924,python (3551),Compute Command 0,10945518291,41000
925,python (3551),Command Buffer 0,10945566958,49917
926,python (3551),Compute Command 0,10945569458,44500
927,python (3551),Command Buffer 0,10945617916,26167
928,python (3551),Compute Command 0,10945619708,21792
929,python (3551),Command Buffer 0,10945645166,1066167
930,python (3551),Command Buffer 0,10946807000,40041
931,python (3551),Compute Command 0,10946809041,35542
932,python (3551),Command Buffer 0,10946849625,46458
933,python (3551),Compute Command 0,10946851791,41750
934,python (3551),Command Buffer 0,10946896916,23667
935,python (3551),Compute Command 0,10946898625,19875
936,python (3551),Command Buffer 0,10946921458,1048167
937,python (3551),Command Buffer 0,10948066666,45209
938,python (3551),Compute Command 0,10948069000,40125
939,python (3551),Command Buffer 0,10948114625,44000
940,python (3551),Compute Command 0,10948116500,39541
941,python (3551),Command Buffer 0,10948159500,30333
942,python (3551),Compute Command 0,10948161208,25750
943,python (3551),Command Buffer 0,10948190916,1387125
944,python (3551),Command Buffer 0,10949676333,44417
945,python (3551),Compute Command 0,10949678583,36917
946,python (3551),Command Buffer 0,10949723500,47333
947,python (3551),Compute Command 0,10949725708,42583
948,python (3551),Command Buffer 0,10949771625,24625
949,python (3551),Compute Command 0,10949773291,20750
950,python (3551),Command Buffer 0,10949797083,1057000
951,python (3551),Command Buffer 0,10950939250,42583
952,python (3551),Compute Command 0,10950941083,38458
953,python (3551),Command Buffer 0,10950983583,45917
954,python (3551),Compute Command 0,10950985750,41375
955,python (3551),Command Buffer 0,10951030333,23375
956,python (3551),Compute Command 0,10951032000,19583
957,python (3551),Command Buffer 0,10951054541,1058167
958,python (3551),Command Buffer 0,10952202291,50167
959,python (3551),Compute Command 0,10952204791,44584
960,python (3551),Command Buffer 0,10952255083,52875
961,python (3551),Compute Command 0,10952257583,41083
962,python (3551),Command Buffer 0,10952310208,26750
963,python (3551),Compute Command 0,10952312625,22125
964,python (3551),Command Buffer 0,10952337833,1028167
965,python (3551),Command Buffer 0,10953463291,46667
966,python (3551),Compute Command 0,10953465625,41583
967,python (3551),Command Buffer 0,10953512416,49209
968,python (3551),Compute Command 0,10953514375,43708
969,python (3551),Command Buffer 0,10953564250,29000
970,python (3551),Compute Command 0,10953566625,23625
971,python (3551),Command Buffer 0,10953595416,925834
972,python (3551),Command Buffer 0,10954620250,47875
973,python (3551),Compute Command 0,10954622666,42584
974,python (3551),Command Buffer 0,10954670416,43042
975,python (3551),Compute Command 0,10954672333,38500
976,python (3551),Command Buffer 0,10954714625,30791
977,python (3551),Compute Command 0,10954716916,25417
978,python (3551),Command Buffer 0,10954748000,1001583
979,python (3551),Command Buffer 0,10955838958,47333
980,python (3551),Compute Command 0,10955841541,41542
981,python (3551),Command Buffer 0,10955889208,45083
982,python (3551),Compute Command 0,10955891166,39875
983,python (3551),Command Buffer 0,10955936583,27833
984,python (3551),Compute Command 0,10955939041,22334
985,python (3551),Command Buffer 0,10955966625,1026625
986,python (3551),Command Buffer 0,10957090708,43583
987,python (3551),Compute Command 0,10957093041,38750
988,python (3551),Command Buffer 0,10957136333,41958
989,python (3551),Compute Command 0,10957138208,37292
990,python (3551),Command Buffer 0,10957180083,30125
991,python (3551),Compute Command 0,10957182333,24917
992,python (3551),Command Buffer 0,10957212666,1039292
993,python (3551),Command Buffer 0,10958339125,44750
994,python (3551),Compute Command 0,10958341375,39916
995,python (3551),Command Buffer 0,10958386458,48542
996,python (3551),Compute Command 0,10958388708,43167
997,python (3551),Command Buffer 0,10958437166,26625
998,python (3551),Compute Command 0,10958439375,22291
999,python (3551),Command Buffer 0,10958464708,1876792
1000,python (3551),Command Buffer 0,10960459875,54875
1001,python (3551),Compute Command 0,10960463250,48291
1002,python (3551),Command Buffer 0,10960517666,49209
1003,python (3551),Compute Command 0,10960520041,44250
1004,python (3551),Command Buffer 0,10960567875,28416
1005,python (3551),Compute Command 0,10960569708,24292
1006,python (3551),Command Buffer 0,10960597375,1054791
1007,python (3551),Command Buffer 0,10961760750,44708
1008,python (3551),Compute Command 0,10961763458,39125
1009,python (3551),Command Buffer 0,10961807708,48708
1010,python (3551),Compute Command 0,10961810000,43750
1011,python (3551),Command Buffer 0,10961857291,25500
1012,python (3551),Compute Command 0,10961859041,21375
1013,python (3551),Command Buffer 0,10961884541,952250
1014,python (3551),Command Buffer 0,10962921541,40125
1015,python (3551),Compute Command 0,10962923541,35584
1016,python (3551),Command Buffer 0,10962967125,45875
1017,python (3551),Compute Command 0,10962969375,41125
1018,python (3551),Command Buffer 0,10963013833,23583
1019,python (3551),Compute Command 0,10963015500,19750
1020,python (3551),Command Buffer 0,10963038208,1009208
1021,python (3551),Command Buffer 0,10964139583,40417
1022,python (3551),Compute Command 0,10964141416,36292
1023,python (3551),Command Buffer 0,10964181791,46292
1024,python (3551),Compute Command 0,10964183958,41583
1025,python (3551),Command Buffer 0,10964228916,29250
1026,python (3551),Compute Command 0,10964230916,24667
1027,python (3551),Command Buffer 0,10964259166,1019959
1028,python (3551),Command Buffer 0,10965369625,41666
1029,python (3551),Compute Command 0,10965371458,37417
1030,python (3551),Command Buffer 0,10965413541,47917
1031,python (3551),Compute Command 0,10965415708,43333
1032,python (3551),Command Buffer 0,10965463333,29125
1033,python (3551),Compute Command 0,10965465583,24208
1034,python (3551),Command Buffer 0,10965493458,1029500
1035,python (3551),Command Buffer 0,10966608750,38375
1036,python (3551),Compute Command 0,10966610583,34042
1037,python (3551),Command Buffer 0,10966649458,46000
1038,python (3551),Compute Command 0,10966651625,41375
1039,python (3551),Command Buffer 0,10966697750,23625
1040,python (3551),Compute Command 0,10966699416,19792
1041,python (3551),Command Buffer 0,10966724083,1434792
1042,python (3551),Command Buffer 0,10968270833,51667
1043,python (3551),Compute Command 0,10968273083,46250
1044,python (3551),Command Buffer 0,10968325666,52584
1045,python (3551),Compute Command 0,10968328000,47708
1046,python (3551),Command Buffer 0,10968379166,24417
1047,python (3551),Compute Command 0,10968380958,20458
1048,python (3551),Command Buffer 0,10968404416,1061792
1049,python (3551),Command Buffer 0,10969559500,46166
1050,python (3551),Compute Command 0,10969562125,40583
1051,python (3551),Command Buffer 0,10969608333,48625
1052,python (3551),Compute Command 0,10969610708,43667
1053,python (3551),Command Buffer 0,10969658000,26000
1054,python (3551),Compute Command 0,10969659875,21666
1055,python (3551),Command Buffer 0,10969685791,1023625
1056,python (3551),Command Buffer 0,10970804666,49167
1057,python (3551),Compute Command 0,10970807625,42375
1058,python (3551),Command Buffer 0,10970857291,50875
1059,python (3551),Compute Command 0,10970859875,45208
1060,python (3551),Command Buffer 0,10970909125,26208
1061,python (3551),Compute Command 0,10970911041,21584
1062,python (3551),Command Buffer 0,10970937875,959750
1063,python (3551),Command Buffer 0,10971982375,39333
1064,python (3551),Compute Command 0,10971984208,34375
1065,python (3551),Command Buffer 0,10972024375,44375
1066,python (3551),Compute Command 0,10972026750,39416
1067,python (3551),Command Buffer 0,10972069625,27625
1068,python (3551),Compute Command 0,10972071333,23583
1069,python (3551),Command Buffer 0,10972098125,1045500
1070,python (3551),Command Buffer 0,10973232250,45125
1071,python (3551),Compute Command 0,10973234666,39834
1072,python (3551),Command Buffer 0,10973279708,45417
1073,python (3551),Compute Command 0,10973281791,39875
1074,python (3551),Command Buffer 0,10973327750,31958
1075,python (3551),Compute Command 0,10973330208,26542
1076,python (3551),Command Buffer 0,10973360833,1269667
1077,python (3551),Command Buffer 0,10974725166,59834
1078,python (3551),Compute Command 0,10974728125,53250
1079,python (3551),Command Buffer 0,10974787750,50375
1080,python (3551),Compute Command 0,10974790458,44625
1081,python (3551),Command Buffer 0,10974839166,26000
1082,python (3551),Compute Command 0,10974840916,21625
1083,python (3551),Command Buffer 0,10974867708,1039667
1084,python (3551),Command Buffer 0,10976005375,38666
1085,python (3551),Compute Command 0,10976007333,34417
1086,python (3551),Command Buffer 0,10976049458,45750
1087,python (3551),Compute Command 0,10976051666,41042
1088,python (3551),Command Buffer 0,10976096041,23334
1089,python (3551),Compute Command 0,10976097750,19583
1090,python (3551),Command Buffer 0,10976120250,1053541
1091,python (3551),Command Buffer 0,10977264041,45834
1092,python (3551),Compute Command 0,10977266166,41084
1093,python (3551),Command Buffer 0,10977312500,45125
1094,python (3551),Compute Command 0,10977314333,40750
1095,python (3551),Command Buffer 0,10977358458,25125
1096,python (3551),Compute Command 0,10977360291,20709
1097,python (3551),Command Buffer 0,10977384666,1055417
1098,python (3551),Command Buffer 0,10978531666,42625
1099,python (3551),Compute Command 0,10978533708,38000
1100,python (3551),Command Buffer 0,10978579125,48125
1101,python (3551),Compute Command 0,10978581416,43292
1102,python (3551),Command Buffer 0,10978628083,25292
1103,python (3551),Compute Command 0,10978629916,21167
1104,python (3551),Command Buffer 0,10978654166,1005959
1105,python (3551),Command Buffer 0,10979750375,40458
1106,python (3551),Compute Command 0,10979752208,36375
1107,python (3551),Command Buffer 0,10979792916,45375
1108,python (3551),Compute Command 0,10979795125,40708
1109,python (3551),Command Buffer 0,10979840666,26500
1110,python (3551),Compute Command 0,10979842416,22459
1111,python (3551),Command Buffer 0,10979868125,1202250
1112,python (3551),Command Buffer 0,10981158458,43625
1113,python (3551),Compute Command 0,10981160666,38875
1114,python (3551),Command Buffer 0,10981204375,43291
1115,python (3551),Compute Command 0,10981206250,38333
1116,python (3551),Command Buffer 0,10981249583,28542
1117,python (3551),Compute Command 0,10981251916,23417
1118,python (3551),Command Buffer 0,10981280416,1218542
1119,python (3551),Command Buffer 0,10982593041,42417
1120,python (3551),Compute Command 0,10982595458,37333
1121,python (3551),Command Buffer 0,10982637916,47584
1122,python (3551),Compute Command 0,10982640333,42500
1123,python (3551),Command Buffer 0,10982687791,29834
1124,python (3551),Compute Command 0,10982690166,25000
1125,python (3551),Command Buffer 0,10982719083,1036333
1126,python (3551),Command Buffer 0,10983838333,54125
1127,python (3551),Compute Command 0,10983841333,48125
1128,python (3551),Command Buffer 0,10983894916,42084
1129,python (3551),Compute Command 0,10983896833,37083
1130,python (3551),Command Buffer 0,10983939166,29292
1131,python (3551),Compute Command 0,10983941375,24166
1132,python (3551),Command Buffer 0,10983970458,1047125
1133,python (3551),Command Buffer 0,10985113166,48875
1134,python (3551),Compute Command 0,10985115500,43291
1135,python (3551),Command Buffer 0,10985164750,59250
1136,python (3551),Compute Command 0,10985166875,53666
1137,python (3551),Command Buffer 0,10985226666,24709
1138,python (3551),Compute Command 0,10985228958,20083
1139,python (3551),Command Buffer 0,10985252250,1034541
1140,python (3551),Command Buffer 0,10986377500,43166
1141,python (3551),Compute Command 0,10986379666,38500
1142,python (3551),Command Buffer 0,10986423125,47541
1143,python (3551),Compute Command 0,10986425250,42875
1144,python (3551),Command Buffer 0,10986471500,23625
1145,python (3551),Compute Command 0,10986473166,19792
1146,python (3551),Command Buffer 0,10986495958,1062875
1147,python (3551),Command Buffer 0,10987662583,46375
1148,python (3551),Compute Command 0,10987665125,41208
1149,python (3551),Command Buffer 0,10987711708,46417
1150,python (3551),Compute Command 0,10987713958,41542
1151,python (3551),Command Buffer 0,10987759000,24166
1152,python (3551),Compute Command 0,10987760708,20167
1153,python (3551),Command Buffer 0,10987784083,1054292
1154,python (3551),Command Buffer 0,10988931708,39917
1155,python (3551),Compute Command 0,10988933625,35708
1156,python (3551),Command Buffer 0,10988973958,46000
1157,python (3551),Compute Command 0,10988976166,41000
1158,python (3551),Command Buffer 0,10989022625,23708
1159,python (3551),Compute Command 0,10989024416,19709
1160,python (3551),Command Buffer 0,10989047833,1026958
1161,python (3551),Command Buffer 0,10990167333,38250
1162,python (3551),Compute Command 0,10990169125,34291
1163,python (3551),Command Buffer 0,10990207750,45875
1164,python (3551),Compute Command 0,10990209916,41334
1165,python (3551),Command Buffer 0,10990255458,28750
1166,python (3551),Compute Command 0,10990257541,24042
1167,python (3551),Command Buffer 0,10991441625,46208
1168,python (3551),Compute Command 0,10991443541,42000
1169,python (3551),Command Buffer 0,10991490291,46084
1170,python (3551),Compute Command 0,10991492458,41417
1171,python (3551),Command Buffer 0,10991537166,23625
1172,python (3551),Compute Command 0,10991538833,19792
1173,python (3551),Command Buffer 0,10991561583,1198792
1174,python (3551),Command Buffer 0,10992841083,41375
1175,python (3551),Compute Command 0,10992843083,36917
1176,python (3551),Command Buffer 0,10992884666,44125
1177,python (3551),Compute Command 0,10992886916,39375
1178,python (3551),Command Buffer 0,10992929583,23833
1179,python (3551),Compute Command 0,10992931333,19917
1180,python (3551),Command Buffer 0,10992954875,1056333
1181,python (3551),Command Buffer 0,10994104333,43500
1182,python (3551),Compute Command 0,10994106500,38750
1183,python (3551),Command Buffer 0,10994153041,45917
1184,python (3551),Compute Command 0,10994155333,41042
1185,python (3551),Command Buffer 0,10994199833,23542
1186,python (3551),Compute Command 0,10994201541,19625
1187,python (3551),Command Buffer 0,10994224166,1054417
1188,python (3551),Command Buffer 0,10995363833,42000
1189,python (3551),Compute Command 0,10995365750,37541
1190,python (3551),Command Buffer 0,10995408375,48833
1191,python (3551),Compute Command 0,10995410541,44167
1192,python (3551),Command Buffer 0,10995458041,23834
1193,python (3551),Compute Command 0,10995459791,19959
1194,python (3551),Command Buffer 0,10995482666,1213709
1195,python (3551),Command Buffer 0,10996788583,41583
1196,python (3551),Compute Command 0,10996790708,36958
1197,python (3551),Command Buffer 0,10996832833,42958
1198,python (3551),Compute Command 0,10996835083,38250
1199,python (3551),Command Buffer 0,10996876583,26583
1200,python (3551),Compute Command 0,10996878250,22750
1201,python (3551),Command Buffer 0,10996904041,1048834
1202,python (3551),Command Buffer 0,10998036416,36959
1203,python (3551),Compute Command 0,10998038208,32958
1204,python (3551),Command Buffer 0,10998075333,47250
1205,python (3551),Compute Command 0,10998077500,42666
1206,python (3551),Command Buffer 0,10998124375,31083
1207,python (3551),Compute Command 0,10998126458,26417
1208,python (3551),Command Buffer 0,10998158666,1025792
1209,python (3551),Command Buffer 0,10999262625,42208
1210,python (3551),Compute Command 0,10999264666,37667
1211,python (3551),Command Buffer 0,10999307041,43209
1212,python (3551),Compute Command 0,10999309208,38542
1213,python (3551),Command Buffer 0,10999352541,24250
1214,python (3551),Compute Command 0,10999354250,20416
1215,python (3551),Command Buffer 0,10999378291,1208125
1216,python (3551),Command Buffer 0,11000669416,48625
1217,python (3551),Compute Command 0,11000671208,43708
1218,python (3551),Command Buffer 0,11000723583,47333
1219,python (3551),Compute Command 0,11000725958,42500
1220,python (3551),Command Buffer 0,11000771708,23708
1221,python (3551),Compute Command 0,11000773375,19958
1222,python (3551),Command Buffer 0,11000797000,1054416
1223,python (3551),Command Buffer 0,11001937541,38834
1224,python (3551),Compute Command 0,11001939416,34625
1225,python (3551),Command Buffer 0,11001981291,45542
1226,python (3551),Compute Command 0,11001983416,40917
1227,python (3551),Command Buffer 0,11002027625,23500
1228,python (3551),Compute Command 0,11002029291,19750
1229,python (3551),Command Buffer 0,11002051958,1055750
1230,python (3551),Command Buffer 0,11003195041,37542
1231,python (3551),Compute Command 0,11003196958,33333
1232,python (3551),Command Buffer 0,11003237291,45417
1233,python (3551),Compute Command 0,11003239458,40792
1234,python (3551),Command Buffer 0,11003283583,23250
1235,python (3551),Compute Command 0,11003285291,19459
1236,python (3551),Command Buffer 0,11003307625,1096250
1237,python (3551),Command Buffer 0,11004495166,38417
1238,python (3551),Compute Command 0,11004497041,34334
1239,python (3551),Command Buffer 0,11004538916,40334
1240,python (3551),Compute Command 0,11004540958,36125
1241,python (3551),Command Buffer 0,11004580000,26750
1242,python (3551),Compute Command 0,11004581458,22708
1243,python (3551),Command Buffer 0,11004607750,1061750
1244,python (3551),Command Buffer 0,11005755125,47083
1245,python (3551),Compute Command 0,11005757291,42084
1246,python (3551),Command Buffer 0,11005804333,45333
1247,python (3551),Compute Command 0,11005806083,41167
1248,python (3551),Command Buffer 0,11005850458,26042
1249,python (3551),Compute Command 0,11005852166,22209
1250,python (3551),Command Buffer 0,11005877416,1070542
1251,python (3551),Command Buffer 0,11007034708,38250
1252,python (3551),Compute Command 0,11007036708,34000
1253,python (3551),Command Buffer 0,11007075250,42458
1254,python (3551),Compute Command 0,11007077333,37000
1255,python (3551),Command Buffer 0,11007119958,29417
1256,python (3551),Compute Command 0,11007122166,24500
1257,python (3551),Command Buffer 0,11007151041,1329625
1258,python (3551),Command Buffer 0,11008580000,52458
1259,python (3551),Compute Command 0,11008582166,46875
1260,python (3551),Command Buffer 0,11008635083,50292
1261,python (3551),Compute Command 0,11008637250,45208
1262,python (3551),Command Buffer 0,11008687750,28666
1263,python (3551),Compute Command 0,11008689916,23667
1264,python (3551),Command Buffer 0,11008718208,1067625
1265,python (3551),Command Buffer 0,11009878750,52833
1266,python (3551),Compute Command 0,11009880791,47959
1267,python (3551),Command Buffer 0,11009934083,49375
1268,python (3551),Compute Command 0,11009936333,44583
1269,python (3551),Command Buffer 0,11009985583,26750
1270,python (3551),Compute Command 0,11009987458,22625
1271,python (3551),Command Buffer 0,11010015041,1046792
1272,python (3551),Command Buffer 0,11011161166,45125
1273,python (3551),Compute Command 0,11011163375,40500
1274,python (3551),Command Buffer 0,11011208166,47542
1275,python (3551),Compute Command 0,11011210291,42959
1276,python (3551),Command Buffer 0,11011256666,26792
1277,python (3551),Compute Command 0,11011260583,20833
1278,python (3551),Command Buffer 0,11011284458,1051042
1279,python (3551),Command Buffer 0,11012437416,47125
1280,python (3551),Compute Command 0,11012440041,41250
1281,python (3551),Command Buffer 0,11012487916,51917
1282,python (3551),Compute Command 0,11012490333,46208
1283,python (3551),Command Buffer 0,11012541500,26083
1284,python (3551),Compute Command 0,11012543375,21708
1285,python (3551),Command Buffer 0,11012569291,1000334
1286,python (3551),Command Buffer 0,11013651083,42542
1287,python (3551),Compute Command 0,11013653041,37459
1288,python (3551),Command Buffer 0,11013696166,43334
1289,python (3551),Compute Command 0,11013698375,38666
1290,python (3551),Command Buffer 0,11013740375,27041
1291,python (3551),Compute Command 0,11013742041,23250
1292,python (3551),Command Buffer 0,11013768208,1043542
1293,python (3551),Command Buffer 0,11014911708,49667
1294,python (3551),Compute Command 0,11014914750,43791
1295,python (3551),Command Buffer 0,11014963625,45916
1296,python (3551),Compute Command 0,11014965916,41209
1297,python (3551),Command Buffer 0,11015010375,28083
1298,python (3551),Compute Command 0,11015012125,24000
1299,python (3551),Command Buffer 0,11015039500,1443625
1300,python (3551),Command Buffer 0,11016583625,54291
1301,python (3551),Compute Command 0,11016586916,47875
1302,python (3551),Command Buffer 0,11016640791,40875
1303,python (3551),Compute Command 0,11016642875,36333
1304,python (3551),Command Buffer 0,11016682458,29667
1305,python (3551),Compute Command 0,11016684000,25750
1306,python (3551),Command Buffer 0,11016714875,1103250
1307,python (3551),Command Buffer 0,11017912250,46083
1308,python (3551),Compute Command 0,11017914875,40708
1309,python (3551),Command Buffer 0,11017964541,50834
1310,python (3551),Compute Command 0,11017967000,45750
1311,python (3551),Command Buffer 0,11018017125,25750
1312,python (3551),Compute Command 0,11018018916,21625
1313,python (3551),Command Buffer 0,11018044500,1070708
1314,python (3551),Command Buffer 0,11019205208,51792
1315,python (3551),Compute Command 0,11019208541,45334
1316,python (3551),Command Buffer 0,11019259875,46708
1317,python (3551),Compute Command 0,11019262166,41584
1318,python (3551),Command Buffer 0,11019308291,26125
1319,python (3551),Compute Command 0,11019310166,21834
1320,python (3551),Command Buffer 0,11019335833,1039958
1321,python (3551),Command Buffer 0,11020487958,57125
1322,python (3551),Compute Command 0,11020492125,49333
1323,python (3551),Command Buffer 0,11020547375,44916
1324,python (3551),Compute Command 0,11020549708,39958
1325,python (3551),Command Buffer 0,11020593416,25750
1326,python (3551),Compute Command 0,11020595250,21458
1327,python (3551),Command Buffer 0,11020620708,1107250
1328,python (3551),Command Buffer 0,11021839541,54209
1329,python (3551),Compute Command 0,11021843541,46792
1330,python (3551),Command Buffer 0,11021896166,44417
1331,python (3551),Compute Command 0,11021898125,39708
1332,python (3551),Command Buffer 0,11021943625,28125
1333,python (3551),Compute Command 0,11021945666,23584
1334,python (3551),Command Buffer 0,11021973166,1034709
1335,python (3551),Command Buffer 0,11023147125,61583
1336,python (3551),Compute Command 0,11023151916,53084
1337,python (3551),Command Buffer 0,11023212125,52916
1338,python (3551),Compute Command 0,11023214250,48125
1339,python (3551),Command Buffer 0,11023267125,31708
1340,python (3551),Compute Command 0,11023269291,26792
1341,python (3551),Command Buffer 0,11023301458,1057625
1342,python (3551),Command Buffer 0,11024523791,61042
1343,python (3551),Compute Command 0,11024527666,53542
1344,python (3551),Command Buffer 0,11024588291,52250
1345,python (3551),Compute Command 0,11024590333,47333
1346,python (3551),Command Buffer 0,11024643208,31125
1347,python (3551),Compute Command 0,11024645083,26625
1348,python (3551),Command Buffer 0,11024677333,1031750
1349,python (3551),Command Buffer 0,11025832625,56291
1350,python (3551),Compute Command 0,11025836708,48667
1351,python (3551),Command Buffer 0,11025891500,48375
1352,python (3551),Compute Command 0,11025893500,43500
1353,python (3551),Command Buffer 0,11025942500,27208
1354,python (3551),Compute Command 0,11025944458,22583
1355,python (3551),Command Buffer 0,11025970625,1445750
1356,python (3551),Command Buffer 0,11027513541,60792
1357,python (3551),Compute Command 0,11027517958,51667
1358,python (3551),Command Buffer 0,11027578041,44917
1359,python (3551),Compute Command 0,11027580208,40125
1360,python (3551),Command Buffer 0,11027623958,27292
1361,python (3551),Compute Command 0,11027625875,22666
1362,python (3551),Command Buffer 0,11027652250,1063541
1363,python (3551),Command Buffer 0,11028813791,56375
1364,python (3551),Compute Command 0,11028817625,46291
1365,python (3551),Command Buffer 0,11028873166,43750
1366,python (3551),Compute Command 0,11028875125,39333
1367,python (3551),Command Buffer 0,11028917833,30125
1368,python (3551),Compute Command 0,11028919583,25458
1369,python (3551),Command Buffer 0,11028948958,1143833
1370,python (3551),Command Buffer 0,11030183333,49292
1371,python (3551),Compute Command 0,11030185916,43709
1372,python (3551),Command Buffer 0,11030237250,42791
1373,python (3551),Compute Command 0,11030239125,38291
1374,python (3551),Command Buffer 0,11030281000,24708
1375,python (3551),Compute Command 0,11030282750,20666
1376,python (3551),Command Buffer 0,11030306625,1057958
1377,python (3551),Command Buffer 0,11031452666,49667
1378,python (3551),Compute Command 0,11031455333,43875
1379,python (3551),Command Buffer 0,11031505083,44625
1380,python (3551),Compute Command 0,11031506958,39375
1381,python (3551),Command Buffer 0,11031551541,27375
1382,python (3551),Compute Command 0,11031553833,22583
1383,python (3551),Command Buffer 0,11031579791,1249167
1384,python (3551),Command Buffer 0,11032927166,44917
1385,python (3551),Compute Command 0,11032929375,40166
1386,python (3551),Command Buffer 0,11032977500,42125
1387,python (3551),Compute Command 0,11032979333,37875
1388,python (3551),Command Buffer 0,11033020541,24542
1389,python (3551),Compute Command 0,11033022250,20583
1390,python (3551),Command Buffer 0,11033046916,1047417
1391,python (3551),Command Buffer 0,11034167833,43250
1392,python (3551),Compute Command 0,11034169958,38667
1393,python (3551),Command Buffer 0,11034213541,41875
1394,python (3551),Compute Command 0,11034215375,37625
1395,python (3551),Command Buffer 0,11034257750,24166
1396,python (3551),Compute Command 0,11034259625,20041
1397,python (3551),Command Buffer 0,11034283916,1066125
1398,python (3551),Command Buffer 0,11035439375,45250
1399,python (3551),Compute Command 0,11035441791,40084
1400,python (3551),Command Buffer 0,11035487291,42292
1401,python (3551),Compute Command 0,11035489250,37791
1402,python (3551),Command Buffer 0,11035531166,24000
1403,python (3551),Compute Command 0,11035533000,19958
1404,python (3551),Command Buffer 0,11035557250,1041708
1405,python (3551),Command Buffer 0,11036684875,47208
1406,python (3551),Compute Command 0,11036687041,42417
1407,python (3551),Command Buffer 0,11036737416,41875
1408,python (3551),Compute Command 0,11036739250,37541
1409,python (3551),Command Buffer 0,11036780083,24250
1410,python (3551),Compute Command 0,11036781833,20250
1411,python (3551),Command Buffer 0,11036805166,1046750
1412,python (3551),Command Buffer 0,11037936250,47875
1413,python (3551),Compute Command 0,11037938208,43417
1414,python (3551),Command Buffer 0,11037986958,43125
1415,python (3551),Compute Command 0,11037988791,38834
1416,python (3551),Command Buffer 0,11038030916,24584
1417,python (3551),Compute Command 0,11038032625,20791
1418,python (3551),Command Buffer 0,11038056291,1108459
1419,python (3551),Command Buffer 0,11039257708,50708
1420,python (3551),Compute Command 0,11039260625,44166
1421,python (3551),Command Buffer 0,11039311000,48250
1422,python (3551),Compute Command 0,11039313458,42875
1423,python (3551),Command Buffer 0,11039361375,27333
1424,python (3551),Compute Command 0,11039364291,21750
1425,python (3551),Command Buffer 0,11039390833,1026625
1426,python (3551),Command Buffer 0,11040508125,46041
1427,python (3551),Compute Command 0,11040510416,40917
1428,python (3551),Command Buffer 0,11040556666,43500
1429,python (3551),Compute Command 0,11040558458,39083
1430,python (3551),Command Buffer 0,11040602291,24709
1431,python (3551),Compute Command 0,11040604083,20750
1432,python (3551),Command Buffer 0,11041863916,44042
1433,python (3551),Compute Command 0,11041865916,39459
1434,python (3551),Command Buffer 0,11041910333,41750
1435,python (3551),Compute Command 0,11041912125,37500
1436,python (3551),Command Buffer 0,11041952916,23959
1437,python (3551),Compute Command 0,11041954625,19750
1438,python (3551),Command Buffer 0,11041977708,1157458
1439,python (3551),Command Buffer 0,11043237791,48000
1440,python (3551),Compute Command 0,11043240416,41542
1441,python (3551),Command Buffer 0,11043288666,43292
1442,python (3551),Compute Command 0,11043290625,38583
1443,python (3551),Command Buffer 0,11043332916,24584
1444,python (3551),Compute Command 0,11043334666,20459
1445,python (3551),Command Buffer 0,11043358375,1054750
1446,python (3551),Command Buffer 0,11044505000,52166
1447,python (3551),Compute Command 0,11044508125,46000
1448,python (3551),Command Buffer 0,11044559625,50583
1449,python (3551),Compute Command 0,11044561875,45208
1450,python (3551),Command Buffer 0,11044611416,29959
1451,python (3551),Compute Command 0,11044613541,25542
1452,python (3551),Command Buffer 0,11044642250,1194000
1453,python (3551),Command Buffer 0,11045937458,46833
1454,python (3551),Compute Command 0,11045940125,40791
1455,python (3551),Command Buffer 0,11045989000,44375
1456,python (3551),Compute Command 0,11045991166,39459
1457,python (3551),Command Buffer 0,11046034333,31958
1458,python (3551),Compute Command 0,11046036125,26833
1459,python (3551),Command Buffer 0,11046069208,1174750
1460,python (3551),Command Buffer 0,11047332833,40833
1461,python (3551),Compute Command 0,11047334708,36417
1462,python (3551),Command Buffer 0,11047376000,43083
1463,python (3551),Compute Command 0,11047378083,37917
1464,python (3551),Command Buffer 0,11047421208,31042
1465,python (3551),Compute Command 0,11047423416,25167
1466,python (3551),Command Buffer 0,11047454333,1046333
1467,python (3551),Command Buffer 0,11048598291,40959
1468,python (3551),Compute Command 0,11048600041,36959
1469,python (3551),Command Buffer 0,11048641375,43083
1470,python (3551),Compute Command 0,11048643416,38000
1471,python (3551),Command Buffer 0,11048686708,32375
1472,python (3551),Compute Command 0,11048688833,27583
1473,python (3551),Command Buffer 0,11048721208,1077708
1474,python (3551),Command Buffer 0,11049877375,40583
1475,python (3551),Compute Command 0,11049879208,36542
1476,python (3551),Command Buffer 0,11049919708,39125
1477,python (3551),Compute Command 0,11049921666,34959
1478,python (3551),Command Buffer 0,11049959541,25750
1479,python (3551),Compute Command 0,11049961125,21500
1480,python (3551),Command Buffer 0,11049986291,1178875
1481,python (3551),Command Buffer 0,11051249750,37583
1482,python (3551),Compute Command 0,11051251541,33542
1483,python (3551),Command Buffer 0,11051289500,40083
1484,python (3551),Compute Command 0,11051291541,35250
1485,python (3551),Command Buffer 0,11051331333,29750
1486,python (3551),Compute Command 0,11051333541,24750
1487,python (3551),Command Buffer 0,11051364416,1199042
1488,python (3551),Command Buffer 0,11052654166,41875
1489,python (3551),Compute Command 0,11052656208,36583
1490,python (3551),Command Buffer 0,11052698458,46417
1491,python (3551),Compute Command 0,11052700666,41750
1492,python (3551),Command Buffer 0,11052745750,27125
1493,python (3551),Compute Command 0,11052747541,23125
1494,python (3551),Command Buffer 0,11052773666,1063084
1495,python (3551),Command Buffer 0,11053931250,48208
1496,python (3551),Compute Command 0,11053934541,39834
1497,python (3551),Command Buffer 0,11053981958,41500
1498,python (3551),Compute Command 0,11053983958,37250
1499,python (3551),Command Buffer 0,11054024291,27084
1500,python (3551),Compute Command 0,11054025958,22583
1501,python (3551),Command Buffer 0,11054052416,1173375
1502,python (3551),Command Buffer 0,11055326875,48083
1503,python (3551),Compute Command 0,11055329208,42250
1504,python (3551),Command Buffer 0,11055378083,48000
1505,python (3551),Compute Command 0,11055380375,43208
1506,python (3551),Command Buffer 0,11055426958,25042
1507,python (3551),Compute Command 0,11055428708,20917
1508,python (3551),Command Buffer 0,11056638375,38750
1509,python (3551),Compute Command 0,11056640250,34416
1510,python (3551),Command Buffer 0,11056679625,46541
1511,python (3551),Compute Command 0,11056681916,41834
1512,python (3551),Command Buffer 0,11056727000,23958
1513,python (3551),Compute Command 0,11056728666,20125
1514,python (3551),Command Buffer 0,11056751750,1204750
1515,python (3551),Command Buffer 0,11058048666,43209
1516,python (3551),Compute Command 0,11058050583,38958
1517,python (3551),Command Buffer 0,11058096916,40459
1518,python (3551),Compute Command 0,11058098958,36125
1519,python (3551),Command Buffer 0,11058138125,25583
1520,python (3551),Compute Command 0,11058139625,21333
1521,python (3551),Command Buffer 0,11058164708,1181458
1522,python (3551),Command Buffer 0,11059440375,41333
1523,python (3551),Compute Command 0,11059442250,37208
1524,python (3551),Command Buffer 0,11059486500,39041
1525,python (3551),Compute Command 0,11059488541,34834
1526,python (3551),Command Buffer 0,11059526333,25167
1527,python (3551),Compute Command 0,11059527875,21041
1528,python (3551),Command Buffer 0,11059552500,1123500
1529,python (3551),Command Buffer 0,11060786250,52875
1530,python (3551),Compute Command 0,11060789583,45833
1531,python (3551),Command Buffer 0,11060844625,52375
1532,python (3551),Compute Command 0,11060847333,46625
1533,python (3551),Command Buffer 0,11060898125,26291
1534,python (3551),Compute Command 0,11060899833,22042
1535,python (3551),Command Buffer 0,11060926375,1201791
1536,python (3551),Command Buffer 0,11062222958,41958
1537,python (3551),Compute Command 0,11062224875,37750
1538,python (3551),Command Buffer 0,11062269958,39917
1539,python (3551),Compute Command 0,11062272083,35583
1540,python (3551),Command Buffer 0,11062310625,25375
1541,python (3551),Compute Command 0,11062312125,20916
1542,python (3551),Command Buffer 0,11062337000,1210500
1543,python (3551),Command Buffer 0,11063643500,42416
1544,python (3551),Compute Command 0,11063645291,38375
1545,python (3551),Command Buffer 0,11063688083,47458
1546,python (3551),Compute Command 0,11063690041,43084
1547,python (3551),Command Buffer 0,11063736291,23834
1548,python (3551),Compute Command 0,11063738041,20000
1549,python (3551),Command Buffer 0,11063760916,1774792
1550,python (3551),Command Buffer 0,11065629750,46291
1551,python (3551),Compute Command 0,11065632166,41084
1552,python (3551),Command Buffer 0,11065678583,42250
1553,python (3551),Compute Command 0,11065680708,37750
1554,python (3551),Command Buffer 0,11065721708,29542
1555,python (3551),Compute Command 0,11065723291,24959
1556,python (3551),Command Buffer 0,11065752333,1197083
1557,python (3551),Command Buffer 0,11067039916,41875
1558,python (3551),Compute Command 0,11067041875,37708
1559,python (3551),Command Buffer 0,11067086916,39167
1560,python (3551),Compute Command 0,11067089041,34875
1561,python (3551),Command Buffer 0,11067126833,24750
1562,python (3551),Compute Command 0,11067128416,20500
1563,python (3551),Command Buffer 0,11067152583,1156417
1564,python (3551),Command Buffer 0,11068406833,43917
1565,python (3551),Compute Command 0,11068408875,39291
1566,python (3551),Command Buffer 0,11068452750,46166
1567,python (3551),Compute Command 0,11068454708,41583
1568,python (3551),Command Buffer 0,11068499916,24250
1569,python (3551),Compute Command 0,11068501708,20333
1570,python (3551),Command Buffer 0,11068525000,1057208
1571,python (3551),Command Buffer 0,11069678208,45333
1572,python (3551),Compute Command 0,11069680458,40583
1573,python (3551),Command Buffer 0,11069728666,43792
1574,python (3551),Compute Command 0,11069731000,39000
1575,python (3551),Command Buffer 0,11069773291,23709
1576,python (3551),Compute Command 0,11069775000,19833
1577,python (3551),Command Buffer 0,11069797791,1073084
1578,python (3551),Command Buffer 0,11070964500,48916
1579,python (3551),Compute Command 0,11070967083,43375
1580,python (3551),Command Buffer 0,11071016333,46250
1581,python (3551),Compute Command 0,11071018666,41375
1582,python (3551),Command Buffer 0,11071063416,25417
1583,python (3551),Compute Command 0,11071065083,21417
1584,python (3551),Command Buffer 0,11071089708,1117333
1585,python (3551),Command Buffer 0,11072294125,42875
1586,python (3551),Compute Command 0,11072296375,38083
1587,python (3551),Command Buffer 0,11072339375,41791
1588,python (3551),Compute Command 0,11072341125,37666
1589,python (3551),Command Buffer 0,11072381958,26333
1590,python (3551),Compute Command 0,11072383708,22417
1591,python (3551),Command Buffer 0,11072409083,1727750
1592,python (3551),Command Buffer 0,11074244875,46333
1593,python (3551),Compute Command 0,11074248041,40084
1594,python (3551),Command Buffer 0,11074296166,49209
1595,python (3551),Compute Command 0,11074298458,44250
1596,python (3551),Command Buffer 0,11074346333,30208
1597,python (3551),Compute Command 0,11074348125,25791
1598,python (3551),Command Buffer 0,11074377500,1165041
1599,python (3551),Command Buffer 0,11075645750,44291
1600,python (3551),Compute Command 0,11075648083,39042
1601,python (3551),Command Buffer 0,11075692583,53083
1602,python (3551),Compute Command 0,11075694708,48292
1603,python (3551),Command Buffer 0,11075746625,30916
1604,python (3551),Compute Command 0,11075748750,25875
1605,python (3551),Command Buffer 0,11075779791,1146459
1606,python (3551),Command Buffer 0,11077042750,56958
1607,python (3551),Compute Command 0,11077047125,48708
1608,python (3551),Command Buffer 0,11077102916,52625
1609,python (3551),Compute Command 0,11077105666,46500
1610,python (3551),Command Buffer 0,11077157333,26583
1611,python (3551),Compute Command 0,11077159250,22000
1612,python (3551),Command Buffer 0,11077185458,1097542
1613,python (3551),Command Buffer 0,11078373375,46583
1614,python (3551),Compute Command 0,11078375416,41959
1615,python (3551),Command Buffer 0,11078423833,41792
1616,python (3551),Compute Command 0,11078425916,37417
1617,python (3551),Command Buffer 0,11078466375,30541
1618,python (3551),Compute Command 0,11078467958,26042
1619,python (3551),Command Buffer 0,11078498916,1176625
1620,python (3551),Command Buffer 0,11079766166,45125
1621,python (3551),Compute Command 0,11079768083,41000
1622,python (3551),Command Buffer 0,11079813625,38041
1623,python (3551),Compute Command 0,11079815250,34166
1624,python (3551),Command Buffer 0,11079852375,27250
1625,python (3551),Compute Command 0,11079853958,23000
1626,python (3551),Command Buffer 0,11079880666,1411375
1627,python (3551),Command Buffer 0,11081387958,40333
1628,python (3551),Compute Command 0,11081390083,35583
1629,python (3551),Command Buffer 0,11081430791,40292
1630,python (3551),Compute Command 0,11081432958,35875
1631,python (3551),Command Buffer 0,11081471958,29625
1632,python (3551),Compute Command 0,11081474041,25250
1633,python (3551),Command Buffer 0,11081503541,1117792
1634,python (3551),Command Buffer 0,11082711000,41125
1635,python (3551),Compute Command 0,11082712833,36958
1636,python (3551),Command Buffer 0,11082754250,43375
1637,python (3551),Compute Command 0,11082756250,38250
1638,python (3551),Command Buffer 0,11082800333,29750
1639,python (3551),Compute Command 0,11082802833,24458
1640,python (3551),Command Buffer 0,11082832250,1528875
1641,python (3551),Command Buffer 0,11084454583,49792
1642,python (3551),Compute Command 0,11084457083,44208
1643,python (3551),Command Buffer 0,11084506500,43375
1644,python (3551),Compute Command 0,11084508416,38709
1645,python (3551),Command Buffer 0,11084550708,29792
1646,python (3551),Compute Command 0,11084552416,25667
1647,python (3551),Command Buffer 0,11084581458,1076833
1648,python (3551),Command Buffer 0,11085750916,47334
1649,python (3551),Compute Command 0,11085753416,42125
1650,python (3551),Command Buffer 0,11085800750,43958
1651,python (3551),Compute Command 0,11085802958,39208
1652,python (3551),Command Buffer 0,11085845583,26333
1653,python (3551),Compute Command 0,11085847375,22333
1654,python (3551),Command Buffer 0,11085872833,1202792
1655,python (3551),Command Buffer 0,11087167166,44084
1656,python (3551),Compute Command 0,11087169500,39083
1657,python (3551),Command Buffer 0,11087214208,44875
1658,python (3551),Compute Command 0,11087216791,39834
1659,python (3551),Command Buffer 0,11087259833,29083
1660,python (3551),Compute Command 0,11087261541,24542
1661,python (3551),Command Buffer 0,11087289958,1178417
1662,python (3551),Command Buffer 0,11088570583,43458
1663,python (3551),Compute Command 0,11088572916,38542
1664,python (3551),Command Buffer 0,11088619875,46750
1665,python (3551),Compute Command 0,11088622250,41875
1666,python (3551),Command Buffer 0,11088667500,24333
1667,python (3551),Compute Command 0,11088669250,20166
1668,python (3551),Command Buffer 0,11088693791,1196542
1669,python (3551),Command Buffer 0,11089980541,43834
1670,python (3551),Compute Command 0,11089982625,39333
1671,python (3551),Command Buffer 0,11090026583,48000
1672,python (3551),Compute Command 0,11090028791,42709
1673,python (3551),Command Buffer 0,11090076750,29500
1674,python (3551),Compute Command 0,11090078916,24625
1675,python (3551),Command Buffer 0,11090107916,1139417
1676,python (3551),Command Buffer 0,11091339500,41875
1677,python (3551),Compute Command 0,11091341541,37417
1678,python (3551),Command Buffer 0,11091383708,44667
1679,python (3551),Compute Command 0,11091385875,39500
1680,python (3551),Command Buffer 0,11091430958,28208
1681,python (3551),Compute Command 0,11091433166,23292
1682,python (3551),Command Buffer 0,11091461708,1276917
1683,python (3551),Command Buffer 0,11092845083,50750
1684,python (3551),Compute Command 0,11092848208,44333
1685,python (3551),Command Buffer 0,11092899541,53500
1686,python (3551),Compute Command 0,11092902166,47125
1687,python (3551),Command Buffer 0,11092955875,28750
1688,python (3551),Compute Command 0,11092958333,23750
1689,python (3551),Command Buffer 0,11092985500,1077750
1690,python (3551),Command Buffer 0,11094153375,46166
1691,python (3551),Compute Command 0,11094155958,40625
1692,python (3551),Command Buffer 0,11094202250,45083
1693,python (3551),Compute Command 0,11094204666,40125
1694,python (3551),Command Buffer 0,11094248208,28208
1695,python (3551),Compute Command 0,11094250000,24166
1696,python (3551),Command Buffer 0,11094277291,1198792
1697,python (3551),Command Buffer 0,11095572500,47041
1698,python (3551),Compute Command 0,11095574916,41834
1699,python (3551),Command Buffer 0,11095622583,46208
1700,python (3551),Compute Command 0,11095624958,41250
1701,python (3551),Command Buffer 0,11095669708,27375
1702,python (3551),Compute Command 0,11095671375,23375
1703,python (3551),Command Buffer 0,11095697875,1173708
1704,python (3551),Command Buffer 0,11096968166,45625
1705,python (3551),Compute Command 0,11096971083,40167
1706,python (3551),Command Buffer 0,11097016166,41542
1707,python (3551),Compute Command 0,11097018000,36291
1708,python (3551),Command Buffer 0,11097060791,30375
1709,python (3551),Compute Command 0,11097062916,25584
1710,python (3551),Command Buffer 0,11097093958,1179083
1711,python (3551),Command Buffer 0,11098367125,44541
1712,python (3551),Compute Command 0,11098368958,40333
1713,python (3551),Command Buffer 0,11098413916,46917
1714,python (3551),Compute Command 0,11098416125,41708
1715,python (3551),Command Buffer 0,11098462916,27792
1716,python (3551),Compute Command 0,11098465041,23417
1717,python (3551),Command Buffer 0,11099759875,49250
1718,python (3551),Compute Command 0,11099761916,44625
1719,python (3551),Command Buffer 0,11099811500,49083
1720,python (3551),Compute Command 0,11099813666,44500
1721,python (3551),Command Buffer 0,11099862791,24167
1722,python (3551),Compute Command 0,11099864583,20208
1723,python (3551),Command Buffer 0,11099887750,1181708
1724,python (3551),Command Buffer 0,11101157375,44083
1725,python (3551),Compute Command 0,11101159541,38959
1726,python (3551),Command Buffer 0,11101204500,44125
1727,python (3551),Compute Command 0,11101206875,39250
1728,python (3551),Command Buffer 0,11101249416,26125
1729,python (3551),Compute Command 0,11101251125,22250
1730,python (3551),Command Buffer 0,11101276333,1143875
1731,python (3551),Command Buffer 0,11102510791,41750
1732,python (3551),Compute Command 0,11102512875,37083
1733,python (3551),Command Buffer 0,11102558583,42792
1734,python (3551),Compute Command 0,11102560791,38167
1735,python (3551),Command Buffer 0,11102602166,28209
1736,python (3551),Compute Command 0,11102603916,23750
1737,python (3551),Command Buffer 0,11102631416,1221375
1738,python (3551),Command Buffer 0,11103942125,47541
1739,python (3551),Compute Command 0,11103944291,42792
1740,python (3551),Command Buffer 0,11103994625,42208
1741,python (3551),Compute Command 0,11103996833,37583
1742,python (3551),Command Buffer 0,11104037750,28125
1743,python (3551),Compute Command 0,11104039458,24250
1744,python (3551),Command Buffer 0,11104066708,1187500
1745,python (3551),Command Buffer 0,11105345750,42958
1746,python (3551),Compute Command 0,11105347791,38292
1747,python (3551),Command Buffer 0,11105391208,43625
1748,python (3551),Compute Command 0,11105393458,39000
1749,python (3551),Command Buffer 0,11105435625,29583
1750,python (3551),Compute Command 0,11105437583,24917
1751,python (3551),Command Buffer 0,11105467333,1209125
1752,python (3551),Command Buffer 0,11106769750,44625
1753,python (3551),Compute Command 0,11106771708,40250
1754,python (3551),Command Buffer 0,11106816625,47166
1755,python (3551),Compute Command 0,11106818833,41917
1756,python (3551),Command Buffer 0,11106865875,29125
1757,python (3551),Compute Command 0,11106868000,24333
1758,python (3551),Command Buffer 0,11108153333,53208
1759,python (3551),Compute Command 0,11108156791,46042
1760,python (3551),Command Buffer 0,11108210583,57083
1761,python (3551),Compute Command 0,11108212750,51333
1762,python (3551),Command Buffer 0,11108270833,31167
1763,python (3551),Compute Command 0,11108273125,26333
1764,python (3551),Command Buffer 0,11108308291,1194667
1765,python (3551),Command Buffer 0,11109600500,46750
1766,python (3551),Compute Command 0,11109602916,41584
1767,python (3551),Command Buffer 0,11109649708,43208
1768,python (3551),Compute Command 0,11109651833,38583
1769,python (3551),Command Buffer 0,11109693791,26375
1770,python (3551),Compute Command 0,11109695583,22375
1771,python (3551),Command Buffer 0,11109720958,1079583
1772,python (3551),Command Buffer 0,11110893125,53458
1773,python (3551),Compute Command 0,11110895625,48166
1774,python (3551),Command Buffer 0,11110948750,43375
1775,python (3551),Compute Command 0,11110950625,39083
1776,python (3551),Command Buffer 0,11110992958,25750
1777,python (3551),Compute Command 0,11110994708,21792
1778,python (3551),Command Buffer 0,11111019583,1132667
1779,python (3551),Command Buffer 0,11112248041,49042
1780,python (3551),Compute Command 0,11112250458,43667
1781,python (3551),Command Buffer 0,11112300041,44334
1782,python (3551),Compute Command 0,11112302166,39709
1783,python (3551),Command Buffer 0,11112345291,28125
1784,python (3551),Compute Command 0,11112346958,24208
1785,python (3551),Command Buffer 0,11112374250,1206375
1786,python (3551),Command Buffer 0,11113673375,45416
1787,python (3551),Compute Command 0,11113675833,39917
1788,python (3551),Command Buffer 0,11113721458,43875
1789,python (3551),Compute Command 0,11113723791,38292
1790,python (3551),Command Buffer 0,11113768291,31709
1791,python (3551),Compute Command 0,11113770500,26500
1792,python (3551),Command Buffer 0,11113802125,1210083
1793,python (3551),Command Buffer 0,11115099708,42625
1794,python (3551),Compute Command 0,11115101833,37958
1795,python (3551),Command Buffer 0,11115144708,46125
1796,python (3551),Compute Command 0,11115146791,40959
1797,python (3551),Command Buffer 0,11115193000,29875
1798,python (3551),Compute Command 0,11115195208,25000
1799,python (3551),Command Buffer 0,11116554583,41625
1800,python (3551),Compute Command 0,11116556583,37208
1801,python (3551),Command Buffer 0,11116598583,41583
1802,python (3551),Compute Command 0,11116600666,37042
1803,python (3551),Command Buffer 0,11116641000,25958
1804,python (3551),Compute Command 0,11116642750,22125
1805,python (3551),Command Buffer 0,11116667708,1179792
1806,python (3551),Command Buffer 0,11117948583,51625
1807,python (3551),Compute Command 0,11117951208,46083
1808,python (3551),Command Buffer 0,11118002958,50458
1809,python (3551),Compute Command 0,11118005083,45625
1810,python (3551),Command Buffer 0,11118054291,28959
1811,python (3551),Compute Command 0,11118056125,24625
1812,python (3551),Command Buffer 0,11118084125,1037875
1813,python (3551),Command Buffer 0,11119307041,62750
1814,python (3551),Compute Command 0,11119311000,54583
1815,python (3551),Command Buffer 0,11119372750,46416
1816,python (3551),Compute Command 0,11119374833,41417
1817,python (3551),Command Buffer 0,11119420958,57917
1818,python (3551),Compute Command 0,11119423166,49792
1819,python (3551),Command Buffer 0,11119483291,1004125
1820,python (3551),Command Buffer 0,11120607791,56875
1821,python (3551),Compute Command 0,11120612291,49042
1822,python (3551),Command Buffer 0,11120667666,46584
1823,python (3551),Compute Command 0,11120669625,41791
1824,python (3551),Command Buffer 0,11120715541,27667
1825,python (3551),Compute Command 0,11120717375,23250
1826,python (3551),Command Buffer 0,11120744166,1106000
1827,python (3551),Command Buffer 0,11121999000,79333
1828,python (3551),Compute Command 0,11122003750,69666
1829,python (3551),Command Buffer 0,11122082541,51459
1830,python (3551),Compute Command 0,11122084875,46250
1831,python (3551),Command Buffer 0,11122135583,31083
1832,python (3551),Compute Command 0,11122137416,26667
1833,python (3551),Command Buffer 0,11122168875,1162958
1834,python (3551),Command Buffer 0,11123474750,83375
1835,python (3551),Compute Command 0,11123491625,61291
1836,python (3551),Command Buffer 0,11123562625,59541
1837,python (3551),Compute Command 0,11123565375,47041
1838,python (3551),Command Buffer 0,11123625666,34084
1839,python (3551),Compute Command 0,11123628000,28125
1840,python (3551),Command Buffer 0,11123661083,1466542
1841,python (3551),Command Buffer 0,11125280875,62708
1842,python (3551),Compute Command 0,11125286708,52750
1843,python (3551),Command Buffer 0,11125348666,49667
1844,python (3551),Compute Command 0,11125350791,44625
1845,python (3551),Command Buffer 0,11125399583,31417
1846,python (3551),Compute Command 0,11125401708,26292
1847,python (3551),Command Buffer 0,11125435083,1054708
1848,python (3551),Command Buffer 0,11126613250,70375
1849,python (3551),Compute Command 0,11126618291,60875
1850,python (3551),Command Buffer 0,11126686166,51042
1851,python (3551),Compute Command 0,11126688291,45875
1852,python (3551),Command Buffer 0,11126739375,33708
1853,python (3551),Compute Command 0,11126741333,28792
1854,python (3551),Command Buffer 0,11126776083,1010125
1855,python (3551),Command Buffer 0,11127891750,52750
1856,python (3551),Compute Command 0,11127894666,46750
1857,python (3551),Command Buffer 0,11127947208,45333
1858,python (3551),Compute Command 0,11127949250,40791
1859,python (3551),Command Buffer 0,11127994541,26584
1860,python (3551),Compute Command 0,11127996375,22416
1861,python (3551),Command Buffer 0,11128022916,1014667
1862,python (3551),Command Buffer 0,11129133166,45625
1863,python (3551),Compute Command 0,11129135791,40250
1864,python (3551),Command Buffer 0,11129181083,42417
1865,python (3551),Compute Command 0,11129182916,38167
1866,python (3551),Command Buffer 0,11129225583,25083
1867,python (3551),Compute Command 0,11129227375,21041
1868,python (3551),Command Buffer 0,11129252875,1051291
1869,python (3551),Command Buffer 0,11130399250,46541
1870,python (3551),Compute Command 0,11130401541,41625
1871,python (3551),Command Buffer 0,11130448375,44750
1872,python (3551),Compute Command 0,11130450166,40625
1873,python (3551),Command Buffer 0,11130495541,24125
1874,python (3551),Compute Command 0,11130497375,20208
1875,python (3551),Command Buffer 0,11130521708,1153292
1876,python (3551),Command Buffer 0,11131774083,46958
1877,python (3551),Compute Command 0,11131776125,42458
1878,python (3551),Command Buffer 0,11131823333,45583
1879,python (3551),Compute Command 0,11131825166,41292
1880,python (3551),Command Buffer 0,11131871083,27292
1881,python (3551),Compute Command 0,11131872875,23291
1882,python (3551),Command Buffer 0,11131900666,1171334
1883,python (3551),Command Buffer 0,11133168583,46125
1884,python (3551),Compute Command 0,11133170708,41458
1885,python (3551),Command Buffer 0,11133217083,44833
1886,python (3551),Compute Command 0,11133218875,40541
1887,python (3551),Command Buffer 0,11133264041,26542
1888,python (3551),Compute Command 0,11133265875,22625
1889,python (3551),Command Buffer 0,11134540083,49292
1890,python (3551),Compute Command 0,11134542708,43833
1891,python (3551),Command Buffer 0,11134592000,43583
1892,python (3551),Compute Command 0,11134593791,39167
1893,python (3551),Command Buffer 0,11134636583,24750
1894,python (3551),Compute Command 0,11134638375,20750
1895,python (3551),Command Buffer 0,11134662291,1243625
1896,python (3551),Command Buffer 0,11136008666,131375
1897,python (3551),Compute Command 0,11136012041,123292
1898,python (3551),Command Buffer 0,11136145000,52625
1899,python (3551),Compute Command 0,11136147458,46917
1900,python (3551),Command Buffer 0,11136198958,33042
1901,python (3551),Compute Command 0,11136201000,27916
1902,python (3551),Command Buffer 0,11136235333,1158083
1903,python (3551),Command Buffer 0,11137525166,72417
1904,python (3551),Compute Command 0,11137529500,60333
1905,python (3551),Command Buffer 0,11137601333,50583
1906,python (3551),Compute Command 0,11137603458,45208
1907,python (3551),Command Buffer 0,11137654583,30083
1908,python (3551),Compute Command 0,11137656500,25083
1909,python (3551),Command Buffer 0,11137687250,1095041
1910,python (3551),Command Buffer 0,11138864666,45709
1911,python (3551),Compute Command 0,11138866750,40875
1912,python (3551),Command Buffer 0,11138913208,44750
1913,python (3551),Compute Command 0,11138915500,39833
1914,python (3551),Command Buffer 0,11138958791,24292
1915,python (3551),Compute Command 0,11138960583,20333
1916,python (3551),Command Buffer 0,11138983875,1324416
1917,python (3551),Command Buffer 0,11140426500,65125
1918,python (3551),Compute Command 0,11140429458,50958
1919,python (3551),Command Buffer 0,11140494541,50667
1920,python (3551),Compute Command 0,11140497000,44500
1921,python (3551),Command Buffer 0,11140547833,29417
1922,python (3551),Compute Command 0,11140550208,24417
1923,python (3551),Command Buffer 0,11140578208,1255917
1924,python (3551),Command Buffer 0,11141938416,54667
1925,python (3551),Compute Command 0,11141941083,49125
1926,python (3551),Command Buffer 0,11141998625,47708
1927,python (3551),Compute Command 0,11142000833,42917
1928,python (3551),Command Buffer 0,11142047291,35375
1929,python (3551),Compute Command 0,11142049291,30542
1930,python (3551),Command Buffer 0,11142085125,1252500
1931,python (3551),Command Buffer 0,11143432375,54458
1932,python (3551),Compute Command 0,11143435458,46833
1933,python (3551),Command Buffer 0,11143489875,45000
1934,python (3551),Compute Command 0,11143492500,39416
1935,python (3551),Command Buffer 0,11143535791,28084
1936,python (3551),Compute Command 0,11143537500,23708
1937,python (3551),Command Buffer 0,11143564750,1052125
1938,python (3551),Command Buffer 0,11144717291,50000
1939,python (3551),Compute Command 0,11144720750,43166
1940,python (3551),Command Buffer 0,11144771666,45584
1941,python (3551),Compute Command 0,11144774458,40250
1942,python (3551),Command Buffer 0,11144818125,25916
1943,python (3551),Compute Command 0,11144820083,21667
1944,python (3551),Command Buffer 0,11144844958,1171417
1945,python (3551),Command Buffer 0,11146111416,43542
1946,python (3551),Compute Command 0,11146113625,38833
1947,python (3551),Command Buffer 0,11146157291,43792
1948,python (3551),Compute Command 0,11146159583,39125
1949,python (3551),Command Buffer 0,11146201875,23875
1950,python (3551),Compute Command 0,11146203708,19917
1951,python (3551),Command Buffer 0,11146226500,1211125
1952,python (3551),Command Buffer 0,11147525583,41167
1953,python (3551),Compute Command 0,11147527666,36667
1954,python (3551),Command Buffer 0,11147568708,43000
1955,python (3551),Compute Command 0,11147570916,38417
1956,python (3551),Command Buffer 0,11147612541,24084
1957,python (3551),Compute Command 0,11147614291,20334
1958,python (3551),Command Buffer 0,11147637416,1523167
1959,python (3551),Command Buffer 0,11149250583,49583
1960,python (3551),Compute Command 0,11149253208,43917
1961,python (3551),Command Buffer 0,11149302666,46500
1962,python (3551),Compute Command 0,11149304916,41459
1963,python (3551),Command Buffer 0,11149350125,28333
1964,python (3551),Compute Command 0,11149351791,24292
1965,python (3551),Command Buffer 0,11149379458,1276917
1966,python (3551),Command Buffer 0,11150744500,43916
1967,python (3551),Compute Command 0,11150746791,38875
1968,python (3551),Command Buffer 0,11150793250,45125
1969,python (3551),Compute Command 0,11150795500,40291
1970,python (3551),Command Buffer 0,11150839250,31791
1971,python (3551),Compute Command 0,11150840958,27333
1972,python (3551),Command Buffer 0,11150871916,1115750
1973,python (3551),Command Buffer 0,11152087666,51625
1974,python (3551),Compute Command 0,11152090708,45042
1975,python (3551),Command Buffer 0,11152141791,47792
1976,python (3551),Compute Command 0,11152143833,42583
1977,python (3551),Command Buffer 0,11152191750,31291
1978,python (3551),Compute Command 0,11152194125,25625
1979,python (3551),Command Buffer 0,11152226750,1023875
1980,python (3551),Command Buffer 0,11153349166,58084
1981,python (3551),Compute Command 0,11153352541,50792
1982,python (3551),Command Buffer 0,11153413083,49042
1983,python (3551),Compute Command 0,11153415666,43459
1984,python (3551),Command Buffer 0,11153463083,27375
1985,python (3551),Compute Command 0,11153464833,22917
1986,python (3551),Command Buffer 0,11153492125,1052416
1987,python (3551),Command Buffer 0,11154627375,43125
1988,python (3551),Compute Command 0,11154629625,38291
1989,python (3551),Command Buffer 0,11154677708,44458
1990,python (3551),Compute Command 0,11154679958,39667
1991,python (3551),Command Buffer 0,11154723208,24625
1992,python (3551),Compute Command 0,11154724875,20750
1993,python (3551),Command Buffer 0,11154748625,1147333
1994,python (3551),Command Buffer 0,11155983500,44375
1995,python (3551),Compute Command 0,11155985750,39291
1996,python (3551),Command Buffer 0,11156030375,47291
1997,python (3551),Compute Command 0,11156032666,42459
1998,python (3551),Command Buffer 0,11156079625,29208
1999,python (3551),Compute Command 0,11156081833,24625
2000,python (3551),Command Buffer 0,11156110416,1163209
2001,python (3551),Command Buffer 0,11157366583,43375
2002,python (3551),Compute Command 0,11157368666,38709
2003,python (3551),Command Buffer 0,11157413625,44208
2004,python (3551),Compute Command 0,11157415916,39500
2005,python (3551),Command Buffer 0,11157460500,24291
2006,python (3551),Compute Command 0,11157462416,19917
2007,python (3551),Command Buffer 0,11157486250,1646708
2008,python (3551),Command Buffer 0,11159237625,80458
2009,python (3551),Compute Command 0,11159260666,53459
2010,python (3551),Command Buffer 0,11159321333,52542
2011,python (3551),Compute Command 0,11159323666,47000
2012,python (3551),Command Buffer 0,11159376583,29250
2013,python (3551),Compute Command 0,11159378875,24416
2014,python (3551),Command Buffer 0,11159406791,1206125
2015,python (3551),Command Buffer 0,11160700166,46375
2016,python (3551),Compute Command 0,11160702750,41000
2017,python (3551),Command Buffer 0,11160748750,46000
2018,python (3551),Compute Command 0,11160751000,41125
2019,python (3551),Command Buffer 0,11160796708,29583
2020,python (3551),Compute Command 0,11160799000,24958
2021,python (3551),Command Buffer 0,11160827125,1082708
2022,python (3551),Command Buffer 0,11162008958,44875
2023,python (3551),Compute Command 0,11162011416,39417
2024,python (3551),Command Buffer 0,11162059541,48209
2025,python (3551),Compute Command 0,11162066250,38916
2026,python (3551),Command Buffer 0,11162108583,29292
2027,python (3551),Compute Command 0,11162110250,24625
2028,python (3551),Command Buffer 0,11162139791,1240459
2029,python (3551),Command Buffer 0,11163469083,45417
2030,python (3551),Compute Command 0,11163471125,40916
2031,python (3551),Command Buffer 0,11163519958,43667
2032,python (3551),Compute Command 0,11163522166,39042
2033,python (3551),Command Buffer 0,11163564416,28667
2034,python (3551),Compute Command 0,11163566125,24250
2035,python (3551),Command Buffer 0,11163594041,1190709
2036,python (3551),Command Buffer 0,11164881416,44459
2037,python (3551),Compute Command 0,11164883541,39917
2038,python (3551),Command Buffer 0,11164927791,46709
2039,python (3551),Compute Command 0,11164930083,41292
2040,python (3551),Command Buffer 0,11164976750,26541
2041,python (3551),Compute Command 0,11164979000,22208
2042,python (3551),Command Buffer 0,11165004083,1211750
2043,python (3551),Command Buffer 0,11166302458,41167
2044,python (3551),Compute Command 0,11166304375,36791
2045,python (3551),Command Buffer 0,11166345875,46125
2046,python (3551),Compute Command 0,11166348000,40708
2047,python (3551),Command Buffer 0,11166394166,26625
2048,python (3551),Compute Command 0,11166396375,21875
2049,python (3551),Command Buffer 0,11166425500,1621166
2050,python (3551),Command Buffer 0,11168145500,52041
2051,python (3551),Compute Command 0,11168148791,45125
2052,python (3551),Command Buffer 0,11168200875,52375
2053,python (3551),Compute Command 0,11168203375,46833
2054,python (3551),Command Buffer 0,11168254958,29833
2055,python (3551),Compute Command 0,11168256875,24375
2056,python (3551),Command Buffer 0,11168287458,1060417
2057,python (3551),Command Buffer 0,11169458666,50500
2058,python (3551),Compute Command 0,11169461708,43542
2059,python (3551),Command Buffer 0,11169511875,50125
2060,python (3551),Compute Command 0,11169514250,45208
2061,python (3551),Command Buffer 0,11169562875,27916
2062,python (3551),Compute Command 0,11169564666,23750
2063,python (3551),Command Buffer 0,11169591666,1171042
2064,python (3551),Command Buffer 0,11170846291,49667
2065,python (3551),Compute Command 0,11170848750,44250
2066,python (3551),Command Buffer 0,11170901333,45708
2067,python (3551),Compute Command 0,11170903708,40708
2068,python (3551),Command Buffer 0,11170947916,28584
2069,python (3551),Compute Command 0,11170950083,23625
2070,python (3551),Command Buffer 0,11170979458,1200833
2071,python (3551),Command Buffer 0,11172270750,42625
2072,python (3551),Compute Command 0,11172272833,38083
2073,python (3551),Command Buffer 0,11172315750,52000
2074,python (3551),Compute Command 0,11172318000,47208
2075,python (3551),Command Buffer 0,11172369458,24375
2076,python (3551),Compute Command 0,11172371375,20250
2077,python (3551),Command Buffer 0,11172395333,1541375
2078,python (3551),Command Buffer 0,11174044000,46458
2079,python (3551),Compute Command 0,11174046875,41000
2080,python (3551),Command Buffer 0,11174092916,44584
2081,python (3551),Compute Command 0,11174095250,39791
2082,python (3551),Command Buffer 0,11174138458,26292
2083,python (3551),Compute Command 0,11174140166,21834
2084,python (3551),Command Buffer 0,11174167041,1280875
2085,python (3551),Command Buffer 0,11175545958,52000
2086,python (3551),Compute Command 0,11175548833,45375
2087,python (3551),Command Buffer 0,11175603583,50250
2088,python (3551),Compute Command 0,11175606083,44792
2089,python (3551),Command Buffer 0,11175654750,25458
2090,python (3551),Compute Command 0,11175656375,21166
2091,python (3551),Command Buffer 0,11175681250,1303250
2092,python (3551),Command Buffer 0,11177084916,50042
2093,python (3551),Compute Command 0,11177087166,44959
2094,python (3551),Command Buffer 0,11177137166,46250
2095,python (3551),Compute Command 0,11177139541,41375
2096,python (3551),Command Buffer 0,11177184291,28625
2097,python (3551),Compute Command 0,11177186000,24625
2098,python (3551),Command Buffer 0,11177213833,1208000
2099,python (3551),Command Buffer 0,11178513875,45875
2100,python (3551),Compute Command 0,11178516041,41084
2101,python (3551),Command Buffer 0,11178564875,42916
2102,python (3551),Compute Command 0,11178567083,38333
2103,python (3551),Command Buffer 0,11178608625,26125
2104,python (3551),Compute Command 0,11178610333,21833
2105,python (3551),Command Buffer 0,11178635791,1358167
2106,python (3551),Command Buffer 0,11180161250,60333
2107,python (3551),Compute Command 0,11180164291,50459
2108,python (3551),Command Buffer 0,11180226708,45958
2109,python (3551),Compute Command 0,11180228625,41375
2110,python (3551),Command Buffer 0,11180274000,28708
2111,python (3551),Compute Command 0,11180275666,24750
2112,python (3551),Command Buffer 0,11180304041,1297250
2113,python (3551),Command Buffer 0,11181687083,263042
2114,python (3551),Compute Command 0,11181853583,93750
2115,python (3551),Command Buffer 0,11181952750,8253875
