source_row_index,process,category,start_ns,duration_ns
0,python (3517),Command Buffer 0,10779186916,829500
1,python (3517),Compute Command 0,10779841291,161750
2,python (3517),Command Buffer 0,10780055833,3114917
3,python (3517),Command Buffer 0,10783351125,1053916
4,python (3517),Compute Command 0,10784156000,243500
5,python (3517),Command Buffer 0,10784408625,274375
6,python (3517),Compute Command 0,10784428583,245458
7,python (3517),Command Buffer 0,10784694750,120500
8,python (3517),Compute Command 0,10784710291,96709
9,python (3517),Command Buffer 0,10784826291,4878584
10,python (3517),Command Buffer 0,10789823708,67208
11,python (3517),Compute Command 0,10789831333,54875
12,python (3517),Command Buffer 0,10789893916,53875
13,python (3517),Compute Command 0,10789896833,47583
14,python (3517),Command Buffer 0,10789949916,32084
15,python (3517),Compute Command 0,10789952416,26584
16,python (3517),Command Buffer 0,10789983166,2532084
17,python (3517),Command Buffer 0,10792637958,60042
18,python (3517),Compute Command 0,10792642166,51584
19,python (3517),Command Buffer 0,10792701458,50042
20,python (3517),Compute Command 0,10792704333,43958
21,python (3517),Command Buffer 0,10792753875,32250
22,python (3517),Compute Command 0,10792756375,26208
23,python (3517),Command Buffer 0,10792788583,1287708
24,python (3517),Command Buffer 0,10794220875,53208
25,python (3517),Compute Command 0,10794223666,46875
26,python (3517),Command Buffer 0,10794276416,54417
27,python (3517),Compute Command 0,10794280041,47125
28,python (3517),Command Buffer 0,10794333166,34042
29,python (3517),Compute Command 0,10794335583,28250
30,python (3517),Command Buffer 0,10794370541,1133084
31,python (3517),Command Buffer 0,10795603250,46250
32,python (3517),Compute Command 0,10795605458,41500
33,python (3517),Command Buffer 0,10795651791,46917
34,python (3517),Compute Command 0,10795654125,41458
35,python (3517),Command Buffer 0,10795701375,65291
36,python (3517),Compute Command 0,10795703625,60708
37,python (3517),Command Buffer 0,10795768750,1030958
38,python (3517),Command Buffer 0,10796889208,45583
39,python (3517),Compute Command 0,10796891291,41042
40,python (3517),Command Buffer 0,10796937166,50625
41,python (3517),Compute Command 0,10796939500,45166
42,python (3517),Command Buffer 0,10796990208,29125
43,python (3517),Compute Command 0,10796992500,24458
44,python (3517),Command Buffer 0,10797021166,1139875
45,python (3517),Command Buffer 0,10798260500,44791
46,python (3517),Compute Command 0,10798262916,39875
47,python (3517),Command Buffer 0,10798307833,47708
48,python (3517),Compute Command 0,10798310125,42625
49,python (3517),Command Buffer 0,10798357500,29291
50,python (3517),Compute Command 0,10798359666,24334
51,python (3517),Command Buffer 0,10798388541,1063084
52,python (3517),Command Buffer 0,10799551291,60375
53,python (3517),Compute Command 0,10799554291,53834
54,python (3517),Command Buffer 0,10799615208,58500
55,python (3517),Compute Command 0,10799617875,43916
56,python (3517),Command Buffer 0,10799676416,33125
57,python (3517),Compute Command 0,10799678916,27625
58,python (3517),Command Buffer 0,10799710500,1869416
59,python (3517),Command Buffer 0,10801684375,55125
60,python (3517),Compute Command 0,10801688083,47000
61,python (3517),Command Buffer 0,10801742791,51375
62,python (3517),Compute Command 0,10801745791,44625
63,python (3517),Command Buffer 0,10801795500,33708
64,python (3517),Compute Command 0,10801797833,27750
65,python (3517),Command Buffer 0,10801831250,1128958
66,python (3517),Command Buffer 0,10803052916,43292
67,python (3517),Compute Command 0,10803054916,38875
68,python (3517),Command Buffer 0,10803098583,44750
69,python (3517),Compute Command 0,10803101125,39041
70,python (3517),Command Buffer 0,10803146208,27958
71,python (3517),Compute Command 0,10803148416,23084
72,python (3517),Command Buffer 0,10803176000,1128500
73,python (3517),Command Buffer 0,10804389875,41416
74,python (3517),Compute Command 0,10804391791,37042
75,python (3517),Command Buffer 0,10804433625,43000
76,python (3517),Compute Command 0,10804435833,38375
77,python (3517),Command Buffer 0,10804477541,27792
78,python (3517),Compute Command 0,10804479833,22917
79,python (3517),Command Buffer 0,10804507875,1339166
80,python (3517),Command Buffer 0,10805934958,50917
81,python (3517),Compute Command 0,10805937125,46125
82,python (3517),Command Buffer 0,10805988375,43708
83,python (3517),Compute Command 0,10805990791,38709
84,python (3517),Command Buffer 0,10806033000,35583
85,python (3517),Compute Command 0,10806043333,23125
86,python (3517),Command Buffer 0,10806070583,1013667
87,python (3517),Command Buffer 0,10807166208,47167
88,python (3517),Compute Command 0,10807168250,42666
89,python (3517),Command Buffer 0,10807218416,43584
90,python (3517),Compute Command 0,10807220708,38958
91,python (3517),Command Buffer 0,10807262791,26625
92,python (3517),Compute Command 0,10807264458,22875
93,python (3517),Command Buffer 0,10807290291,1126917
94,python (3517),Command Buffer 0,10808513750,47375
95,python (3517),Compute Command 0,10808516250,41750
96,python (3517),Command Buffer 0,10808564375,45375
97,python (3517),Compute Command 0,10808566875,40250
98,python (3517),Command Buffer 0,10808610666,31834
99,python (3517),Compute Command 0,10808612458,27583
100,python (3517),Command Buffer 0,10808644416,1288917
101,python (3517),Command Buffer 0,10810017000,42000
102,python (3517),Compute Command 0,10810019041,37417
103,python (3517),Command Buffer 0,10810061208,43500
104,python (3517),Compute Command 0,10810063458,38833
105,python (3517),Command Buffer 0,10810105583,28667
106,python (3517),Compute Command 0,10810107500,24208
107,python (3517),Command Buffer 0,10810135208,1138625
108,python (3517),Command Buffer 0,10811367166,43875
109,python (3517),Compute Command 0,10811369250,39208
110,python (3517),Command Buffer 0,10811413291,43459
111,python (3517),Compute Command 0,10811415541,38167
112,python (3517),Command Buffer 0,10811458583,28958
113,python (3517),Compute Command 0,10811460791,24125
114,python (3517),Command Buffer 0,10811489625,1411750
115,python (3517),Command Buffer 0,10813011041,47209
116,python (3517),Compute Command 0,10813013708,41458
117,python (3517),Command Buffer 0,10813061333,47750
118,python (3517),Compute Command 0,10813063916,42500
119,python (3517),Command Buffer 0,10813109958,31208
120,python (3517),Compute Command 0,10813111708,26458
121,python (3517),Command Buffer 0,10813142208,1114125
122,python (3517),Command Buffer 0,10814346458,42583
123,python (3517),Compute Command 0,10814348583,37792
124,python (3517),Command Buffer 0,10814391541,42959
125,python (3517),Compute Command 0,10814393875,38166
126,python (3517),Command Buffer 0,10814435416,26542
127,python (3517),Compute Command 0,10814437583,21833
128,python (3517),Command Buffer 0,10814463791,1079417
129,python (3517),Command Buffer 0,10815635750,49708
130,python (3517),Compute Command 0,10815638125,44416
131,python (3517),Command Buffer 0,10815688625,45166
132,python (3517),Compute Command 0,10815690833,40417
133,python (3517),Command Buffer 0,10815734583,25375
134,python (3517),Compute Command 0,10815736250,21458
135,python (3517),Command Buffer 0,10815760791,1069542
136,python (3517),Command Buffer 0,10816916291,45167
137,python (3517),Compute Command 0,10816918291,40625
138,python (3517),Command Buffer 0,10816966583,41167
139,python (3517),Compute Command 0,10816968666,36667
140,python (3517),Command Buffer 0,10817008708,26875
141,python (3517),Compute Command 0,10817010875,22083
142,python (3517),Command Buffer 0,10817038291,1177750
143,python (3517),Command Buffer 0,10818320500,49666
144,python (3517),Compute Command 0,10818323416,43792
145,python (3517),Command Buffer 0,10818372875,44625
146,python (3517),Compute Command 0,10818374958,39875
147,python (3517),Command Buffer 0,10818419916,31167
148,python (3517),Compute Command 0,10818421875,26750
149,python (3517),Command Buffer 0,10818452000,1030875
150,python (3517),Command Buffer 0,10819597666,62542
151,python (3517),Compute Command 0,10819601208,55250
152,python (3517),Command Buffer 0,10819663291,46167
153,python (3517),Compute Command 0,10819665833,41042
154,python (3517),Command Buffer 0,10819711416,26834
155,python (3517),Compute Command 0,10819713208,22250
156,python (3517),Command Buffer 0,10819740083,1278667
157,python (3517),Command Buffer 0,10821145708,66125
158,python (3517),Compute Command 0,10821150333,56917
159,python (3517),Command Buffer 0,10821214541,68500
160,python (3517),Compute Command 0,10821216875,62666
161,python (3517),Command Buffer 0,10821286708,30250
162,python (3517),Compute Command 0,10821289083,25083
163,python (3517),Command Buffer 0,10821318791,986584
164,python (3517),Command Buffer 0,10822405666,47084
165,python (3517),Compute Command 0,10822408041,42125
166,python (3517),Command Buffer 0,10822458541,43000
167,python (3517),Compute Command 0,10822460500,38291
168,python (3517),Command Buffer 0,10822502458,24458
169,python (3517),Compute Command 0,10822504166,20625
170,python (3517),Command Buffer 0,10822527791,972000
171,python (3517),Command Buffer 0,10823596000,47250
172,python (3517),Compute Command 0,10823598666,41292
173,python (3517),Command Buffer 0,10823645416,46167
174,python (3517),Compute Command 0,10823647458,41333
175,python (3517),Command Buffer 0,10823693125,24875
176,python (3517),Compute Command 0,10823695041,20542
177,python (3517),Command Buffer 0,10823720208,961042
178,python (3517),Command Buffer 0,10824764875,47750
179,python (3517),Compute Command 0,10824767000,42833
180,python (3517),Command Buffer 0,10824817750,40958
181,python (3517),Compute Command 0,10824819666,36542
182,python (3517),Command Buffer 0,10824859541,23709
183,python (3517),Compute Command 0,10824861250,19833
184,python (3517),Command Buffer 0,10824884000,1005541
185,python (3517),Command Buffer 0,10825981666,45125
186,python (3517),Compute Command 0,10825983750,40541
187,python (3517),Command Buffer 0,10826029208,41292
188,python (3517),Compute Command 0,10826031000,37000
189,python (3517),Command Buffer 0,10826071333,23417
190,python (3517),Compute Command 0,10826072958,19750
191,python (3517),Command Buffer 0,10826095541,1039125
192,python (3517),Command Buffer 0,10827228333,44125
193,python (3517),Compute Command 0,10827230416,39542
194,python (3517),Command Buffer 0,10827274791,41417
195,python (3517),Compute Command 0,10827276583,37250
196,python (3517),Command Buffer 0,10827318333,23708
197,python (3517),Compute Command 0,10827320375,19541
198,python (3517),Command Buffer 0,10827344125,1382208
199,python (3517),Command Buffer 0,10828817875,54333
200,python (3517),Compute Command 0,10828819916,49625
201,python (3517),Command Buffer 0,10828874583,44500
202,python (3517),Compute Command 0,10828876416,40250
203,python (3517),Command Buffer 0,10828919916,23209
204,python (3517),Compute Command 0,10828921583,19458
205,python (3517),Command Buffer 0,10828945500,1072208
206,python (3517),Command Buffer 0,10830107791,45417
207,python (3517),Compute Command 0,10830109791,40959
208,python (3517),Command Buffer 0,10830155916,40834
209,python (3517),Compute Command 0,10830157750,36583
210,python (3517),Command Buffer 0,10830198833,23250
211,python (3517),Compute Command 0,10830200541,19417
212,python (3517),Command Buffer 0,10830224333,1014583
213,python (3517),Command Buffer 0,10831321500,43875
214,python (3517),Compute Command 0,10831323541,39250
215,python (3517),Command Buffer 0,10831371041,42209
216,python (3517),Compute Command 0,10831372916,37792
217,python (3517),Command Buffer 0,10831414125,30958
218,python (3517),Compute Command 0,10831420041,22834
219,python (3517),Command Buffer 0,10831445875,960666
220,python (3517),Command Buffer 0,10832496333,46167
221,python (3517),Compute Command 0,10832498833,40958
222,python (3517),Command Buffer 0,10832547125,41500
223,python (3517),Compute Command 0,10832549083,37083
224,python (3517),Command Buffer 0,10832589458,24167
225,python (3517),Compute Command 0,10832591208,20292
226,python (3517),Command Buffer 0,10832614416,1129792
227,python (3517),Command Buffer 0,10833824875,46541
228,python (3517),Compute Command 0,10833826833,42083
229,python (3517),Command Buffer 0,10833876583,49625
230,python (3517),Compute Command 0,10833878458,44750
231,python (3517),Command Buffer 0,10833927250,25625
232,python (3517),Compute Command 0,10833929416,21375
233,python (3517),Command Buffer 0,10833954583,1065667
234,python (3517),Command Buffer 0,10835108250,44791
235,python (3517),Compute Command 0,10835110250,40291
236,python (3517),Command Buffer 0,10835155375,43041
237,python (3517),Compute Command 0,10835157500,37791
238,python (3517),Command Buffer 0,10835200666,26125
239,python (3517),Compute Command 0,10835202791,21500
240,python (3517),Command Buffer 0,10835228541,1108417
241,python (3517),Command Buffer 0,10836430625,46958
242,python (3517),Compute Command 0,10836433250,41291
243,python (3517),Command Buffer 0,10836480125,44583
244,python (3517),Compute Command 0,10836482666,39375
245,python (3517),Command Buffer 0,10836525708,30292
246,python (3517),Compute Command 0,10836527708,25292
247,python (3517),Command Buffer 0,10836557041,1440709
248,python (3517),Command Buffer 0,10838078875,47750
249,python (3517),Compute Command 0,10838081041,42667
250,python (3517),Command Buffer 0,10838129291,49750
251,python (3517),Compute Command 0,10838131625,44791
252,python (3517),Command Buffer 0,10838180666,24834
253,python (3517),Compute Command 0,10838182458,20792
254,python (3517),Command Buffer 0,10838207791,1036042
255,python (3517),Command Buffer 0,10839335333,47375
256,python (3517),Compute Command 0,10839337625,42208
257,python (3517),Command Buffer 0,10839388333,44375
258,python (3517),Compute Command 0,10839390750,39416
259,python (3517),Command Buffer 0,10839433583,26292
260,python (3517),Compute Command 0,10839435291,22250
261,python (3517),Command Buffer 0,10839460666,1069750
262,python (3517),Command Buffer 0,10840625291,47875
263,python (3517),Compute Command 0,10840627625,42791
264,python (3517),Command Buffer 0,10840678666,45000
265,python (3517),Compute Command 0,10840681208,39917
266,python (3517),Command Buffer 0,10840724500,27208
267,python (3517),Compute Command 0,10840726333,23167
268,python (3517),Command Buffer 0,10840752541,1125250
269,python (3517),Command Buffer 0,10841967375,44000
270,python (3517),Compute Command 0,10841969583,39125
271,python (3517),Command Buffer 0,10842013625,44416
272,python (3517),Compute Command 0,10842016041,39459
273,python (3517),Command Buffer 0,10842058875,31583
274,python (3517),Compute Command 0,10842060625,27166
275,python (3517),Command Buffer 0,10842091458,1148333
276,python (3517),Command Buffer 0,10843338125,45250
277,python (3517),Compute Command 0,10843340333,40250
278,python (3517),Command Buffer 0,10843386041,47084
279,python (3517),Compute Command 0,10843388458,41417
280,python (3517),Command Buffer 0,10843435333,28292
281,python (3517),Compute Command 0,10843437666,23042
282,python (3517),Command Buffer 0,10843466375,1077750
283,python (3517),Command Buffer 0,10844627708,43458
284,python (3517),Compute Command 0,10844629791,38792
285,python (3517),Command Buffer 0,10844673375,46125
286,python (3517),Compute Command 0,10844675750,40416
287,python (3517),Command Buffer 0,10844721541,27709
288,python (3517),Compute Command 0,10844723791,22709
289,python (3517),Command Buffer 0,10844751000,1365833
290,python (3517),Command Buffer 0,10846206291,45834
291,python (3517),Compute Command 0,10846208500,40916
292,python (3517),Command Buffer 0,10846254458,49583
293,python (3517),Compute Command 0,10846256833,43917
294,python (3517),Command Buffer 0,10846306291,28125
295,python (3517),Compute Command 0,10846308541,23125
296,python (3517),Command Buffer 0,10846336291,1058167
297,python (3517),Command Buffer 0,10847488541,46334
298,python (3517),Compute Command 0,10847490666,41500
299,python (3517),Command Buffer 0,10847537416,46834
300,python (3517),Compute Command 0,10847539666,42084
301,python (3517),Command Buffer 0,10847585208,29042
302,python (3517),Compute Command 0,10847586916,24584
303,python (3517),Command Buffer 0,10847615291,1107084
304,python (3517),Command Buffer 0,10848824125,54458
305,python (3517),Compute Command 0,10848827166,48125
306,python (3517),Command Buffer 0,10848884166,46959
307,python (3517),Compute Command 0,10848886583,41750
308,python (3517),Command Buffer 0,10848932000,29625
309,python (3517),Compute Command 0,10848933875,25166
310,python (3517),Command Buffer 0,10848962541,1022542
311,python (3517),Command Buffer 0,10850075000,49916
312,python (3517),Compute Command 0,10850077291,44625
313,python (3517),Command Buffer 0,10850130458,47083
314,python (3517),Compute Command 0,10850132750,42083
315,python (3517),Command Buffer 0,10850178416,25750
316,python (3517),Compute Command 0,10850180208,21125
317,python (3517),Command Buffer 0,10850205958,1092208
318,python (3517),Command Buffer 0,10851388958,44292
319,python (3517),Compute Command 0,10851391166,39417
320,python (3517),Command Buffer 0,10851435625,44041
321,python (3517),Compute Command 0,10851437833,38583
322,python (3517),Command Buffer 0,10851483000,29166
323,python (3517),Compute Command 0,10851485458,23917
324,python (3517),Command Buffer 0,10851514833,1160417
325,python (3517),Command Buffer 0,10852763958,47125
326,python (3517),Compute Command 0,10852766000,42458
327,python (3517),Command Buffer 0,10852813416,47375
328,python (3517),Compute Command 0,10852815583,41917
329,python (3517),Command Buffer 0,10852862875,31791
330,python (3517),Compute Command 0,10852865125,26791
331,python (3517),Command Buffer 0,10852896750,1282625
332,python (3517),Command Buffer 0,10854270875,45458
333,python (3517),Compute Command 0,10854272958,40708
334,python (3517),Command Buffer 0,10854318750,49416
335,python (3517),Compute Command 0,10854321125,43833
336,python (3517),Command Buffer 0,10854370125,32875
337,python (3517),Compute Command 0,10854372375,27916
338,python (3517),Command Buffer 0,10854406875,1157750
339,python (3517),Command Buffer 0,10855662125,56958
340,python (3517),Compute Command 0,10855665666,49500
341,python (3517),Command Buffer 0,10855721750,55791
342,python (3517),Compute Command 0,10855724583,49625
343,python (3517),Command Buffer 0,10855778625,36958
344,python (3517),Compute Command 0,10855780458,32000
345,python (3517),Command Buffer 0,10855816541,1043417
346,python (3517),Command Buffer 0,10856954541,47084
347,python (3517),Compute Command 0,10856956666,42292
348,python (3517),Command Buffer 0,10857006583,42833
349,python (3517),Compute Command 0,10857008708,38125
350,python (3517),Command Buffer 0,10857050250,27000
351,python (3517),Compute Command 0,10857052041,23000
352,python (3517),Command Buffer 0,10857078083,1104250
353,python (3517),Command Buffer 0,10858265166,50125
354,python (3517),Compute Command 0,10858267458,45125
355,python (3517),Command Buffer 0,10858320375,44541
356,python (3517),Compute Command 0,10858322625,39708
357,python (3517),Command Buffer 0,10858365833,27458
358,python (3517),Compute Command 0,10858367791,23250
359,python (3517),Command Buffer 0,10858394083,1083375
360,python (3517),Command Buffer 0,10859575791,48292
361,python (3517),Compute Command 0,10859578458,42500
362,python (3517),Command Buffer 0,10859626750,46291
363,python (3517),Compute Command 0,10859629041,40500
364,python (3517),Command Buffer 0,10859675500,31958
365,python (3517),Compute Command 0,10859677791,26542
366,python (3517),Command Buffer 0,10859711375,1072125
367,python (3517),Command Buffer 0,10860880291,48875
368,python (3517),Compute Command 0,10860882500,43958
369,python (3517),Command Buffer 0,10860931750,46166
370,python (3517),Compute Command 0,10860933958,41083
371,python (3517),Command Buffer 0,10860978750,29375
372,python (3517),Compute Command 0,10860980583,24750
373,python (3517),Command Buffer 0,10861009916,1432500
374,python (3517),Command Buffer 0,10862547375,62125
375,python (3517),Compute Command 0,10862549625,56916
376,python (3517),Command Buffer 0,10862612000,47583
377,python (3517),Compute Command 0,10862614291,42459
378,python (3517),Command Buffer 0,10862661625,28375
379,python (3517),Compute Command 0,10862663541,24000
380,python (3517),Command Buffer 0,10862692000,1156083
381,python (3517),Command Buffer 0,10863948541,48000
382,python (3517),Compute Command 0,10863950875,42541
383,python (3517),Command Buffer 0,10863998791,50750
384,python (3517),Compute Command 0,10864001291,45459
385,python (3517),Command Buffer 0,10864051958,26458
386,python (3517),Compute Command 0,10864053958,21833
387,python (3517),Command Buffer 0,10864079375,1042666
388,python (3517),Command Buffer 0,10865221666,46375
389,python (3517),Compute Command 0,10865223916,41292
390,python (3517),Command Buffer 0,10865273458,45042
391,python (3517),Compute Command 0,10865275708,40208
392,python (3517),Command Buffer 0,10865319375,28041
393,python (3517),Compute Command 0,10865321291,23792
394,python (3517),Command Buffer 0,10865348291,1074917
395,python (3517),Command Buffer 0,10866518458,49750
396,python (3517),Compute Command 0,10866521000,44291
397,python (3517),Command Buffer 0,10866573500,44708
398,python (3517),Compute Command 0,10866576125,39416
399,python (3517),Command Buffer 0,10866619125,29875
400,python (3517),Compute Command 0,10866621000,25625
401,python (3517),Command Buffer 0,10866649916,1076125
402,python (3517),Command Buffer 0,10867821125,47333
403,python (3517),Compute Command 0,10867823375,42291
404,python (3517),Command Buffer 0,10867870916,44959
405,python (3517),Compute Command 0,10867873125,39333
406,python (3517),Command Buffer 0,10867919916,31500
407,python (3517),Compute Command 0,10867922416,26250
408,python (3517),Command Buffer 0,10867953708,1156208
409,python (3517),Command Buffer 0,10869201291,47250
410,python (3517),Compute Command 0,10869203708,41958
411,python (3517),Command Buffer 0,10869251125,48208
412,python (3517),Compute Command 0,10869253333,42667
413,python (3517),Command Buffer 0,10869301708,29333
414,python (3517),Compute Command 0,10869304083,24042
415,python (3517),Command Buffer 0,10870562833,45417
416,python (3517),Compute Command 0,10870565000,40458
417,python (3517),Command Buffer 0,10870610625,45375
418,python (3517),Compute Command 0,10870612833,40333
419,python (3517),Command Buffer 0,10870658166,30584
420,python (3517),Compute Command 0,10870660458,24917
421,python (3517),Command Buffer 0,10870690750,1241000
422,python (3517),Command Buffer 0,10872028458,50125
423,python (3517),Compute Command 0,10872030750,45166
424,python (3517),Command Buffer 0,10872080666,47834
425,python (3517),Compute Command 0,10872083166,42709
426,python (3517),Command Buffer 0,10872129416,26000
427,python (3517),Compute Command 0,10872131416,21625
428,python (3517),Command Buffer 0,10872156291,1039209
429,python (3517),Command Buffer 0,10873291875,47708
430,python (3517),Compute Command 0,10873294208,42542
431,python (3517),Command Buffer 0,10873344791,44792
432,python (3517),Compute Command 0,10873347000,39875
433,python (3517),Command Buffer 0,10873390458,27625
434,python (3517),Compute Command 0,10873392250,23583
435,python (3517),Command Buffer 0,10873418916,1081250
436,python (3517),Command Buffer 0,10874593583,48833
437,python (3517),Compute Command 0,10874595875,43791
438,python (3517),Command Buffer 0,10874647500,44916
439,python (3517),Compute Command 0,10874649791,40000
440,python (3517),Command Buffer 0,10874693291,27459
441,python (3517),Compute Command 0,10874695166,23334
442,python (3517),Command Buffer 0,10874721541,1076875
443,python (3517),Command Buffer 0,10875892166,45125
444,python (3517),Compute Command 0,10875894458,40125
445,python (3517),Command Buffer 0,10875939625,45625
446,python (3517),Compute Command 0,10875941833,40042
447,python (3517),Command Buffer 0,10875987666,29125
448,python (3517),Compute Command 0,10875989958,23958
449,python (3517),Command Buffer 0,10876020416,1113459
450,python (3517),Command Buffer 0,10877221416,47667
451,python (3517),Compute Command 0,10877223791,42459
452,python (3517),Command Buffer 0,10877271458,48333
453,python (3517),Compute Command 0,10877273750,43291
454,python (3517),Command Buffer 0,10877320708,31708
455,python (3517),Compute Command 0,10877322666,26750
456,python (3517),Command Buffer 0,10877354875,1328750
457,python (3517),Command Buffer 0,10878802375,48000
458,python (3517),Compute Command 0,10878804750,42708
459,python (3517),Command Buffer 0,10878853000,50958
460,python (3517),Compute Command 0,10878855291,45167
461,python (3517),Command Buffer 0,10878907916,31625
462,python (3517),Compute Command 0,10878910708,25875
463,python (3517),Command Buffer 0,10878941541,1130917
464,python (3517),Command Buffer 0,10880171375,51583
465,python (3517),Compute Command 0,10880173916,46167
466,python (3517),Command Buffer 0,10880228500,50458
467,python (3517),Compute Command 0,10880231250,44291
468,python (3517),Command Buffer 0,10880279916,33209
469,python (3517),Compute Command 0,10880288250,22458
470,python (3517),Command Buffer 0,10880314083,1074708
471,python (3517),Command Buffer 0,10881488250,52375
472,python (3517),Compute Command 0,10881490791,46625
473,python (3517),Command Buffer 0,10881545500,46541
474,python (3517),Compute Command 0,10881547916,41167
475,python (3517),Command Buffer 0,10881594666,31125
476,python (3517),Compute Command 0,10881597125,25416
477,python (3517),Command Buffer 0,10881627750,1061125
478,python (3517),Command Buffer 0,10882785166,51875
479,python (3517),Compute Command 0,10882787791,46292
480,python (3517),Command Buffer 0,10882842500,46750
481,python (3517),Compute Command 0,10882844791,41709
482,python (3517),Command Buffer 0,10882890208,27583
483,python (3517),Compute Command 0,10882892208,23125
484,python (3517),Command Buffer 0,10882918750,1083958
485,python (3517),Command Buffer 0,10884097208,49375
486,python (3517),Compute Command 0,10884099458,44292
487,python (3517),Command Buffer 0,10884149166,51834
488,python (3517),Compute Command 0,10884151500,46000
489,python (3517),Command Buffer 0,10884203333,31167
490,python (3517),Compute Command 0,10884205791,25667
491,python (3517),Command Buffer 0,10884236666,1090000
492,python (3517),Command Buffer 0,10885428208,49292
493,python (3517),Compute Command 0,10885430416,44250
494,python (3517),Command Buffer 0,10885479750,52875
495,python (3517),Compute Command 0,10885482083,47125
496,python (3517),Command Buffer 0,10885535000,30708
497,python (3517),Compute Command 0,10885537458,25333
498,python (3517),Command Buffer 0,10885568750,1575250
499,python (3517),Command Buffer 0,10887292791,60375
500,python (3517),Compute Command 0,10887295041,55209
501,python (3517),Command Buffer 0,10887355875,48625
502,python (3517),Compute Command 0,10887358208,42542
503,python (3517),Command Buffer 0,10887407208,31917
504,python (3517),Compute Command 0,10887409708,26333
505,python (3517),Command Buffer 0,10887441541,1137834
506,python (3517),Command Buffer 0,10888678916,52917
507,python (3517),Compute Command 0,10888681166,47709
508,python (3517),Command Buffer 0,10888734083,49250
509,python (3517),Compute Command 0,10888736625,43916
510,python (3517),Command Buffer 0,10888784208,26875
511,python (3517),Compute Command 0,10888786208,22458
512,python (3517),Command Buffer 0,10888812666,1073125
513,python (3517),Command Buffer 0,10889982666,48167
514,python (3517),Compute Command 0,10889984958,43000
515,python (3517),Command Buffer 0,10890036000,46208
516,python (3517),Compute Command 0,10890038416,41042
517,python (3517),Command Buffer 0,10890083125,28708
518,python (3517),Compute Command 0,10890085000,24541
519,python (3517),Command Buffer 0,10890112791,1098542
520,python (3517),Command Buffer 0,10891315791,50792
521,python (3517),Compute Command 0,10891318041,45750
522,python (3517),Command Buffer 0,10891371958,46542
523,python (3517),Compute Command 0,10891374208,41542
524,python (3517),Command Buffer 0,10891419375,28583
525,python (3517),Compute Command 0,10891421291,24375
526,python (3517),Command Buffer 0,10891448833,1075042
527,python (3517),Command Buffer 0,10892618041,49250
528,python (3517),Compute Command 0,10892620541,43625
529,python (3517),Command Buffer 0,10892670541,48459
530,python (3517),Compute Command 0,10892673250,42958
531,python (3517),Command Buffer 0,10892719916,35000
532,python (3517),Compute Command 0,10892721958,30417
533,python (3517),Command Buffer 0,10892758208,1050667
534,python (3517),Command Buffer 0,10893907458,50417
535,python (3517),Compute Command 0,10893910083,44667
536,python (3517),Command Buffer 0,10893960833,54417
537,python (3517),Compute Command 0,10893963208,48750
538,python (3517),Command Buffer 0,10894017583,32000
539,python (3517),Compute Command 0,10894020166,26834
540,python (3517),Command Buffer 0,10894050583,1360958
541,python (3517),Command Buffer 0,10895510541,50959
542,python (3517),Compute Command 0,10895512833,45833
543,python (3517),Command Buffer 0,10895567375,46916
544,python (3517),Compute Command 0,10895569708,41833
545,python (3517),Command Buffer 0,10895615250,29166
546,python (3517),Compute Command 0,10895617208,24542
547,python (3517),Command Buffer 0,10895646583,1184167
548,python (3517),Command Buffer 0,10896931791,63625
549,python (3517),Compute Command 0,10896934791,56292
550,python (3517),Command Buffer 0,10896998708,50792
551,python (3517),Compute Command 0,10897001541,45084
552,python (3517),Command Buffer 0,10897050583,31667
553,python (3517),Compute Command 0,10897052708,27000
554,python (3517),Command Buffer 0,10897083250,1115416
555,python (3517),Command Buffer 0,10898297583,53833
556,python (3517),Compute Command 0,10898300083,48250
557,python (3517),Command Buffer 0,10898356916,49750
558,python (3517),Compute Command 0,10898359333,44208
559,python (3517),Command Buffer 0,10898407708,34708
560,python (3517),Compute Command 0,10898410000,29208
561,python (3517),Command Buffer 0,10898445583,1069458
562,python (3517),Command Buffer 0,10899617666,54292
563,python (3517),Compute Command 0,10899620125,48625
564,python (3517),Command Buffer 0,10899677375,49375
565,python (3517),Compute Command 0,10899679791,44084
566,python (3517),Command Buffer 0,10899727791,35334
567,python (3517),Compute Command 0,10899729833,30792
568,python (3517),Command Buffer 0,10899764083,1073042
569,python (3517),Command Buffer 0,10900941416,51334
570,python (3517),Compute Command 0,10900944000,45625
571,python (3517),Command Buffer 0,10900995208,51250
572,python (3517),Compute Command 0,10900997708,45167
573,python (3517),Command Buffer 0,10901049083,30083
574,python (3517),Compute Command 0,10901051666,24417
575,python (3517),Command Buffer 0,10901081333,1051958
576,python (3517),Command Buffer 0,10902237125,50041
577,python (3517),Compute Command 0,10902239541,44667
578,python (3517),Command Buffer 0,10902289916,51542
579,python (3517),Compute Command 0,10902292250,45666
580,python (3517),Command Buffer 0,10902343916,33500
581,python (3517),Compute Command 0,10902346500,27750
582,python (3517),Command Buffer 0,10903590708,51417
583,python (3517),Compute Command 0,10903593291,45584
584,python (3517),Command Buffer 0,10903644708,52583
585,python (3517),Compute Command 0,10903647041,46625
586,python (3517),Command Buffer 0,10903701333,30167
587,python (3517),Compute Command 0,10903703875,24958
588,python (3517),Command Buffer 0,10903732416,1180125
589,python (3517),Command Buffer 0,10905013000,53541
590,python (3517),Compute Command 0,10905015333,48250
591,python (3517),Command Buffer 0,10905068875,51541
592,python (3517),Compute Command 0,10905074458,43125
593,python (3517),Command Buffer 0,10905121416,30667
594,python (3517),Compute Command 0,10905123541,25667
595,python (3517),Command Buffer 0,10905154125,1086083
596,python (3517),Command Buffer 0,10906349916,54500
597,python (3517),Compute Command 0,10906352416,48917
598,python (3517),Command Buffer 0,10906407000,48833
599,python (3517),Compute Command 0,10906409500,43500
600,python (3517),Command Buffer 0,10906456916,30250
601,python (3517),Compute Command 0,10906458916,25750
602,python (3517),Command Buffer 0,10906488125,1057916
603,python (3517),Command Buffer 0,10907649000,53541
604,python (3517),Compute Command 0,10907651458,47958
605,python (3517),Command Buffer 0,10907707875,49041
606,python (3517),Compute Command 0,10907710250,43666
607,python (3517),Command Buffer 0,10907757958,30792
608,python (3517),Compute Command 0,10907760041,25959
609,python (3517),Command Buffer 0,10907789708,1093875
610,python (3517),Command Buffer 0,10908994041,50959
611,python (3517),Compute Command 0,10908997000,44916
612,python (3517),Command Buffer 0,10909047666,50584
613,python (3517),Compute Command 0,10909050000,44583
614,python (3517),Command Buffer 0,10909100791,30167
615,python (3517),Compute Command 0,10909103333,24875
616,python (3517),Command Buffer 0,10909133000,1062708
617,python (3517),Command Buffer 0,10910302208,51833
618,python (3517),Compute Command 0,10910304541,46459
619,python (3517),Command Buffer 0,10910356416,56417
620,python (3517),Compute Command 0,10910358833,50333
621,python (3517),Command Buffer 0,10910416541,35334
622,python (3517),Compute Command 0,10910419208,29583
623,python (3517),Command Buffer 0,10911629583,51500
624,python (3517),Compute Command 0,10911632083,46000
625,python (3517),Command Buffer 0,10911683958,51250
626,python (3517),Compute Command 0,10911686791,45500
627,python (3517),Command Buffer 0,10911736208,28833
628,python (3517),Compute Command 0,10911738291,24209
629,python (3517),Command Buffer 0,10911766000,1296375
630,python (3517),Command Buffer 0,10913166541,53334
631,python (3517),Compute Command 0,10913169000,47708
632,python (3517),Command Buffer 0,10913222750,48791
633,python (3517),Compute Command 0,10913225125,43541
634,python (3517),Command Buffer 0,10913272875,31666
635,python (3517),Compute Command 0,10913274875,27041
636,python (3517),Command Buffer 0,10913305500,1133875
637,python (3517),Command Buffer 0,10914536583,56500
638,python (3517),Compute Command 0,10914539416,50500
639,python (3517),Command Buffer 0,10914596500,52375
640,python (3517),Compute Command 0,10914599333,46583
641,python (3517),Command Buffer 0,10914649916,29375
642,python (3517),Compute Command 0,10914652000,24708
643,python (3517),Command Buffer 0,10914680208,1124708
644,python (3517),Command Buffer 0,10915908791,56375
645,python (3517),Compute Command 0,10915911750,50041
646,python (3517),Command Buffer 0,10915970958,51500
647,python (3517),Compute Command 0,10915973416,46042
648,python (3517),Command Buffer 0,10916023375,36166
649,python (3517),Compute Command 0,10916025416,31459
650,python (3517),Command Buffer 0,10916060458,1094333
651,python (3517),Command Buffer 0,10917255083,51667
652,python (3517),Compute Command 0,10917257541,45875
653,python (3517),Command Buffer 0,10917309458,54208
654,python (3517),Compute Command 0,10917312208,48500
655,python (3517),Command Buffer 0,10917366083,31750
656,python (3517),Compute Command 0,10917368625,26625
657,python (3517),Command Buffer 0,10917399625,1036250
658,python (3517),Command Buffer 0,10918545750,57041
659,python (3517),Compute Command 0,10918548041,51792
660,python (3517),Command Buffer 0,10918605166,57667
661,python (3517),Compute Command 0,10918607875,52166
662,python (3517),Command Buffer 0,10918665000,34958
663,python (3517),Compute Command 0,10918667583,29833
664,python (3517),Command Buffer 0,10919874916,51959
665,python (3517),Compute Command 0,10919877583,46250
666,python (3517),Command Buffer 0,10919929916,51625
667,python (3517),Compute Command 0,10919932666,45917
668,python (3517),Command Buffer 0,10919983333,28333
669,python (3517),Compute Command 0,10919985458,23750
670,python (3517),Command Buffer 0,10920012583,1233417
671,python (3517),Command Buffer 0,10921367875,72458
672,python (3517),Compute Command 0,10921372666,62209
673,python (3517),Command Buffer 0,10921444625,60750
674,python (3517),Compute Command 0,10921447708,53542
675,python (3517),Command Buffer 0,10921506750,34125
676,python (3517),Compute Command 0,10921509041,28209
677,python (3517),Command Buffer 0,10921542958,1052542
678,python (3517),Command Buffer 0,10922773500,59708
679,python (3517),Compute Command 0,10922777416,52042
680,python (3517),Command Buffer 0,10922836625,53458
681,python (3517),Compute Command 0,10922839083,48042
682,python (3517),Command Buffer 0,10922891458,37417
683,python (3517),Compute Command 0,10922893833,32292
684,python (3517),Command Buffer 0,10922930875,994625
685,python (3517),Command Buffer 0,10924042916,68250
686,python (3517),Compute Command 0,10924047750,59000
687,python (3517),Command Buffer 0,10924115291,54667
688,python (3517),Compute Command 0,10924117875,48875
689,python (3517),Command Buffer 0,10924171750,29916
690,python (3517),Compute Command 0,10924174000,24750
691,python (3517),Command Buffer 0,10924205250,945791
692,python (3517),Command Buffer 0,10925255166,56584
693,python (3517),Compute Command 0,10925258375,49916
694,python (3517),Command Buffer 0,10925314416,50125
695,python (3517),Compute Command 0,10925316625,44958
696,python (3517),Command Buffer 0,10925366583,30333
697,python (3517),Compute Command 0,10925368625,25625
698,python (3517),Command Buffer 0,10925399333,1097375
699,python (3517),Command Buffer 0,10926673875,57166
700,python (3517),Compute Command 0,10926677458,50292
701,python (3517),Command Buffer 0,10926734416,51459
702,python (3517),Compute Command 0,10926736791,46125
703,python (3517),Command Buffer 0,10926787041,28875
704,python (3517),Compute Command 0,10926789125,24125
705,python (3517),Command Buffer 0,10926816916,1278250
706,python (3517),Command Buffer 0,10928211458,63667
707,python (3517),Compute Command 0,10928215583,55417
708,python (3517),Command Buffer 0,10928278125,52958
709,python (3517),Compute Command 0,10928281416,46459
710,python (3517),Command Buffer 0,10928333708,31250
711,python (3517),Compute Command 0,10928335875,26125
712,python (3517),Command Buffer 0,10928367708,1037875
713,python (3517),Command Buffer 0,10929511458,54167
714,python (3517),Compute Command 0,10929514666,47417
715,python (3517),Command Buffer 0,10929567958,49083
716,python (3517),Compute Command 0,10929570208,43833
717,python (3517),Command Buffer 0,10929618166,28209
718,python (3517),Compute Command 0,10929620125,23708
719,python (3517),Command Buffer 0,10929647333,1037875
720,python (3517),Command Buffer 0,10930794458,58208
721,python (3517),Compute Command 0,10930798000,50750
722,python (3517),Command Buffer 0,10930855875,48750
723,python (3517),Compute Command 0,10930858041,43667
724,python (3517),Command Buffer 0,10930905625,28750
725,python (3517),Compute Command 0,10930907625,24041
726,python (3517),Command Buffer 0,10930936333,1014708
727,python (3517),Command Buffer 0,10932047708,49542
728,python (3517),Compute Command 0,10932050208,44208
729,python (3517),Command Buffer 0,10932103208,46333
730,python (3517),Compute Command 0,10932105291,41625
731,python (3517),Command Buffer 0,10932150458,26625
732,python (3517),Compute Command 0,10932152333,22375
733,python (3517),Command Buffer 0,10932179541,949042
734,python (3517),Command Buffer 0,10933226500,50500
735,python (3517),Compute Command 0,10933228833,45167
736,python (3517),Command Buffer 0,10933281333,45000
737,python (3517),Compute Command 0,10933283375,40250
738,python (3517),Command Buffer 0,10933327250,25375
739,python (3517),Compute Command 0,10933329125,21166
740,python (3517),Command Buffer 0,10933353500,960916
741,python (3517),Command Buffer 0,10934409791,46167
742,python (3517),Compute Command 0,10934412125,41083
743,python (3517),Command Buffer 0,10934458791,45042
744,python (3517),Compute Command 0,10934460875,40041
745,python (3517),Command Buffer 0,10934506000,27083
746,python (3517),Compute Command 0,10934507958,22875
747,python (3517),Command Buffer 0,10934535333,924708
748,python (3517),Command Buffer 0,10935557000,46333
749,python (3517),Compute Command 0,10935559125,41458
750,python (3517),Command Buffer 0,10935605875,44375
751,python (3517),Compute Command 0,10935607791,39792
752,python (3517),Command Buffer 0,10935652458,25083
753,python (3517),Compute Command 0,10935654375,21000
754,python (3517),Command Buffer 0,10936693958,45750
755,python (3517),Compute Command 0,10936696041,40917
756,python (3517),Command Buffer 0,10936742291,44209
757,python (3517),Compute Command 0,10936744375,39541
758,python (3517),Command Buffer 0,10936788541,26250
759,python (3517),Compute Command 0,10936790541,22042
760,python (3517),Command Buffer 0,10936816416,1028875
761,python (3517),Command Buffer 0,10937930083,45875
762,python (3517),Compute Command 0,10937932208,41000
763,python (3517),Command Buffer 0,10937978583,43667
764,python (3517),Compute Command 0,10937980541,39167
765,python (3517),Command Buffer 0,10938023125,25041
766,python (3517),Compute Command 0,10938025041,20959
767,python (3517),Command Buffer 0,10938049041,885667
768,python (3517),Command Buffer 0,10939026166,46375
769,python (3517),Compute Command 0,10939028375,41416
770,python (3517),Command Buffer 0,10939075291,43959
771,python (3517),Compute Command 0,10939077250,39333
772,python (3517),Command Buffer 0,10939121666,25084
773,python (3517),Compute Command 0,10939123583,20958
774,python (3517),Command Buffer 0,10939148625,880666
775,python (3517),Command Buffer 0,10940115666,49250
776,python (3517),Compute Command 0,10940117916,44292
777,python (3517),Command Buffer 0,10940172208,44500
778,python (3517),Compute Command 0,10940174208,39958
779,python (3517),Command Buffer 0,10940217583,25167
780,python (3517),Compute Command 0,10940219500,21083
781,python (3517),Command Buffer 0,10940243583,895292
782,python (3517),Command Buffer 0,10941225750,49375
783,python (3517),Compute Command 0,10941228000,44458
784,python (3517),Command Buffer 0,10941281708,46042
785,python (3517),Compute Command 0,10941283750,41083
786,python (3517),Command Buffer 0,10941330333,26083
787,python (3517),Compute Command 0,10941332375,21791
788,python (3517),Command Buffer 0,10941359125,882291
789,python (3517),Command Buffer 0,10942334125,51833
790,python (3517),Compute Command 0,10942336750,46000
791,python (3517),Command Buffer 0,10942391583,47958
792,python (3517),Compute Command 0,10942393791,42750
793,python (3517),Command Buffer 0,10942441541,27334
794,python (3517),Compute Command 0,10942443500,22750
795,python (3517),Command Buffer 0,10942471416,956042
796,python (3517),Command Buffer 0,10943529333,51958
797,python (3517),Compute Command 0,10943531666,46750
798,python (3517),Command Buffer 0,10943586708,48292
799,python (3517),Compute Command 0,10943588791,43542
800,python (3517),Command Buffer 0,10943636000,26458
801,python (3517),Compute Command 0,10943637916,22209
802,python (3517),Command Buffer 0,10943663333,995292
803,python (3517),Command Buffer 0,10944754708,51375
804,python (3517),Compute Command 0,10944756958,46292
805,python (3517),Command Buffer 0,10944811541,50625
806,python (3517),Compute Command 0,10944813625,41125
807,python (3517),Command Buffer 0,10944863083,26167
808,python (3517),Compute Command 0,10944865041,21834
809,python (3517),Command Buffer 0,10944891250,967416
810,python (3517),Command Buffer 0,10945948416,47750
811,python (3517),Compute Command 0,10945950541,43042
812,python (3517),Command Buffer 0,10946001416,44167
813,python (3517),Compute Command 0,10946003875,39000
814,python (3517),Command Buffer 0,10946046375,26541
815,python (3517),Compute Command 0,10946048125,22416
816,python (3517),Command Buffer 0,10946074750,983333
817,python (3517),Command Buffer 0,10947148000,45708
818,python (3517),Compute Command 0,10947150125,40916
819,python (3517),Command Buffer 0,10947198833,43167
820,python (3517),Compute Command 0,10947201208,38333
821,python (3517),Command Buffer 0,10947242875,25833
822,python (3517),Compute Command 0,10947244583,22000
823,python (3517),Command Buffer 0,10947269500,998416
824,python (3517),Command Buffer 0,10948356666,45084
825,python (3517),Compute Command 0,10948358750,40458
826,python (3517),Command Buffer 0,10948406833,43667
827,python (3517),Compute Command 0,10948409250,38791
828,python (3517),Command Buffer 0,10948451333,25750
829,python (3517),Compute Command 0,10948453041,22000
830,python (3517),Command Buffer 0,10948477916,988792
831,python (3517),Command Buffer 0,10949555125,45458
832,python (3517),Compute Command 0,10949557125,40916
833,python (3517),Command Buffer 0,10949605541,43292
834,python (3517),Compute Command 0,10949607916,38459
835,python (3517),Command Buffer 0,10949649708,29417
836,python (3517),Compute Command 0,10949651416,25084
837,python (3517),Command Buffer 0,10949680125,965458
838,python (3517),Command Buffer 0,10950731500,46958
839,python (3517),Compute Command 0,10950733583,42375
840,python (3517),Command Buffer 0,10950780916,46709
841,python (3517),Compute Command 0,10950783291,41167
842,python (3517),Command Buffer 0,10950829541,26500
843,python (3517),Compute Command 0,10950831708,22292
844,python (3517),Command Buffer 0,10950856875,915458
845,python (3517),Command Buffer 0,10951861333,44833
846,python (3517),Compute Command 0,10951863333,40292
847,python (3517),Command Buffer 0,10951911291,43125
848,python (3517),Compute Command 0,10951914000,38000
849,python (3517),Command Buffer 0,10951955250,25416
850,python (3517),Compute Command 0,10951957041,21584
851,python (3517),Command Buffer 0,10951981458,953458
852,python (3517),Command Buffer 0,10953014333,45083
853,python (3517),Compute Command 0,10953016333,40583
854,python (3517),Command Buffer 0,10953064375,43791
855,python (3517),Compute Command 0,10953066666,39042
856,python (3517),Command Buffer 0,10953108958,25875
857,python (3517),Compute Command 0,10953110708,22083
858,python (3517),Command Buffer 0,10953135625,869125
859,python (3517),Command Buffer 0,10954092500,43708
860,python (3517),Compute Command 0,10954094708,38792
861,python (3517),Command Buffer 0,10954138791,43917
862,python (3517),Compute Command 0,10954141208,39042
863,python (3517),Command Buffer 0,10954183583,28583
864,python (3517),Compute Command 0,10954185333,24167
865,python (3517),Command Buffer 0,10954213250,908750
866,python (3517),Command Buffer 0,10955211083,48250
867,python (3517),Compute Command 0,10955213125,43625
868,python (3517),Command Buffer 0,10955264291,45292
869,python (3517),Compute Command 0,10955266666,40417
870,python (3517),Command Buffer 0,10955310416,26125
871,python (3517),Compute Command 0,10955312166,22292
872,python (3517),Command Buffer 0,10955337291,943334
873,python (3517),Command Buffer 0,10956377958,47458
874,python (3517),Compute Command 0,10956380583,41792
875,python (3517),Command Buffer 0,10956429166,45417
876,python (3517),Compute Command 0,10956431791,40125
877,python (3517),Command Buffer 0,10956475458,27958
878,python (3517),Compute Command 0,10956477208,23792
879,python (3517),Command Buffer 0,10956504250,893541
880,python (3517),Command Buffer 0,10957487875,48583
881,python (3517),Compute Command 0,10957489916,44000
882,python (3517),Command Buffer 0,10957539041,43959
883,python (3517),Compute Command 0,10957541416,39125
884,python (3517),Command Buffer 0,10957583791,25584
885,python (3517),Compute Command 0,10957585458,21833
886,python (3517),Command Buffer 0,10957610166,911125
887,python (3517),Command Buffer 0,10958618166,48834
888,python (3517),Compute Command 0,10958620416,43834
889,python (3517),Command Buffer 0,10958669416,48709
890,python (3517),Compute Command 0,10958671916,39459
891,python (3517),Command Buffer 0,10958719250,30250
892,python (3517),Compute Command 0,10958721541,25209
893,python (3517),Command Buffer 0,10958750500,972375
894,python (3517),Command Buffer 0,10959804166,44959
895,python (3517),Compute Command 0,10959806375,40125
896,python (3517),Command Buffer 0,10959854375,45125
897,python (3517),Compute Command 0,10959856750,40333
898,python (3517),Command Buffer 0,10959900333,26500
899,python (3517),Compute Command 0,10959902166,22542
900,python (3517),Command Buffer 0,10959927625,939041
901,python (3517),Command Buffer 0,10960945666,41875
902,python (3517),Compute Command 0,10960947541,37750
903,python (3517),Command Buffer 0,10960990000,39625
904,python (3517),Compute Command 0,10960992208,35250
905,python (3517),Command Buffer 0,10961030333,25083
906,python (3517),Compute Command 0,10961031875,21000
907,python (3517),Command Buffer 0,10961056333,938208
908,python (3517),Command Buffer 0,10962083958,38958
909,python (3517),Compute Command 0,10962085833,34792
910,python (3517),Command Buffer 0,10962127875,39708
911,python (3517),Compute Command 0,10962130000,35416
912,python (3517),Command Buffer 0,10962168250,24208
913,python (3517),Compute Command 0,10962169833,20125
914,python (3517),Command Buffer 0,10962193416,927584
915,python (3517),Command Buffer 0,10963211541,43459
916,python (3517),Compute Command 0,10963213416,39292
917,python (3517),Command Buffer 0,10963259958,39750
918,python (3517),Compute Command 0,10963262125,35458
919,python (3517),Command Buffer 0,10963300416,20375
920,python (3517),Compute Command 0,10963301916,17084
921,python (3517),Command Buffer 0,10963321541,870917
922,python (3517),Command Buffer 0,10964281791,37250
923,python (3517),Compute Command 0,10964283583,33250
924,python (3517),Command Buffer 0,10964324083,38958
925,python (3517),Compute Command 0,10964326000,34916
926,python (3517),Command Buffer 0,10964363750,26000
927,python (3517),Compute Command 0,10964365291,21917
928,python (3517),Command Buffer 0,10964390666,907417
929,python (3517),Command Buffer 0,10965386000,43833
930,python (3517),Compute Command 0,10965387916,39625
931,python (3517),Command Buffer 0,10965434666,39500
932,python (3517),Compute Command 0,10965436833,35125
933,python (3517),Command Buffer 0,10965474875,26041
934,python (3517),Compute Command 0,10965476375,21916
935,python (3517),Command Buffer 0,10965501833,901500
936,python (3517),Command Buffer 0,10966493458,38667
937,python (3517),Compute Command 0,10966495375,34333
938,python (3517),Command Buffer 0,10966537125,39416
939,python (3517),Compute Command 0,10966539208,35125
940,python (3517),Command Buffer 0,10966577333,26875
941,python (3517),Compute Command 0,10966578833,22750
942,python (3517),Command Buffer 0,10966605208,862000
943,python (3517),Command Buffer 0,10967541166,37542
944,python (3517),Compute Command 0,10967543000,33458
945,python (3517),Command Buffer 0,10967580791,38875
946,python (3517),Compute Command 0,10967582750,34666
947,python (3517),Command Buffer 0,10967620333,25750
948,python (3517),Compute Command 0,10967621875,21625
949,python (3517),Command Buffer 0,10967647041,798667
950,python (3517),Command Buffer 0,10968530541,39167
951,python (3517),Compute Command 0,10968532375,35041
952,python (3517),Command Buffer 0,10968572083,55208
953,python (3517),Compute Command 0,10968574416,49917
954,python (3517),Command Buffer 0,10968629791,31042
955,python (3517),Compute Command 0,10968631958,26167
956,python (3517),Command Buffer 0,10968663250,862625
957,python (3517),Command Buffer 0,10969625416,37500
958,python (3517),Compute Command 0,10969627208,33458
959,python (3517),Command Buffer 0,10969665000,39291
960,python (3517),Compute Command 0,10969667208,34958
961,python (3517),Command Buffer 0,10969705083,27875
962,python (3517),Compute Command 0,10969707166,23750
963,python (3517),Command Buffer 0,10969734833,818292
964,python (3517),Command Buffer 0,10970628708,37083
965,python (3517),Compute Command 0,10970630583,33000
966,python (3517),Command Buffer 0,10970667791,40042
967,python (3517),Compute Command 0,10970669875,34916
968,python (3517),Command Buffer 0,10970709458,28958
969,python (3517),Compute Command 0,10970711541,23959
970,python (3517),Command Buffer 0,10970740666,837000
971,python (3517),Command Buffer 0,10971657166,37667
972,python (3517),Compute Command 0,10971658958,33667
973,python (3517),Command Buffer 0,10971699791,38250
974,python (3517),Compute Command 0,10971701875,34083
975,python (3517),Command Buffer 0,10971738875,26166
976,python (3517),Compute Command 0,10971740291,22209
977,python (3517),Command Buffer 0,10971766041,839334
978,python (3517),Command Buffer 0,10972694541,41042
979,python (3517),Compute Command 0,10972696291,37042
980,python (3517),Command Buffer 0,10972740625,38916
981,python (3517),Compute Command 0,10972742750,34666
982,python (3517),Command Buffer 0,10972780333,25542
983,python (3517),Compute Command 0,10972781791,21542
984,python (3517),Command Buffer 0,10972806875,859541
985,python (3517),Command Buffer 0,10973752958,38125
986,python (3517),Compute Command 0,10973754750,34125
987,python (3517),Command Buffer 0,10973796125,39041
988,python (3517),Compute Command 0,10973798125,34916
989,python (3517),Command Buffer 0,10973835916,25417
990,python (3517),Compute Command 0,10973837458,21375
991,python (3517),Command Buffer 0,10973862291,838459
992,python (3517),Command Buffer 0,10974789125,42125
993,python (3517),Compute Command 0,10974790875,38166
994,python (3517),Command Buffer 0,10974836458,38750
995,python (3517),Compute Command 0,10974838500,34583
996,python (3517),Command Buffer 0,10974876041,26042
997,python (3517),Compute Command 0,10974877625,21958
998,python (3517),Command Buffer 0,10974903083,843542
999,python (3517),Command Buffer 0,10975834875,41500
1000,python (3517),Compute Command 0,10975836666,37500
1001,python (3517),Command Buffer 0,10975881416,38709
1002,python (3517),Compute Command 0,10975883416,34584
1003,python (3517),Command Buffer 0,10975920833,25583
1004,python (3517),Compute Command 0,10975922375,21458
1005,python (3517),Command Buffer 0,10975947333,890583
1006,python (3517),Command Buffer 0,10976926916,36959
1007,python (3517),Compute Command 0,10976928750,32916
1008,python (3517),Command Buffer 0,10976969125,39416
1009,python (3517),Compute Command 0,10976971208,35208
1010,python (3517),Command Buffer 0,10977009291,25125
1011,python (3517),Compute Command 0,10977010750,21166
1012,python (3517),Command Buffer 0,10977035375,886916
1013,python (3517),Command Buffer 0,10978011416,37917
1014,python (3517),Compute Command 0,10978013291,33792
1015,python (3517),Command Buffer 0,10978054416,39500
1016,python (3517),Compute Command 0,10978056416,35334
1017,python (3517),Command Buffer 0,10978094625,25583
1018,python (3517),Compute Command 0,10978096208,21500
1019,python (3517),Command Buffer 0,10978121250,891750
1020,python (3517),Command Buffer 0,10979103166,42125
1021,python (3517),Compute Command 0,10979105125,38000
1022,python (3517),Command Buffer 0,10979150541,40417
1023,python (3517),Compute Command 0,10979152833,35875
1024,python (3517),Command Buffer 0,10979191625,26708
1025,python (3517),Compute Command 0,10979193208,22458
1026,python (3517),Command Buffer 0,10979219250,858250
1027,python (3517),Command Buffer 0,10980167875,42333
1028,python (3517),Compute Command 0,10980169791,38250
1029,python (3517),Command Buffer 0,10980215416,46792
1030,python (3517),Compute Command 0,10980217416,42375
1031,python (3517),Command Buffer 0,10980263000,29250
1032,python (3517),Compute Command 0,10980264750,24958
1033,python (3517),Command Buffer 0,10980293166,861292
1034,python (3517),Command Buffer 0,10981245875,42416
1035,python (3517),Compute Command 0,10981248041,38042
1036,python (3517),Command Buffer 0,10981290625,41333
1037,python (3517),Compute Command 0,10981292666,37167
1038,python (3517),Command Buffer 0,10981332791,26625
1039,python (3517),Compute Command 0,10981334291,22625
1040,python (3517),Command Buffer 0,10981360291,865834
1041,python (3517),Command Buffer 0,10982314583,38208
1042,python (3517),Compute Command 0,10982316250,34250
1043,python (3517),Command Buffer 0,10982354958,39125
1044,python (3517),Compute Command 0,10982356958,35000
1045,python (3517),Command Buffer 0,10982394791,25459
1046,python (3517),Compute Command 0,10982396333,21375
1047,python (3517),Command Buffer 0,10982421208,862792
1048,python (3517),Command Buffer 0,10983373541,41584
1049,python (3517),Compute Command 0,10983375250,37750
1050,python (3517),Command Buffer 0,10983417708,39667
1051,python (3517),Compute Command 0,10983419750,35500
1052,python (3517),Command Buffer 0,10983458125,25791
1053,python (3517),Compute Command 0,10983459583,21792
1054,python (3517),Command Buffer 0,10983484833,822417
1055,python (3517),Command Buffer 0,10984386833,42792
1056,python (3517),Compute Command 0,10984388500,38875
1057,python (3517),Command Buffer 0,10984432083,39250
1058,python (3517),Compute Command 0,10984434083,35083
1059,python (3517),Command Buffer 0,10984472000,28541
1060,python (3517),Compute Command 0,10984473541,24459
1061,python (3517),Command Buffer 0,10984501458,842125
1062,python (3517),Command Buffer 0,10985431583,42500
1063,python (3517),Compute Command 0,10985433416,38459
1064,python (3517),Command Buffer 0,10985479083,39417
1065,python (3517),Compute Command 0,10985481000,35333
1066,python (3517),Command Buffer 0,10985519208,25458
1067,python (3517),Compute Command 0,10985520750,21375
1068,python (3517),Command Buffer 0,10985545625,862416
1069,python (3517),Command Buffer 0,10986489875,36791
1070,python (3517),Compute Command 0,10986491666,32917
1071,python (3517),Command Buffer 0,10986531916,38917
1072,python (3517),Compute Command 0,10986533833,34875
1073,python (3517),Command Buffer 0,10986571541,25584
1074,python (3517),Compute Command 0,10986573083,21500
1075,python (3517),Command Buffer 0,10986598041,858959
1076,python (3517),Command Buffer 0,10987546375,41750
1077,python (3517),Compute Command 0,10987548208,37750
1078,python (3517),Command Buffer 0,10987590375,39041
1079,python (3517),Compute Command 0,10987592375,34958
1080,python (3517),Command Buffer 0,10987630125,26125
1081,python (3517),Compute Command 0,10987631666,22042
1082,python (3517),Command Buffer 0,10987657166,859459
1083,python (3517),Command Buffer 0,10988610500,50875
1084,python (3517),Compute Command 0,10988612875,45458
1085,python (3517),Command Buffer 0,10988663666,49250
1086,python (3517),Compute Command 0,10988665875,44166
1087,python (3517),Command Buffer 0,10988713791,28084
1088,python (3517),Compute Command 0,10988715541,23834
1089,python (3517),Command Buffer 0,10988743541,852792
1090,python (3517),Command Buffer 0,10989685958,40792
1091,python (3517),Compute Command 0,10989687833,36792
1092,python (3517),Command Buffer 0,10989731791,39292
1093,python (3517),Compute Command 0,10989733916,35084
1094,python (3517),Command Buffer 0,10989771791,25417
1095,python (3517),Compute Command 0,10989773375,21333
1096,python (3517),Command Buffer 0,10989798166,863084
1097,python (3517),Command Buffer 0,10990745958,37042
1098,python (3517),Compute Command 0,10990747833,32958
1099,python (3517),Command Buffer 0,10990785125,39208
1100,python (3517),Compute Command 0,10990787166,34917
1101,python (3517),Command Buffer 0,10990825041,27417
1102,python (3517),Compute Command 0,10990826541,23375
1103,python (3517),Command Buffer 0,10990853458,856583
1104,python (3517),Command Buffer 0,10991798958,36708
1105,python (3517),Compute Command 0,10991800750,32791
1106,python (3517),Command Buffer 0,10991840750,41250
1107,python (3517),Compute Command 0,10991842666,37084
1108,python (3517),Command Buffer 0,10991882750,28541
1109,python (3517),Compute Command 0,10991885000,23750
1110,python (3517),Command Buffer 0,10991912958,1003833
1111,python (3517),Command Buffer 0,10993006583,41667
1112,python (3517),Compute Command 0,10993008333,37750
1113,python (3517),Command Buffer 0,10993053541,39000
1114,python (3517),Compute Command 0,10993055541,34792
1115,python (3517),Command Buffer 0,10993093208,25167
1116,python (3517),Compute Command 0,10993094666,21167
1117,python (3517),Command Buffer 0,10993119291,866875
1118,python (3517),Command Buffer 0,10994067958,41958
1119,python (3517),Compute Command 0,10994069666,38125
1120,python (3517),Command Buffer 0,10994114791,39167
1121,python (3517),Compute Command 0,10994116750,35083
1122,python (3517),Command Buffer 0,10994154708,27583
1123,python (3517),Compute Command 0,10994156625,23541
1124,python (3517),Command Buffer 0,10994184375,847875
1125,python (3517),Command Buffer 0,10995105750,41958
1126,python (3517),Compute Command 0,10995107625,37958
1127,python (3517),Command Buffer 0,10995152875,38666
1128,python (3517),Compute Command 0,10995154791,34667
1129,python (3517),Command Buffer 0,10995192250,25333
1130,python (3517),Compute Command 0,10995193750,21000
1131,python (3517),Command Buffer 0,10995218541,850584
1132,python (3517),Command Buffer 0,10996147750,39708
1133,python (3517),Compute Command 0,10996149500,32750
1134,python (3517),Command Buffer 0,10996189958,39625
1135,python (3517),Compute Command 0,10996192125,35333
1136,python (3517),Command Buffer 0,10996230333,25208
1137,python (3517),Compute Command 0,10996231833,21208
1138,python (3517),Command Buffer 0,10996256458,838958
1139,python (3517),Command Buffer 0,10997175875,45541
1140,python (3517),Compute Command 0,10997177583,41417
1141,python (3517),Command Buffer 0,10997223250,45916
1142,python (3517),Compute Command 0,10997225500,41250
1143,python (3517),Command Buffer 0,10997269958,23708
1144,python (3517),Compute Command 0,10997271541,20125
1145,python (3517),Command Buffer 0,10997294458,837750
1146,python (3517),Command Buffer 0,10998222750,45708
1147,python (3517),Compute Command 0,10998224500,41750
1148,python (3517),Command Buffer 0,10998273500,42083
1149,python (3517),Compute Command 0,10998275041,37625
1150,python (3517),Command Buffer 0,10998316500,24291
1151,python (3517),Compute Command 0,10998318583,19958
1152,python (3517),Command Buffer 0,10998342416,858084
1153,python (3517),Command Buffer 0,10999291583,40792
1154,python (3517),Compute Command 0,10999293208,36917
1155,python (3517),Command Buffer 0,10999337541,39584
1156,python (3517),Compute Command 0,10999339500,35416
1157,python (3517),Command Buffer 0,10999377750,25458
1158,python (3517),Compute Command 0,10999379291,21375
1159,python (3517),Command Buffer 0,10999404125,1025750
1160,python (3517),Command Buffer 0,11000522833,42042
1161,python (3517),Compute Command 0,11000524583,38083
1162,python (3517),Command Buffer 0,11000570083,39708
1163,python (3517),Compute Command 0,11000572250,35416
1164,python (3517),Command Buffer 0,11000610541,26584
1165,python (3517),Compute Command 0,11000612041,22542
1166,python (3517),Command Buffer 0,11000638125,779250
1167,python (3517),Command Buffer 0,11001502833,36375
1168,python (3517),Compute Command 0,11001504583,32458
1169,python (3517),Command Buffer 0,11001541166,42334
1170,python (3517),Compute Command 0,11001543125,37041
1171,python (3517),Command Buffer 0,11001585458,28792
1172,python (3517),Compute Command 0,11001587625,23958
1173,python (3517),Command Buffer 0,11001615916,751500
1174,python (3517),Command Buffer 0,11002444708,36292
1175,python (3517),Compute Command 0,11002446500,32291
1176,python (3517),Command Buffer 0,11002482958,40417
1177,python (3517),Compute Command 0,11002484916,35500
1178,python (3517),Command Buffer 0,11002525000,28333
1179,python (3517),Compute Command 0,11002527291,23500
1180,python (3517),Command Buffer 0,11002555041,787084
1181,python (3517),Command Buffer 0,11003428291,37375
1182,python (3517),Compute Command 0,11003430083,33375
1183,python (3517),Command Buffer 0,11003467750,45166
1184,python (3517),Compute Command 0,11003469958,40625
1185,python (3517),Command Buffer 0,11003513750,23166
1186,python (3517),Compute Command 0,11003515500,19291
1187,python (3517),Command Buffer 0,11003538291,775500
1188,python (3517),Command Buffer 0,11004401958,43125
1189,python (3517),Compute Command 0,11004403666,39209
1190,python (3517),Command Buffer 0,11004450333,39917
1191,python (3517),Compute Command 0,11004452458,35583
1192,python (3517),Command Buffer 0,11004491083,29292
1193,python (3517),Compute Command 0,11004492625,25083
1194,python (3517),Command Buffer 0,11004521375,838375
1195,python (3517),Command Buffer 0,11005448250,38458
1196,python (3517),Compute Command 0,11005450000,34541
1197,python (3517),Command Buffer 0,11005491750,45166
1198,python (3517),Compute Command 0,11005493916,40584
1199,python (3517),Command Buffer 0,11005537708,23625
1200,python (3517),Compute Command 0,11005539458,19792
1201,python (3517),Command Buffer 0,11005562083,751458
1202,python (3517),Command Buffer 0,11006402208,41208
1203,python (3517),Compute Command 0,11006404083,37042
1204,python (3517),Command Buffer 0,11006448833,45667
1205,python (3517),Compute Command 0,11006451083,40917
1206,python (3517),Command Buffer 0,11006495291,23500
1207,python (3517),Compute Command 0,11006497000,19666
1208,python (3517),Command Buffer 0,11006519583,760208
1209,python (3517),Command Buffer 0,11007358916,38834
1210,python (3517),Compute Command 0,11007360791,34667
1211,python (3517),Command Buffer 0,11007400125,48041
1212,python (3517),Compute Command 0,11007402375,43250
1213,python (3517),Command Buffer 0,11007450833,23958
1214,python (3517),Compute Command 0,11007452583,20083
1215,python (3517),Command Buffer 0,11007476208,831583
1216,python (3517),Command Buffer 0,11008399333,41000
1217,python (3517),Compute Command 0,11008401208,36792
1218,python (3517),Command Buffer 0,11008442916,44625
1219,python (3517),Compute Command 0,11008444916,39584
1220,python (3517),Command Buffer 0,11008488458,32042
1221,python (3517),Compute Command 0,11008490500,27625
1222,python (3517),Command Buffer 0,11008521458,839042
1223,python (3517),Command Buffer 0,11009455916,41167
1224,python (3517),Compute Command 0,11009458166,36334
1225,python (3517),Command Buffer 0,11009502500,41250
1226,python (3517),Compute Command 0,11009504583,36792
1227,python (3517),Command Buffer 0,11009544541,28792
1228,python (3517),Compute Command 0,11009546166,24209
1229,python (3517),Command Buffer 0,11009574416,862709
1230,python (3517),Command Buffer 0,11010525375,37291
1231,python (3517),Compute Command 0,11010527083,33417
1232,python (3517),Command Buffer 0,11010564791,39667
1233,python (3517),Compute Command 0,11010566750,35583
1234,python (3517),Command Buffer 0,11010605166,25792
1235,python (3517),Compute Command 0,11010606708,21667
1236,python (3517),Command Buffer 0,11010631958,844167
1237,python (3517),Command Buffer 0,11011555291,38042
1238,python (3517),Compute Command 0,11011557000,34125
1239,python (3517),Command Buffer 0,11011598375,39250
1240,python (3517),Compute Command 0,11011600291,35125
1241,python (3517),Command Buffer 0,11011638416,26167
1242,python (3517),Compute Command 0,11011639875,22083
1243,python (3517),Command Buffer 0,11011665500,859500
1244,python (3517),Command Buffer 0,11012615791,41792
1245,python (3517),Compute Command 0,11012617583,37833
1246,python (3517),Command Buffer 0,11012662791,42542
1247,python (3517),Compute Command 0,11012664916,37875
1248,python (3517),Command Buffer 0,11012706041,23375
1249,python (3517),Compute Command 0,11012707625,19500
1250,python (3517),Command Buffer 0,11012730333,859333
1251,python (3517),Command Buffer 0,11013683500,52458
1252,python (3517),Compute Command 0,11013686750,46333
1253,python (3517),Command Buffer 0,11013738458,47750
1254,python (3517),Compute Command 0,11013740875,42666
1255,python (3517),Command Buffer 0,11013787041,24792
1256,python (3517),Compute Command 0,11013788791,20709
1257,python (3517),Command Buffer 0,11013813416,817125
1258,python (3517),Command Buffer 0,11014720166,40959
1259,python (3517),Compute Command 0,11014722000,36958
1260,python (3517),Command Buffer 0,11014763500,40375
1261,python (3517),Compute Command 0,11014765583,36125
1262,python (3517),Command Buffer 0,11014804625,27375
1263,python (3517),Compute Command 0,11014806166,23292
1264,python (3517),Command Buffer 0,11014832958,859833
1265,python (3517),Command Buffer 0,11015789166,47542
1266,python (3517),Compute Command 0,11015791083,42625
1267,python (3517),Command Buffer 0,11015839000,42125
1268,python (3517),Compute Command 0,11015841083,37000
1269,python (3517),Command Buffer 0,11015883041,30000
1270,python (3517),Compute Command 0,11015885375,24875
1271,python (3517),Command Buffer 0,11015914750,839041
1272,python (3517),Command Buffer 0,11016848625,40250
1273,python (3517),Compute Command 0,11016850666,35667
1274,python (3517),Command Buffer 0,11016891416,41084
1275,python (3517),Compute Command 0,11016893500,36666
1276,python (3517),Command Buffer 0,11016933166,29875
1277,python (3517),Compute Command 0,11016934750,25541
1278,python (3517),Command Buffer 0,11016964041,933459
1279,python (3517),Command Buffer 0,11017992333,40417
1280,python (3517),Compute Command 0,11017994416,36042
1281,python (3517),Command Buffer 0,11018037500,39791
1282,python (3517),Compute Command 0,11018039583,35583
1283,python (3517),Command Buffer 0,11018078083,27417
1284,python (3517),Compute Command 0,11018079583,23292
1285,python (3517),Command Buffer 0,11018106458,794792
1286,python (3517),Command Buffer 0,11019000333,56667
1287,python (3517),Compute Command 0,11019002875,51083
1288,python (3517),Command Buffer 0,11019059416,46667
1289,python (3517),Compute Command 0,11019061583,42042
1290,python (3517),Command Buffer 0,11019106875,25208
1291,python (3517),Compute Command 0,11019108666,21375
1292,python (3517),Command Buffer 0,11019132833,790083
1293,python (3517),Command Buffer 0,11020010958,46042
1294,python (3517),Compute Command 0,11020012958,41708
1295,python (3517),Command Buffer 0,11020062458,51250
1296,python (3517),Compute Command 0,11020064708,45833
1297,python (3517),Command Buffer 0,11020114750,26708
1298,python (3517),Compute Command 0,11020116916,22167
1299,python (3517),Command Buffer 0,11020143250,756625
1300,python (3517),Command Buffer 0,11020996500,45000
1301,python (3517),Compute Command 0,11020998750,40166
1302,python (3517),Command Buffer 0,11021044125,45083
1303,python (3517),Compute Command 0,11021046083,40667
1304,python (3517),Command Buffer 0,11021090083,24208
1305,python (3517),Compute Command 0,11021091791,20375
1306,python (3517),Command Buffer 0,11021115125,757750
1307,python (3517),Command Buffer 0,11021973916,55292
1308,python (3517),Compute Command 0,11021976916,48792
1309,python (3517),Command Buffer 0,11022032208,47125
1310,python (3517),Compute Command 0,11022034500,41583
1311,python (3517),Command Buffer 0,11022080458,26792
1312,python (3517),Compute Command 0,11022082583,22375
1313,python (3517),Command Buffer 0,11022109250,765250
1314,python (3517),Command Buffer 0,11022979500,52833
1315,python (3517),Compute Command 0,11022982833,45375
1316,python (3517),Command Buffer 0,11023035166,50000
1317,python (3517),Compute Command 0,11023037625,44208
1318,python (3517),Command Buffer 0,11023086333,28833
1319,python (3517),Compute Command 0,11023088500,24250
1320,python (3517),Command Buffer 0,11023116708,753083
1321,python (3517),Command Buffer 0,11023958583,47625
1322,python (3517),Compute Command 0,11023961041,42292
1323,python (3517),Command Buffer 0,11024008583,43167
1324,python (3517),Compute Command 0,11024010458,38458
1325,python (3517),Command Buffer 0,11024052625,24833
1326,python (3517),Compute Command 0,11024054375,20791
1327,python (3517),Command Buffer 0,11024078375,767958
1328,python (3517),Command Buffer 0,11024931041,48750
1329,python (3517),Compute Command 0,11024933333,43792
1330,python (3517),Command Buffer 0,11024982166,43417
1331,python (3517),Compute Command 0,11024984125,38958
1332,python (3517),Command Buffer 0,11025026458,24625
1333,python (3517),Compute Command 0,11025028250,20500
1334,python (3517),Command Buffer 0,11025052083,767792
1335,python (3517),Command Buffer 0,11025909708,47917
1336,python (3517),Compute Command 0,11025912333,42167
1337,python (3517),Command Buffer 0,11025960458,44750
1338,python (3517),Compute Command 0,11025962416,40209
1339,python (3517),Command Buffer 0,11026006625,26125
1340,python (3517),Compute Command 0,11026008416,22042
1341,python (3517),Command Buffer 0,11026033583,806458
1342,python (3517),Command Buffer 0,11026931708,48000
1343,python (3517),Compute Command 0,11026934416,42542
1344,python (3517),Command Buffer 0,11026982166,45250
1345,python (3517),Compute Command 0,11026984083,40708
1346,python (3517),Command Buffer 0,11027028291,24709
1347,python (3517),Compute Command 0,11027030125,20541
1348,python (3517),Command Buffer 0,11027053875,756416
1349,python (3517),Command Buffer 0,11027904583,46500
1350,python (3517),Compute Command 0,11027907083,41125
1351,python (3517),Command Buffer 0,11027954541,41667
1352,python (3517),Compute Command 0,11027956500,37125
1353,python (3517),Command Buffer 0,11027998291,24500
1354,python (3517),Compute Command 0,11028000250,20208
1355,python (3517),Command Buffer 0,11028024833,742750
1356,python (3517),Command Buffer 0,11028852541,51959
1357,python (3517),Compute Command 0,11028855166,46584
1358,python (3517),Command Buffer 0,11028906833,43042
1359,python (3517),Compute Command 0,11028908750,38541
1360,python (3517),Command Buffer 0,11028950708,24708
1361,python (3517),Compute Command 0,11028952500,20750
1362,python (3517),Command Buffer 0,11028976250,748833
1363,python (3517),Command Buffer 0,11029807750,45708
1364,python (3517),Compute Command 0,11029810125,40833
1365,python (3517),Command Buffer 0,11029855833,42375
1366,python (3517),Compute Command 0,11029857708,38000
1367,python (3517),Command Buffer 0,11029899041,24792
1368,python (3517),Compute Command 0,11029900750,20958
1369,python (3517),Command Buffer 0,11029926083,737542
1370,python (3517),Command Buffer 0,11030753333,52958
1371,python (3517),Compute Command 0,11030755541,48167
1372,python (3517),Command Buffer 0,11030808375,42250
1373,python (3517),Compute Command 0,11030810291,37792
1374,python (3517),Command Buffer 0,11030851375,23916
1375,python (3517),Compute Command 0,11030853083,19958
1376,python (3517),Command Buffer 0,11030876125,754875
1377,python (3517),Command Buffer 0,11031719375,42875
1378,python (3517),Compute Command 0,11031721333,38375
1379,python (3517),Command Buffer 0,11031764916,40959
1380,python (3517),Compute Command 0,11031766791,36625
1381,python (3517),Command Buffer 0,11031806625,24041
1382,python (3517),Compute Command 0,11031808333,20208
1383,python (3517),Command Buffer 0,11031832833,745458
1384,python (3517),Command Buffer 0,11032659875,42791
1385,python (3517),Compute Command 0,11032662041,38125
1386,python (3517),Command Buffer 0,11032704791,41792
1387,python (3517),Compute Command 0,11032706583,37583
1388,python (3517),Command Buffer 0,11032747375,23500
1389,python (3517),Compute Command 0,11032749083,19667
1390,python (3517),Command Buffer 0,11032772833,739917
1391,python (3517),Command Buffer 0,11033606291,47209
1392,python (3517),Compute Command 0,11033609041,41625
1393,python (3517),Command Buffer 0,11033656125,42666
1394,python (3517),Compute Command 0,11033658166,38000
1395,python (3517),Command Buffer 0,11033701000,24791
1396,python (3517),Compute Command 0,11033703166,20334
1397,python (3517),Command Buffer 0,11033727666,740084
1398,python (3517),Command Buffer 0,11034554166,43459
1399,python (3517),Compute Command 0,11034556208,38958
1400,python (3517),Command Buffer 0,11034600208,42917
1401,python (3517),Compute Command 0,11034602041,38709
1402,python (3517),Command Buffer 0,11034645125,25875
1403,python (3517),Compute Command 0,11034646958,21833
1404,python (3517),Command Buffer 0,11034673083,718042
1405,python (3517),Command Buffer 0,11035477875,42958
1406,python (3517),Compute Command 0,11035479875,38541
1407,python (3517),Command Buffer 0,11035523208,43667
1408,python (3517),Compute Command 0,11035525375,39125
1409,python (3517),Command Buffer 0,11035569166,26542
1410,python (3517),Compute Command 0,11035571041,22417
1411,python (3517),Command Buffer 0,11035598166,799125
1412,python (3517),Command Buffer 0,11036477791,46417
1413,python (3517),Compute Command 0,11036479958,41667
1414,python (3517),Command Buffer 0,11036526416,44875
1415,python (3517),Compute Command 0,11036528625,40250
1416,python (3517),Command Buffer 0,11036572125,24083
1417,python (3517),Compute Command 0,11036573791,20292
1418,python (3517),Command Buffer 0,11036598166,754000
1419,python (3517),Command Buffer 0,11037430875,43583
1420,python (3517),Compute Command 0,11037432833,39125
1421,python (3517),Command Buffer 0,11037480125,40333
1422,python (3517),Compute Command 0,11037481916,36209
1423,python (3517),Command Buffer 0,11037521291,22917
1424,python (3517),Compute Command 0,11037523000,19208
1425,python (3517),Command Buffer 0,11037545000,747125
1426,python (3517),Command Buffer 0,11038376416,46667
1427,python (3517),Compute Command 0,11038378500,42041
1428,python (3517),Command Buffer 0,11038428666,41417
1429,python (3517),Compute Command 0,11038430458,37250
1430,python (3517),Command Buffer 0,11038470958,23458
1431,python (3517),Compute Command 0,11038472708,19667
1432,python (3517),Command Buffer 0,11038495291,755084
1433,python (3517),Command Buffer 0,11039340125,46083
1434,python (3517),Compute Command 0,11039342458,40917
1435,python (3517),Command Buffer 0,11039388500,42083
1436,python (3517),Compute Command 0,11039390375,37583
1437,python (3517),Command Buffer 0,11039431416,24667
1438,python (3517),Compute Command 0,11039433166,20625
1439,python (3517),Command Buffer 0,11039456916,753625
1440,python (3517),Command Buffer 0,11040294500,47750
1441,python (3517),Compute Command 0,11040296791,42750
1442,python (3517),Command Buffer 0,11040347625,41416
1443,python (3517),Compute Command 0,11040349416,37125
1444,python (3517),Command Buffer 0,11040389916,23209
1445,python (3517),Compute Command 0,11040391625,19333
1446,python (3517),Command Buffer 0,11040413958,753500
1447,python (3517),Command Buffer 0,11041243500,41833
1448,python (3517),Compute Command 0,11041245166,37959
1449,python (3517),Command Buffer 0,11041287625,36666
1450,python (3517),Compute Command 0,11041289166,33000
1451,python (3517),Command Buffer 0,11041325000,27291
1452,python (3517),Compute Command 0,11041326458,23292
1453,python (3517),Command Buffer 0,11041353208,788333
1454,python (3517),Command Buffer 0,11042232166,50834
1455,python (3517),Compute Command 0,11042234166,46375
1456,python (3517),Command Buffer 0,11042285166,40709
1457,python (3517),Compute Command 0,11042286958,36458
1458,python (3517),Command Buffer 0,11042326625,23166
1459,python (3517),Compute Command 0,11042328333,19458
1460,python (3517),Command Buffer 0,11042350541,761959
1461,python (3517),Command Buffer 0,11043204291,45875
1462,python (3517),Compute Command 0,11043206208,41542
1463,python (3517),Command Buffer 0,11043255750,41208
1464,python (3517),Compute Command 0,11043257458,37125
1465,python (3517),Command Buffer 0,11043297750,23000
1466,python (3517),Compute Command 0,11043299416,19292
1467,python (3517),Command Buffer 0,11043321500,761000
1468,python (3517),Command Buffer 0,11044168000,42541
1469,python (3517),Compute Command 0,11044169875,38166
1470,python (3517),Command Buffer 0,11044216041,40334
1471,python (3517),Compute Command 0,11044217791,36209
1472,python (3517),Command Buffer 0,11044257208,23875
1473,python (3517),Compute Command 0,11044258916,20209
1474,python (3517),Command Buffer 0,11044281875,757166
1475,python (3517),Command Buffer 0,11045128916,45417
1476,python (3517),Compute Command 0,11045130833,41042
1477,python (3517),Command Buffer 0,11045180000,40500
1478,python (3517),Compute Command 0,11045181791,36334
1479,python (3517),Command Buffer 0,11045221333,22625
1480,python (3517),Compute Command 0,11045223041,18959
1481,python (3517),Command Buffer 0,11045244666,757542
1482,python (3517),Command Buffer 0,11046077625,44833
1483,python (3517),Compute Command 0,11046079541,37584
1484,python (3517),Command Buffer 0,11046125541,40709
1485,python (3517),Compute Command 0,11046127250,36416
1486,python (3517),Command Buffer 0,11046167000,22500
1487,python (3517),Compute Command 0,11046168625,18916
1488,python (3517),Command Buffer 0,11046190250,753958
1489,python (3517),Command Buffer 0,11047030958,42833
1490,python (3517),Compute Command 0,11047033291,38084
1491,python (3517),Command Buffer 0,11047075708,40542
1492,python (3517),Compute Command 0,11047077541,36292
1493,python (3517),Command Buffer 0,11047117041,23209
1494,python (3517),Compute Command 0,11047118750,19458
1495,python (3517),Command Buffer 0,11047141000,762875
1496,python (3517),Command Buffer 0,11047989750,44375
1497,python (3517),Compute Command 0,11047991625,40125
1498,python (3517),Command Buffer 0,11048039916,40000
1499,python (3517),Compute Command 0,11048041791,35792
1500,python (3517),Command Buffer 0,11048080625,22541
1501,python (3517),Compute Command 0,11048082291,18875
1502,python (3517),Command Buffer 0,11048103916,756750
1503,python (3517),Command Buffer 0,11048937875,49250
1504,python (3517),Compute Command 0,11048939708,45042
1505,python (3517),Command Buffer 0,11048989875,40666
1506,python (3517),Compute Command 0,11048991625,36541
1507,python (3517),Command Buffer 0,11049031291,22542
1508,python (3517),Compute Command 0,11049032958,18917
1509,python (3517),Command Buffer 0,11049054541,759709
1510,python (3517),Command Buffer 0,11049904791,44792
1511,python (3517),Compute Command 0,11049906625,40583
1512,python (3517),Command Buffer 0,11049955208,40208
1513,python (3517),Compute Command 0,11049956916,36167
1514,python (3517),Command Buffer 0,11049996166,22667
1515,python (3517),Compute Command 0,11049997875,19041
1516,python (3517),Command Buffer 0,11050019541,759917
1517,python (3517),Command Buffer 0,11050866333,46458
1518,python (3517),Compute Command 0,11050868833,41042
1519,python (3517),Command Buffer 0,11050918500,43000
1520,python (3517),Compute Command 0,11050920500,38416
1521,python (3517),Command Buffer 0,11050962375,24625
1522,python (3517),Compute Command 0,11050964125,20625
1523,python (3517),Command Buffer 0,11050989083,736375
1524,python (3517),Command Buffer 0,11051811916,44459
1525,python (3517),Compute Command 0,11051813750,37166
1526,python (3517),Command Buffer 0,11051858833,40417
1527,python (3517),Compute Command 0,11051860916,36125
1528,python (3517),Command Buffer 0,11051899958,27250
1529,python (3517),Compute Command 0,11051901500,23083
1530,python (3517),Command Buffer 0,11051928208,872583
1531,python (3517),Command Buffer 0,11052893416,43834
1532,python (3517),Compute Command 0,11052895500,39291
1533,python (3517),Command Buffer 0,11052942791,40792
1534,python (3517),Compute Command 0,11052945083,36167
1535,python (3517),Command Buffer 0,11052984333,27458
1536,python (3517),Compute Command 0,11052985833,23208
1537,python (3517),Command Buffer 0,11053012791,774959
1538,python (3517),Command Buffer 0,11053876208,50958
1539,python (3517),Compute Command 0,11053878125,46291
1540,python (3517),Command Buffer 0,11053929041,45750
1541,python (3517),Compute Command 0,11053931333,41125
1542,python (3517),Command Buffer 0,11053975625,28125
1543,python (3517),Compute Command 0,11053977333,23833
1544,python (3517),Command Buffer 0,11054004708,846333
1545,python (3517),Command Buffer 0,11054928208,38375
1546,python (3517),Compute Command 0,11054930041,34375
1547,python (3517),Command Buffer 0,11054971708,39833
1548,python (3517),Compute Command 0,11054973791,35584
1549,python (3517),Command Buffer 0,11055012333,25417
1550,python (3517),Compute Command 0,11055013833,21292
1551,python (3517),Command Buffer 0,11055038750,782208
1552,python (3517),Command Buffer 0,11055910916,41459
1553,python (3517),Compute Command 0,11055912750,37291
1554,python (3517),Command Buffer 0,11055957625,46416
1555,python (3517),Compute Command 0,11055959958,41625
1556,python (3517),Command Buffer 0,11056004833,23708
1557,python (3517),Compute Command 0,11056006625,19791
1558,python (3517),Command Buffer 0,11056029333,750833
1559,python (3517),Command Buffer 0,11056861333,42708
1560,python (3517),Compute Command 0,11056863208,38583
1561,python (3517),Command Buffer 0,11056909291,45792
1562,python (3517),Compute Command 0,11056911541,41209
1563,python (3517),Command Buffer 0,11056955875,24208
1564,python (3517),Compute Command 0,11056957583,20458
1565,python (3517),Command Buffer 0,11056980833,753792
1566,python (3517),Command Buffer 0,11057826666,46084
1567,python (3517),Compute Command 0,11057829458,40750
1568,python (3517),Command Buffer 0,11057874958,46583
1569,python (3517),Compute Command 0,11057877250,41666
1570,python (3517),Command Buffer 0,11057923250,25416
1571,python (3517),Compute Command 0,11057925000,21375
1572,python (3517),Command Buffer 0,11057950333,872292
1573,python (3517),Command Buffer 0,11058917833,41375
1574,python (3517),Compute Command 0,11058919625,37375
1575,python (3517),Command Buffer 0,11058964666,39167
1576,python (3517),Compute Command 0,11058966708,34917
1577,python (3517),Command Buffer 0,11059004541,25125
1578,python (3517),Compute Command 0,11059006041,21084
1579,python (3517),Command Buffer 0,11059030625,759625
1580,python (3517),Command Buffer 0,11059876041,36334
1581,python (3517),Compute Command 0,11059877875,32291
1582,python (3517),Command Buffer 0,11059914583,41125
1583,python (3517),Compute Command 0,11059916583,36000
1584,python (3517),Command Buffer 0,11059958375,28916
1585,python (3517),Compute Command 0,11059960541,24042
1586,python (3517),Command Buffer 0,11059990416,742000
1587,python (3517),Command Buffer 0,11060821375,37291
1588,python (3517),Compute Command 0,11060823166,33334
1589,python (3517),Command Buffer 0,11060860625,44416
1590,python (3517),Compute Command 0,11060862625,39416
1591,python (3517),Command Buffer 0,11060907125,28583
1592,python (3517),Compute Command 0,11060909291,23792
1593,python (3517),Command Buffer 0,11060939041,1014917
1594,python (3517),Command Buffer 0,11062057958,41458
1595,python (3517),Compute Command 0,11062060083,36625
1596,python (3517),Command Buffer 0,11062102083,47458
1597,python (3517),Compute Command 0,11062104250,41875
1598,python (3517),Command Buffer 0,11062151875,32583
1599,python (3517),Compute Command 0,11062154166,27334
1600,python (3517),Command Buffer 0,11062187125,729208
1601,python (3517),Command Buffer 0,11063021083,46708
1602,python (3517),Compute Command 0,11063022916,42584
1603,python (3517),Command Buffer 0,11063074333,40292
1604,python (3517),Compute Command 0,11063076375,36041
1605,python (3517),Command Buffer 0,11063115375,26875
1606,python (3517),Compute Command 0,11063116916,22667
1607,python (3517),Command Buffer 0,11063143250,779791
1608,python (3517),Command Buffer 0,11064017625,41250
1609,python (3517),Compute Command 0,11064019583,37000
1610,python (3517),Command Buffer 0,11064060791,41625
1611,python (3517),Compute Command 0,11064062833,37208
1612,python (3517),Command Buffer 0,11064104125,28583
1613,python (3517),Compute Command 0,11064106291,23792
1614,python (3517),Command Buffer 0,11064134791,846792
1615,python (3517),Command Buffer 0,11065072666,40917
1616,python (3517),Compute Command 0,11065074625,36625
1617,python (3517),Command Buffer 0,11065118375,39416
1618,python (3517),Compute Command 0,11065120375,35250
1619,python (3517),Command Buffer 0,11065158625,26000
1620,python (3517),Compute Command 0,11065160166,21875
1621,python (3517),Command Buffer 0,11065185666,858750
1622,python (3517),Command Buffer 0,11066134708,42750
1623,python (3517),Compute Command 0,11066136750,38125
1624,python (3517),Command Buffer 0,11066182958,40958
1625,python (3517),Compute Command 0,11066185083,36500
1626,python (3517),Command Buffer 0,11066224666,27417
1627,python (3517),Compute Command 0,11066226166,23084
1628,python (3517),Command Buffer 0,11066253083,889792
1629,python (3517),Command Buffer 0,11067229833,37958
1630,python (3517),Compute Command 0,11067231583,33958
1631,python (3517),Command Buffer 0,11067269875,43416
1632,python (3517),Compute Command 0,11067271958,38292
1633,python (3517),Command Buffer 0,11067315125,27041
1634,python (3517),Compute Command 0,11067317500,22583
1635,python (3517),Command Buffer 0,11067343583,747667
1636,python (3517),Command Buffer 0,11068180125,36958
1637,python (3517),Compute Command 0,11068181875,33083
1638,python (3517),Command Buffer 0,11068219041,40959
1639,python (3517),Compute Command 0,11068221083,35917
1640,python (3517),Command Buffer 0,11068261833,31125
1641,python (3517),Compute Command 0,11068264250,26041
1642,python (3517),Command Buffer 0,11068295125,744750
1643,python (3517),Command Buffer 0,11069134625,39416
1644,python (3517),Compute Command 0,11069136625,35166
1645,python (3517),Command Buffer 0,11069175916,41500
1646,python (3517),Compute Command 0,11069177916,37334
1647,python (3517),Command Buffer 0,11069218250,30541
1648,python (3517),Compute Command 0,11069220500,26125
1649,python (3517),Command Buffer 0,11069250875,852958
1650,python (3517),Command Buffer 0,11070201291,44375
1651,python (3517),Compute Command 0,11070203666,38917
1652,python (3517),Command Buffer 0,11070248458,46667
1653,python (3517),Compute Command 0,11070250750,40541
1654,python (3517),Command Buffer 0,11070297541,32500
1655,python (3517),Compute Command 0,11070299916,27000
1656,python (3517),Command Buffer 0,11070331958,805958
1657,python (3517),Command Buffer 0,11071226000,38583
1658,python (3517),Compute Command 0,11071227833,34625
1659,python (3517),Command Buffer 0,11071269791,40209
1660,python (3517),Compute Command 0,11071271833,36000
1661,python (3517),Command Buffer 0,11071310750,27291
1662,python (3517),Compute Command 0,11071312291,23084
1663,python (3517),Command Buffer 0,11071339083,803917
1664,python (3517),Command Buffer 0,11072229833,37042
1665,python (3517),Compute Command 0,11072231666,32917
1666,python (3517),Command Buffer 0,11072269166,42625
1667,python (3517),Compute Command 0,11072271250,37583
1668,python (3517),Command Buffer 0,11072313541,29084
1669,python (3517),Compute Command 0,11072315833,24167
1670,python (3517),Command Buffer 0,11072345416,739500
1671,python (3517),Command Buffer 0,11073174541,38500
1672,python (3517),Compute Command 0,11073176250,34583
1673,python (3517),Command Buffer 0,11073215041,41542
1674,python (3517),Compute Command 0,11073217000,36583
1675,python (3517),Command Buffer 0,11073258708,29792
1676,python (3517),Compute Command 0,11073260958,25000
1677,python (3517),Command Buffer 0,11073291125,832750
1678,python (3517),Command Buffer 0,11074214000,37208
1679,python (3517),Compute Command 0,11074215791,33125
1680,python (3517),Command Buffer 0,11074253333,41542
1681,python (3517),Compute Command 0,11074255333,36583
1682,python (3517),Command Buffer 0,11074296625,28625
1683,python (3517),Compute Command 0,11074298875,23791
1684,python (3517),Command Buffer 0,11074327458,805792
1685,python (3517),Command Buffer 0,11075220750,37208
1686,python (3517),Compute Command 0,11075222666,33000
1687,python (3517),Command Buffer 0,11075260208,40708
1688,python (3517),Compute Command 0,11075262208,36167
1689,python (3517),Command Buffer 0,11075301791,30042
1690,python (3517),Compute Command 0,11075303666,25542
1691,python (3517),Command Buffer 0,11075333708,844500
1692,python (3517),Command Buffer 0,11076275333,40167
1693,python (3517),Compute Command 0,11076277083,36292
1694,python (3517),Command Buffer 0,11076320666,39584
1695,python (3517),Compute Command 0,11076322625,35500
1696,python (3517),Command Buffer 0,11076361041,26125
1697,python (3517),Compute Command 0,11076362583,22000
1698,python (3517),Command Buffer 0,11076388125,861333
1699,python (3517),Command Buffer 0,11077339500,42666
1700,python (3517),Compute Command 0,11077341208,38750
1701,python (3517),Command Buffer 0,11077387291,39834
1702,python (3517),Compute Command 0,11077389333,35625
1703,python (3517),Command Buffer 0,11077427875,26041
1704,python (3517),Compute Command 0,11077429375,22041
1705,python (3517),Command Buffer 0,11077454916,860292
1706,python (3517),Command Buffer 0,11078406958,40792
1707,python (3517),Compute Command 0,11078408750,36791
1708,python (3517),Command Buffer 0,11078452833,39500
1709,python (3517),Compute Command 0,11078454833,35292
1710,python (3517),Command Buffer 0,11078493041,25792
1711,python (3517),Compute Command 0,11078494583,21667
1712,python (3517),Command Buffer 0,11078519833,853333
1713,python (3517),Command Buffer 0,11079459125,38416
1714,python (3517),Compute Command 0,11079460916,34459
1715,python (3517),Command Buffer 0,11079502666,40125
1716,python (3517),Compute Command 0,11079504666,35625
1717,python (3517),Command Buffer 0,11079543500,31791
1718,python (3517),Compute Command 0,11079545000,27625
1719,python (3517),Command Buffer 0,11079576291,831167
1720,python (3517),Command Buffer 0,11080498166,41042
1721,python (3517),Compute Command 0,11080500000,36833
1722,python (3517),Command Buffer 0,11080543958,39292
1723,python (3517),Compute Command 0,11080545916,35167
1724,python (3517),Command Buffer 0,11080583958,26583
1725,python (3517),Compute Command 0,11080585541,22459
1726,python (3517),Command Buffer 0,11080611541,847417
1727,python (3517),Command Buffer 0,11081547458,42000
1728,python (3517),Compute Command 0,11081549291,38000
1729,python (3517),Command Buffer 0,11081594625,39458
1730,python (3517),Compute Command 0,11081596625,35333
1731,python (3517),Command Buffer 0,11081634875,25416
1732,python (3517),Compute Command 0,11081636375,21333
1733,python (3517),Command Buffer 0,11081661250,861000
1734,python (3517),Command Buffer 0,11082605125,41500
1735,python (3517),Compute Command 0,11082607208,36917
1736,python (3517),Command Buffer 0,11082651583,41542
1737,python (3517),Compute Command 0,11082653666,37250
1738,python (3517),Command Buffer 0,11082693875,28458
1739,python (3517),Compute Command 0,11082695416,24209
1740,python (3517),Command Buffer 0,11082723375,828666
1741,python (3517),Command Buffer 0,11083649250,38625
1742,python (3517),Compute Command 0,11083651208,34500
1743,python (3517),Command Buffer 0,11083690083,45000
1744,python (3517),Compute Command 0,11083692083,40208
1745,python (3517),Command Buffer 0,11083735958,31917
1746,python (3517),Compute Command 0,11083737916,27334
1747,python (3517),Command Buffer 0,11083770208,830750
1748,python (3517),Command Buffer 0,11084694541,41417
1749,python (3517),Compute Command 0,11084696291,37584
1750,python (3517),Command Buffer 0,11084741250,39791
1751,python (3517),Compute Command 0,11084743333,35583
1752,python (3517),Command Buffer 0,11084781791,26375
1753,python (3517),Compute Command 0,11084783416,22209
1754,python (3517),Command Buffer 0,11084809166,854417
1755,python (3517),Command Buffer 0,11085753041,42959
1756,python (3517),Compute Command 0,11085754833,38958
1757,python (3517),Command Buffer 0,11085801333,39000
1758,python (3517),Compute Command 0,11085803458,34708
1759,python (3517),Command Buffer 0,11085841041,26084
1760,python (3517),Compute Command 0,11085842541,21875
1761,python (3517),Command Buffer 0,11085868125,868666
1762,python (3517),Command Buffer 0,11086828583,42042
1763,python (3517),Compute Command 0,11086830416,37959
1764,python (3517),Command Buffer 0,11086876458,39542
1765,python (3517),Compute Command 0,11086878625,35208
1766,python (3517),Command Buffer 0,11086916708,25833
1767,python (3517),Compute Command 0,11086918208,21792
1768,python (3517),Command Buffer 0,11086943500,840041
1769,python (3517),Command Buffer 0,11087872166,41459
1770,python (3517),Compute Command 0,11087873958,37500
1771,python (3517),Command Buffer 0,11087918666,39334
1772,python (3517),Compute Command 0,11087920833,35042
1773,python (3517),Command Buffer 0,11087958708,28167
1774,python (3517),Compute Command 0,11087960166,24084
1775,python (3517),Command Buffer 0,11087987875,849083
1776,python (3517),Command Buffer 0,11088929583,37333
1777,python (3517),Compute Command 0,11088931458,33333
1778,python (3517),Command Buffer 0,11088968791,39459
1779,python (3517),Compute Command 0,11088970833,35167
1780,python (3517),Command Buffer 0,11089009041,28292
1781,python (3517),Compute Command 0,11089010625,24125
1782,python (3517),Command Buffer 0,11089039083,852958
1783,python (3517),Command Buffer 0,11089981208,41500
1784,python (3517),Compute Command 0,11089983000,37583
1785,python (3517),Command Buffer 0,11090027750,38958
1786,python (3517),Compute Command 0,11090029708,34875
1787,python (3517),Command Buffer 0,11090067416,25667
1788,python (3517),Compute Command 0,11090068916,21584
1789,python (3517),Command Buffer 0,11090094041,844334
1790,python (3517),Command Buffer 0,11091029625,42541
1791,python (3517),Compute Command 0,11091031583,38292
1792,python (3517),Command Buffer 0,11091076833,39500
1793,python (3517),Compute Command 0,11091078875,35250
1794,python (3517),Command Buffer 0,11091117083,26500
1795,python (3517),Compute Command 0,11091118583,22375
1796,python (3517),Command Buffer 0,11091144500,990375
1797,python (3517),Command Buffer 0,11092214583,41833
1798,python (3517),Compute Command 0,11092216375,37875
1799,python (3517),Command Buffer 0,11092261583,40083
1800,python (3517),Compute Command 0,11092263625,35875
1801,python (3517),Command Buffer 0,11092302416,27792
1802,python (3517),Compute Command 0,11092303875,23708
1803,python (3517),Command Buffer 0,11092331208,857625
1804,python (3517),Command Buffer 0,11093277166,38500
1805,python (3517),Compute Command 0,11093279791,33750
1806,python (3517),Command Buffer 0,11093320750,39166
1807,python (3517),Compute Command 0,11093322750,35041
1808,python (3517),Command Buffer 0,11093360583,25417
1809,python (3517),Compute Command 0,11093362125,21333
1810,python (3517),Command Buffer 0,11093386958,876458
1811,python (3517),Command Buffer 0,11094354208,41833
1812,python (3517),Compute Command 0,11094356208,37625
1813,python (3517),Command Buffer 0,11094401208,39708
1814,python (3517),Compute Command 0,11094403250,35583
1815,python (3517),Command Buffer 0,11094441666,26209
1816,python (3517),Compute Command 0,11094443166,22084
1817,python (3517),Command Buffer 0,11094468833,813875
1818,python (3517),Command Buffer 0,11095372333,41042
1819,python (3517),Compute Command 0,11095374041,37167
1820,python (3517),Command Buffer 0,11095418583,40333
1821,python (3517),Compute Command 0,11095420625,35833
1822,python (3517),Command Buffer 0,11095460666,27375
1823,python (3517),Compute Command 0,11095462916,23000
1824,python (3517),Command Buffer 0,11095490083,816167
1825,python (3517),Command Buffer 0,11096384750,41875
1826,python (3517),Compute Command 0,11096386625,37875
1827,python (3517),Command Buffer 0,11096431750,38791
1828,python (3517),Compute Command 0,11096433708,34708
1829,python (3517),Command Buffer 0,11096471208,27542
1830,python (3517),Compute Command 0,11096472708,23375
1831,python (3517),Command Buffer 0,11096499750,800333
1832,python (3517),Command Buffer 0,11097397500,42541
1833,python (3517),Compute Command 0,11097399500,38375
1834,python (3517),Command Buffer 0,11097441958,41125
1835,python (3517),Compute Command 0,11097444041,36709
1836,python (3517),Command Buffer 0,11097483958,28083
1837,python (3517),Compute Command 0,11097486125,23750
1838,python (3517),Command Buffer 0,11097514333,846542
1839,python (3517),Command Buffer 0,11098451041,41375
1840,python (3517),Compute Command 0,11098452833,37292
1841,python (3517),Command Buffer 0,11098497666,39250
1842,python (3517),Compute Command 0,11098499791,35000
1843,python (3517),Command Buffer 0,11098537666,26250
1844,python (3517),Compute Command 0,11098539125,22208
1845,python (3517),Command Buffer 0,11098564833,836208
1846,python (3517),Command Buffer 0,11099490416,44500
1847,python (3517),Compute Command 0,11099492291,40375
1848,python (3517),Command Buffer 0,11099540000,39583
1849,python (3517),Compute Command 0,11099542000,35458
1850,python (3517),Command Buffer 0,11099580291,26042
1851,python (3517),Compute Command 0,11099581791,21917
1852,python (3517),Command Buffer 0,11099607333,869250
1853,python (3517),Command Buffer 0,11100557666,44792
1854,python (3517),Compute Command 0,11100559375,40875
1855,python (3517),Command Buffer 0,11100604833,40750
1856,python (3517),Compute Command 0,11100606750,35875
1857,python (3517),Command Buffer 0,11100646583,26125
1858,python (3517),Compute Command 0,11100648666,21959
1859,python (3517),Command Buffer 0,11100673500,786166
1860,python (3517),Command Buffer 0,11101545750,37375
1861,python (3517),Compute Command 0,11101547666,33209
1862,python (3517),Command Buffer 0,11101585166,41834
1863,python (3517),Compute Command 0,11101587208,36708
1864,python (3517),Command Buffer 0,11101629041,30125
1865,python (3517),Compute Command 0,11101631208,25250
1866,python (3517),Command Buffer 0,11101662416,739125
1867,python (3517),Command Buffer 0,11102487541,37167
1868,python (3517),Compute Command 0,11102489333,33125
1869,python (3517),Command Buffer 0,11102526791,39625
1870,python (3517),Compute Command 0,11102528750,35083
1871,python (3517),Command Buffer 0,11102568208,27375
1872,python (3517),Compute Command 0,11102570375,23125
1873,python (3517),Command Buffer 0,11102597333,827042
1874,python (3517),Command Buffer 0,11103512208,47833
1875,python (3517),Compute Command 0,11103513958,43875
1876,python (3517),Command Buffer 0,11103562208,40542
1877,python (3517),Compute Command 0,11103564166,35959
1878,python (3517),Command Buffer 0,11103604500,29291
1879,python (3517),Compute Command 0,11103606583,24542
1880,python (3517),Command Buffer 0,11103635916,795792
1881,python (3517),Command Buffer 0,11104515208,43583
1882,python (3517),Compute Command 0,11104516958,39667
1883,python (3517),Command Buffer 0,11104563666,39250
1884,python (3517),Compute Command 0,11104565625,35166
1885,python (3517),Command Buffer 0,11104603625,26166
1886,python (3517),Compute Command 0,11104605125,22166
1887,python (3517),Command Buffer 0,11104630750,828083
1888,python (3517),Command Buffer 0,11105549625,37833
1889,python (3517),Compute Command 0,11105551500,33750
1890,python (3517),Command Buffer 0,11105589916,40167
1891,python (3517),Compute Command 0,11105591958,36000
1892,python (3517),Command Buffer 0,11105630833,26875
1893,python (3517),Compute Command 0,11105632416,22750
1894,python (3517),Command Buffer 0,11105658708,860458
1895,python (3517),Command Buffer 0,11106610583,41542
1896,python (3517),Compute Command 0,11106612500,37416
1897,python (3517),Command Buffer 0,11106657291,39792
1898,python (3517),Compute Command 0,11106659291,35542
1899,python (3517),Command Buffer 0,11106697791,26709
1900,python (3517),Compute Command 0,11106699375,22541
1901,python (3517),Command Buffer 0,11106725500,829333
1902,python (3517),Command Buffer 0,11107639541,41417
1903,python (3517),Compute Command 0,11107641250,37583
1904,python (3517),Command Buffer 0,11107682708,39000
1905,python (3517),Compute Command 0,11107684666,34959
1906,python (3517),Command Buffer 0,11107722500,26208
1907,python (3517),Compute Command 0,11107723958,22208
1908,python (3517),Command Buffer 0,11107749708,1011250
1909,python (3517),Command Buffer 0,11108850666,42375
1910,python (3517),Compute Command 0,11108852416,38459
1911,python (3517),Command Buffer 0,11108898291,38667
1912,python (3517),Compute Command 0,11108900416,34375
1913,python (3517),Command Buffer 0,11108937708,25750
1914,python (3517),Compute Command 0,11108939208,21667
1915,python (3517),Command Buffer 0,11108964416,867459
1916,python (3517),Command Buffer 0,11109922291,44334
1917,python (3517),Compute Command 0,11109924083,40292
1918,python (3517),Command Buffer 0,11109971833,45125
1919,python (3517),Compute Command 0,11109974208,40375
1920,python (3517),Command Buffer 0,11110017750,27083
1921,python (3517),Compute Command 0,11110019500,22916
1922,python (3517),Command Buffer 0,11110045666,860167
1923,python (3517),Command Buffer 0,11110995458,41042
1924,python (3517),Compute Command 0,11110997208,37167
1925,python (3517),Command Buffer 0,11111041708,38875
1926,python (3517),Compute Command 0,11111043666,34792
1927,python (3517),Command Buffer 0,11111081250,25958
1928,python (3517),Compute Command 0,11111082875,21791
1929,python (3517),Command Buffer 0,11111108166,873584
1930,python (3517),Command Buffer 0,11112071875,43250
1931,python (3517),Compute Command 0,11112073625,39250
1932,python (3517),Command Buffer 0,11112120083,39292
1933,python (3517),Compute Command 0,11112122208,35000
1934,python (3517),Command Buffer 0,11112160041,26250
1935,python (3517),Compute Command 0,11112161625,22041
1936,python (3517),Command Buffer 0,11112187208,844667
1937,python (3517),Command Buffer 0,11113121166,41625
1938,python (3517),Compute Command 0,11113122958,37708
1939,python (3517),Command Buffer 0,11113167833,38583
1940,python (3517),Compute Command 0,11113169916,34334
1941,python (3517),Command Buffer 0,11113207125,24958
1942,python (3517),Compute Command 0,11113208625,20958
1943,python (3517),Command Buffer 0,11113233041,845375
1944,python (3517),Command Buffer 0,11114167875,41041
1945,python (3517),Compute Command 0,11114169833,36958
1946,python (3517),Command Buffer 0,11114214416,39292
1947,python (3517),Compute Command 0,11114216375,35208
1948,python (3517),Command Buffer 0,11114254416,26000
1949,python (3517),Compute Command 0,11114255916,21250
1950,python (3517),Command Buffer 0,11114281416,852000
1951,python (3517),Command Buffer 0,11115224041,41417
1952,python (3517),Compute Command 0,11115225916,37209
1953,python (3517),Command Buffer 0,11115270458,39458
1954,python (3517),Compute Command 0,11115272541,35250
1955,python (3517),Command Buffer 0,11115310625,25375
1956,python (3517),Compute Command 0,11115312208,21250
1957,python (3517),Command Buffer 0,11115336916,862792
1958,python (3517),Command Buffer 0,11116279166,37667
1959,python (3517),Compute Command 0,11116280833,33750
1960,python (3517),Command Buffer 0,11116321958,39208
1961,python (3517),Compute Command 0,11116323916,35125
1962,python (3517),Command Buffer 0,11116361833,25333
1963,python (3517),Compute Command 0,11116363333,21250
1964,python (3517),Command Buffer 0,11116388125,834041
1965,python (3517),Command Buffer 0,11117313666,41709
1966,python (3517),Compute Command 0,11117315333,37875
1967,python (3517),Command Buffer 0,11117360500,38958
1968,python (3517),Compute Command 0,11117362583,34708
1969,python (3517),Command Buffer 0,11117400166,25875
1970,python (3517),Compute Command 0,11117401625,21875
1971,python (3517),Command Buffer 0,11117427000,866958
1972,python (3517),Command Buffer 0,11118374666,46292
1973,python (3517),Compute Command 0,11118376500,41333
1974,python (3517),Command Buffer 0,11118423291,42209
1975,python (3517),Compute Command 0,11118425500,37583
1976,python (3517),Command Buffer 0,11118466375,25500
1977,python (3517),Compute Command 0,11118468041,21834
1978,python (3517),Command Buffer 0,11118492625,783125
1979,python (3517),Command Buffer 0,11119374583,50583
1980,python (3517),Compute Command 0,11119377208,45208
1981,python (3517),Command Buffer 0,11119427333,41667
1982,python (3517),Compute Command 0,11119429125,37458
1983,python (3517),Command Buffer 0,11119469791,24167
1984,python (3517),Compute Command 0,11119471583,20250
1985,python (3517),Command Buffer 0,11119494750,779666
1986,python (3517),Command Buffer 0,11120363250,42916
1987,python (3517),Compute Command 0,11120365125,38750
1988,python (3517),Command Buffer 0,11120411416,46667
1989,python (3517),Compute Command 0,11120413666,42000
1990,python (3517),Command Buffer 0,11120458875,23333
1991,python (3517),Compute Command 0,11120460625,19541
1992,python (3517),Command Buffer 0,11120482916,779834
1993,python (3517),Command Buffer 0,11121350541,42250
1994,python (3517),Compute Command 0,11121352375,38166
1995,python (3517),Command Buffer 0,11121397083,46708
1996,python (3517),Compute Command 0,11121399333,42042
1997,python (3517),Command Buffer 0,11121444583,23625
1998,python (3517),Compute Command 0,11121446291,19834
1999,python (3517),Command Buffer 0,11121469000,762500
2000,python (3517),Command Buffer 0,11122322708,53792
2001,python (3517),Compute Command 0,11122325250,48083
2002,python (3517),Command Buffer 0,11122379000,44208
2003,python (3517),Compute Command 0,11122381250,39458
2004,python (3517),Command Buffer 0,11122424000,24708
2005,python (3517),Compute Command 0,11122425750,20375
2006,python (3517),Command Buffer 0,11122450916,769334
2007,python (3517),Command Buffer 0,11123306708,47875
2008,python (3517),Compute Command 0,11123309083,42625
2009,python (3517),Command Buffer 0,11123357541,44167
2010,python (3517),Compute Command 0,11123359458,39583
2011,python (3517),Command Buffer 0,11123403291,24959
2012,python (3517),Compute Command 0,11123405083,20875
2013,python (3517),Command Buffer 0,11123430166,752459
2014,python (3517),Command Buffer 0,11124292583,51667
2015,python (3517),Compute Command 0,11124295541,45417
2016,python (3517),Command Buffer 0,11124346833,50083
2017,python (3517),Compute Command 0,11124349083,44792
2018,python (3517),Command Buffer 0,11124398041,24792
2019,python (3517),Compute Command 0,11124400208,20500
2020,python (3517),Command Buffer 0,11124423708,758208
2021,python (3517),Command Buffer 0,11125285375,52666
2022,python (3517),Compute Command 0,11125288125,47041
2023,python (3517),Command Buffer 0,11125340541,49709
2024,python (3517),Compute Command 0,11125342916,44625
2025,python (3517),Command Buffer 0,11125392250,29375
2026,python (3517),Compute Command 0,11125394583,24667
2027,python (3517),Command Buffer 0,11125422708,737833
2028,python (3517),Command Buffer 0,11126261625,59541
2029,python (3517),Compute Command 0,11126264458,53375
2030,python (3517),Command Buffer 0,11126323791,51084
2031,python (3517),Compute Command 0,11126326125,45541
2032,python (3517),Command Buffer 0,11126376708,26667
2033,python (3517),Compute Command 0,11126379208,21833
2034,python (3517),Command Buffer 0,11126404458,741125
2035,python (3517),Command Buffer 0,11127232666,49959
2036,python (3517),Compute Command 0,11127235125,40958
2037,python (3517),Command Buffer 0,11127285041,42875
2038,python (3517),Compute Command 0,11127286875,38541
2039,python (3517),Command Buffer 0,11127328708,24667
2040,python (3517),Compute Command 0,11127330500,20708
2041,python (3517),Command Buffer 0,11127354208,783708
2042,python (3517),Command Buffer 0,11128232916,55959
2043,python (3517),Compute Command 0,11128236208,49750
2044,python (3517),Command Buffer 0,11128291250,43416
2045,python (3517),Compute Command 0,11128293208,38917
2046,python (3517),Command Buffer 0,11128335541,25459
2047,python (3517),Compute Command 0,11128337416,21334
2048,python (3517),Command Buffer 0,11128361875,766958
2049,python (3517),Command Buffer 0,11129215041,50584
2050,python (3517),Compute Command 0,11129217750,45125
2051,python (3517),Command Buffer 0,11129267791,44500
2052,python (3517),Compute Command 0,11129269625,40041
2053,python (3517),Command Buffer 0,11129313250,24500
2054,python (3517),Compute Command 0,11129315041,20542
2055,python (3517),Command Buffer 0,11129338583,763542
2056,python (3517),Command Buffer 0,11130185208,45292
2057,python (3517),Compute Command 0,11130187250,40666
2058,python (3517),Command Buffer 0,11130232583,42792
2059,python (3517),Compute Command 0,11130234375,38500
2060,python (3517),Command Buffer 0,11130276208,25625
2061,python (3517),Compute Command 0,11130277958,21667
2062,python (3517),Command Buffer 0,11130302625,759791
2063,python (3517),Command Buffer 0,11131159708,48250
2064,python (3517),Compute Command 0,11131162500,42541
2065,python (3517),Command Buffer 0,11131210541,45625
2066,python (3517),Compute Command 0,11131212458,41208
2067,python (3517),Command Buffer 0,11131257208,25583
2068,python (3517),Compute Command 0,11131258958,21625
2069,python (3517),Command Buffer 0,11131285041,735334
2070,python (3517),Command Buffer 0,11132112791,45250
2071,python (3517),Compute Command 0,11132115125,40250
2072,python (3517),Command Buffer 0,11132160166,43125
2073,python (3517),Compute Command 0,11132161958,38875
2074,python (3517),Command Buffer 0,11132204166,24125
2075,python (3517),Compute Command 0,11132205958,20208
2076,python (3517),Command Buffer 0,11132229083,756375
2077,python (3517),Command Buffer 0,11133069083,45750
2078,python (3517),Compute Command 0,11133071291,40875
2079,python (3517),Command Buffer 0,11133116833,42875
2080,python (3517),Compute Command 0,11133118708,38500
2081,python (3517),Command Buffer 0,11133160500,24666
2082,python (3517),Compute Command 0,11133162333,20625
2083,python (3517),Command Buffer 0,11133185916,768167
2084,python (3517),Command Buffer 0,11134034416,44334
2085,python (3517),Compute Command 0,11134036666,39542
2086,python (3517),Command Buffer 0,11134081083,43375
2087,python (3517),Compute Command 0,11134083000,38625
2088,python (3517),Command Buffer 0,11134126750,24791
2089,python (3517),Compute Command 0,11134129375,20000
2090,python (3517),Command Buffer 0,11134152375,733250
2091,python (3517),Command Buffer 0,11134978833,44750
2092,python (3517),Compute Command 0,11134981083,39917
2093,python (3517),Command Buffer 0,11135025625,42291
2094,python (3517),Compute Command 0,11135027458,37917
2095,python (3517),Command Buffer 0,11135069833,24333
2096,python (3517),Compute Command 0,11135071666,20292
2097,python (3517),Command Buffer 0,11135095875,728041
2098,python (3517),Command Buffer 0,11135912625,46333
2099,python (3517),Compute Command 0,11135914791,41625
2100,python (3517),Command Buffer 0,11135961208,43375
2101,python (3517),Compute Command 0,11135962958,39083
2102,python (3517),Command Buffer 0,11136006750,24125
2103,python (3517),Compute Command 0,11136008541,20167
2104,python (3517),Command Buffer 0,11136031708,809125
2105,python (3517),Command Buffer 0,11136925750,45125
2106,python (3517),Compute Command 0,11136928291,40084
2107,python (3517),Command Buffer 0,11136973208,42125
2108,python (3517),Compute Command 0,11136975041,37792
2109,python (3517),Command Buffer 0,11137017333,25625
2110,python (3517),Compute Command 0,11137019083,21708
2111,python (3517),Command Buffer 0,11137044958,747292
2112,python (3517),Command Buffer 0,11137871625,43291
2113,python (3517),Compute Command 0,11137873625,38791
2114,python (3517),Command Buffer 0,11137917166,42042
2115,python (3517),Compute Command 0,11137919000,37750
2116,python (3517),Command Buffer 0,11137960000,23666
2117,python (3517),Compute Command 0,11137961750,19791
2118,python (3517),Command Buffer 0,11137985750,740166
2119,python (3517),Command Buffer 0,11138785750,242166
2120,python (3517),Compute Command 0,11138941083,83958
2121,python (3517),Command Buffer 0,11139033625,8222625
