source_row_index,process,category,start_ns,duration_ns
0,python (8633),Command Buffer 0,11998729375,1916291
1,python (8633),Compute Command 0,12000023041,602709
2,python (8633),Command Buffer 0,12000689833,6947292
3,python (8633),Compute Command 0,12007597083,32167
4,python (8633),Command Buffer 0,12007645125,815875
5,python (8633),Compute Command 0,12008439458,17833
6,python (8633),Command Buffer 0,12008465291,395750
7,python (8633),Compute Command 0,12008844458,13833
8,python (8633),Command Buffer 0,12008864625,372083
9,python (8633),Compute Command 0,12009219291,14959
10,python (8633),Command Buffer 0,12009240041,434750
11,python (8633),Compute Command 0,12009660125,12208
12,python (8633),Command Buffer 0,12009679791,484625
13,python (8633),Compute Command 0,12010140125,19291
14,python (8633),Command Buffer 0,12010169166,391667
15,python (8633),Compute Command 0,12010541541,15459
16,python (8633),Command Buffer 0,12010564791,425834
17,python (8633),Compute Command 0,12010906041,81542
18,python (8633),Command Buffer 0,12010994333,610708
19,python (8633),Compute Command 0,12011576333,25917
20,python (8633),Command Buffer 0,12011608291,414709
21,python (8633),Compute Command 0,12012005750,14708
22,python (8633),Command Buffer 0,12012026208,362333
23,python (8633),Compute Command 0,12012370625,15416
24,python (8633),Command Buffer 0,12012391583,443708
25,python (8633),Compute Command 0,12012819500,13375
26,python (8633),Command Buffer 0,12012838666,344750
27,python (8633),Compute Command 0,12013168041,13084
28,python (8633),Command Buffer 0,12013186791,351042
29,python (8633),Compute Command 0,12013522291,13250
30,python (8633),Command Buffer 0,12013541166,427084
31,python (8633),Compute Command 0,12013952916,13084
32,python (8633),Command Buffer 0,12013971208,357167
33,python (8633),Compute Command 0,12014312958,13083
34,python (8633),Command Buffer 0,12014331541,427292
35,python (8633),Compute Command 0,12014742166,14375
36,python (8633),Command Buffer 0,12014761791,361375
37,python (8633),Compute Command 0,12015108833,12250
38,python (8633),Command Buffer 0,12015127125,358125
39,python (8633),Compute Command 0,12015470791,12250
40,python (8633),Command Buffer 0,12015488416,448750
41,python (8633),Compute Command 0,12015914166,11125
42,python (8633),Command Buffer 0,12015940375,649000
43,python (8633),Compute Command 0,12016574083,13167
44,python (8633),Command Buffer 0,12016592708,426125
45,python (8633),Compute Command 0,12017004125,12583
46,python (8633),Command Buffer 0,12017021333,357667
47,python (8633),Compute Command 0,12017364500,12125
48,python (8633),Command Buffer 0,12017382125,438791
49,python (8633),Compute Command 0,12017805916,12917
50,python (8633),Command Buffer 0,12017823916,379917
51,python (8633),Compute Command 0,12018189000,12291
52,python (8633),Command Buffer 0,12018214458,275333
53,python (8633),Compute Command 0,12018475750,11833
54,python (8633),Command Buffer 0,12018500041,268834
55,python (8633),Compute Command 0,12018752833,13167
56,python (8633),Command Buffer 0,12018780333,314875
57,python (8633),Compute Command 0,12019070333,20083
58,python (8633),Command Buffer 0,12019100458,341292
59,python (8633),Compute Command 0,12019424708,13875
60,python (8633),Command Buffer 0,12019445333,300500
61,python (8633),Compute Command 0,12019730500,12750
62,python (8633),Command Buffer 0,12019749375,269500
63,python (8633),Compute Command 0,12020002333,13667
64,python (8633),Command Buffer 0,12020021791,304584
65,python (8633),Compute Command 0,12020304541,17167
66,python (8633),Command Buffer 0,12020330833,337958
67,python (8633),Compute Command 0,12020644750,19458
68,python (8633),Command Buffer 0,12020673541,273500
69,python (8633),Compute Command 0,12020931333,13125
70,python (8633),Command Buffer 0,12020950583,270000
71,python (8633),Compute Command 0,12021205958,12375
72,python (8633),Command Buffer 0,12021223666,427584
73,python (8633),Compute Command 0,12021636291,12834
74,python (8633),Command Buffer 0,12021654000,443375
75,python (8633),Compute Command 0,12022083125,12208
76,python (8633),Command Buffer 0,12022100500,376125
77,python (8633),Compute Command 0,12022457458,15625
78,python (8633),Command Buffer 0,12022480375,426958
79,python (8633),Compute Command 0,12022890041,14500
80,python (8633),Command Buffer 0,12022910541,330917
81,python (8633),Compute Command 0,12023226750,12416
82,python (8633),Command Buffer 0,12023244333,350542
83,python (8633),Compute Command 0,12023579958,12583
84,python (8633),Command Buffer 0,12023597875,441708
85,python (8633),Compute Command 0,12024023083,14125
86,python (8633),Command Buffer 0,12024042625,353708
87,python (8633),Compute Command 0,12024380250,13333
88,python (8633),Command Buffer 0,12024399666,433250
89,python (8633),Compute Command 0,12024818458,12333
90,python (8633),Command Buffer 0,12024835916,343917
91,python (8633),Compute Command 0,12025166833,10917
92,python (8633),Command Buffer 0,12025182708,356625
93,python (8633),Compute Command 0,12025525333,12000
94,python (8633),Command Buffer 0,12025542166,426542
95,python (8633),Compute Command 0,12025954833,11750
96,python (8633),Command Buffer 0,12025971416,281959
97,python (8633),Compute Command 0,12026240000,11416
98,python (8633),Command Buffer 0,12026256291,365417
99,python (8633),Compute Command 0,12026607875,11750
100,python (8633),Command Buffer 0,12026624541,285125
101,python (8633),Compute Command 0,12026896666,11084
102,python (8633),Command Buffer 0,12026912291,282750
103,python (8633),Compute Command 0,12027181708,11292
104,python (8633),Command Buffer 0,12027197083,283708
105,python (8633),Compute Command 0,12027467541,11125
106,python (8633),Command Buffer 0,12027482875,278333
107,python (8633),Compute Command 0,12027747875,11375
108,python (8633),Command Buffer 0,12027763958,277708
109,python (8633),Compute Command 0,12028028333,11167
110,python (8633),Command Buffer 0,12028044666,264584
111,python (8633),Compute Command 0,12028297000,10375
112,python (8633),Command Buffer 0,12028311791,274250
113,python (8633),Compute Command 0,12028573625,10416
114,python (8633),Command Buffer 0,12028588250,289666
115,python (8633),Compute Command 0,12028861791,13542
116,python (8633),Command Buffer 0,12028881250,285666
117,python (8633),Compute Command 0,12029153000,11750
118,python (8633),Command Buffer 0,12029169875,278708
119,python (8633),Compute Command 0,12029434708,11833
120,python (8633),Command Buffer 0,12029451291,273625
121,python (8633),Compute Command 0,12029711291,11667
122,python (8633),Command Buffer 0,12029727458,282708
123,python (8633),Compute Command 0,12029996916,11209
124,python (8633),Command Buffer 0,12030012750,276625
125,python (8633),Compute Command 0,12030276416,11000
126,python (8633),Command Buffer 0,12030292041,274875
127,python (8633),Compute Command 0,12030553625,11250
128,python (8633),Command Buffer 0,12030569458,459875
129,python (8633),Compute Command 0,12031013375,13958
130,python (8633),Command Buffer 0,12031032041,266917
131,python (8633),Compute Command 0,12031286333,10542
132,python (8633),Command Buffer 0,12031301250,264708
133,python (8633),Compute Command 0,12031552833,11125
134,python (8633),Command Buffer 0,12031568791,274584
135,python (8633),Compute Command 0,12031830666,10584
136,python (8633),Command Buffer 0,12031845500,277708
137,python (8633),Compute Command 0,12032109541,11542
138,python (8633),Command Buffer 0,12032126750,279958
139,python (8633),Compute Command 0,12032392416,12084
140,python (8633),Command Buffer 0,12032409541,281125
141,python (8633),Compute Command 0,12032677250,11375
142,python (8633),Command Buffer 0,12032693416,287667
143,python (8633),Compute Command 0,12032968333,10708
144,python (8633),Command Buffer 0,12032983375,286541
145,python (8633),Compute Command 0,12033256333,11500
146,python (8633),Command Buffer 0,12033272000,287375
147,python (8633),Compute Command 0,12033546625,10708
148,python (8633),Command Buffer 0,12033562166,283875
149,python (8633),Compute Command 0,12033833208,10792
150,python (8633),Command Buffer 0,12033848375,285875
151,python (8633),Compute Command 0,12034120666,11584
152,python (8633),Command Buffer 0,12034136750,286458
153,python (8633),Compute Command 0,12034410708,10458
154,python (8633),Command Buffer 0,12034425208,281542
155,python (8633),Compute Command 0,12034694333,10417
156,python (8633),Command Buffer 0,12034708916,370834
157,python (8633),Compute Command 0,12035066125,11625
158,python (8633),Command Buffer 0,12035083000,286833
159,python (8633),Compute Command 0,12035356625,11250
160,python (8633),Command Buffer 0,12035372916,268792
161,python (8633),Compute Command 0,12035628333,11292
162,python (8633),Command Buffer 0,12035644375,268000
163,python (8633),Compute Command 0,12035898500,11958
164,python (8633),Command Buffer 0,12035915333,274125
165,python (8633),Compute Command 0,12036175958,11542
166,python (8633),Command Buffer 0,12036192166,264292
167,python (8633),Compute Command 0,12036443708,10833
168,python (8633),Command Buffer 0,12036459166,278750
169,python (8633),Compute Command 0,12036723791,12000
170,python (8633),Command Buffer 0,12036740583,275792
171,python (8633),Compute Command 0,12037001958,12375
172,python (8633),Command Buffer 0,12037019250,316000
173,python (8633),Compute Command 0,12037321500,11833
174,python (8633),Command Buffer 0,12037337833,283917
175,python (8633),Compute Command 0,12037608250,11541
176,python (8633),Command Buffer 0,12037624166,282000
177,python (8633),Compute Command 0,12037892708,11542
178,python (8633),Command Buffer 0,12037908791,286084
179,python (8633),Compute Command 0,12038181166,11709
180,python (8633),Command Buffer 0,12038197250,308541
181,python (8633),Compute Command 0,12038492375,11500
182,python (8633),Command Buffer 0,12038508166,300459
183,python (8633),Compute Command 0,12038794958,11625
184,python (8633),Command Buffer 0,12038811000,279000
185,python (8633),Compute Command 0,12039077083,11000
186,python (8633),Command Buffer 0,12039092541,277667
187,python (8633),Compute Command 0,12039356583,11625
188,python (8633),Command Buffer 0,12039372500,280458
189,python (8633),Compute Command 0,12039639833,11250
190,python (8633),Command Buffer 0,12039655958,291083
191,python (8633),Compute Command 0,12039933541,11375
192,python (8633),Command Buffer 0,12039949666,287625
193,python (8633),Compute Command 0,12040223541,11750
194,python (8633),Command Buffer 0,12040240041,283459
195,python (8633),Compute Command 0,12040508833,12292
196,python (8633),Command Buffer 0,12040526375,284750
197,python (8633),Compute Command 0,12040797541,11625
198,python (8633),Command Buffer 0,12040813750,289791
199,python (8633),Compute Command 0,12041089916,11667
200,python (8633),Command Buffer 0,12041105833,294875
201,python (8633),Compute Command 0,12041387041,11625
202,python (8633),Command Buffer 0,12041403041,286042
203,python (8633),Compute Command 0,12041675458,11583
204,python (8633),Command Buffer 0,12041691958,290500
205,python (8633),Compute Command 0,12041969083,11458
206,python (8633),Command Buffer 0,12041984833,312000
207,python (8633),Compute Command 0,12042283458,11375
208,python (8633),Command Buffer 0,12042299541,319042
209,python (8633),Compute Command 0,12042605125,11375
210,python (8633),Command Buffer 0,12042621416,309625
211,python (8633),Compute Command 0,12042917375,11666
212,python (8633),Command Buffer 0,12042933750,465625
213,python (8633),Compute Command 0,12043385958,11458
214,python (8633),Command Buffer 0,12043401833,308333
215,python (8633),Compute Command 0,12043696541,11667
216,python (8633),Command Buffer 0,12043712375,307000
217,python (8633),Compute Command 0,12044005541,11917
218,python (8633),Command Buffer 0,12044021916,310125
219,python (8633),Compute Command 0,12044318625,11375
220,python (8633),Command Buffer 0,12044334750,309541
221,python (8633),Compute Command 0,12044630750,11500
222,python (8633),Command Buffer 0,12044647000,304250
223,python (8633),Compute Command 0,12044937666,11584
224,python (8633),Command Buffer 0,12044954125,311583
225,python (8633),Compute Command 0,12045252458,11292
226,python (8633),Command Buffer 0,12045268458,292125
227,python (8633),Compute Command 0,12045547208,11333
228,python (8633),Command Buffer 0,12045563041,317417
229,python (8633),Compute Command 0,12045866916,11625
230,python (8633),Command Buffer 0,12045882958,304958
231,python (8633),Compute Command 0,12046174000,11583
232,python (8633),Command Buffer 0,12046190583,318292
233,python (8633),Compute Command 0,12046495500,11416
234,python (8633),Command Buffer 0,12046511541,319000
235,python (8633),Compute Command 0,12046817125,11416
236,python (8633),Command Buffer 0,12046833291,312750
237,python (8633),Compute Command 0,12047132666,11375
238,python (8633),Command Buffer 0,12047148666,309209
239,python (8633),Compute Command 0,12047444541,11417
240,python (8633),Command Buffer 0,12047460166,298709
241,python (8633),Compute Command 0,12047745458,11458
242,python (8633),Command Buffer 0,12047761125,320375
243,python (8633),Compute Command 0,12048068333,11250
244,python (8633),Command Buffer 0,12048084250,313541
245,python (8633),Compute Command 0,12048379250,16541
246,python (8633),Command Buffer 0,12048400500,309875
247,python (8633),Compute Command 0,12048696916,11417
248,python (8633),Command Buffer 0,12048713000,301791
249,python (8633),Compute Command 0,12049001250,11500
250,python (8633),Command Buffer 0,12049017333,308417
251,python (8633),Compute Command 0,12049312166,11500
252,python (8633),Command Buffer 0,12049328666,289459
253,python (8633),Compute Command 0,12049604541,11584
254,python (8633),Command Buffer 0,12049621041,297750
255,python (8633),Compute Command 0,12049904916,11542
256,python (8633),Command Buffer 0,12049921250,317958
257,python (8633),Compute Command 0,12050225791,11459
258,python (8633),Command Buffer 0,12050242166,311625
259,python (8633),Compute Command 0,12050540250,11541
260,python (8633),Command Buffer 0,12050556375,317583
261,python (8633),Compute Command 0,12050860416,11500
262,python (8633),Command Buffer 0,12050876833,316875
263,python (8633),Compute Command 0,12051180250,11416
264,python (8633),Command Buffer 0,12051196458,445750
265,python (8633),Compute Command 0,12051625625,14500
266,python (8633),Command Buffer 0,12051645250,280958
267,python (8633),Compute Command 0,12051912625,11583
268,python (8633),Command Buffer 0,12051928583,304708
269,python (8633),Compute Command 0,12052219916,11417
270,python (8633),Command Buffer 0,12052235583,310000
271,python (8633),Compute Command 0,12052532000,11625
272,python (8633),Command Buffer 0,12052548083,317833
273,python (8633),Compute Command 0,12052852375,11541
274,python (8633),Command Buffer 0,12052868833,310625
275,python (8633),Compute Command 0,12053165916,11500
276,python (8633),Command Buffer 0,12053182291,312125
277,python (8633),Compute Command 0,12053480791,11584
278,python (8633),Command Buffer 0,12053496958,319542
279,python (8633),Compute Command 0,12053802875,11625
280,python (8633),Command Buffer 0,12053819166,310167
281,python (8633),Compute Command 0,12054114500,12500
282,python (8633),Command Buffer 0,12054131916,324084
283,python (8633),Compute Command 0,12054442458,11375
284,python (8633),Command Buffer 0,12054458958,335375
285,python (8633),Compute Command 0,12054781916,10459
286,python (8633),Command Buffer 0,12054796791,306625
287,python (8633),Compute Command 0,12055088916,12292
288,python (8633),Command Buffer 0,12055105958,317750
289,python (8633),Compute Command 0,12055411125,10666
290,python (8633),Command Buffer 0,12055426250,293041
291,python (8633),Compute Command 0,12055705541,11792
292,python (8633),Command Buffer 0,12055721666,306792
293,python (8633),Compute Command 0,12056015041,11417
294,python (8633),Command Buffer 0,12056030791,303292
295,python (8633),Compute Command 0,12056320666,11542
296,python (8633),Command Buffer 0,12056336541,298209
297,python (8633),Compute Command 0,12056621291,11459
298,python (8633),Command Buffer 0,12056637333,318667
299,python (8633),Compute Command 0,12056942125,11666
300,python (8633),Command Buffer 0,12056958375,303583
301,python (8633),Compute Command 0,12057248291,11500
302,python (8633),Command Buffer 0,12057265375,292291
303,python (8633),Compute Command 0,12057543208,12292
304,python (8633),Command Buffer 0,12057560208,294000
305,python (8633),Compute Command 0,12057839750,12416
306,python (8633),Command Buffer 0,12057856583,293750
307,python (8633),Compute Command 0,12058135833,12375
308,python (8633),Command Buffer 0,12058153083,293375
309,python (8633),Compute Command 0,12058431625,12791
310,python (8633),Command Buffer 0,12058449333,283583
311,python (8633),Compute Command 0,12058715166,15834
312,python (8633),Command Buffer 0,12058735541,295000
313,python (8633),Compute Command 0,12059016500,12125
314,python (8633),Command Buffer 0,12059032958,289833
315,python (8633),Compute Command 0,12059308791,12084
316,python (8633),Command Buffer 0,12059325166,304959
317,python (8633),Compute Command 0,12059613041,13959
318,python (8633),Command Buffer 0,12059635083,450375
319,python (8633),Compute Command 0,12060063208,17708
320,python (8633),Command Buffer 0,12060090291,308459
321,python (8633),Compute Command 0,12060382458,13250
322,python (8633),Command Buffer 0,12060401958,297500
323,python (8633),Compute Command 0,12060684708,12500
324,python (8633),Command Buffer 0,12060702833,312958
325,python (8633),Compute Command 0,12061002416,11250
326,python (8633),Command Buffer 0,12061018666,292125
327,python (8633),Compute Command 0,12061293833,14292
328,python (8633),Command Buffer 0,12061314666,319209
329,python (8633),Compute Command 0,12061620375,11500
330,python (8633),Command Buffer 0,12061636833,296792
331,python (8633),Compute Command 0,12061919916,11709
332,python (8633),Command Buffer 0,12061936041,307625
333,python (8633),Compute Command 0,12062229416,12292
334,python (8633),Command Buffer 0,12062246166,307667
335,python (8633),Compute Command 0,12062540208,11667
336,python (8633),Command Buffer 0,12062556333,307583
337,python (8633),Compute Command 0,12062850333,11625
338,python (8633),Command Buffer 0,12062866375,297333
339,python (8633),Compute Command 0,12063151083,10583
340,python (8633),Command Buffer 0,12063166541,300542
341,python (8633),Compute Command 0,12063454375,10750
342,python (8633),Command Buffer 0,12063469708,297083
343,python (8633),Compute Command 0,12063754041,10750
344,python (8633),Command Buffer 0,12063769333,298333
345,python (8633),Compute Command 0,12064055375,10375
346,python (8633),Command Buffer 0,12064070416,303959
347,python (8633),Compute Command 0,12064361083,11333
348,python (8633),Command Buffer 0,12064376833,297458
349,python (8633),Compute Command 0,12064660708,11625
350,python (8633),Command Buffer 0,12064676958,294458
351,python (8633),Compute Command 0,12064957875,11625
352,python (8633),Command Buffer 0,12064973958,279917
353,python (8633),Compute Command 0,12065240875,10833
354,python (8633),Command Buffer 0,12065256000,296000
355,python (8633),Compute Command 0,12065535166,14375
356,python (8633),Command Buffer 0,12065554416,290542
357,python (8633),Compute Command 0,12065828208,13875
358,python (8633),Command Buffer 0,12065848500,299583
359,python (8633),Compute Command 0,12066133500,12291
360,python (8633),Command Buffer 0,12066151041,308417
361,python (8633),Compute Command 0,12066444666,12667
362,python (8633),Command Buffer 0,12066462250,301916
363,python (8633),Compute Command 0,12066750500,11583
364,python (8633),Command Buffer 0,12066766750,303708
365,python (8633),Compute Command 0,12067056916,11459
366,python (8633),Command Buffer 0,12067073083,303708
367,python (8633),Compute Command 0,12067363000,11666
368,python (8633),Command Buffer 0,12067379375,285916
369,python (8633),Compute Command 0,12067650541,12417
370,python (8633),Command Buffer 0,12067667833,293000
371,python (8633),Compute Command 0,12067946583,12167
372,python (8633),Command Buffer 0,12067963833,475250
373,python (8633),Compute Command 0,12068424916,12125
374,python (8633),Command Buffer 0,12068441958,295875
375,python (8633),Compute Command 0,12068722916,12292
376,python (8633),Command Buffer 0,12068741375,282875
377,python (8633),Compute Command 0,12069010083,12083
378,python (8633),Command Buffer 0,12069027291,279875
379,python (8633),Compute Command 0,12069292791,12292
380,python (8633),Command Buffer 0,12069309750,278541
381,python (8633),Compute Command 0,12069574291,11917
382,python (8633),Command Buffer 0,12069591000,294166
383,python (8633),Compute Command 0,12069867000,16041
384,python (8633),Command Buffer 0,12069887833,282583
385,python (8633),Compute Command 0,12070156583,11792
386,python (8633),Command Buffer 0,12070172708,288500
387,python (8633),Compute Command 0,12070447125,11916
388,python (8633),Command Buffer 0,12070464083,309792
389,python (8633),Compute Command 0,12070759958,11875
390,python (8633),Command Buffer 0,12070776500,279500
391,python (8633),Compute Command 0,12071041791,12084
392,python (8633),Command Buffer 0,12071058291,288375
393,python (8633),Compute Command 0,12071332750,11791
394,python (8633),Command Buffer 0,12071349166,298834
395,python (8633),Compute Command 0,12071634083,11875
396,python (8633),Command Buffer 0,12071650583,319292
397,python (8633),Compute Command 0,12071956083,11792
398,python (8633),Command Buffer 0,12071972458,293292
399,python (8633),Compute Command 0,12072251750,11750
400,python (8633),Command Buffer 0,12072268208,311583
401,python (8633),Compute Command 0,12072564916,12792
402,python (8633),Command Buffer 0,12072582333,322333
403,python (8633),Compute Command 0,12072890250,12416
404,python (8633),Command Buffer 0,12072907125,312208
405,python (8633),Compute Command 0,12073205416,11834
406,python (8633),Command Buffer 0,12073222000,313291
407,python (8633),Compute Command 0,12073521208,12000
408,python (8633),Command Buffer 0,12073537833,313750
409,python (8633),Compute Command 0,12073837625,11875
410,python (8633),Command Buffer 0,12073854500,304666
411,python (8633),Compute Command 0,12074144500,12541
412,python (8633),Command Buffer 0,12074161833,294667
413,python (8633),Compute Command 0,12074442000,12166
414,python (8633),Command Buffer 0,12074459166,301834
415,python (8633),Compute Command 0,12074746625,12166
416,python (8633),Command Buffer 0,12074763500,318791
417,python (8633),Compute Command 0,12075068500,11708
418,python (8633),Command Buffer 0,12075084916,319625
419,python (8633),Compute Command 0,12075390250,12041
420,python (8633),Command Buffer 0,12075407125,317833
421,python (8633),Compute Command 0,12075710958,11958
422,python (8633),Command Buffer 0,12075727666,313417
423,python (8633),Compute Command 0,12076026708,12042
424,python (8633),Command Buffer 0,12076043791,317834
425,python (8633),Compute Command 0,12076347708,11750
426,python (8633),Command Buffer 0,12076364541,443167
427,python (8633),Compute Command 0,12076793416,12250
428,python (8633),Command Buffer 0,12076810458,318208
429,python (8633),Compute Command 0,12077114666,12000
430,python (8633),Command Buffer 0,12077131208,325333
431,python (8633),Compute Command 0,12077443208,11125
432,python (8633),Command Buffer 0,12077459541,320834
433,python (8633),Compute Command 0,12077765625,12666
434,python (8633),Command Buffer 0,12077783541,317625
435,python (8633),Compute Command 0,12078087166,11875
436,python (8633),Command Buffer 0,12078103750,312208
437,python (8633),Compute Command 0,12078401750,12000
438,python (8633),Command Buffer 0,12078418833,316042
439,python (8633),Compute Command 0,12078722041,10750
440,python (8633),Command Buffer 0,12078737916,324875
441,python (8633),Compute Command 0,12079049125,11291
442,python (8633),Command Buffer 0,12079065958,319458
443,python (8633),Compute Command 0,12079372458,10958
444,python (8633),Command Buffer 0,12079388166,322709
445,python (8633),Compute Command 0,12079696500,12000
446,python (8633),Command Buffer 0,12079713541,321209
447,python (8633),Compute Command 0,12080020166,12209
448,python (8633),Command Buffer 0,12080037583,315542
449,python (8633),Compute Command 0,12080338791,12292
450,python (8633),Command Buffer 0,12080355791,304667
451,python (8633),Compute Command 0,12080646250,12250
452,python (8633),Command Buffer 0,12080662833,320125
453,python (8633),Compute Command 0,12080968750,12208
454,python (8633),Command Buffer 0,12080986166,323334
455,python (8633),Compute Command 0,12081295166,12125
456,python (8633),Command Buffer 0,12081312416,326959
457,python (8633),Compute Command 0,12081625416,11917
458,python (8633),Command Buffer 0,12081642458,330792
459,python (8633),Compute Command 0,12081958875,12291
460,python (8633),Command Buffer 0,12081975583,302167
461,python (8633),Compute Command 0,12082261916,13292
462,python (8633),Command Buffer 0,12082280541,321292
463,python (8633),Compute Command 0,12082587625,12208
464,python (8633),Command Buffer 0,12082604666,320000
465,python (8633),Compute Command 0,12082910500,12083
466,python (8633),Command Buffer 0,12082927416,319542
467,python (8633),Compute Command 0,12083232875,12000
468,python (8633),Command Buffer 0,12083249666,319917
469,python (8633),Compute Command 0,12083554791,12334
470,python (8633),Command Buffer 0,12083572500,323291
471,python (8633),Compute Command 0,12083881916,11875
472,python (8633),Command Buffer 0,12083898625,323083
473,python (8633),Compute Command 0,12084207541,12000
474,python (8633),Command Buffer 0,12084224458,299292
475,python (8633),Compute Command 0,12084509625,11958
476,python (8633),Command Buffer 0,12084526458,447208
477,python (8633),Compute Command 0,12084960500,11041
478,python (8633),Command Buffer 0,12084975875,315583
479,python (8633),Compute Command 0,12085277791,11709
480,python (8633),Command Buffer 0,12085293916,346334
481,python (8633),Compute Command 0,12085625916,12292
482,python (8633),Command Buffer 0,12085642666,327625
483,python (8633),Compute Command 0,12085956583,11500
484,python (8633),Command Buffer 0,12085973208,319125
485,python (8633),Compute Command 0,12086278458,11833
486,python (8633),Command Buffer 0,12086295125,319291
487,python (8633),Compute Command 0,12086600708,11667
488,python (8633),Command Buffer 0,12086617208,308458
489,python (8633),Compute Command 0,12086911666,11959
490,python (8633),Command Buffer 0,12086928166,300375
491,python (8633),Compute Command 0,12087214375,12083
492,python (8633),Command Buffer 0,12087231083,319958
493,python (8633),Compute Command 0,12087536958,12125
494,python (8633),Command Buffer 0,12087553875,328166
495,python (8633),Compute Command 0,12087869083,10958
496,python (8633),Command Buffer 0,12087884666,324875
497,python (8633),Compute Command 0,12088195666,11875
498,python (8633),Command Buffer 0,12088212125,330500
499,python (8633),Compute Command 0,12088529541,11000
500,python (8633),Command Buffer 0,12088545333,313917
501,python (8633),Compute Command 0,12088845041,12042
502,python (8633),Command Buffer 0,12088861375,308708
503,python (8633),Compute Command 0,12089156375,11708
504,python (8633),Command Buffer 0,12089172583,308583
505,python (8633),Compute Command 0,12089467583,11583
506,python (8633),Command Buffer 0,12089483708,305750
507,python (8633),Compute Command 0,12089775333,11917
508,python (8633),Command Buffer 0,12089791958,320833
509,python (8633),Compute Command 0,12090099541,11292
510,python (8633),Command Buffer 0,12090115375,319833
511,python (8633),Compute Command 0,12090421083,12083
512,python (8633),Command Buffer 0,12090437875,332916
513,python (8633),Compute Command 0,12090756916,11792
514,python (8633),Command Buffer 0,12090773583,314125
515,python (8633),Compute Command 0,12091073916,11750
516,python (8633),Command Buffer 0,12091090541,320750
517,python (8633),Compute Command 0,12091397083,11917
518,python (8633),Command Buffer 0,12091413583,319208
519,python (8633),Compute Command 0,12091719083,11750
520,python (8633),Command Buffer 0,12091735333,327708
521,python (8633),Compute Command 0,12092049375,11583
522,python (8633),Command Buffer 0,12092066166,324584
523,python (8633),Compute Command 0,12092376708,12083
524,python (8633),Command Buffer 0,12092393416,326250
525,python (8633),Compute Command 0,12092706208,11458
526,python (8633),Command Buffer 0,12092722833,329750
527,python (8633),Compute Command 0,12093039208,11042
528,python (8633),Command Buffer 0,12093055458,467500
529,python (8633),Compute Command 0,12093508833,12000
530,python (8633),Command Buffer 0,12093525541,299167
531,python (8633),Compute Command 0,12093810833,11833
532,python (8633),Command Buffer 0,12093827125,319708
533,python (8633),Compute Command 0,12094132458,12083
534,python (8633),Command Buffer 0,12094149541,321875
535,python (8633),Compute Command 0,12094457458,11917
536,python (8633),Command Buffer 0,12094473791,319625
537,python (8633),Compute Command 0,12094779291,12000
538,python (8633),Command Buffer 0,12094796291,323625
539,python (8633),Compute Command 0,12095105916,12084
540,python (8633),Command Buffer 0,12095122583,333625
541,python (8633),Compute Command 0,12095442166,11875
542,python (8633),Command Buffer 0,12095458541,317709
543,python (8633),Compute Command 0,12095762291,11917
544,python (8633),Command Buffer 0,12095778708,310292
545,python (8633),Compute Command 0,12096075166,11875
546,python (8633),Command Buffer 0,12096091708,325208
547,python (8633),Compute Command 0,12096403791,11000
548,python (8633),Command Buffer 0,12096419708,324292
549,python (8633),Compute Command 0,12096731083,10875
550,python (8633),Command Buffer 0,12096746583,321500
551,python (8633),Compute Command 0,12097054000,12083
552,python (8633),Command Buffer 0,12097071125,318666
553,python (8633),Compute Command 0,12097377000,10875
554,python (8633),Command Buffer 0,12097392416,314375
555,python (8633),Compute Command 0,12097692708,12000
556,python (8633),Command Buffer 0,12097709125,311916
557,python (8633),Compute Command 0,12098006916,12084
558,python (8633),Command Buffer 0,12098023375,331250
559,python (8633),Compute Command 0,12098340708,11917
560,python (8633),Command Buffer 0,12098357500,324875
561,python (8633),Compute Command 0,12098668708,11542
562,python (8633),Command Buffer 0,12098685166,296667
563,python (8633),Compute Command 0,12098966875,12750
564,python (8633),Command Buffer 0,12098984250,292958
565,python (8633),Compute Command 0,12099263333,11792
566,python (8633),Command Buffer 0,12099280208,281167
567,python (8633),Compute Command 0,12099547583,11833
568,python (8633),Command Buffer 0,12099563833,293292
569,python (8633),Compute Command 0,12099843416,11709
570,python (8633),Command Buffer 0,12099859500,307083
571,python (8633),Compute Command 0,12100152625,12000
572,python (8633),Command Buffer 0,12100169125,314291
573,python (8633),Compute Command 0,12100468708,12458
574,python (8633),Command Buffer 0,12100485708,321667
575,python (8633),Compute Command 0,12100786791,18375
576,python (8633),Command Buffer 0,12100810541,346792
577,python (8633),Compute Command 0,12101137041,18167
578,python (8633),Command Buffer 0,12101160375,517500
579,python (8633),Compute Command 0,12101663291,12417
580,python (8633),Command Buffer 0,12101681041,323375
581,python (8633),Compute Command 0,12101988958,13458
582,python (8633),Command Buffer 0,12102007250,295000
583,python (8633),Compute Command 0,12102287666,12500
584,python (8633),Command Buffer 0,12102304666,283375
585,python (8633),Compute Command 0,12102573208,12667
586,python (8633),Command Buffer 0,12102590541,282000
587,python (8633),Compute Command 0,12102858625,11666
588,python (8633),Command Buffer 0,12102875750,294958
589,python (8633),Compute Command 0,12103155916,12667
590,python (8633),Command Buffer 0,12103173750,291958
591,python (8633),Compute Command 0,12103451416,12250
592,python (8633),Command Buffer 0,12103468458,324750
593,python (8633),Compute Command 0,12103778625,12416
594,python (8633),Command Buffer 0,12103795875,302708
595,python (8633),Compute Command 0,12104084375,12125
596,python (8633),Command Buffer 0,12104101250,282000
597,python (8633),Compute Command 0,12104368500,12708
598,python (8633),Command Buffer 0,12104385625,295375
599,python (8633),Compute Command 0,12104666291,12709
600,python (8633),Command Buffer 0,12104683375,318583
601,python (8633),Compute Command 0,12104987541,12375
602,python (8633),Command Buffer 0,12105004416,323959
603,python (8633),Compute Command 0,12105313875,12416
604,python (8633),Command Buffer 0,12105331291,299334
605,python (8633),Compute Command 0,12105616125,12416
606,python (8633),Command Buffer 0,12105633041,329500
607,python (8633),Compute Command 0,12105948750,11625
608,python (8633),Command Buffer 0,12105965166,319500
609,python (8633),Compute Command 0,12106269708,12833
610,python (8633),Command Buffer 0,12106287791,336709
611,python (8633),Compute Command 0,12106609375,12583
612,python (8633),Command Buffer 0,12106627166,316625
613,python (8633),Compute Command 0,12106929041,12625
614,python (8633),Command Buffer 0,12106947000,326916
615,python (8633),Compute Command 0,12107257250,14125
616,python (8633),Command Buffer 0,12107277250,328500
617,python (8633),Compute Command 0,12107590250,13250
618,python (8633),Command Buffer 0,12107608833,332167
619,python (8633),Compute Command 0,12107926125,12625
620,python (8633),Command Buffer 0,12107943791,329834
621,python (8633),Compute Command 0,12108258458,13000
622,python (8633),Command Buffer 0,12108276041,337125
623,python (8633),Compute Command 0,12108598041,12709
624,python (8633),Command Buffer 0,12108615833,330625
625,python (8633),Compute Command 0,12108931666,12500
626,python (8633),Command Buffer 0,12108949083,315583
627,python (8633),Compute Command 0,12109250125,12458
628,python (8633),Command Buffer 0,12109267541,336584
629,python (8633),Compute Command 0,12109589375,12500
630,python (8633),Command Buffer 0,12109606750,509541
631,python (8633),Compute Command 0,12110101625,12500
632,python (8633),Command Buffer 0,12110119250,355000
633,python (8633),Compute Command 0,12110459250,12750
634,python (8633),Command Buffer 0,12110476541,324292
635,python (8633),Compute Command 0,12110785583,12667
636,python (8633),Command Buffer 0,12110803625,331416
637,python (8633),Compute Command 0,12111119250,13541
638,python (8633),Command Buffer 0,12111137666,318084
639,python (8633),Compute Command 0,12111441083,12542
640,python (8633),Command Buffer 0,12111458541,319959
641,python (8633),Compute Command 0,12111763833,12583
642,python (8633),Command Buffer 0,12111781375,311750
643,python (8633),Compute Command 0,12112078333,12583
644,python (8633),Command Buffer 0,12112095958,322625
645,python (8633),Compute Command 0,12112403500,13000
646,python (8633),Command Buffer 0,12112421208,334333
647,python (8633),Compute Command 0,12112741166,11834
648,python (8633),Command Buffer 0,12112758625,325750
649,python (8633),Compute Command 0,12113069666,12542
650,python (8633),Command Buffer 0,12113086875,329958
651,python (8633),Compute Command 0,12113402291,12417
652,python (8633),Command Buffer 0,12113419583,317458
653,python (8633),Compute Command 0,12113722458,12500
654,python (8633),Command Buffer 0,12113739500,322541
655,python (8633),Compute Command 0,12114047125,12583
656,python (8633),Command Buffer 0,12114064958,344917
657,python (8633),Compute Command 0,12114394791,12959
658,python (8633),Command Buffer 0,12114412166,329250
659,python (8633),Compute Command 0,12114727000,12291
660,python (8633),Command Buffer 0,12114744125,323416
661,python (8633),Compute Command 0,12115052375,13125
662,python (8633),Command Buffer 0,12115070458,325042
663,python (8633),Compute Command 0,12115380750,12458
664,python (8633),Command Buffer 0,12115398250,329291
665,python (8633),Compute Command 0,12115712000,13125
666,python (8633),Command Buffer 0,12115730458,337875
667,python (8633),Compute Command 0,12116053708,12542
668,python (8633),Command Buffer 0,12116071166,323000
669,python (8633),Compute Command 0,12116378500,13458
670,python (8633),Command Buffer 0,12116396958,344500
671,python (8633),Compute Command 0,12116726625,12666
672,python (8633),Command Buffer 0,12116744041,334792
673,python (8633),Compute Command 0,12117064041,12542
674,python (8633),Command Buffer 0,12117082000,333625
675,python (8633),Compute Command 0,12117401000,12458
676,python (8633),Command Buffer 0,12117418166,329042
677,python (8633),Compute Command 0,12117732208,12542
678,python (8633),Command Buffer 0,12117749833,321042
679,python (8633),Compute Command 0,12118055000,13708
680,python (8633),Command Buffer 0,12118073333,232917
681,python (8633),Compute Command 0,12118290041,13875
682,python (8633),Command Buffer 0,12118309041,319542
683,python (8633),Compute Command 0,12118606875,17333
684,python (8633),Command Buffer 0,12118633166,293250
685,python (8633),Compute Command 0,12118907250,15833
686,python (8633),Command Buffer 0,12118930083,282542
687,python (8633),Compute Command 0,12119196000,13916
688,python (8633),Command Buffer 0,12119216875,280291
689,python (8633),Compute Command 0,12119480333,14250
690,python (8633),Command Buffer 0,12119500625,294625
691,python (8633),Compute Command 0,12119776333,15750
692,python (8633),Command Buffer 0,12119798208,280792
693,python (8633),Compute Command 0,12120062291,14084
694,python (8633),Command Buffer 0,12120082125,272500
695,python (8633),Compute Command 0,12120337791,14000
696,python (8633),Command Buffer 0,12120357958,278250
697,python (8633),Compute Command 0,12120619416,14084
698,python (8633),Command Buffer 0,12120639416,284500
699,python (8633),Compute Command 0,12120907875,13708
700,python (8633),Command Buffer 0,12120927000,275708
701,python (8633),Compute Command 0,12121187541,12709
702,python (8633),Command Buffer 0,12121205083,267292
703,python (8633),Compute Command 0,12121457458,12667
704,python (8633),Command Buffer 0,12121475416,266542
705,python (8633),Compute Command 0,12121726875,12875
706,python (8633),Command Buffer 0,12121744750,271833
707,python (8633),Compute Command 0,12122002875,11416
708,python (8633),Command Buffer 0,12122019750,268041
709,python (8633),Compute Command 0,12122272833,12708
710,python (8633),Command Buffer 0,12122290791,264750
711,python (8633),Compute Command 0,12122541083,12292
712,python (8633),Command Buffer 0,12122558458,265458
713,python (8633),Compute Command 0,12122809500,12250
714,python (8633),Command Buffer 0,12122826750,264833
715,python (8633),Compute Command 0,12123077916,11417
716,python (8633),Command Buffer 0,12123093750,273833
717,python (8633),Compute Command 0,12123354250,11208
718,python (8633),Command Buffer 0,12123370625,261208
719,python (8633),Compute Command 0,12123617791,11625
720,python (8633),Command Buffer 0,12123634166,265167
721,python (8633),Compute Command 0,12123885750,11416
722,python (8633),Command Buffer 0,12123903041,259667
723,python (8633),Compute Command 0,12124149291,11375
724,python (8633),Command Buffer 0,12124166083,261458
725,python (8633),Compute Command 0,12124413916,11417
726,python (8633),Command Buffer 0,12124429750,287416
727,python (8633),Compute Command 0,12124702250,12791
728,python (8633),Command Buffer 0,12124719875,294541
729,python (8633),Compute Command 0,12125000083,12208
730,python (8633),Command Buffer 0,12125017500,292250
731,python (8633),Compute Command 0,12125295458,12167
732,python (8633),Command Buffer 0,12125312708,280833
733,python (8633),Compute Command 0,12125579166,12292
734,python (8633),Command Buffer 0,12125596458,295000
735,python (8633),Compute Command 0,12125876833,12458
736,python (8633),Command Buffer 0,12125894333,300125
737,python (8633),Compute Command 0,12126180208,12125
738,python (8633),Command Buffer 0,12126197333,419417
739,python (8633),Compute Command 0,12126602291,12292
740,python (8633),Command Buffer 0,12126619666,286125
741,python (8633),Compute Command 0,12126891125,12500
742,python (8633),Command Buffer 0,12126908791,283042
743,python (8633),Compute Command 0,12127177541,12167
744,python (8633),Command Buffer 0,12127194791,292209
745,python (8633),Compute Command 0,12127472791,12000
746,python (8633),Command Buffer 0,12127489791,306209
747,python (8633),Compute Command 0,12127781458,12417
748,python (8633),Command Buffer 0,12127798958,282750
749,python (8633),Compute Command 0,12128067458,12125
750,python (8633),Command Buffer 0,12128084583,290458
751,python (8633),Compute Command 0,12128360416,12500
752,python (8633),Command Buffer 0,12128378416,296167
753,python (8633),Compute Command 0,12128660416,12084
754,python (8633),Command Buffer 0,12128677625,267208
755,python (8633),Compute Command 0,12128931000,11583
756,python (8633),Command Buffer 0,12128948041,278167
757,python (8633),Compute Command 0,12129211500,12541
758,python (8633),Command Buffer 0,12129229208,287542
759,python (8633),Compute Command 0,12129502875,11666
760,python (8633),Command Buffer 0,12129519416,301959
761,python (8633),Compute Command 0,12129806708,12375
762,python (8633),Command Buffer 0,12129824583,287792
763,python (8633),Compute Command 0,12130097958,12333
764,python (8633),Command Buffer 0,12130115625,283708
765,python (8633),Compute Command 0,12130384875,12250
766,python (8633),Command Buffer 0,12130402375,290541
767,python (8633),Compute Command 0,12130679041,11500
768,python (8633),Command Buffer 0,12130695375,298791
769,python (8633),Compute Command 0,12130979625,12333
770,python (8633),Command Buffer 0,12130997041,283709
771,python (8633),Compute Command 0,12131266458,12125
772,python (8633),Command Buffer 0,12131284083,293333
773,python (8633),Compute Command 0,12131563666,11625
774,python (8633),Command Buffer 0,12131580375,297541
775,python (8633),Compute Command 0,12131863541,12250
776,python (8633),Command Buffer 0,12131881083,291625
777,python (8633),Compute Command 0,12132158291,12250
778,python (8633),Command Buffer 0,12132175625,293875
779,python (8633),Compute Command 0,12132454250,12625
780,python (8633),Command Buffer 0,12132472416,299792
781,python (8633),Compute Command 0,12132757083,12708
782,python (8633),Command Buffer 0,12132775291,285209
783,python (8633),Compute Command 0,12133045166,13084
784,python (8633),Command Buffer 0,12133063458,303542
785,python (8633),Compute Command 0,12133352333,12417
786,python (8633),Command Buffer 0,12133370250,298375
787,python (8633),Compute Command 0,12133653333,12958
788,python (8633),Command Buffer 0,12133672041,294459
789,python (8633),Compute Command 0,12133951750,12625
790,python (8633),Command Buffer 0,12133969583,283833
791,python (8633),Compute Command 0,12134238666,12584
792,python (8633),Command Buffer 0,12134256708,289458
793,python (8633),Compute Command 0,12134532666,11417
794,python (8633),Command Buffer 0,12134549125,412208
795,python (8633),Compute Command 0,12134946750,12416
796,python (8633),Command Buffer 0,12134964541,290625
797,python (8633),Compute Command 0,12135241041,11917
798,python (8633),Command Buffer 0,12135258000,282708
799,python (8633),Compute Command 0,12135525916,12625
800,python (8633),Command Buffer 0,12135543791,275875
801,python (8633),Compute Command 0,12135805333,12167
802,python (8633),Command Buffer 0,12135822833,281292
803,python (8633),Compute Command 0,12136090333,11583
804,python (8633),Command Buffer 0,12136106916,287584
805,python (8633),Compute Command 0,12136380041,12250
806,python (8633),Command Buffer 0,12136397250,277208
807,python (8633),Compute Command 0,12136660208,12167
808,python (8633),Command Buffer 0,12136677333,342375
809,python (8633),Compute Command 0,12137005166,12417
810,python (8633),Command Buffer 0,12137023000,274875
811,python (8633),Compute Command 0,12137283500,12333
812,python (8633),Command Buffer 0,12137300916,275167
813,python (8633),Compute Command 0,12137561625,12291
814,python (8633),Command Buffer 0,12137579333,308125
815,python (8633),Compute Command 0,12137873250,12083
816,python (8633),Command Buffer 0,12137890458,334833
817,python (8633),Compute Command 0,12138210750,12416
818,python (8633),Command Buffer 0,12138228583,318208
819,python (8633),Compute Command 0,12138533041,11667
820,python (8633),Command Buffer 0,12138549750,323791
821,python (8633),Compute Command 0,12138858208,13125
822,python (8633),Command Buffer 0,12138876000,319833
823,python (8633),Compute Command 0,12139181208,12542
824,python (8633),Command Buffer 0,12139198458,317042
825,python (8633),Compute Command 0,12139501000,12333
826,python (8633),Command Buffer 0,12139517958,315958
827,python (8633),Compute Command 0,12139819208,12375
828,python (8633),Command Buffer 0,12139836750,316458
829,python (8633),Compute Command 0,12140138375,12583
830,python (8633),Command Buffer 0,12140155833,367958
831,python (8633),Compute Command 0,12140503166,17625
832,python (8633),Command Buffer 0,12140527541,344167
833,python (8633),Compute Command 0,12140857166,12417
834,python (8633),Command Buffer 0,12140874916,361334
835,python (8633),Compute Command 0,12141219916,13500
836,python (8633),Command Buffer 0,12141239333,332125
837,python (8633),Compute Command 0,12141556833,12458
838,python (8633),Command Buffer 0,12141574416,355792
839,python (8633),Compute Command 0,12141916083,11875
840,python (8633),Command Buffer 0,12141933458,315292
841,python (8633),Compute Command 0,12142234333,12375
842,python (8633),Command Buffer 0,12142251833,359833
843,python (8633),Compute Command 0,12142596375,13041
844,python (8633),Command Buffer 0,12142614291,320209
845,python (8633),Compute Command 0,12142920375,12000
846,python (8633),Command Buffer 0,12142937791,537834
847,python (8633),Compute Command 0,12143460666,12917
848,python (8633),Command Buffer 0,12143478750,313666
849,python (8633),Compute Command 0,12143777916,12334
850,python (8633),Command Buffer 0,12143795416,355917
851,python (8633),Compute Command 0,12144137083,12083
852,python (8633),Command Buffer 0,12144154791,319209
853,python (8633),Compute Command 0,12144459625,12125
854,python (8633),Command Buffer 0,12144476666,366459
855,python (8633),Compute Command 0,12144827875,12958
856,python (8633),Command Buffer 0,12144845458,334875
857,python (8633),Compute Command 0,12145165291,12500
858,python (8633),Command Buffer 0,12145183333,353833
859,python (8633),Compute Command 0,12145522166,12750
860,python (8633),Command Buffer 0,12145539625,330583
861,python (8633),Compute Command 0,12145855666,12292
862,python (8633),Command Buffer 0,12145872833,335083
863,python (8633),Compute Command 0,12146191083,13917
864,python (8633),Command Buffer 0,12146210583,332417
865,python (8633),Compute Command 0,12146527458,13208
866,python (8633),Command Buffer 0,12146545833,357583
867,python (8633),Compute Command 0,12146887791,13292
868,python (8633),Command Buffer 0,12146905833,331167
869,python (8633),Compute Command 0,12147221958,12875
870,python (8633),Command Buffer 0,12147239875,364166
871,python (8633),Compute Command 0,12147588916,12834
872,python (8633),Command Buffer 0,12147607375,331666
873,python (8633),Compute Command 0,12147924208,12667
874,python (8633),Command Buffer 0,12147942416,370209
875,python (8633),Compute Command 0,12148298625,11708
876,python (8633),Command Buffer 0,12148316125,317250
877,python (8633),Compute Command 0,12148618666,12459
878,python (8633),Command Buffer 0,12148636291,364167
879,python (8633),Compute Command 0,12148985416,12750
880,python (8633),Command Buffer 0,12149002708,320083
881,python (8633),Compute Command 0,12149307833,12750
882,python (8633),Command Buffer 0,12149325875,378375
883,python (8633),Compute Command 0,12149688916,13042
884,python (8633),Command Buffer 0,12149706666,361292
885,python (8633),Compute Command 0,12150053625,12250
886,python (8633),Command Buffer 0,12150071375,332375
887,python (8633),Compute Command 0,12150388666,12792
888,python (8633),Command Buffer 0,12150406125,356416
889,python (8633),Compute Command 0,12150748625,11833
890,python (8633),Command Buffer 0,12150765625,323333
891,python (8633),Compute Command 0,12151074208,12417
892,python (8633),Command Buffer 0,12151092041,521209
893,python (8633),Compute Command 0,12151598458,12542
894,python (8633),Command Buffer 0,12151616166,303125
895,python (8633),Compute Command 0,12151905250,11916
896,python (8633),Command Buffer 0,12151922000,312833
897,python (8633),Compute Command 0,12152219250,13125
898,python (8633),Command Buffer 0,12152237291,355459
899,python (8633),Compute Command 0,12152578541,12042
900,python (8633),Command Buffer 0,12152596416,329500
901,python (8633),Compute Command 0,12152911458,12250
902,python (8633),Command Buffer 0,12152928458,350625
903,python (8633),Compute Command 0,12153264000,12791
904,python (8633),Command Buffer 0,12153281375,336208
905,python (8633),Compute Command 0,12153603000,12500
906,python (8633),Command Buffer 0,12153620166,332584
907,python (8633),Compute Command 0,12153937500,12791
908,python (8633),Command Buffer 0,12153956375,321250
909,python (8633),Compute Command 0,12154263208,11792
910,python (8633),Command Buffer 0,12154279458,398542
911,python (8633),Compute Command 0,12154662000,13708
912,python (8633),Command Buffer 0,12154681041,322542
913,python (8633),Compute Command 0,12154987958,13333
914,python (8633),Command Buffer 0,12155006291,380542
915,python (8633),Compute Command 0,12155371750,12708
916,python (8633),Command Buffer 0,12155389625,305958
917,python (8633),Compute Command 0,12155680583,11917
918,python (8633),Command Buffer 0,12155699208,342958
919,python (8633),Compute Command 0,12156027333,12708
920,python (8633),Command Buffer 0,12156044750,312333
921,python (8633),Compute Command 0,12156342125,12791
922,python (8633),Command Buffer 0,12156360000,352625
923,python (8633),Compute Command 0,12156697750,12583
924,python (8633),Command Buffer 0,12156714833,320375
925,python (8633),Compute Command 0,12157020583,12417
926,python (8633),Command Buffer 0,12157037916,339792
927,python (8633),Compute Command 0,12157363541,11917
928,python (8633),Command Buffer 0,12157381125,334208
929,python (8633),Compute Command 0,12157700875,12416
930,python (8633),Command Buffer 0,12157718041,366459
931,python (8633),Compute Command 0,12158069500,12750
932,python (8633),Command Buffer 0,12158087000,300500
933,python (8633),Compute Command 0,12158372958,12375
934,python (8633),Command Buffer 0,12158390625,351166
935,python (8633),Compute Command 0,12158726625,12750
936,python (8633),Command Buffer 0,12158744083,338000
937,python (8633),Compute Command 0,12159067125,12583
938,python (8633),Command Buffer 0,12159085083,351417
939,python (8633),Compute Command 0,12159422083,12333
940,python (8633),Command Buffer 0,12159439666,456459
941,python (8633),Compute Command 0,12159881416,12667
942,python (8633),Command Buffer 0,12159898750,323541
943,python (8633),Compute Command 0,12160208333,11750
944,python (8633),Command Buffer 0,12160225083,363917
945,python (8633),Compute Command 0,12160573000,13583
946,python (8633),Command Buffer 0,12160591500,339875
947,python (8633),Compute Command 0,12160915916,13209
948,python (8633),Command Buffer 0,12160934416,368334
949,python (8633),Compute Command 0,12161287375,13041
950,python (8633),Command Buffer 0,12161305458,368667
951,python (8633),Compute Command 0,12161659416,12292
952,python (8633),Command Buffer 0,12161677500,319250
953,python (8633),Compute Command 0,12161981291,12917
954,python (8633),Command Buffer 0,12161999958,349875
955,python (8633),Compute Command 0,12162334250,13250
956,python (8633),Command Buffer 0,12162352458,343625
957,python (8633),Compute Command 0,12162681000,12916
958,python (8633),Command Buffer 0,12162699000,367750
959,python (8633),Compute Command 0,12163050500,13875
960,python (8633),Command Buffer 0,12163070250,344958
961,python (8633),Compute Command 0,12163400000,13041
962,python (8633),Command Buffer 0,12163418083,357458
963,python (8633),Compute Command 0,12163759583,13583
964,python (8633),Command Buffer 0,12163777958,296708
965,python (8633),Compute Command 0,12164059541,12917
966,python (8633),Command Buffer 0,12164077250,359791
967,python (8633),Compute Command 0,12164420625,14083
968,python (8633),Command Buffer 0,12164440583,335625
969,python (8633),Compute Command 0,12164761291,12750
970,python (8633),Command Buffer 0,12164779083,361250
971,python (8633),Compute Command 0,12165122708,15208
972,python (8633),Command Buffer 0,12165142916,325584
973,python (8633),Compute Command 0,12165453000,13291
974,python (8633),Command Buffer 0,12165471458,332833
975,python (8633),Compute Command 0,12165788208,13000
976,python (8633),Command Buffer 0,12165807083,333542
977,python (8633),Compute Command 0,12166124458,13833
978,python (8633),Command Buffer 0,12166143666,347625
979,python (8633),Compute Command 0,12166475625,13333
980,python (8633),Command Buffer 0,12166493916,333125
981,python (8633),Compute Command 0,12166811458,13250
982,python (8633),Command Buffer 0,12166830166,360625
983,python (8633),Compute Command 0,12167175083,13417
984,python (8633),Command Buffer 0,12167194125,338583
985,python (8633),Compute Command 0,12167517083,13292
986,python (8633),Command Buffer 0,12167535500,382000
987,python (8633),Compute Command 0,12167901750,13541
988,python (8633),Command Buffer 0,12167920625,525333
989,python (8633),Compute Command 0,12168431208,12458
990,python (8633),Command Buffer 0,12168449541,288292
991,python (8633),Compute Command 0,12168722333,13333
992,python (8633),Command Buffer 0,12168740750,284791
993,python (8633),Compute Command 0,12169009916,13417
994,python (8633),Command Buffer 0,12169028166,281750
995,python (8633),Compute Command 0,12169294750,12875
996,python (8633),Command Buffer 0,12169312583,315417
997,python (8633),Compute Command 0,12169613166,12500
998,python (8633),Command Buffer 0,12169631166,319709
999,python (8633),Compute Command 0,12169935708,12958
1000,python (8633),Command Buffer 0,12169953666,355250
1001,python (8633),Compute Command 0,12170291958,14583
1002,python (8633),Command Buffer 0,12170312083,305292
1003,python (8633),Compute Command 0,12170601875,13291
1004,python (8633),Command Buffer 0,12170620000,288666
1005,python (8633),Compute Command 0,12170893833,12625
1006,python (8633),Command Buffer 0,12170911541,358792
1007,python (8633),Compute Command 0,12171253875,14041
1008,python (8633),Command Buffer 0,12171273166,315667
1009,python (8633),Compute Command 0,12171573500,13125
1010,python (8633),Command Buffer 0,12171591750,369916
1011,python (8633),Compute Command 0,12171946833,12542
1012,python (8633),Command Buffer 0,12171965125,297791
1013,python (8633),Compute Command 0,12172247583,12958
1014,python (8633),Command Buffer 0,12172265791,357084
1015,python (8633),Compute Command 0,12172607291,13250
1016,python (8633),Command Buffer 0,12172626250,330125
1017,python (8633),Compute Command 0,12172940958,13250
1018,python (8633),Command Buffer 0,12172959250,359833
1019,python (8633),Compute Command 0,12173303625,13041
1020,python (8633),Command Buffer 0,12173322083,336792
1021,python (8633),Compute Command 0,12173643500,13208
1022,python (8633),Command Buffer 0,12173661750,345000
1023,python (8633),Compute Command 0,12173992125,12291
1024,python (8633),Command Buffer 0,12174010250,321958
1025,python (8633),Compute Command 0,12174316791,13000
1026,python (8633),Command Buffer 0,12174334791,352000
1027,python (8633),Compute Command 0,12174671833,12583
1028,python (8633),Command Buffer 0,12174690208,327708
1029,python (8633),Compute Command 0,12175002416,13250
1030,python (8633),Command Buffer 0,12175021041,363709
1031,python (8633),Compute Command 0,12175367500,14833
1032,python (8633),Command Buffer 0,12175387208,334500
1033,python (8633),Compute Command 0,12175706166,13292
1034,python (8633),Command Buffer 0,12175724500,365666
1035,python (8633),Compute Command 0,12176075166,12625
1036,python (8633),Command Buffer 0,12176093541,314917
1037,python (8633),Compute Command 0,12176394208,12042
1038,python (8633),Command Buffer 0,12176412125,301666
1039,python (8633),Compute Command 0,12176697583,13708
1040,python (8633),Command Buffer 0,12176716583,316333
1041,python (8633),Compute Command 0,12177017333,13375
1042,python (8633),Command Buffer 0,12177035291,365292
1043,python (8633),Compute Command 0,12177384750,13541
1044,python (8633),Command Buffer 0,12177404083,340708
1045,python (8633),Compute Command 0,12177729333,13250
1046,python (8633),Command Buffer 0,12177747666,377334
1047,python (8633),Compute Command 0,12178106833,14583
1048,python (8633),Command Buffer 0,12178127500,329833
1049,python (8633),Compute Command 0,12178441500,13666
1050,python (8633),Command Buffer 0,12178460041,382542
1051,python (8633),Compute Command 0,12178826416,13834
1052,python (8633),Command Buffer 0,12178845375,353458
1053,python (8633),Compute Command 0,12179183041,13292
1054,python (8633),Command Buffer 0,12179201208,370667
1055,python (8633),Compute Command 0,12179556458,13250
1056,python (8633),Command Buffer 0,12179574750,380625
1057,python (8633),Compute Command 0,12179938750,14375
1058,python (8633),Command Buffer 0,12179958083,364167
1059,python (8633),Compute Command 0,12180306083,13875
1060,python (8633),Command Buffer 0,12180325833,348750
1061,python (8633),Compute Command 0,12180659833,12500
1062,python (8633),Command Buffer 0,12180677208,386250
1063,python (8633),Compute Command 0,12181047791,13417
1064,python (8633),Command Buffer 0,12181066833,355500
1065,python (8633),Compute Command 0,12181406375,13583
1066,python (8633),Command Buffer 0,12181425625,378416
1067,python (8633),Compute Command 0,12181788708,13167
1068,python (8633),Command Buffer 0,12181807000,381625
1069,python (8633),Compute Command 0,12182171958,14250
1070,python (8633),Command Buffer 0,12182191750,355375
1071,python (8633),Compute Command 0,12182531375,13416
1072,python (8633),Command Buffer 0,12182550083,370167
1073,python (8633),Compute Command 0,12182904125,13750
1074,python (8633),Command Buffer 0,12182922958,352958
1075,python (8633),Compute Command 0,12183259583,13958
1076,python (8633),Command Buffer 0,12183279041,384584
1077,python (8633),Compute Command 0,12183648125,13333
1078,python (8633),Command Buffer 0,12183666375,365958
1079,python (8633),Compute Command 0,12184016291,13709
1080,python (8633),Command Buffer 0,12184035375,350125
1081,python (8633),Compute Command 0,12184369375,13291
1082,python (8633),Command Buffer 0,12184388375,322500
1083,python (8633),Compute Command 0,12184695333,13292
1084,python (8633),Command Buffer 0,12184714000,510500
1085,python (8633),Compute Command 0,12185208625,13625
1086,python (8633),Command Buffer 0,12185227250,351083
1087,python (8633),Compute Command 0,12185562708,13292
1088,python (8633),Command Buffer 0,12185581666,379292
1089,python (8633),Compute Command 0,12185945583,13167
1090,python (8633),Command Buffer 0,12185963458,360167
1091,python (8633),Compute Command 0,12186306500,14791
1092,python (8633),Command Buffer 0,12186326958,371667
1093,python (8633),Compute Command 0,12186682791,13500
1094,python (8633),Command Buffer 0,12186701791,357917
1095,python (8633),Compute Command 0,12187044625,12916
1096,python (8633),Command Buffer 0,12187062583,366042
1097,python (8633),Compute Command 0,12187412375,13791
1098,python (8633),Command Buffer 0,12187431000,346916
1099,python (8633),Compute Command 0,12187762458,13167
1100,python (8633),Command Buffer 0,12187780708,393708
1101,python (8633),Compute Command 0,12188158666,13167
1102,python (8633),Command Buffer 0,12188176958,391042
1103,python (8633),Compute Command 0,12188551750,13875
1104,python (8633),Command Buffer 0,12188571041,340917
1105,python (8633),Compute Command 0,12188896916,12834
1106,python (8633),Command Buffer 0,12188914958,366417
1107,python (8633),Compute Command 0,12189265500,13625
1108,python (8633),Command Buffer 0,12189284625,340666
1109,python (8633),Compute Command 0,12189610458,12375
1110,python (8633),Command Buffer 0,12189628291,382750
1111,python (8633),Compute Command 0,12189995333,13333
1112,python (8633),Command Buffer 0,12190013583,363167
1113,python (8633),Compute Command 0,12190361583,12750
1114,python (8633),Command Buffer 0,12190380208,338167
1115,python (8633),Compute Command 0,12190702541,13584
1116,python (8633),Command Buffer 0,12190721166,381000
1117,python (8633),Compute Command 0,12191085875,13958
1118,python (8633),Command Buffer 0,12191105291,367584
1119,python (8633),Compute Command 0,12191457125,13416
1120,python (8633),Command Buffer 0,12191475333,377042
1121,python (8633),Compute Command 0,12191836916,13000
1122,python (8633),Command Buffer 0,12191855375,365083
1123,python (8633),Compute Command 0,12192205666,12459
1124,python (8633),Command Buffer 0,12192223958,333375
1125,python (8633),Compute Command 0,12192541458,13458
1126,python (8633),Command Buffer 0,12192560125,368708
1127,python (8633),Compute Command 0,12192912666,13917
1128,python (8633),Command Buffer 0,12192931833,557958
1129,python (8633),Compute Command 0,12193474916,12584
1130,python (8633),Command Buffer 0,12193492625,335416
1131,python (8633),Compute Command 0,12193812666,13000
1132,python (8633),Command Buffer 0,12193830916,324250
1133,python (8633),Compute Command 0,12194139750,12916
1134,python (8633),Command Buffer 0,12194157875,377750
1135,python (8633),Compute Command 0,12194520041,13084
1136,python (8633),Command Buffer 0,12194538250,354958
1137,python (8633),Compute Command 0,12194877916,12834
1138,python (8633),Command Buffer 0,12194896541,346709
1139,python (8633),Compute Command 0,12195227916,13167
1140,python (8633),Command Buffer 0,12195246083,372917
1141,python (8633),Compute Command 0,12195602916,13709
1142,python (8633),Command Buffer 0,12195621333,345958
1143,python (8633),Compute Command 0,12195951375,13458
1144,python (8633),Command Buffer 0,12195970375,378875
1145,python (8633),Compute Command 0,12196333708,13208
1146,python (8633),Command Buffer 0,12196351875,362875
1147,python (8633),Compute Command 0,12196700041,12375
1148,python (8633),Command Buffer 0,12196718041,349250
1149,python (8633),Compute Command 0,12197052166,12959
1150,python (8633),Command Buffer 0,12197070083,363167
1151,python (8633),Compute Command 0,12197417000,13916
1152,python (8633),Command Buffer 0,12197436500,334583
1153,python (8633),Compute Command 0,12197755916,13000
1154,python (8633),Command Buffer 0,12197773541,362000
1155,python (8633),Compute Command 0,12198118958,14250
1156,python (8633),Command Buffer 0,12198138041,330500
1157,python (8633),Compute Command 0,12198452875,13125
1158,python (8633),Command Buffer 0,12198471333,409292
1159,python (8633),Compute Command 0,12198858666,19709
1160,python (8633),Command Buffer 0,12198883583,300125
1161,python (8633),Compute Command 0,12199166625,14500
1162,python (8633),Command Buffer 0,12199187500,291250
1163,python (8633),Compute Command 0,12199463791,12750
1164,python (8633),Command Buffer 0,12199481500,259666
1165,python (8633),Compute Command 0,12199727000,11916
1166,python (8633),Command Buffer 0,12199743750,265625
1167,python (8633),Compute Command 0,12199994416,12792
1168,python (8633),Command Buffer 0,12200012250,322083
1169,python (8633),Compute Command 0,12200317916,14167
1170,python (8633),Command Buffer 0,12200337750,316041
1171,python (8633),Compute Command 0,12200637916,13209
1172,python (8633),Command Buffer 0,12200656500,266041
1173,python (8633),Compute Command 0,12200907041,13084
1174,python (8633),Command Buffer 0,12200925166,331959
1175,python (8633),Compute Command 0,12201242500,12333
1176,python (8633),Command Buffer 0,12201260583,471083
1177,python (8633),Compute Command 0,12201716291,13084
1178,python (8633),Command Buffer 0,12201734458,305000
1179,python (8633),Compute Command 0,12202024375,12750
1180,python (8633),Command Buffer 0,12202042250,333500
1181,python (8633),Compute Command 0,12202356958,16250
1182,python (8633),Command Buffer 0,12202379083,328875
1183,python (8633),Compute Command 0,12202692625,13000
1184,python (8633),Command Buffer 0,12202710750,295708
1185,python (8633),Compute Command 0,12202991333,12750
1186,python (8633),Command Buffer 0,12203009500,324541
1187,python (8633),Compute Command 0,12203316708,14875
1188,python (8633),Command Buffer 0,12203336666,352209
1189,python (8633),Compute Command 0,12203671333,14958
1190,python (8633),Command Buffer 0,12203691791,296584
1191,python (8633),Compute Command 0,12203971833,14167
1192,python (8633),Command Buffer 0,12203992041,307667
1193,python (8633),Compute Command 0,12204283791,13625
1194,python (8633),Command Buffer 0,12204302875,350333
1195,python (8633),Compute Command 0,12204636583,14167
1196,python (8633),Command Buffer 0,12204657083,358042
1197,python (8633),Compute Command 0,12204998541,14292
1198,python (8633),Command Buffer 0,12205018250,368833
1199,python (8633),Compute Command 0,12205369958,14625
1200,python (8633),Command Buffer 0,12205390958,338500
1201,python (8633),Compute Command 0,12205712541,14584
1202,python (8633),Command Buffer 0,12205732333,356667
1203,python (8633),Compute Command 0,12206071125,15375
1204,python (8633),Command Buffer 0,12206092708,355208
1205,python (8633),Compute Command 0,12206429208,16250
1206,python (8633),Command Buffer 0,12206451250,409458
1207,python (8633),Compute Command 0,12206844125,14250
1208,python (8633),Command Buffer 0,12206863666,349709
1209,python (8633),Compute Command 0,12207189375,21083
1210,python (8633),Command Buffer 0,12207217750,337125
1211,python (8633),Compute Command 0,12207537541,14709
1212,python (8633),Command Buffer 0,12207558291,344125
1213,python (8633),Compute Command 0,12207884958,14917
1214,python (8633),Command Buffer 0,12207906166,301875
1215,python (8633),Compute Command 0,12208191416,14167
1216,python (8633),Command Buffer 0,12208211291,328792
1217,python (8633),Compute Command 0,12208522833,14792
1218,python (8633),Command Buffer 0,12208543708,318833
1219,python (8633),Compute Command 0,12208846166,13959
1220,python (8633),Command Buffer 0,12208865916,330875
1221,python (8633),Compute Command 0,12209179375,14875
1222,python (8633),Command Buffer 0,12209200375,324916
1223,python (8633),Compute Command 0,12209508791,14084
1224,python (8633),Command Buffer 0,12209528166,444250
1225,python (8633),Compute Command 0,12209955375,14666
1226,python (8633),Command Buffer 0,12209975458,258458
1227,python (8633),Compute Command 0,12210217500,13958
1228,python (8633),Command Buffer 0,12210237125,341791
1229,python (8633),Compute Command 0,12210560500,15791
1230,python (8633),Command Buffer 0,12210582333,315750
1231,python (8633),Compute Command 0,12210881500,14125
1232,python (8633),Command Buffer 0,12210900750,291916
1233,python (8633),Compute Command 0,12211176166,14000
1234,python (8633),Command Buffer 0,12211196333,379500
1235,python (8633),Compute Command 0,12211558333,15042
1236,python (8633),Command Buffer 0,12211579125,297500
1237,python (8633),Compute Command 0,12211859958,14167
1238,python (8633),Command Buffer 0,12211879750,390750
1239,python (8633),Compute Command 0,12212253416,14334
1240,python (8633),Command Buffer 0,12212273708,321333
1241,python (8633),Compute Command 0,12212578000,14333
1242,python (8633),Command Buffer 0,12212598416,374584
1243,python (8633),Compute Command 0,12212955958,14583
1244,python (8633),Command Buffer 0,12212975791,342292
1245,python (8633),Compute Command 0,12213299708,15917
1246,python (8633),Command Buffer 0,12213320708,307417
1247,python (8633),Compute Command 0,12213612125,13708
1248,python (8633),Command Buffer 0,12213630916,300584
1249,python (8633),Compute Command 0,12213915000,14083
1250,python (8633),Command Buffer 0,12213935416,372250
1251,python (8633),Compute Command 0,12214289291,15917
1252,python (8633),Command Buffer 0,12214310458,271167
1253,python (8633),Compute Command 0,12214564708,14500
1254,python (8633),Command Buffer 0,12214584291,335125
1255,python (8633),Compute Command 0,12214902916,14042
1256,python (8633),Command Buffer 0,12214923041,311042
1257,python (8633),Compute Command 0,12215217625,14041
1258,python (8633),Command Buffer 0,12215237125,338666
1259,python (8633),Compute Command 0,12215556041,16834
1260,python (8633),Command Buffer 0,12215580375,335791
1261,python (8633),Compute Command 0,12215898083,14875
1262,python (8633),Command Buffer 0,12215919875,279583
1263,python (8633),Compute Command 0,12216182333,14583
1264,python (8633),Command Buffer 0,12216203000,393041
1265,python (8633),Compute Command 0,12216578875,14375
1266,python (8633),Command Buffer 0,12216598916,364375
1267,python (8633),Compute Command 0,12216946000,14541
1268,python (8633),Command Buffer 0,12216966666,313375
1269,python (8633),Compute Command 0,12217263333,14292
1270,python (8633),Command Buffer 0,12217283291,309209
1271,python (8633),Compute Command 0,12217575291,14667
1272,python (8633),Command Buffer 0,12217595583,373333
1273,python (8633),Compute Command 0,12217950541,15834
1274,python (8633),Command Buffer 0,12217972250,541458
1275,python (8633),Compute Command 0,12218494625,16208
1276,python (8633),Command Buffer 0,12218516416,338459
1277,python (8633),Compute Command 0,12218836083,16292
1278,python (8633),Command Buffer 0,12218858333,255583
1279,python (8633),Compute Command 0,12219096750,14416
1280,python (8633),Command Buffer 0,12219117708,290792
1281,python (8633),Compute Command 0,12219390666,15292
1282,python (8633),Command Buffer 0,12219411500,341000
1283,python (8633),Compute Command 0,12219735250,14708
1284,python (8633),Command Buffer 0,12219755208,259667
1285,python (8633),Compute Command 0,12219998375,14083
1286,python (8633),Command Buffer 0,12220017708,288292
1287,python (8633),Compute Command 0,12220289083,14333
1288,python (8633),Command Buffer 0,12220308708,342458
1289,python (8633),Compute Command 0,12220633750,14916
1290,python (8633),Command Buffer 0,12220653791,263959
1291,python (8633),Compute Command 0,12220901250,14125
1292,python (8633),Command Buffer 0,12220920583,260125
1293,python (8633),Compute Command 0,12221162083,15500
1294,python (8633),Command Buffer 0,12221183875,326375
1295,python (8633),Compute Command 0,12221493333,14583
1296,python (8633),Command Buffer 0,12221513791,264500
1297,python (8633),Compute Command 0,12221762333,13542
1298,python (8633),Command Buffer 0,12221782000,241541
1299,python (8633),Compute Command 0,12222007208,13917
1300,python (8633),Command Buffer 0,12222028291,245959
1301,python (8633),Compute Command 0,12222258083,13458
1302,python (8633),Command Buffer 0,12222276875,228000
1303,python (8633),Compute Command 0,12222487541,14500
1304,python (8633),Command Buffer 0,12222508875,231875
1305,python (8633),Compute Command 0,12222724458,13542
1306,python (8633),Command Buffer 0,12222743791,251209
1307,python (8633),Compute Command 0,12222978416,14000
1308,python (8633),Command Buffer 0,12222998458,297542
1309,python (8633),Compute Command 0,12223278666,14584
1310,python (8633),Command Buffer 0,12223300291,268875
1311,python (8633),Compute Command 0,12223550625,15958
1312,python (8633),Command Buffer 0,12223572875,231541
1313,python (8633),Compute Command 0,12223788208,13792
1314,python (8633),Command Buffer 0,12223807250,230291
1315,python (8633),Compute Command 0,12224020458,14833
1316,python (8633),Command Buffer 0,12224040250,239333
1317,python (8633),Compute Command 0,12224262041,14834
1318,python (8633),Command Buffer 0,12224282375,246208
1319,python (8633),Compute Command 0,12224512708,13333
1320,python (8633),Command Buffer 0,12224531833,233958
1321,python (8633),Compute Command 0,12224748833,14542
1322,python (8633),Command Buffer 0,12224768625,238958
1323,python (8633),Compute Command 0,12224990291,14917
1324,python (8633),Command Buffer 0,12225010583,213917
1325,python (8633),Compute Command 0,12225209541,12417
1326,python (8633),Command Buffer 0,12225227416,213417
1327,python (8633),Compute Command 0,12225423208,15250
1328,python (8633),Command Buffer 0,12225444458,214833
1329,python (8633),Compute Command 0,12225643416,13334
1330,python (8633),Command Buffer 0,12225662250,243000
1331,python (8633),Compute Command 0,12225886125,16208
1332,python (8633),Command Buffer 0,12225909041,227334
1333,python (8633),Compute Command 0,12226117916,15625
1334,python (8633),Command Buffer 0,12226139333,222792
1335,python (8633),Compute Command 0,12226345291,14292
1336,python (8633),Command Buffer 0,12226365083,380083
1337,python (8633),Compute Command 0,12226728708,13708
1338,python (8633),Command Buffer 0,12226748333,251375
1339,python (8633),Compute Command 0,12226983541,13834
1340,python (8633),Command Buffer 0,12227002791,227875
1341,python (8633),Compute Command 0,12227213625,14500
1342,python (8633),Command Buffer 0,12227233916,223250
1343,python (8633),Compute Command 0,12227441125,13583
1344,python (8633),Command Buffer 0,12227460333,210583
1345,python (8633),Compute Command 0,12227655166,13334
1346,python (8633),Command Buffer 0,12227673916,207875
1347,python (8633),Compute Command 0,12227865916,13417
1348,python (8633),Command Buffer 0,12227884625,213166
1349,python (8633),Compute Command 0,12228073333,22083
1350,python (8633),Command Buffer 0,12228100541,204584
1351,python (8633),Compute Command 0,12228289000,13583
1352,python (8633),Command Buffer 0,12228308250,221500
1353,python (8633),Compute Command 0,12228514916,12500
1354,python (8633),Command Buffer 0,12228532708,225792
1355,python (8633),Compute Command 0,12228744083,12125
1356,python (8633),Command Buffer 0,12228761708,221500
1357,python (8633),Compute Command 0,12228968750,12291
1358,python (8633),Command Buffer 0,12228986041,219917
1359,python (8633),Compute Command 0,12229191583,12208
1360,python (8633),Command Buffer 0,12229208583,213125
1361,python (8633),Compute Command 0,12229407083,12542
1362,python (8633),Command Buffer 0,12229424750,220791
1363,python (8633),Compute Command 0,12229631166,12292
1364,python (8633),Command Buffer 0,12229648458,214583
1365,python (8633),Compute Command 0,12229848833,12083
1366,python (8633),Command Buffer 0,12229865875,210416
1367,python (8633),Compute Command 0,12230061958,12167
1368,python (8633),Command Buffer 0,12230079083,245167
1369,python (8633),Compute Command 0,12230309625,12208
1370,python (8633),Command Buffer 0,12230327583,300583
1371,python (8633),Compute Command 0,12230612750,13333
1372,python (8633),Command Buffer 0,12230630833,215250
1373,python (8633),Compute Command 0,12230831625,12375
1374,python (8633),Command Buffer 0,12230848625,209833
1375,python (8633),Compute Command 0,12231043916,12209
1376,python (8633),Command Buffer 0,12231061125,210708
1377,python (8633),Compute Command 0,12231257291,12417
1378,python (8633),Command Buffer 0,12231274416,210500
1379,python (8633),Compute Command 0,12231470291,12500
1380,python (8633),Command Buffer 0,12231487625,210208
1381,python (8633),Compute Command 0,12231683375,12375
1382,python (8633),Command Buffer 0,12231700666,202459
1383,python (8633),Compute Command 0,12231889041,12042
1384,python (8633),Command Buffer 0,12231905708,206583
1385,python (8633),Compute Command 0,12232098625,11375
1386,python (8633),Command Buffer 0,12232114833,219000
1387,python (8633),Compute Command 0,12232320166,11375
1388,python (8633),Command Buffer 0,12232335958,227542
1389,python (8633),Compute Command 0,12232548750,12541
1390,python (8633),Command Buffer 0,12232566041,247542
1391,python (8633),Compute Command 0,12232798875,12583
1392,python (8633),Command Buffer 0,12232816333,222542
1393,python (8633),Compute Command 0,12233023416,13125
1394,python (8633),Command Buffer 0,12233041875,210125
1395,python (8633),Compute Command 0,12233237833,11875
1396,python (8633),Command Buffer 0,12233255000,209750
1397,python (8633),Compute Command 0,12233450000,12416
1398,python (8633),Command Buffer 0,12233467375,229500
1399,python (8633),Compute Command 0,12233681791,12917
1400,python (8633),Command Buffer 0,12233699708,230583
1401,python (8633),Compute Command 0,12233915833,12292
1402,python (8633),Command Buffer 0,12233933250,239166
1403,python (8633),Compute Command 0,12234157708,12583
1404,python (8633),Command Buffer 0,12234174458,233500
1405,python (8633),Compute Command 0,12234393458,12250
1406,python (8633),Command Buffer 0,12234410166,235459
1407,python (8633),Compute Command 0,12234630875,12541
1408,python (8633),Command Buffer 0,12234647958,422417
1409,python (8633),Compute Command 0,12235056083,11833
1410,python (8633),Command Buffer 0,12235073125,226833
1411,python (8633),Compute Command 0,12235285333,12500
1412,python (8633),Command Buffer 0,12235302541,218042
1413,python (8633),Compute Command 0,12235505916,12542
1414,python (8633),Command Buffer 0,12235523416,215584
1415,python (8633),Compute Command 0,12235724291,12584
1416,python (8633),Command Buffer 0,12235742041,216542
1417,python (8633),Compute Command 0,12235942083,14208
1418,python (8633),Command Buffer 0,12235961250,223500
1419,python (8633),Compute Command 0,12236169458,13167
1420,python (8633),Command Buffer 0,12236187416,235792
1421,python (8633),Compute Command 0,12236408625,12166
1422,python (8633),Command Buffer 0,12236426458,464042
1423,python (8633),Compute Command 0,12236876291,12084
1424,python (8633),Command Buffer 0,12236893166,213584
1425,python (8633),Compute Command 0,12237092125,12416
1426,python (8633),Command Buffer 0,12237109583,229583
1427,python (8633),Compute Command 0,12237325416,11750
1428,python (8633),Command Buffer 0,12237342208,314208
1429,python (8633),Compute Command 0,12237641833,12417
1430,python (8633),Command Buffer 0,12237659500,250000
1431,python (8633),Compute Command 0,12237894791,12500
1432,python (8633),Command Buffer 0,12237911625,227125
1433,python (8633),Compute Command 0,12238124333,12250
1434,python (8633),Command Buffer 0,12238141500,228375
1435,python (8633),Compute Command 0,12238355708,12083
1436,python (8633),Command Buffer 0,12238372666,221375
1437,python (8633),Compute Command 0,12238579833,12167
1438,python (8633),Command Buffer 0,12238597000,297500
1439,python (8633),Compute Command 0,12238879333,12667
1440,python (8633),Command Buffer 0,12238897291,244584
1441,python (8633),Compute Command 0,12239127416,12292
1442,python (8633),Command Buffer 0,12239144708,265083
1443,python (8633),Compute Command 0,12239395666,11917
1444,python (8633),Command Buffer 0,12239412500,269375
1445,python (8633),Compute Command 0,12239667791,11959
1446,python (8633),Command Buffer 0,12239684791,263584
1447,python (8633),Compute Command 0,12239934458,11708
1448,python (8633),Command Buffer 0,12239950958,243958
1449,python (8633),Compute Command 0,12240181000,11750
1450,python (8633),Command Buffer 0,12240197541,247459
1451,python (8633),Compute Command 0,12240430583,12292
1452,python (8633),Command Buffer 0,12240447583,237125
1453,python (8633),Compute Command 0,12240669208,13292
1454,python (8633),Command Buffer 0,12240687250,230208
1455,python (8633),Compute Command 0,12240902541,12709
1456,python (8633),Command Buffer 0,12240920000,238625
1457,python (8633),Compute Command 0,12241144000,12458
1458,python (8633),Command Buffer 0,12241161083,241250
1459,python (8633),Compute Command 0,12241387583,12583
1460,python (8633),Command Buffer 0,12241404875,245166
1461,python (8633),Compute Command 0,12241634958,13000
1462,python (8633),Command Buffer 0,12241652833,266333
1463,python (8633),Compute Command 0,12241905125,11916
1464,python (8633),Command Buffer 0,12241921750,276916
1465,python (8633),Compute Command 0,12242184166,12459
1466,python (8633),Command Buffer 0,12242201375,245208
1467,python (8633),Compute Command 0,12242431875,12666
1468,python (8633),Command Buffer 0,12242449125,242125
1469,python (8633),Compute Command 0,12242676625,12583
1470,python (8633),Command Buffer 0,12242693958,238917
1471,python (8633),Compute Command 0,12242918541,12292
1472,python (8633),Command Buffer 0,12242935333,408375
1473,python (8633),Compute Command 0,12243329541,12125
1474,python (8633),Command Buffer 0,12243346333,229333
1475,python (8633),Compute Command 0,12243562000,11583
1476,python (8633),Command Buffer 0,12243578125,231375
1477,python (8633),Compute Command 0,12243794791,12584
1478,python (8633),Command Buffer 0,12243812083,244708
1479,python (8633),Compute Command 0,12244042000,12458
1480,python (8633),Command Buffer 0,12244059541,241667
1481,python (8633),Compute Command 0,12244286666,12459
1482,python (8633),Command Buffer 0,12244303708,237542
1483,python (8633),Compute Command 0,12244526458,12625
1484,python (8633),Command Buffer 0,12244543666,238084
1485,python (8633),Compute Command 0,12244766958,12667
1486,python (8633),Command Buffer 0,12244784291,243625
1487,python (8633),Compute Command 0,12245013291,12334
1488,python (8633),Command Buffer 0,12245030500,225875
1489,python (8633),Compute Command 0,12245241416,12625
1490,python (8633),Command Buffer 0,12245259291,239542
1491,python (8633),Compute Command 0,12245483833,12625
1492,python (8633),Command Buffer 0,12245501666,244625
1493,python (8633),Compute Command 0,12245731708,12458
1494,python (8633),Command Buffer 0,12245748916,264875
1495,python (8633),Compute Command 0,12245999000,12458
1496,python (8633),Command Buffer 0,12246016250,266625
1497,python (8633),Compute Command 0,12246267916,12667
1498,python (8633),Command Buffer 0,12246285416,265125
1499,python (8633),Compute Command 0,12246535666,12542
1500,python (8633),Command Buffer 0,12246552958,242083
1501,python (8633),Compute Command 0,12246779666,13084
1502,python (8633),Command Buffer 0,12246797375,242833
1503,python (8633),Compute Command 0,12247025666,12417
1504,python (8633),Command Buffer 0,12247042791,222375
1505,python (8633),Compute Command 0,12247249291,13334
1506,python (8633),Command Buffer 0,12247267750,230000
1507,python (8633),Compute Command 0,12247482833,12708
1508,python (8633),Command Buffer 0,12247500416,244667
1509,python (8633),Compute Command 0,12247730250,12666
1510,python (8633),Command Buffer 0,12247747750,242791
1511,python (8633),Compute Command 0,12247975916,12542
1512,python (8633),Command Buffer 0,12247993666,238584
1513,python (8633),Compute Command 0,12248217583,12583
1514,python (8633),Command Buffer 0,12248235041,246167
1515,python (8633),Compute Command 0,12248466625,12541
1516,python (8633),Command Buffer 0,12248483791,276250
1517,python (8633),Compute Command 0,12248745041,12667
1518,python (8633),Command Buffer 0,12248762875,266416
1519,python (8633),Compute Command 0,12249014625,12500
1520,python (8633),Command Buffer 0,12249032333,242417
1521,python (8633),Compute Command 0,12249260125,12416
1522,python (8633),Command Buffer 0,12249277666,237917
1523,python (8633),Compute Command 0,12249500500,12583
1524,python (8633),Command Buffer 0,12249518250,229125
1525,python (8633),Compute Command 0,12249733208,12083
1526,python (8633),Command Buffer 0,12249750333,356250
1527,python (8633),Compute Command 0,12250092083,12167
1528,python (8633),Command Buffer 0,12250109958,266375
1529,python (8633),Compute Command 0,12250361916,12084
1530,python (8633),Command Buffer 0,12250379000,262041
1531,python (8633),Compute Command 0,12250626708,12042
1532,python (8633),Command Buffer 0,12250643583,239833
1533,python (8633),Compute Command 0,12250869375,11916
1534,python (8633),Command Buffer 0,12250885875,239500
1535,python (8633),Compute Command 0,12251110041,12125
1536,python (8633),Command Buffer 0,12251127958,232042
1537,python (8633),Compute Command 0,12251345708,12083
1538,python (8633),Command Buffer 0,12251362125,407750
1539,python (8633),Compute Command 0,12251755916,11875
1540,python (8633),Command Buffer 0,12251772625,230041
1541,python (8633),Compute Command 0,12251988458,12125
1542,python (8633),Command Buffer 0,12252005083,234250
1543,python (8633),Compute Command 0,12252225541,11667
1544,python (8633),Command Buffer 0,12252241791,240250
1545,python (8633),Compute Command 0,12252468166,11875
1546,python (8633),Command Buffer 0,12252484750,238750
1547,python (8633),Compute Command 0,12252709250,12166
1548,python (8633),Command Buffer 0,12252725916,236084
1549,python (8633),Compute Command 0,12252947791,12125
1550,python (8633),Command Buffer 0,12252964583,238917
1551,python (8633),Compute Command 0,12253189500,11791
1552,python (8633),Command Buffer 0,12253205875,237708
1553,python (8633),Compute Command 0,12253429416,12042
1554,python (8633),Command Buffer 0,12253446250,241625
1555,python (8633),Compute Command 0,12253673750,11916
1556,python (8633),Command Buffer 0,12253690791,241500
1557,python (8633),Compute Command 0,12253918083,12042
1558,python (8633),Command Buffer 0,12253934666,260334
1559,python (8633),Compute Command 0,12254180875,12000
1560,python (8633),Command Buffer 0,12254197500,272375
1561,python (8633),Compute Command 0,12254455416,12167
1562,python (8633),Command Buffer 0,12254472458,252375
1563,python (8633),Compute Command 0,12254710833,11792
1564,python (8633),Command Buffer 0,12254727166,239959
1565,python (8633),Compute Command 0,12254952916,12167
1566,python (8633),Command Buffer 0,12254969541,235959
1567,python (8633),Compute Command 0,12255191250,11875
1568,python (8633),Command Buffer 0,12255208000,236041
1569,python (8633),Compute Command 0,12255429916,12000
1570,python (8633),Command Buffer 0,12255446750,231250
1571,python (8633),Compute Command 0,12255663833,12125
1572,python (8633),Command Buffer 0,12255680166,233500
1573,python (8633),Compute Command 0,12255899541,12084
1574,python (8633),Command Buffer 0,12255915875,240791
1575,python (8633),Compute Command 0,12256143041,11667
1576,python (8633),Command Buffer 0,12256159041,211084
1577,python (8633),Compute Command 0,12256356416,11792
1578,python (8633),Command Buffer 0,12256372791,220334
1579,python (8633),Compute Command 0,12256579583,11500
1580,python (8633),Command Buffer 0,12256595666,220084
1581,python (8633),Compute Command 0,12256802166,11584
1582,python (8633),Command Buffer 0,12256818083,216000
1583,python (8633),Compute Command 0,12257020541,11500
1584,python (8633),Command Buffer 0,12257036541,217625
1585,python (8633),Compute Command 0,12257239416,12209
1586,python (8633),Command Buffer 0,12257256625,220791
1587,python (8633),Compute Command 0,12257463666,11667
1588,python (8633),Command Buffer 0,12257480208,216042
1589,python (8633),Compute Command 0,12257682416,11792
1590,python (8633),Command Buffer 0,12257698791,207042
1591,python (8633),Compute Command 0,12257892000,11625
1592,python (8633),Command Buffer 0,12257908333,213458
1593,python (8633),Compute Command 0,12258108125,11625
1594,python (8633),Command Buffer 0,12258125458,306375
1595,python (8633),Compute Command 0,12258418250,11625
1596,python (8633),Command Buffer 0,12258434750,237041
1597,python (8633),Compute Command 0,12258658250,11500
1598,python (8633),Command Buffer 0,12258674375,237291
1599,python (8633),Compute Command 0,12258898375,11250
1600,python (8633),Command Buffer 0,12258914041,233500
1601,python (8633),Compute Command 0,12259134000,11541
1602,python (8633),Command Buffer 0,12259150125,240541
1603,python (8633),Compute Command 0,12259377250,11416
1604,python (8633),Command Buffer 0,12259393250,257500
1605,python (8633),Compute Command 0,12259637000,11708
1606,python (8633),Command Buffer 0,12259653750,401583
1607,python (8633),Compute Command 0,12260041916,11459
1608,python (8633),Command Buffer 0,12260057958,229583
1609,python (8633),Compute Command 0,12260273916,11417
1610,python (8633),Command Buffer 0,12260289875,255666
1611,python (8633),Compute Command 0,12260531833,11500
1612,python (8633),Command Buffer 0,12260547875,267833
1613,python (8633),Compute Command 0,12260801958,11792
1614,python (8633),Command Buffer 0,12260818791,259500
1615,python (8633),Compute Command 0,12261064583,11667
1616,python (8633),Command Buffer 0,12261080666,237709
1617,python (8633),Compute Command 0,12261304833,11542
1618,python (8633),Command Buffer 0,12261320708,242792
1619,python (8633),Compute Command 0,12261550000,11416
1620,python (8633),Command Buffer 0,12261565833,240583
1621,python (8633),Compute Command 0,12261792708,11625
1622,python (8633),Command Buffer 0,12261808875,232500
1623,python (8633),Compute Command 0,12262027875,11416
1624,python (8633),Command Buffer 0,12262043958,231875
1625,python (8633),Compute Command 0,12262262250,11500
1626,python (8633),Command Buffer 0,12262278541,232750
1627,python (8633),Compute Command 0,12262497708,11500
1628,python (8633),Command Buffer 0,12262513791,232209
1629,python (8633),Compute Command 0,12262732375,11583
1630,python (8633),Command Buffer 0,12262748250,239416
1631,python (8633),Compute Command 0,12262973916,11500
1632,python (8633),Command Buffer 0,12262989958,232333
1633,python (8633),Compute Command 0,12263208500,11500
1634,python (8633),Command Buffer 0,12263224833,230125
1635,python (8633),Compute Command 0,12263441541,11375
1636,python (8633),Command Buffer 0,12263457291,229209
1637,python (8633),Compute Command 0,12263672916,11459
1638,python (8633),Command Buffer 0,12263688791,219417
1639,python (8633),Compute Command 0,12263894750,11458
1640,python (8633),Command Buffer 0,12263910583,223292
1641,python (8633),Compute Command 0,12264119583,12292
1642,python (8633),Command Buffer 0,12264136166,227792
1643,python (8633),Compute Command 0,12264350375,11666
1644,python (8633),Command Buffer 0,12264366250,226208
1645,python (8633),Compute Command 0,12264578958,11542
1646,python (8633),Command Buffer 0,12264594750,229375
1647,python (8633),Compute Command 0,12264810500,11541
1648,python (8633),Command Buffer 0,12264826333,212500
1649,python (8633),Compute Command 0,12265025291,11459
1650,python (8633),Command Buffer 0,12265041875,233833
1651,python (8633),Compute Command 0,12265262166,11500
1652,python (8633),Command Buffer 0,12265278250,237416
1653,python (8633),Compute Command 0,12265501875,11833
1654,python (8633),Command Buffer 0,12265518125,219375
1655,python (8633),Compute Command 0,12265722541,12750
1656,python (8633),Command Buffer 0,12265740041,207584
1657,python (8633),Compute Command 0,12265933916,11542
1658,python (8633),Command Buffer 0,12265950041,218084
1659,python (8633),Compute Command 0,12266155625,10583
1660,python (8633),Command Buffer 0,12266170708,236208
1661,python (8633),Compute Command 0,12266393166,11834
1662,python (8633),Command Buffer 0,12266409333,234125
1663,python (8633),Compute Command 0,12266630208,11292
1664,python (8633),Command Buffer 0,12266646208,248583
1665,python (8633),Compute Command 0,12266881041,11625
1666,python (8633),Command Buffer 0,12266897458,247833
1667,python (8633),Compute Command 0,12267131208,11792
1668,python (8633),Command Buffer 0,12267147583,252750
1669,python (8633),Compute Command 0,12267386666,11625
1670,python (8633),Command Buffer 0,12267403000,259708
1671,python (8633),Compute Command 0,12267648875,11625
1672,python (8633),Command Buffer 0,12267665208,255667
1673,python (8633),Compute Command 0,12267906958,11750
1674,python (8633),Command Buffer 0,12267923375,403458
1675,python (8633),Compute Command 0,12268313375,11458
1676,python (8633),Command Buffer 0,12268329625,242625
1677,python (8633),Compute Command 0,12268557375,12541
1678,python (8633),Command Buffer 0,12268574791,216750
1679,python (8633),Compute Command 0,12268777583,11833
1680,python (8633),Command Buffer 0,12268793916,196042
1681,python (8633),Compute Command 0,12268975541,12459
1682,python (8633),Command Buffer 0,12268992250,285625
1683,python (8633),Compute Command 0,12269263208,12500
1684,python (8633),Command Buffer 0,12269280208,202083
1685,python (8633),Compute Command 0,12269468458,11792
1686,python (8633),Command Buffer 0,12269484708,201583
1687,python (8633),Compute Command 0,12269672833,11500
1688,python (8633),Command Buffer 0,12269688458,200750
1689,python (8633),Compute Command 0,12269875583,11667
1690,python (8633),Command Buffer 0,12269891416,327375
1691,python (8633),Compute Command 0,12270202791,13959
1692,python (8633),Command Buffer 0,12270221250,209583
1693,python (8633),Compute Command 0,12270417166,11709
1694,python (8633),Command Buffer 0,12270433125,204916
1695,python (8633),Compute Command 0,12270624708,11333
1696,python (8633),Command Buffer 0,12270640333,210750
1697,python (8633),Compute Command 0,12270836875,12208
1698,python (8633),Command Buffer 0,12270853750,208250
1699,python (8633),Compute Command 0,12271047916,12167
1700,python (8633),Command Buffer 0,12271064291,205459
1701,python (8633),Compute Command 0,12271256416,11459
1702,python (8633),Command Buffer 0,12271272000,242125
1703,python (8633),Compute Command 0,12271500625,11375
1704,python (8633),Command Buffer 0,12271516458,235542
1705,python (8633),Compute Command 0,12271738541,11459
1706,python (8633),Command Buffer 0,12271754583,252583
1707,python (8633),Compute Command 0,12271993708,11500
1708,python (8633),Command Buffer 0,12272009875,228916
1709,python (8633),Compute Command 0,12272225375,11375
1710,python (8633),Command Buffer 0,12272241541,222584
1711,python (8633),Compute Command 0,12272450750,11333
1712,python (8633),Command Buffer 0,12272466333,237417
1713,python (8633),Compute Command 0,12272690291,11459
1714,python (8633),Command Buffer 0,12272705916,235500
1715,python (8633),Compute Command 0,12272928041,11375
1716,python (8633),Command Buffer 0,12272943791,231042
1717,python (8633),Compute Command 0,12273161166,11584
1718,python (8633),Command Buffer 0,12273177708,230375
1719,python (8633),Compute Command 0,12273394291,11709
1720,python (8633),Command Buffer 0,12273410583,232667
1721,python (8633),Compute Command 0,12273629708,11542
1722,python (8633),Command Buffer 0,12273645958,207208
1723,python (8633),Compute Command 0,12273839166,11834
1724,python (8633),Command Buffer 0,12273856208,218167
1725,python (8633),Compute Command 0,12274058416,13542
1726,python (8633),Command Buffer 0,12274076833,218958
1727,python (8633),Compute Command 0,12274279583,13625
1728,python (8633),Command Buffer 0,12274298083,217958
1729,python (8633),Compute Command 0,12274499791,13709
1730,python (8633),Command Buffer 0,12274518375,213958
1731,python (8633),Compute Command 0,12274716333,13625
1732,python (8633),Command Buffer 0,12274734750,212500
1733,python (8633),Compute Command 0,12274931000,13708
1734,python (8633),Command Buffer 0,12274949708,210458
1735,python (8633),Compute Command 0,12275144208,13500
1736,python (8633),Command Buffer 0,12275162916,216334
1737,python (8633),Compute Command 0,12275362958,13833
1738,python (8633),Command Buffer 0,12275381916,219417
1739,python (8633),Compute Command 0,12275585375,13583
1740,python (8633),Command Buffer 0,12275604125,221750
1741,python (8633),Compute Command 0,12275809666,13834
1742,python (8633),Command Buffer 0,12275828250,220458
1743,python (8633),Compute Command 0,12276033875,12916
1744,python (8633),Command Buffer 0,12276051083,228375
1745,python (8633),Compute Command 0,12276262000,14750
1746,python (8633),Command Buffer 0,12276282791,421209
1747,python (8633),Compute Command 0,12276691375,10958
1748,python (8633),Command Buffer 0,12276706291,235709
1749,python (8633),Compute Command 0,12276930166,10167
1750,python (8633),Command Buffer 0,12276944208,226125
1751,python (8633),Compute Command 0,12277157750,10833
1752,python (8633),Command Buffer 0,12277172041,234875
1753,python (8633),Compute Command 0,12277394166,11042
1754,python (8633),Command Buffer 0,12277408708,235167
1755,python (8633),Compute Command 0,12277631333,10833
1756,python (8633),Command Buffer 0,12277645625,225125
1757,python (8633),Compute Command 0,12277857583,11208
1758,python (8633),Command Buffer 0,12277872458,226625
1759,python (8633),Compute Command 0,12278087125,10250
1760,python (8633),Command Buffer 0,12278100958,198083
1761,python (8633),Compute Command 0,12278288125,9291
1762,python (8633),Command Buffer 0,12278301041,215625
1763,python (8633),Compute Command 0,12278505000,10000
1764,python (8633),Command Buffer 0,12278518916,214750
1765,python (8633),Compute Command 0,12278722708,9375
1766,python (8633),Command Buffer 0,12278735875,215333
1767,python (8633),Compute Command 0,12278939791,9792
1768,python (8633),Command Buffer 0,12278953375,210416
1769,python (8633),Compute Command 0,12279152416,9709
1770,python (8633),Command Buffer 0,12279165875,213333
1771,python (8633),Compute Command 0,12279367583,10000
1772,python (8633),Command Buffer 0,12279381250,208250
1773,python (8633),Compute Command 0,12279577458,10417
1774,python (8633),Command Buffer 0,12279591583,210458
1775,python (8633),Compute Command 0,12279790041,10375
1776,python (8633),Command Buffer 0,12279804291,212250
1777,python (8633),Compute Command 0,12280004750,10166
1778,python (8633),Command Buffer 0,12280018500,215500
1779,python (8633),Compute Command 0,12280221916,10459
1780,python (8633),Command Buffer 0,12280236083,196542
1781,python (8633),Compute Command 0,12280419583,10750
1782,python (8633),Command Buffer 0,12280434916,210667
1783,python (8633),Compute Command 0,12280634750,9250
1784,python (8633),Command Buffer 0,12280647750,222791
1785,python (8633),Compute Command 0,12280859875,9000
1786,python (8633),Command Buffer 0,12280872625,213541
1787,python (8633),Compute Command 0,12281074958,9542
1788,python (8633),Command Buffer 0,12281088416,210625
1789,python (8633),Compute Command 0,12281287583,9792
1790,python (8633),Command Buffer 0,12281300958,290750
1791,python (8633),Compute Command 0,12281580500,9541
1792,python (8633),Command Buffer 0,12281593500,208833
1793,python (8633),Compute Command 0,12281790625,10000
1794,python (8633),Command Buffer 0,12281804500,212083
1795,python (8633),Compute Command 0,12282005000,9875
1796,python (8633),Command Buffer 0,12282018750,205375
1797,python (8633),Compute Command 0,12282209000,12666
1798,python (8633),Command Buffer 0,12282227166,194542
1799,python (8633),Compute Command 0,12282405208,13625
1800,python (8633),Command Buffer 0,12282425041,194250
1801,python (8633),Compute Command 0,12282603208,14083
1802,python (8633),Command Buffer 0,12282621833,323542
1803,python (8633),Compute Command 0,12282932166,11250
1804,python (8633),Command Buffer 0,12282947833,212042
1805,python (8633),Compute Command 0,12283146958,10958
1806,python (8633),Command Buffer 0,12283162000,219083
1807,python (8633),Compute Command 0,12283364041,14500
1808,python (8633),Command Buffer 0,12283384125,220833
1809,python (8633),Compute Command 0,12283592208,11000
1810,python (8633),Command Buffer 0,12283607000,216875
1811,python (8633),Compute Command 0,12283812291,9875
1812,python (8633),Command Buffer 0,12283825625,207208
1813,python (8633),Compute Command 0,12284019833,11375
1814,python (8633),Command Buffer 0,12284034916,206625
1815,python (8633),Compute Command 0,12284229458,10458
1816,python (8633),Command Buffer 0,12284243666,206875
1817,python (8633),Compute Command 0,12284438583,10292
1818,python (8633),Command Buffer 0,12284452541,203542
1819,python (8633),Compute Command 0,12284643708,10708
1820,python (8633),Command Buffer 0,12284657958,387167
1821,python (8633),Compute Command 0,12285034291,9209
1822,python (8633),Command Buffer 0,12285047208,216208
1823,python (8633),Compute Command 0,12285252125,9625
1824,python (8633),Command Buffer 0,12285265541,214667
1825,python (8633),Compute Command 0,12285468500,10083
1826,python (8633),Command Buffer 0,12285482541,216667
1827,python (8633),Compute Command 0,12285686541,11042
1828,python (8633),Command Buffer 0,12285701333,215708
1829,python (8633),Compute Command 0,12285905416,9917
1830,python (8633),Command Buffer 0,12285919166,213959
1831,python (8633),Compute Command 0,12286120416,10834
1832,python (8633),Command Buffer 0,12286135125,223625
1833,python (8633),Compute Command 0,12286346541,10542
1834,python (8633),Command Buffer 0,12286360958,224042
1835,python (8633),Compute Command 0,12286572125,11250
1836,python (8633),Command Buffer 0,12286586958,211042
1837,python (8633),Compute Command 0,12286786000,10416
1838,python (8633),Command Buffer 0,12286800125,194166
1839,python (8633),Compute Command 0,12286980541,12000
1840,python (8633),Command Buffer 0,12286996208,222667
1841,python (8633),Compute Command 0,12287207666,9625
1842,python (8633),Command Buffer 0,12287220958,216083
1843,python (8633),Compute Command 0,12287425333,10042
1844,python (8633),Command Buffer 0,12287439125,215583
1845,python (8633),Compute Command 0,12287641041,11542
1846,python (8633),Command Buffer 0,12287657041,220667
1847,python (8633),Compute Command 0,12287864375,11583
1848,python (8633),Command Buffer 0,12287879708,213750
1849,python (8633),Compute Command 0,12288081208,10667
1850,python (8633),Command Buffer 0,12288095500,215750
1851,python (8633),Compute Command 0,12288299291,10292
1852,python (8633),Command Buffer 0,12288313375,216083
1853,python (8633),Compute Command 0,12288517416,10375
1854,python (8633),Command Buffer 0,12288531541,225209
1855,python (8633),Compute Command 0,12288744708,10375
1856,python (8633),Command Buffer 0,12288758750,187166
1857,python (8633),Compute Command 0,12288933000,11291
1858,python (8633),Command Buffer 0,12288947958,206917
1859,python (8633),Compute Command 0,12289141875,11291
1860,python (8633),Command Buffer 0,12289156833,217583
1861,python (8633),Compute Command 0,12289363041,9792
1862,python (8633),Command Buffer 0,12289376458,216458
1863,python (8633),Compute Command 0,12289581416,9834
1864,python (8633),Command Buffer 0,12289594750,244916
1865,python (8633),Compute Command 0,12289828500,9541
1866,python (8633),Command Buffer 0,12289841666,208584
1867,python (8633),Compute Command 0,12290038416,10209
1868,python (8633),Command Buffer 0,12290052375,213875
1869,python (8633),Compute Command 0,12290254041,10625
1870,python (8633),Command Buffer 0,12290268291,213084
1871,python (8633),Compute Command 0,12290469375,10291
1872,python (8633),Command Buffer 0,12290483666,205334
1873,python (8633),Compute Command 0,12290676791,10625
1874,python (8633),Command Buffer 0,12290691333,216667
1875,python (8633),Compute Command 0,12290896208,10167
1876,python (8633),Command Buffer 0,12290910125,218500
1877,python (8633),Compute Command 0,12291115916,11084
1878,python (8633),Command Buffer 0,12291130708,207042
1879,python (8633),Compute Command 0,12291325833,10292
1880,python (8633),Command Buffer 0,12291339875,223500
1881,python (8633),Compute Command 0,12291550000,11750
1882,python (8633),Command Buffer 0,12291565375,210166
1883,python (8633),Compute Command 0,12291763416,10417
1884,python (8633),Command Buffer 0,12291777625,209458
1885,python (8633),Compute Command 0,12291973625,11833
1886,python (8633),Command Buffer 0,12291989000,211875
1887,python (8633),Compute Command 0,12292188791,10417
1888,python (8633),Command Buffer 0,12292202750,218500
1889,python (8633),Compute Command 0,12292408791,10834
1890,python (8633),Command Buffer 0,12292423333,204042
1891,python (8633),Compute Command 0,12292613875,11875
1892,python (8633),Command Buffer 0,12292629500,208750
1893,python (8633),Compute Command 0,12292824833,11792
1894,python (8633),Command Buffer 0,12292840250,203416
1895,python (8633),Compute Command 0,12293033458,8500
1896,python (8633),Command Buffer 0,12293048541,279667
1897,python (8633),Compute Command 0,12293315416,10875
1898,python (8633),Command Buffer 0,12293330250,212958
1899,python (8633),Compute Command 0,12293529958,11625
1900,python (8633),Command Buffer 0,12293545125,217125
1901,python (8633),Compute Command 0,12293748708,11833
1902,python (8633),Command Buffer 0,12293764208,212833
1903,python (8633),Compute Command 0,12293963875,11500
1904,python (8633),Command Buffer 0,12293979125,210583
1905,python (8633),Compute Command 0,12294176375,11708
1906,python (8633),Command Buffer 0,12294191750,209791
1907,python (8633),Compute Command 0,12294389791,10125
1908,python (8633),Command Buffer 0,12294403791,205417
1909,python (8633),Compute Command 0,12294595791,11709
1910,python (8633),Command Buffer 0,12294611291,211125
1911,python (8633),Compute Command 0,12294809625,11041
1912,python (8633),Command Buffer 0,12294824541,211167
1913,python (8633),Compute Command 0,12295021458,12167
1914,python (8633),Command Buffer 0,12295038166,195417
1915,python (8633),Compute Command 0,12295221125,10791
1916,python (8633),Command Buffer 0,12295235666,211334
1917,python (8633),Compute Command 0,12295433416,11917
1918,python (8633),Command Buffer 0,12295449041,217167
1919,python (8633),Compute Command 0,12295653208,11375
1920,python (8633),Command Buffer 0,12295668333,210083
1921,python (8633),Compute Command 0,12295866375,10416
1922,python (8633),Command Buffer 0,12295880583,216625
1923,python (8633),Compute Command 0,12296085208,10292
1924,python (8633),Command Buffer 0,12296099333,210625
1925,python (8633),Compute Command 0,12296297458,10833
1926,python (8633),Command Buffer 0,12296311916,225084
1927,python (8633),Compute Command 0,12296523958,11417
1928,python (8633),Command Buffer 0,12296539083,209875
1929,python (8633),Compute Command 0,12296735583,11708
1930,python (8633),Command Buffer 0,12296751000,210916
1931,python (8633),Compute Command 0,12296948583,11750
1932,python (8633),Command Buffer 0,12296964041,208167
1933,python (8633),Compute Command 0,12297156541,11584
1934,python (8633),Command Buffer 0,12297173958,209458
1935,python (8633),Compute Command 0,12297369958,11833
1936,python (8633),Command Buffer 0,12297385541,209917
1937,python (8633),Compute Command 0,12297582083,11750
1938,python (8633),Command Buffer 0,12297597541,219417
1939,python (8633),Compute Command 0,12297803500,11791
1940,python (8633),Command Buffer 0,12297819125,198500
1941,python (8633),Compute Command 0,12298005250,10708
1942,python (8633),Command Buffer 0,12298019875,207916
1943,python (8633),Compute Command 0,12298214458,11708
1944,python (8633),Command Buffer 0,12298229791,210334
1945,python (8633),Compute Command 0,12298426916,11625
1946,python (8633),Command Buffer 0,12298442083,222458
1947,python (8633),Compute Command 0,12298651375,11500
1948,python (8633),Command Buffer 0,12298666458,212708
1949,python (8633),Compute Command 0,12298864875,11958
1950,python (8633),Command Buffer 0,12298881875,207041
1951,python (8633),Compute Command 0,12299072291,14209
1952,python (8633),Command Buffer 0,12299091750,184416
1953,python (8633),Compute Command 0,12299263083,11292
1954,python (8633),Command Buffer 0,12299278916,210667
1955,python (8633),Compute Command 0,12299475958,11833
1956,python (8633),Command Buffer 0,12299491833,209875
1957,python (8633),Compute Command 0,12299687916,12125
1958,python (8633),Command Buffer 0,12299703916,221750
1959,python (8633),Compute Command 0,12299912333,11667
1960,python (8633),Command Buffer 0,12299927875,211666
1961,python (8633),Compute Command 0,12300126250,11625
1962,python (8633),Command Buffer 0,12300141541,221709
1963,python (8633),Compute Command 0,12300350000,11625
1964,python (8633),Command Buffer 0,12300365333,212917
1965,python (8633),Compute Command 0,12300564916,11667
1966,python (8633),Command Buffer 0,12300580375,211250
1967,python (8633),Compute Command 0,12300778208,11750
1968,python (8633),Command Buffer 0,12300793791,213042
1969,python (8633),Compute Command 0,12300993500,11666
1970,python (8633),Command Buffer 0,12301008875,221833
1971,python (8633),Compute Command 0,12301217375,11708
1972,python (8633),Command Buffer 0,12301233000,378291
1973,python (8633),Compute Command 0,12301597916,11709
1974,python (8633),Command Buffer 0,12301613458,222792
1975,python (8633),Compute Command 0,12301822833,11708
1976,python (8633),Command Buffer 0,12301838541,183042
1977,python (8633),Compute Command 0,12302008541,11417
1978,python (8633),Command Buffer 0,12302023833,178667
1979,python (8633),Compute Command 0,12302190125,10791
1980,python (8633),Command Buffer 0,12302204666,176042
1981,python (8633),Compute Command 0,12302367708,11250
1982,python (8633),Command Buffer 0,12302382666,177834
1983,python (8633),Compute Command 0,12302546916,11792
1984,python (8633),Command Buffer 0,12302562666,179834
1985,python (8633),Compute Command 0,12302729375,11541
1986,python (8633),Command Buffer 0,12302744541,261542
1987,python (8633),Compute Command 0,12302992500,11708
1988,python (8633),Command Buffer 0,12303008416,182625
1989,python (8633),Compute Command 0,12303178958,10458
1990,python (8633),Command Buffer 0,12303193041,182875
1991,python (8633),Compute Command 0,12303361791,12209
1992,python (8633),Command Buffer 0,12303377875,212541
1993,python (8633),Compute Command 0,12303577083,11708
1994,python (8633),Command Buffer 0,12303592541,221292
1995,python (8633),Compute Command 0,12303800500,11708
1996,python (8633),Command Buffer 0,12303815958,207125
1997,python (8633),Compute Command 0,12304009708,11750
1998,python (8633),Command Buffer 0,12304025166,216167
1999,python (8633),Compute Command 0,12304228916,10792
2000,python (8633),Command Buffer 0,12304243458,222167
2001,python (8633),Compute Command 0,12304452166,11792
2002,python (8633),Command Buffer 0,12304467750,220625
2003,python (8633),Compute Command 0,12304676458,10292
2004,python (8633),Command Buffer 0,12304690666,212875
2005,python (8633),Compute Command 0,12304890125,11791
2006,python (8633),Command Buffer 0,12304905791,228167
2007,python (8633),Compute Command 0,12305120625,11583
2008,python (8633),Command Buffer 0,12305136041,211750
2009,python (8633),Compute Command 0,12305334541,11625
2010,python (8633),Command Buffer 0,12305350000,203833
2011,python (8633),Compute Command 0,12305541125,11041
2012,python (8633),Command Buffer 0,12305556041,216709
2013,python (8633),Compute Command 0,12305759333,11750
2014,python (8633),Command Buffer 0,12305774833,214958
2015,python (8633),Compute Command 0,12305976666,11542
2016,python (8633),Command Buffer 0,12305991916,214792
2017,python (8633),Compute Command 0,12306193416,11584
2018,python (8633),Command Buffer 0,12306208875,217333
2019,python (8633),Compute Command 0,12306412791,11792
2020,python (8633),Command Buffer 0,12306428333,212958
2021,python (8633),Compute Command 0,12306627791,11875
2022,python (8633),Command Buffer 0,12306643416,214125
2023,python (8633),Compute Command 0,12306845708,10125
2024,python (8633),Command Buffer 0,12306859916,205167
2025,python (8633),Compute Command 0,12307052750,10625
2026,python (8633),Command Buffer 0,12307067250,198916
2027,python (8633),Compute Command 0,12307247333,15417
2028,python (8633),Command Buffer 0,12307269625,217458
2029,python (8633),Compute Command 0,12307474416,10792
2030,python (8633),Command Buffer 0,12307489458,208542
2031,python (8633),Compute Command 0,12307685791,10375
2032,python (8633),Command Buffer 0,12307700375,210583
2033,python (8633),Compute Command 0,12307897208,12083
2034,python (8633),Command Buffer 0,12307913333,217167
2035,python (8633),Compute Command 0,12308116208,12583
2036,python (8633),Command Buffer 0,12308132875,214708
2037,python (8633),Compute Command 0,12308333875,11958
2038,python (8633),Command Buffer 0,12308349875,224833
2039,python (8633),Compute Command 0,12308562166,10834
2040,python (8633),Command Buffer 0,12308576875,213458
2041,python (8633),Compute Command 0,12308776833,11833
2042,python (8633),Command Buffer 0,12308792583,210792
2043,python (8633),Compute Command 0,12308992166,9459
2044,python (8633),Command Buffer 0,12309005541,204959
2045,python (8633),Compute Command 0,12309198750,10000
2046,python (8633),Command Buffer 0,12309212916,215917
2047,python (8633),Compute Command 0,12309415541,11625
2048,python (8633),Command Buffer 0,12309431000,215041
2049,python (8633),Compute Command 0,12309632958,11375
2050,python (8633),Command Buffer 0,12309648666,383209
2051,python (8633),Compute Command 0,12310018333,11875
2052,python (8633),Command Buffer 0,12310033875,211833
2053,python (8633),Compute Command 0,12310232375,11625
2054,python (8633),Command Buffer 0,12310247791,224292
2055,python (8633),Compute Command 0,12310459791,10667
2056,python (8633),Command Buffer 0,12310474166,224792
2057,python (8633),Compute Command 0,12310685500,11833
2058,python (8633),Command Buffer 0,12310701125,218791
2059,python (8633),Compute Command 0,12310907666,10584
2060,python (8633),Command Buffer 0,12310922208,195000
2061,python (8633),Compute Command 0,12311104833,10708
2062,python (8633),Command Buffer 0,12311119333,220292
2063,python (8633),Compute Command 0,12311327458,10417
2064,python (8633),Command Buffer 0,12311341583,210625
2065,python (8633),Compute Command 0,12311538875,11666
2066,python (8633),Command Buffer 0,12311554333,213958
2067,python (8633),Compute Command 0,12311755000,11625
2068,python (8633),Command Buffer 0,12311770375,211375
2069,python (8633),Compute Command 0,12311968291,11750
2070,python (8633),Command Buffer 0,12311984125,225500
2071,python (8633),Compute Command 0,12312196291,11625
2072,python (8633),Command Buffer 0,12312211708,216958
2073,python (8633),Compute Command 0,12312415208,11750
2074,python (8633),Command Buffer 0,12312430791,231834
2075,python (8633),Compute Command 0,12312649458,11500
2076,python (8633),Command Buffer 0,12312664833,221625
2077,python (8633),Compute Command 0,12312873083,11708
2078,python (8633),Command Buffer 0,12312888500,214208
2079,python (8633),Compute Command 0,12313089875,11166
2080,python (8633),Command Buffer 0,12313104833,204042
2081,python (8633),Compute Command 0,12313295791,11292
2082,python (8633),Command Buffer 0,12313310958,216750
2083,python (8633),Compute Command 0,12313516083,9958
2084,python (8633),Command Buffer 0,12313529958,213292
2085,python (8633),Compute Command 0,12313731500,10000
2086,python (8633),Command Buffer 0,12313745541,191250
2087,python (8633),Compute Command 0,12313923583,11500
2088,python (8633),Command Buffer 0,12313938708,211917
2089,python (8633),Compute Command 0,12314137625,11333
2090,python (8633),Command Buffer 0,12314152750,211375
2091,python (8633),Compute Command 0,12314350708,11750
2092,python (8633),Command Buffer 0,12314366166,210084
2093,python (8633),Compute Command 0,12314563083,11500
2094,python (8633),Command Buffer 0,12314578375,226958
2095,python (8633),Compute Command 0,12314792333,11333
2096,python (8633),Command Buffer 0,12314807458,218750
2097,python (8633),Compute Command 0,12315013708,10833
2098,python (8633),Command Buffer 0,12315028208,219333
2099,python (8633),Compute Command 0,12315234333,11583
2100,python (8633),Command Buffer 0,12315249708,215542
2101,python (8633),Compute Command 0,12315452833,10792
2102,python (8633),Command Buffer 0,12315467458,211208
2103,python (8633),Compute Command 0,12315667166,9709
2104,python (8633),Command Buffer 0,12315681041,210667
2105,python (8633),Compute Command 0,12315878666,11375
2106,python (8633),Command Buffer 0,12315893791,213417
2107,python (8633),Compute Command 0,12316094541,11000
2108,python (8633),Command Buffer 0,12316109250,218541
2109,python (8633),Compute Command 0,12316314416,11667
2110,python (8633),Command Buffer 0,12316329916,216000
2111,python (8633),Compute Command 0,12316532541,11709
2112,python (8633),Command Buffer 0,12316547958,214167
2113,python (8633),Compute Command 0,12316748958,11542
2114,python (8633),Command Buffer 0,12316764291,231084
2115,python (8633),Compute Command 0,12316981916,11750
2116,python (8633),Command Buffer 0,12316997458,217542
2117,python (8633),Compute Command 0,12317202500,10666
2118,python (8633),Command Buffer 0,12317217041,218500
2119,python (8633),Compute Command 0,12317422208,11667
2120,python (8633),Command Buffer 0,12317437541,203250
2121,python (8633),Compute Command 0,12317627208,11833
2122,python (8633),Command Buffer 0,12317642833,217333
2123,python (8633),Compute Command 0,12317848416,10042
2124,python (8633),Command Buffer 0,12317862416,374417
2125,python (8633),Compute Command 0,12318217041,16542
2126,python (8633),Command Buffer 0,12318240625,203583
2127,python (8633),Compute Command 0,12318428625,13500
2128,python (8633),Command Buffer 0,12318446666,206959
2129,python (8633),Compute Command 0,12318636500,14666
2130,python (8633),Command Buffer 0,12318656625,197833
2131,python (8633),Compute Command 0,12318838583,13417
2132,python (8633),Command Buffer 0,12318857125,197125
2133,python (8633),Compute Command 0,12319037791,14000
2134,python (8633),Command Buffer 0,12319057583,203250
2135,python (8633),Compute Command 0,12319244708,13792
2136,python (8633),Command Buffer 0,12319264291,191375
2137,python (8633),Compute Command 0,12319440541,12542
2138,python (8633),Command Buffer 0,12319458833,196708
2139,python (8633),Compute Command 0,12319639166,13875
2140,python (8633),Command Buffer 0,12319658458,193750
2141,python (8633),Compute Command 0,12319836000,13708
2142,python (8633),Command Buffer 0,12319855083,205208
2143,python (8633),Compute Command 0,12320044083,13875
2144,python (8633),Command Buffer 0,12320063166,190625
2145,python (8633),Compute Command 0,12320237875,13541
2146,python (8633),Command Buffer 0,12320256625,200791
2147,python (8633),Compute Command 0,12320441375,13750
2148,python (8633),Command Buffer 0,12320460458,199750
2149,python (8633),Compute Command 0,12320644208,13625
2150,python (8633),Command Buffer 0,12320663041,206292
2151,python (8633),Compute Command 0,12320853083,13750
2152,python (8633),Command Buffer 0,12320872208,195042
2153,python (8633),Compute Command 0,12321051583,13333
2154,python (8633),Command Buffer 0,12321070125,201083
2155,python (8633),Compute Command 0,12321255458,13417
2156,python (8633),Command Buffer 0,12321274125,205333
2157,python (8633),Compute Command 0,12321465416,11500
2158,python (8633),Command Buffer 0,12321483916,190750
2159,python (8633),Compute Command 0,12321661250,11250
2160,python (8633),Command Buffer 0,12321678125,180791
2161,python (8633),Compute Command 0,12321844083,12875
2162,python (8633),Command Buffer 0,12321863208,198500
2163,python (8633),Compute Command 0,12322046750,12750
2164,python (8633),Command Buffer 0,12322064750,172250
2165,python (8633),Compute Command 0,12322224125,10875
2166,python (8633),Command Buffer 0,12322242500,174166
2167,python (8633),Compute Command 0,12322402458,11958
2168,python (8633),Command Buffer 0,12322419666,193500
2169,python (8633),Compute Command 0,12322597833,12833
2170,python (8633),Command Buffer 0,12322616125,178958
2171,python (8633),Compute Command 0,12322781083,11875
2172,python (8633),Command Buffer 0,12322798083,170292
2173,python (8633),Compute Command 0,12322955458,10792
2174,python (8633),Command Buffer 0,12322971041,190792
2175,python (8633),Compute Command 0,12323148833,11000
2176,python (8633),Command Buffer 0,12323164208,175458
2177,python (8633),Compute Command 0,12323326416,11167
2178,python (8633),Command Buffer 0,12323341666,179625
2179,python (8633),Compute Command 0,12323507833,11000
2180,python (8633),Command Buffer 0,12323524416,171625
2181,python (8633),Compute Command 0,12323681625,12291
2182,python (8633),Command Buffer 0,12323699375,177250
2183,python (8633),Compute Command 0,12323863125,11500
2184,python (8633),Command Buffer 0,12323878666,179792
2185,python (8633),Compute Command 0,12324045083,11333
2186,python (8633),Command Buffer 0,12324061833,179500
2187,python (8633),Compute Command 0,12324228458,10833
2188,python (8633),Command Buffer 0,12324244833,176917
2189,python (8633),Compute Command 0,12324408041,11709
2190,python (8633),Command Buffer 0,12324424750,195208
2191,python (8633),Compute Command 0,12324605041,12209
2192,python (8633),Command Buffer 0,12324622916,191125
2193,python (8633),Compute Command 0,12324799458,12250
2194,python (8633),Command Buffer 0,12324817208,196875
2195,python (8633),Compute Command 0,12324997416,13667
2196,python (8633),Command Buffer 0,12325017250,178833
2197,python (8633),Compute Command 0,12325180708,13125
2198,python (8633),Command Buffer 0,12325199000,186166
2199,python (8633),Compute Command 0,12325371250,11666
2200,python (8633),Command Buffer 0,12325387500,181458
2201,python (8633),Compute Command 0,12325555791,11125
2202,python (8633),Command Buffer 0,12325571458,187125
2203,python (8633),Compute Command 0,12325744708,11375
2204,python (8633),Command Buffer 0,12325761333,180208
2205,python (8633),Compute Command 0,12325928083,11333
2206,python (8633),Command Buffer 0,12325944000,189041
2207,python (8633),Compute Command 0,12326118666,12375
2208,python (8633),Command Buffer 0,12326136083,188042
2209,python (8633),Compute Command 0,12326310541,11459
2210,python (8633),Command Buffer 0,12326327083,314625
2211,python (8633),Compute Command 0,12326626708,12708
2212,python (8633),Command Buffer 0,12326644416,195334
2213,python (8633),Compute Command 0,12326825750,11833
2214,python (8633),Command Buffer 0,12326843416,190875
2215,python (8633),Compute Command 0,12327020458,11792
2216,python (8633),Command Buffer 0,12327038041,184625
2217,python (8633),Compute Command 0,12327208625,11875
2218,python (8633),Command Buffer 0,12327225583,186792
2219,python (8633),Compute Command 0,12327398125,12041
2220,python (8633),Command Buffer 0,12327415375,189708
2221,python (8633),Compute Command 0,12327591208,11833
2222,python (8633),Command Buffer 0,12327609541,242667
2223,python (8633),Compute Command 0,12327838541,11584
2224,python (8633),Command Buffer 0,12327854833,188125
2225,python (8633),Compute Command 0,12328029291,11542
2226,python (8633),Command Buffer 0,12328045791,186042
2227,python (8633),Compute Command 0,12328218250,11583
2228,python (8633),Command Buffer 0,12328234666,181042
2229,python (8633),Compute Command 0,12328402041,11709
2230,python (8633),Command Buffer 0,12328418291,179250
2231,python (8633),Compute Command 0,12328584250,11291
2232,python (8633),Command Buffer 0,12328600208,188125
2233,python (8633),Compute Command 0,12328774208,12000
2234,python (8633),Command Buffer 0,12328791208,197708
2235,python (8633),Compute Command 0,12328975000,11750
2236,python (8633),Command Buffer 0,12328991375,194916
2237,python (8633),Compute Command 0,12329172041,12250
2238,python (8633),Command Buffer 0,12329188958,193167
2239,python (8633),Compute Command 0,12329368500,11625
2240,python (8633),Command Buffer 0,12329384583,195875
2241,python (8633),Compute Command 0,12329567375,11125
2242,python (8633),Command Buffer 0,12329582875,192416
2243,python (8633),Compute Command 0,12329762333,11000
2244,python (8633),Command Buffer 0,12329777666,199625
2245,python (8633),Compute Command 0,12329964791,10542
2246,python (8633),Command Buffer 0,12329979875,191875
2247,python (8633),Compute Command 0,12330158666,11167
2248,python (8633),Command Buffer 0,12330174125,189291
2249,python (8633),Compute Command 0,12330350708,10792
2250,python (8633),Command Buffer 0,12330366000,185541
2251,python (8633),Compute Command 0,12330538458,11125
2252,python (8633),Command Buffer 0,12330553958,192500
2253,python (8633),Compute Command 0,12330733791,10750
2254,python (8633),Command Buffer 0,12330748916,186500
2255,python (8633),Compute Command 0,12330922750,10708
2256,python (8633),Command Buffer 0,12330937750,172291
2257,python (8633),Compute Command 0,12331097291,10834
2258,python (8633),Command Buffer 0,12331112416,184709
2259,python (8633),Compute Command 0,12331284875,10250
2260,python (8633),Command Buffer 0,12331299041,185167
2261,python (8633),Compute Command 0,12331472250,9958
2262,python (8633),Command Buffer 0,12331486208,196333
2263,python (8633),Compute Command 0,12331670000,10625
2264,python (8633),Command Buffer 0,12331685083,178625
2265,python (8633),Compute Command 0,12331851791,9959
2266,python (8633),Command Buffer 0,12331865541,182542
2267,python (8633),Compute Command 0,12332036083,10042
2268,python (8633),Command Buffer 0,12332049958,199667
2269,python (8633),Compute Command 0,12332235625,11791
2270,python (8633),Command Buffer 0,12332252500,194666
2271,python (8633),Compute Command 0,12332433208,11917
2272,python (8633),Command Buffer 0,12332450041,182334
2273,python (8633),Compute Command 0,12332619041,11292
2274,python (8633),Command Buffer 0,12332635083,187042
2275,python (8633),Compute Command 0,12332809458,10750
2276,python (8633),Command Buffer 0,12332824625,181166
2277,python (8633),Compute Command 0,12332993000,10833
2278,python (8633),Command Buffer 0,12333008291,196625
2279,python (8633),Compute Command 0,12333192166,10834
2280,python (8633),Command Buffer 0,12333207416,187417
2281,python (8633),Compute Command 0,12333381958,11000
2282,python (8633),Command Buffer 0,12333397208,192292
2283,python (8633),Compute Command 0,12333576875,10750
2284,python (8633),Command Buffer 0,12333591916,191000
2285,python (8633),Compute Command 0,12333768125,12250
2286,python (8633),Command Buffer 0,12333785125,195041
2287,python (8633),Compute Command 0,12333967125,11083
2288,python (8633),Command Buffer 0,12333982458,181208
2289,python (8633),Compute Command 0,12334153041,8834
2290,python (8633),Command Buffer 0,12334165250,193583
2291,python (8633),Compute Command 0,12334347583,9583
2292,python (8633),Command Buffer 0,12334360958,182125
2293,python (8633),Compute Command 0,12334531750,9625
2294,python (8633),Command Buffer 0,12334545333,342958
2295,python (8633),Compute Command 0,12334877583,9000
2296,python (8633),Command Buffer 0,12334890500,182750
2297,python (8633),Compute Command 0,12335060625,10750
2298,python (8633),Command Buffer 0,12335075583,183583
2299,python (8633),Compute Command 0,12335247166,10292
2300,python (8633),Command Buffer 0,12335261375,166583
2301,python (8633),Compute Command 0,12335417166,9084
2302,python (8633),Command Buffer 0,12335429541,159542
2303,python (8633),Compute Command 0,12335577958,9417
2304,python (8633),Command Buffer 0,12335590833,162542
2305,python (8633),Compute Command 0,12335742541,9125
2306,python (8633),Command Buffer 0,12335755208,159542
2307,python (8633),Compute Command 0,12335903333,9750
2308,python (8633),Command Buffer 0,12335916958,164583
2309,python (8633),Compute Command 0,12336070250,9666
2310,python (8633),Command Buffer 0,12336083750,250916
2311,python (8633),Compute Command 0,12336323291,9750
2312,python (8633),Command Buffer 0,12336336916,169334
2313,python (8633),Compute Command 0,12336494916,9709
2314,python (8633),Command Buffer 0,12336508458,174750
2315,python (8633),Compute Command 0,12336671916,9625
2316,python (8633),Command Buffer 0,12336685541,182584
2317,python (8633),Compute Command 0,12336856666,9750
2318,python (8633),Command Buffer 0,12336870333,178667
2319,python (8633),Compute Command 0,12337038458,8875
2320,python (8633),Command Buffer 0,12337050750,179666
2321,python (8633),Compute Command 0,12337219500,9166
2322,python (8633),Command Buffer 0,12337232125,174958
2323,python (8633),Compute Command 0,12337395791,9667
2324,python (8633),Command Buffer 0,12337409208,185833
2325,python (8633),Compute Command 0,12337583916,9500
2326,python (8633),Command Buffer 0,12337597291,183917
2327,python (8633),Compute Command 0,12337769875,9666
2328,python (8633),Command Buffer 0,12337783416,185292
2329,python (8633),Compute Command 0,12337957375,9625
2330,python (8633),Command Buffer 0,12337970916,184375
2331,python (8633),Compute Command 0,12338144250,9375
2332,python (8633),Command Buffer 0,12338157750,180416
2333,python (8633),Compute Command 0,12338327708,8792
2334,python (8633),Command Buffer 0,12338340000,177791
2335,python (8633),Compute Command 0,12338507125,8875
2336,python (8633),Command Buffer 0,12338519500,182416
2337,python (8633),Compute Command 0,12338690416,9792
2338,python (8633),Command Buffer 0,12338704208,177625
2339,python (8633),Compute Command 0,12338870666,9500
2340,python (8633),Command Buffer 0,12338884208,177667
2341,python (8633),Compute Command 0,12339050500,9708
2342,python (8633),Command Buffer 0,12339064083,184625
2343,python (8633),Compute Command 0,12339237375,9708
2344,python (8633),Command Buffer 0,12339251000,179708
2345,python (8633),Compute Command 0,12339419791,9209
2346,python (8633),Command Buffer 0,12339432541,177000
2347,python (8633),Compute Command 0,12339598333,9542
2348,python (8633),Command Buffer 0,12339611750,182375
2349,python (8633),Compute Command 0,12339782791,9667
2350,python (8633),Command Buffer 0,12339796333,183917
2351,python (8633),Compute Command 0,12339968875,9750
2352,python (8633),Command Buffer 0,12339982541,182125
2353,python (8633),Compute Command 0,12340153375,9625
2354,python (8633),Command Buffer 0,12340166958,185833
2355,python (8633),Compute Command 0,12340341458,9625
2356,python (8633),Command Buffer 0,12340355166,181500
2357,python (8633),Compute Command 0,12340522750,12041
2358,python (8633),Command Buffer 0,12340540000,191750
2359,python (8633),Compute Command 0,12340718833,11042
2360,python (8633),Command Buffer 0,12340733750,182083
2361,python (8633),Compute Command 0,12340902541,11417
2362,python (8633),Command Buffer 0,12340917875,180041
2363,python (8633),Compute Command 0,12341086708,9583
2364,python (8633),Command Buffer 0,12341100208,181500
2365,python (8633),Compute Command 0,12341270291,9750
2366,python (8633),Command Buffer 0,12341283958,178417
2367,python (8633),Compute Command 0,12341451000,9750
2368,python (8633),Command Buffer 0,12341464708,177833
2369,python (8633),Compute Command 0,12341631291,9542
2370,python (8633),Command Buffer 0,12341644958,174625
2371,python (8633),Compute Command 0,12341808416,9500
2372,python (8633),Command Buffer 0,12341821916,181750
2373,python (8633),Compute Command 0,12341992291,9709
2374,python (8633),Command Buffer 0,12342006000,178750
2375,python (8633),Compute Command 0,12342173500,9625
2376,python (8633),Command Buffer 0,12342187041,183417
2377,python (8633),Compute Command 0,12342359166,9625
2378,python (8633),Command Buffer 0,12342372625,179750
2379,python (8633),Compute Command 0,12342541166,9584
2380,python (8633),Command Buffer 0,12342554708,177583
2381,python (8633),Compute Command 0,12342721041,9584
2382,python (8633),Command Buffer 0,12342734500,178708
2383,python (8633),Compute Command 0,12342901583,9875
2384,python (8633),Command Buffer 0,12342915541,330375
2385,python (8633),Compute Command 0,12343235500,8750
2386,python (8633),Command Buffer 0,12343248125,184833
2387,python (8633),Compute Command 0,12343419250,11875
2388,python (8633),Command Buffer 0,12343435583,182792
2389,python (8633),Compute Command 0,12343606916,9834
2390,python (8633),Command Buffer 0,12343620750,180875
2391,python (8633),Compute Command 0,12343790291,9709
2392,python (8633),Command Buffer 0,12343803958,175750
2393,python (8633),Compute Command 0,12343968375,9625
2394,python (8633),Command Buffer 0,12343981958,206417
2395,python (8633),Compute Command 0,12344175958,10792
2396,python (8633),Command Buffer 0,12344190541,212084
2397,python (8633),Compute Command 0,12344390416,10542
2398,python (8633),Command Buffer 0,12344405125,209375
2399,python (8633),Compute Command 0,12344600875,12000
2400,python (8633),Command Buffer 0,12344616750,205958
2401,python (8633),Compute Command 0,12344810416,10625
2402,python (8633),Command Buffer 0,12344825083,209583
2403,python (8633),Compute Command 0,12345021583,11500
2404,python (8633),Command Buffer 0,12345036875,186875
2405,python (8633),Compute Command 0,12345210583,11250
2406,python (8633),Command Buffer 0,12345225875,221500
2407,python (8633),Compute Command 0,12345433875,11875
2408,python (8633),Command Buffer 0,12345449416,220709
2409,python (8633),Compute Command 0,12345656666,11834
2410,python (8633),Command Buffer 0,12345672333,219667
2411,python (8633),Compute Command 0,12345878666,11709
2412,python (8633),Command Buffer 0,12345894125,209041
2413,python (8633),Compute Command 0,12346090750,10791
2414,python (8633),Command Buffer 0,12346105291,207084
2415,python (8633),Compute Command 0,12346300833,9833
2416,python (8633),Command Buffer 0,12346314416,209875
2417,python (8633),Compute Command 0,12346510875,11750
2418,python (8633),Command Buffer 0,12346526458,208000
2419,python (8633),Compute Command 0,12346721916,10917
2420,python (8633),Command Buffer 0,12346736541,208417
2421,python (8633),Compute Command 0,12346931500,11833
2422,python (8633),Command Buffer 0,12346947041,208667
2423,python (8633),Compute Command 0,12347142083,12000
2424,python (8633),Command Buffer 0,12347157541,204042
2425,python (8633),Compute Command 0,12347348833,11083
2426,python (8633),Command Buffer 0,12347363666,206459
2427,python (8633),Compute Command 0,12347557416,11084
2428,python (8633),Command Buffer 0,12347572291,218000
2429,python (8633),Compute Command 0,12347777041,11584
2430,python (8633),Command Buffer 0,12347792541,216292
2431,python (8633),Compute Command 0,12347996166,11042
2432,python (8633),Command Buffer 0,12348010791,208459
2433,python (8633),Compute Command 0,12348206166,11459
2434,python (8633),Command Buffer 0,12348221375,191250
2435,python (8633),Compute Command 0,12348398833,12167
2436,python (8633),Command Buffer 0,12348414708,219708
2437,python (8633),Compute Command 0,12348621291,11542
2438,python (8633),Command Buffer 0,12348636791,216000
2439,python (8633),Compute Command 0,12348837666,12709
2440,python (8633),Command Buffer 0,12348855916,208834
2441,python (8633),Compute Command 0,12349053791,9209
2442,python (8633),Command Buffer 0,12349066833,212667
2443,python (8633),Compute Command 0,12349266333,11542
2444,python (8633),Command Buffer 0,12349281541,209292
2445,python (8633),Compute Command 0,12349477458,11750
2446,python (8633),Command Buffer 0,12349492958,203667
2447,python (8633),Compute Command 0,12349683666,11292
2448,python (8633),Command Buffer 0,12349698791,209542
2449,python (8633),Compute Command 0,12349895125,11500
2450,python (8633),Command Buffer 0,12349910416,206292
2451,python (8633),Compute Command 0,12350104375,10708
2452,python (8633),Command Buffer 0,12350118750,205041
2453,python (8633),Compute Command 0,12350310958,11208
2454,python (8633),Command Buffer 0,12350326041,205625
2455,python (8633),Compute Command 0,12350519000,11000
2456,python (8633),Command Buffer 0,12350533916,213542
2457,python (8633),Compute Command 0,12350735250,10500
2458,python (8633),Command Buffer 0,12350749541,201209
2459,python (8633),Compute Command 0,12350938333,10750
2460,python (8633),Command Buffer 0,12350952708,207583
2461,python (8633),Compute Command 0,12351148083,10500
2462,python (8633),Command Buffer 0,12351162375,202583
2463,python (8633),Compute Command 0,12351351916,11000
2464,python (8633),Command Buffer 0,12351367250,267500
2465,python (8633),Compute Command 0,12351621416,11542
2466,python (8633),Command Buffer 0,12351636708,210958
2467,python (8633),Compute Command 0,12351834250,11708
2468,python (8633),Command Buffer 0,12351849625,207708
2469,python (8633),Compute Command 0,12352043958,11750
2470,python (8633),Command Buffer 0,12352059333,212042
2471,python (8633),Compute Command 0,12352257958,11792
2472,python (8633),Command Buffer 0,12352273500,211916
2473,python (8633),Compute Command 0,12352472041,11709
2474,python (8633),Command Buffer 0,12352487416,208334
2475,python (8633),Compute Command 0,12352682166,11917
2476,python (8633),Command Buffer 0,12352697791,175417
2477,python (8633),Compute Command 0,12352860500,11083
2478,python (8633),Command Buffer 0,12352875458,186750
2479,python (8633),Compute Command 0,12353049000,11541
2480,python (8633),Command Buffer 0,12353064333,210000
2481,python (8633),Compute Command 0,12353260916,11792
2482,python (8633),Command Buffer 0,12353276416,203167
2483,python (8633),Compute Command 0,12353466375,11583
2484,python (8633),Command Buffer 0,12353481625,205000
2485,python (8633),Compute Command 0,12353673208,11750
2486,python (8633),Command Buffer 0,12353688708,216208
2487,python (8633),Compute Command 0,12353891625,11666
2488,python (8633),Command Buffer 0,12353907166,204375
2489,python (8633),Compute Command 0,12354099250,10666
2490,python (8633),Command Buffer 0,12354113625,205833
2491,python (8633),Compute Command 0,12354306875,10916
2492,python (8633),Command Buffer 0,12354321708,207125
2493,python (8633),Compute Command 0,12354515500,11750
2494,python (8633),Command Buffer 0,12354531041,215084
2495,python (8633),Compute Command 0,12354732666,11792
2496,python (8633),Command Buffer 0,12354748083,198667
2497,python (8633),Compute Command 0,12354932916,12125
2498,python (8633),Command Buffer 0,12354948708,208000
2499,python (8633),Compute Command 0,12355143416,11625
2500,python (8633),Command Buffer 0,12355158833,207208
2501,python (8633),Compute Command 0,12355352833,11583
2502,python (8633),Command Buffer 0,12355368291,193084
2503,python (8633),Compute Command 0,12355548333,11375
2504,python (8633),Command Buffer 0,12355563458,216875
2505,python (8633),Compute Command 0,12355767708,10917
2506,python (8633),Command Buffer 0,12355782458,209125
2507,python (8633),Compute Command 0,12355977875,12083
2508,python (8633),Command Buffer 0,12355993666,208125
2509,python (8633),Compute Command 0,12356188625,11541
2510,python (8633),Command Buffer 0,12356203750,204833
2511,python (8633),Compute Command 0,12356395208,11750
2512,python (8633),Command Buffer 0,12356410750,209291
2513,python (8633),Compute Command 0,12356606583,11792
2514,python (8633),Command Buffer 0,12356622125,226125
2515,python (8633),Compute Command 0,12356835000,11625
2516,python (8633),Command Buffer 0,12356850208,212292
2517,python (8633),Compute Command 0,12357049250,11583
2518,python (8633),Command Buffer 0,12357064625,192250
2519,python (8633),Compute Command 0,12357243500,11291
2520,python (8633),Command Buffer 0,12357260000,209916
2521,python (8633),Compute Command 0,12357458625,9625
2522,python (8633),Command Buffer 0,12357472125,220250
2523,python (8633),Compute Command 0,12357678958,11750
2524,python (8633),Command Buffer 0,12357694583,210250
2525,python (8633),Compute Command 0,12357892291,10917
2526,python (8633),Command Buffer 0,12357907166,208042
2527,python (8633),Compute Command 0,12358101958,11625
2528,python (8633),Command Buffer 0,12358117291,206584
2529,python (8633),Compute Command 0,12358311375,10916
2530,python (8633),Command Buffer 0,12358326125,207583
2531,python (8633),Compute Command 0,12358520166,11917
2532,python (8633),Command Buffer 0,12358535958,207333
2533,python (8633),Compute Command 0,12358730208,11500
2534,python (8633),Command Buffer 0,12358745500,211583
2535,python (8633),Compute Command 0,12358943958,11458
2536,python (8633),Command Buffer 0,12358959166,205125
2537,python (8633),Compute Command 0,12359151166,11500
2538,python (8633),Command Buffer 0,12359166375,194333
2539,python (8633),Compute Command 0,12359347916,11125
2540,python (8633),Command Buffer 0,12359363041,218042
2541,python (8633),Compute Command 0,12359568583,10792
2542,python (8633),Command Buffer 0,12359583166,360375
2543,python (8633),Compute Command 0,12359931791,10084
2544,python (8633),Command Buffer 0,12359946000,223000
2545,python (8633),Compute Command 0,12360157208,10125
2546,python (8633),Command Buffer 0,12360171208,210083
2547,python (8633),Compute Command 0,12360368083,11583
2548,python (8633),Command Buffer 0,12360383458,209542
2549,python (8633),Compute Command 0,12360579333,11958
2550,python (8633),Command Buffer 0,12360595166,211167
2551,python (8633),Compute Command 0,12360793041,11625
2552,python (8633),Command Buffer 0,12360808583,204958
2553,python (8633),Compute Command 0,12361000625,11333
2554,python (8633),Command Buffer 0,12361015625,220875
2555,python (8633),Compute Command 0,12361223666,11209
2556,python (8633),Command Buffer 0,12361238583,216625
2557,python (8633),Compute Command 0,12361442625,11000
2558,python (8633),Command Buffer 0,12361457375,209583
2559,python (8633),Compute Command 0,12361655083,10208
2560,python (8633),Command Buffer 0,12361668875,206666
2561,python (8633),Compute Command 0,12361863291,10542
2562,python (8633),Command Buffer 0,12361877458,220875
2563,python (8633),Compute Command 0,12362085791,10917
2564,python (8633),Command Buffer 0,12362100333,207708
2565,python (8633),Compute Command 0,12362294750,11666
2566,python (8633),Command Buffer 0,12362310250,208916
2567,python (8633),Compute Command 0,12362505875,11666
2568,python (8633),Command Buffer 0,12362521250,209000
2569,python (8633),Compute Command 0,12362717000,11583
2570,python (8633),Command Buffer 0,12362732333,219625
2571,python (8633),Compute Command 0,12362938916,11417
2572,python (8633),Command Buffer 0,12362954000,208041
2573,python (8633),Compute Command 0,12363148750,11708
2574,python (8633),Command Buffer 0,12363164041,212084
2575,python (8633),Compute Command 0,12363363833,10625
2576,python (8633),Command Buffer 0,12363378291,190417
2577,python (8633),Compute Command 0,12363555291,11584
2578,python (8633),Command Buffer 0,12363570625,184791
2579,python (8633),Compute Command 0,12363741583,12208
2580,python (8633),Command Buffer 0,12363757583,193292
2581,python (8633),Compute Command 0,12363938625,10625
2582,python (8633),Command Buffer 0,12363952875,218333
2583,python (8633),Compute Command 0,12364158583,10958
2584,python (8633),Command Buffer 0,12364173000,208125
2585,python (8633),Compute Command 0,12364368958,10500
2586,python (8633),Command Buffer 0,12364383083,205625
2587,python (8633),Compute Command 0,12364576625,10375
2588,python (8633),Command Buffer 0,12364590625,208833
2589,python (8633),Compute Command 0,12364785791,12084
2590,python (8633),Command Buffer 0,12364801500,217041
2591,python (8633),Compute Command 0,12365005500,11416
2592,python (8633),Command Buffer 0,12365020708,212500
2593,python (8633),Compute Command 0,12365219375,11875
2594,python (8633),Command Buffer 0,12365235625,219416
2595,python (8633),Compute Command 0,12365441875,11583
2596,python (8633),Command Buffer 0,12365457166,194417
2597,python (8633),Compute Command 0,12365635333,13708
2598,python (8633),Command Buffer 0,12365654208,193417
2599,python (8633),Compute Command 0,12365832000,13333
2600,python (8633),Command Buffer 0,12365850458,201958
2601,python (8633),Compute Command 0,12366039375,11458
2602,python (8633),Command Buffer 0,12366054458,216208
2603,python (8633),Compute Command 0,12366257625,11458
2604,python (8633),Command Buffer 0,12366272666,205625
2605,python (8633),Compute Command 0,12366465875,10791
2606,python (8633),Command Buffer 0,12366480625,209250
2607,python (8633),Compute Command 0,12366677000,11250
2608,python (8633),Command Buffer 0,12366691958,209833
2609,python (8633),Compute Command 0,12366888875,11291
2610,python (8633),Command Buffer 0,12366903791,214000
2611,python (8633),Compute Command 0,12367105208,10917
2612,python (8633),Command Buffer 0,12367119958,205583
2613,python (8633),Compute Command 0,12367312583,11375
2614,python (8633),Command Buffer 0,12367327666,218542
2615,python (8633),Compute Command 0,12367533125,11458
2616,python (8633),Command Buffer 0,12367548291,217000
2617,python (8633),Compute Command 0,12367752250,11416
2618,python (8633),Command Buffer 0,12367767416,218167
2619,python (8633),Compute Command 0,12367974250,9458
2620,python (8633),Command Buffer 0,12367987750,354166
2621,python (8633),Compute Command 0,12368329875,10250
2622,python (8633),Command Buffer 0,12368344083,177250
2623,python (8633),Compute Command 0,12368508083,10875
2624,python (8633),Command Buffer 0,12368523875,183625
2625,python (8633),Compute Command 0,12368691291,14167
2626,python (8633),Command Buffer 0,12368709916,180334
2627,python (8633),Compute Command 0,12368873416,14167
2628,python (8633),Command Buffer 0,12368893000,177833
2629,python (8633),Compute Command 0,12369055916,12417
2630,python (8633),Command Buffer 0,12369073375,182500
2631,python (8633),Compute Command 0,12369239958,13833
2632,python (8633),Command Buffer 0,12369258333,180042
2633,python (8633),Compute Command 0,12369422041,13875
2634,python (8633),Command Buffer 0,12369441333,244917
2635,python (8633),Compute Command 0,12369673708,10875
2636,python (8633),Command Buffer 0,12369688416,182625
2637,python (8633),Compute Command 0,12369857916,10875
2638,python (8633),Command Buffer 0,12369873500,193875
2639,python (8633),Compute Command 0,12370053958,11792
2640,python (8633),Command Buffer 0,12370069541,211917
2641,python (8633),Compute Command 0,12370268625,11166
2642,python (8633),Command Buffer 0,12370283666,218834
2643,python (8633),Compute Command 0,12370489166,11667
2644,python (8633),Command Buffer 0,12370504541,212917
2645,python (8633),Compute Command 0,12370704166,11625
2646,python (8633),Command Buffer 0,12370719500,212916
2647,python (8633),Compute Command 0,12370919000,11750
2648,python (8633),Command Buffer 0,12370934458,218042
2649,python (8633),Compute Command 0,12371140916,9875
2650,python (8633),Command Buffer 0,12371154583,220083
2651,python (8633),Compute Command 0,12371361583,11458
2652,python (8633),Command Buffer 0,12371376791,212959
2653,python (8633),Compute Command 0,12371576458,11667
2654,python (8633),Command Buffer 0,12371591750,220333
2655,python (8633),Compute Command 0,12371798791,11584
2656,python (8633),Command Buffer 0,12371814166,212750
2657,python (8633),Compute Command 0,12372013541,11709
2658,python (8633),Command Buffer 0,12372029000,196208
2659,python (8633),Compute Command 0,12372212500,11083
2660,python (8633),Command Buffer 0,12372227291,222334
2661,python (8633),Compute Command 0,12372436208,11708
2662,python (8633),Command Buffer 0,12372451666,206250
2663,python (8633),Compute Command 0,12372644625,11666
2664,python (8633),Command Buffer 0,12372660000,213666
2665,python (8633),Compute Command 0,12372861791,10209
2666,python (8633),Command Buffer 0,12372875916,211375
2667,python (8633),Compute Command 0,12373073833,11792
2668,python (8633),Command Buffer 0,12373089416,212709
2669,python (8633),Compute Command 0,12373288916,11542
2670,python (8633),Command Buffer 0,12373304208,216083
2671,python (8633),Compute Command 0,12373506916,11709
2672,python (8633),Command Buffer 0,12373522333,211750
2673,python (8633),Compute Command 0,12373720666,11792
2674,python (8633),Command Buffer 0,12373736166,197750
2675,python (8633),Compute Command 0,12373917375,13708
2676,python (8633),Command Buffer 0,12373936958,218875
2677,python (8633),Compute Command 0,12374142041,11750
2678,python (8633),Command Buffer 0,12374157916,217459
2679,python (8633),Compute Command 0,12374361916,11792
2680,python (8633),Command Buffer 0,12374377583,211833
2681,python (8633),Compute Command 0,12374576791,10875
2682,python (8633),Command Buffer 0,12374591666,215084
2683,python (8633),Compute Command 0,12374794375,10583
2684,python (8633),Command Buffer 0,12374808875,223083
2685,python (8633),Compute Command 0,12375019666,10542
2686,python (8633),Command Buffer 0,12375034500,218875
2687,python (8633),Compute Command 0,12375240125,11625
2688,python (8633),Command Buffer 0,12375255625,210041
2689,python (8633),Compute Command 0,12375453125,10916
2690,python (8633),Command Buffer 0,12375468000,218250
2691,python (8633),Compute Command 0,12375672875,11708
2692,python (8633),Command Buffer 0,12375688500,211125
2693,python (8633),Compute Command 0,12375886000,11958
2694,python (8633),Command Buffer 0,12375901875,210083
2695,python (8633),Compute Command 0,12376100416,9834
2696,python (8633),Command Buffer 0,12376114416,203500
2697,python (8633),Compute Command 0,12376305916,10250
2698,python (8633),Command Buffer 0,12376319916,363584
2699,python (8633),Compute Command 0,12376670500,11291
2700,python (8633),Command Buffer 0,12376685666,205584
2701,python (8633),Compute Command 0,12376879291,10292
2702,python (8633),Command Buffer 0,12376893333,208708
2703,python (8633),Compute Command 0,12377089708,10667
2704,python (8633),Command Buffer 0,12377104208,221000
2705,python (8633),Compute Command 0,12377312750,10833
2706,python (8633),Command Buffer 0,12377327416,219917
2707,python (8633),Compute Command 0,12377534833,10833
2708,python (8633),Command Buffer 0,12377549541,217250
2709,python (8633),Compute Command 0,12377753458,11667
2710,python (8633),Command Buffer 0,12377768875,208583
2711,python (8633),Compute Command 0,12377963875,11916
2712,python (8633),Command Buffer 0,12377979500,210708
2713,python (8633),Compute Command 0,12378177666,10917
2714,python (8633),Command Buffer 0,12378192291,209750
2715,python (8633),Compute Command 0,12378388666,11625
2716,python (8633),Command Buffer 0,12378404125,214708
2717,python (8633),Compute Command 0,12378605291,11917
2718,python (8633),Command Buffer 0,12378621000,208916
2719,python (8633),Compute Command 0,12378816875,11416
2720,python (8633),Command Buffer 0,12378831916,217417
2721,python (8633),Compute Command 0,12379036500,11166
2722,python (8633),Command Buffer 0,12379051416,206792
2723,python (8633),Compute Command 0,12379245708,10792
2724,python (8633),Command Buffer 0,12379260250,212333
2725,python (8633),Compute Command 0,12379460333,10583
2726,python (8633),Command Buffer 0,12379474708,214750
2727,python (8633),Compute Command 0,12379676125,11666
2728,python (8633),Command Buffer 0,12379691666,216209
2729,python (8633),Compute Command 0,12379894291,11917
2730,python (8633),Command Buffer 0,12379910083,204917
2731,python (8633),Compute Command 0,12380101750,11583
2732,python (8633),Command Buffer 0,12380117208,212500
2733,python (8633),Compute Command 0,12380316333,11750
2734,python (8633),Command Buffer 0,12380331875,206416
2735,python (8633),Compute Command 0,12380522666,13250
2736,python (8633),Command Buffer 0,12380541000,220250
2737,python (8633),Compute Command 0,12380747541,11792
2738,python (8633),Command Buffer 0,12380763333,209208
2739,python (8633),Compute Command 0,12380959375,11583
2740,python (8633),Command Buffer 0,12380974541,222500
2741,python (8633),Compute Command 0,12381183791,11625
2742,python (8633),Command Buffer 0,12381199166,211542
2743,python (8633),Compute Command 0,12381398458,10583
2744,python (8633),Command Buffer 0,12381412958,222042
2745,python (8633),Compute Command 0,12381622791,10500
2746,python (8633),Command Buffer 0,12381637125,211958
2747,python (8633),Compute Command 0,12381835833,11625
2748,python (8633),Command Buffer 0,12381851083,221125
2749,python (8633),Compute Command 0,12382058583,12000
2750,python (8633),Command Buffer 0,12382074291,194250
2751,python (8633),Compute Command 0,12382252291,13917
2752,python (8633),Command Buffer 0,12382271208,191708
2753,python (8633),Compute Command 0,12382450500,10250
2754,python (8633),Command Buffer 0,12382465416,205209
2755,python (8633),Compute Command 0,12382659083,9833
2756,python (8633),Command Buffer 0,12382672583,215667
2757,python (8633),Compute Command 0,12382874791,11792
2758,python (8633),Command Buffer 0,12382890416,209584
2759,python (8633),Compute Command 0,12383086625,11708
2760,python (8633),Command Buffer 0,12383102125,215166
2761,python (8633),Compute Command 0,12383304083,11542
2762,python (8633),Command Buffer 0,12383319500,199000
2763,python (8633),Compute Command 0,12383506250,10625
2764,python (8633),Command Buffer 0,12383520583,223875
2765,python (8633),Compute Command 0,12383732333,10417
2766,python (8633),Command Buffer 0,12383746541,211875
2767,python (8633),Compute Command 0,12383947208,9625
2768,python (8633),Command Buffer 0,12383960416,221417
2769,python (8633),Compute Command 0,12384168791,11375
2770,python (8633),Command Buffer 0,12384183833,204125
2771,python (8633),Compute Command 0,12384375416,10917
2772,python (8633),Command Buffer 0,12384389916,211542
2773,python (8633),Compute Command 0,12384588541,11292
2774,python (8633),Command Buffer 0,12384603541,354792
2775,python (8633),Compute Command 0,12384945083,11542
2776,python (8633),Command Buffer 0,12384960250,210000
2777,python (8633),Compute Command 0,12385157041,11584
2778,python (8633),Command Buffer 0,12385172333,212542
2779,python (8633),Compute Command 0,12385371666,11584
2780,python (8633),Command Buffer 0,12385387041,220500
2781,python (8633),Compute Command 0,12385594208,11625
2782,python (8633),Command Buffer 0,12385609583,201333
2783,python (8633),Compute Command 0,12385797416,11875
2784,python (8633),Command Buffer 0,12385813000,216500
2785,python (8633),Compute Command 0,12386016750,11041
2786,python (8633),Command Buffer 0,12386031500,209416
2787,python (8633),Compute Command 0,12386227666,11625
2788,python (8633),Command Buffer 0,12386243000,213000
2789,python (8633),Compute Command 0,12386442666,11667
2790,python (8633),Command Buffer 0,12386458125,214666
2791,python (8633),Compute Command 0,12386660000,11083
2792,python (8633),Command Buffer 0,12386674833,220458
2793,python (8633),Compute Command 0,12386882791,10875
2794,python (8633),Command Buffer 0,12386897500,209416
2795,python (8633),Compute Command 0,12387093083,11875
2796,python (8633),Command Buffer 0,12387109000,220916
2797,python (8633),Compute Command 0,12387316333,11750
2798,python (8633),Command Buffer 0,12387331958,219083
2799,python (8633),Compute Command 0,12387538416,11000
2800,python (8633),Command Buffer 0,12387553125,215375
2801,python (8633),Compute Command 0,12387754958,11875
2802,python (8633),Command Buffer 0,12387770625,202375
2803,python (8633),Compute Command 0,12387960500,10833
2804,python (8633),Command Buffer 0,12387975083,220083
2805,python (8633),Compute Command 0,12388183250,10208
2806,python (8633),Command Buffer 0,12388197333,208208
2807,python (8633),Compute Command 0,12388393666,10167
2808,python (8633),Command Buffer 0,12388408000,194083
2809,python (8633),Compute Command 0,12388589916,10542
2810,python (8633),Command Buffer 0,12388604166,212875
2811,python (8633),Compute Command 0,12388803541,11750
2812,python (8633),Command Buffer 0,12388819083,216667
2813,python (8633),Compute Command 0,12389022250,11833
2814,python (8633),Command Buffer 0,12389037750,206833
2815,python (8633),Compute Command 0,12389231041,11834
2816,python (8633),Command Buffer 0,12389246750,218125
2817,python (8633),Compute Command 0,12389451583,11667
2818,python (8633),Command Buffer 0,12389466916,219167
2819,python (8633),Compute Command 0,12389673625,10833
2820,python (8633),Command Buffer 0,12389688166,214459
2821,python (8633),Compute Command 0,12389890083,10875
2822,python (8633),Command Buffer 0,12389904625,192125
2823,python (8633),Compute Command 0,12390085666,9375
2824,python (8633),Command Buffer 0,12390099041,223542
2825,python (8633),Compute Command 0,12390309416,11500
2826,python (8633),Command Buffer 0,12390324625,211666
2827,python (8633),Compute Command 0,12390518583,13750
2828,python (8633),Command Buffer 0,12390539125,221375
2829,python (8633),Compute Command 0,12390748583,10208
2830,python (8633),Command Buffer 0,12390763000,213291
2831,python (8633),Compute Command 0,12390963125,11541
2832,python (8633),Command Buffer 0,12390978333,212167
2833,python (8633),Compute Command 0,12391178250,10625
2834,python (8633),Command Buffer 0,12391192666,226167
2835,python (8633),Compute Command 0,12391406291,10917
2836,python (8633),Command Buffer 0,12391420875,213833
2837,python (8633),Compute Command 0,12391621125,11791
2838,python (8633),Command Buffer 0,12391636833,207625
2839,python (8633),Compute Command 0,12391831125,11708
2840,python (8633),Command Buffer 0,12391846416,217084
2841,python (8633),Compute Command 0,12392050041,11709
2842,python (8633),Command Buffer 0,12392065541,190417
2843,python (8633),Compute Command 0,12392242708,11000
2844,python (8633),Command Buffer 0,12392258500,216625
2845,python (8633),Compute Command 0,12392463083,10375
2846,python (8633),Command Buffer 0,12392477333,213042
2847,python (8633),Compute Command 0,12392677000,11750
2848,python (8633),Command Buffer 0,12392692333,215958
2849,python (8633),Compute Command 0,12392895250,11416
2850,python (8633),Command Buffer 0,12392910500,373875
2851,python (8633),Compute Command 0,12393271291,11417
2852,python (8633),Command Buffer 0,12393286500,224333
2853,python (8633),Compute Command 0,12393497750,11458
2854,python (8633),Command Buffer 0,12393512916,211209
2855,python (8633),Compute Command 0,12393710750,11750
2856,python (8633),Command Buffer 0,12393726208,214917
2857,python (8633),Compute Command 0,12393927833,11667
2858,python (8633),Command Buffer 0,12393943166,211000
2859,python (8633),Compute Command 0,12394140500,12041
2860,python (8633),Command Buffer 0,12394156166,222959
2861,python (8633),Compute Command 0,12394366458,10917
2862,python (8633),Command Buffer 0,12394381250,206416
2863,python (8633),Compute Command 0,12394575083,10958
2864,python (8633),Command Buffer 0,12394589750,223791
2865,python (8633),Compute Command 0,12394800500,11375
2866,python (8633),Command Buffer 0,12394815416,218000
2867,python (8633),Compute Command 0,12395020333,11417
2868,python (8633),Command Buffer 0,12395035541,217959
2869,python (8633),Compute Command 0,12395240083,11667
2870,python (8633),Command Buffer 0,12395255583,209500
2871,python (8633),Compute Command 0,12395451500,11708
2872,python (8633),Command Buffer 0,12395467125,212208
2873,python (8633),Compute Command 0,12395665875,11833
2874,python (8633),Command Buffer 0,12395681458,212125
2875,python (8633),Compute Command 0,12395880291,11667
2876,python (8633),Command Buffer 0,12395895625,211583
2877,python (8633),Compute Command 0,12396094583,10958
2878,python (8633),Command Buffer 0,12396109291,210709
2879,python (8633),Compute Command 0,12396306583,11792
2880,python (8633),Command Buffer 0,12396322083,214958
2881,python (8633),Compute Command 0,12396524500,10958
2882,python (8633),Command Buffer 0,12396539125,204583
2883,python (8633),Compute Command 0,12396731375,10666
2884,python (8633),Command Buffer 0,12396745666,217792
2885,python (8633),Compute Command 0,12396951208,10583
2886,python (8633),Command Buffer 0,12396965666,202209
2887,python (8633),Compute Command 0,12397155166,10667
2888,python (8633),Command Buffer 0,12397172333,221417
2889,python (8633),Compute Command 0,12397381041,11042
2890,python (8633),Command Buffer 0,12397395666,209125
2891,python (8633),Compute Command 0,12397591083,12083
2892,python (8633),Command Buffer 0,12397606791,221084
2893,python (8633),Compute Command 0,12397814583,11667
2894,python (8633),Command Buffer 0,12397829958,206792
2895,python (8633),Compute Command 0,12398023333,11833
2896,python (8633),Command Buffer 0,12398038791,212959
2897,python (8633),Compute Command 0,12398239458,10667
2898,python (8633),Command Buffer 0,12398253875,208291
2899,python (8633),Compute Command 0,12398448833,11708
2900,python (8633),Command Buffer 0,12398464208,218708
2901,python (8633),Compute Command 0,12398669166,12084
2902,python (8633),Command Buffer 0,12398684916,194750
2903,python (8633),Compute Command 0,12398864458,12708
2904,python (8633),Command Buffer 0,12398882166,207584
2905,python (8633),Compute Command 0,12399073583,13583
2906,python (8633),Command Buffer 0,12399092500,187041
2907,python (8633),Compute Command 0,12399266833,11042
2908,python (8633),Command Buffer 0,12399281541,217292
2909,python (8633),Compute Command 0,12399486791,10375
2910,python (8633),Command Buffer 0,12399501083,212250
2911,python (8633),Compute Command 0,12399701458,10208
2912,python (8633),Command Buffer 0,12399715333,216417
2913,python (8633),Compute Command 0,12399918333,11833
2914,python (8633),Command Buffer 0,12399933750,209250
2915,python (8633),Compute Command 0,12400129791,11584
2916,python (8633),Command Buffer 0,12400145000,213208
2917,python (8633),Compute Command 0,12400344791,11792
2918,python (8633),Command Buffer 0,12400360333,219208
2919,python (8633),Compute Command 0,12400565958,11958
2920,python (8633),Command Buffer 0,12400581583,215333
2921,python (8633),Compute Command 0,12400783708,11583
2922,python (8633),Command Buffer 0,12400798958,198792
2923,python (8633),Compute Command 0,12400984750,11375
2924,python (8633),Command Buffer 0,12400999625,197125
2925,python (8633),Compute Command 0,12401183833,11208
2926,python (8633),Command Buffer 0,12401198916,375959
2927,python (8633),Compute Command 0,12401563500,9666
2928,python (8633),Command Buffer 0,12401576708,216292
2929,python (8633),Compute Command 0,12401779666,11667
2930,python (8633),Command Buffer 0,12401795041,184584
2931,python (8633),Compute Command 0,12401967000,11000
2932,python (8633),Command Buffer 0,12401981625,186750
2933,python (8633),Compute Command 0,12402156125,10625
2934,python (8633),Command Buffer 0,12402170333,188292
2935,python (8633),Compute Command 0,12402346250,10750
2936,python (8633),Command Buffer 0,12402360708,186375
2937,python (8633),Compute Command 0,12402531458,13958
2938,python (8633),Command Buffer 0,12402549166,181875
2939,python (8633),Compute Command 0,12402717708,11500
2940,python (8633),Command Buffer 0,12402732958,270792
2941,python (8633),Compute Command 0,12402991000,10666
2942,python (8633),Command Buffer 0,12403006291,190584
2943,python (8633),Compute Command 0,12403185041,10125
2944,python (8633),Command Buffer 0,12403198958,203833
2945,python (8633),Compute Command 0,12403389333,11833
2946,python (8633),Command Buffer 0,12403404833,193750
2947,python (8633),Compute Command 0,12403585250,11208
2948,python (8633),Command Buffer 0,12403601000,204833
2949,python (8633),Compute Command 0,12403793750,10375
2950,python (8633),Command Buffer 0,12403808041,213084
2951,python (8633),Compute Command 0,12404007708,11792
2952,python (8633),Command Buffer 0,12404023291,220250
2953,python (8633),Compute Command 0,12404230166,11750
2954,python (8633),Command Buffer 0,12404245583,219083
2955,python (8633),Compute Command 0,12404451333,11667
2956,python (8633),Command Buffer 0,12404466708,210708
2957,python (8633),Compute Command 0,12404664041,11750
2958,python (8633),Command Buffer 0,12404679458,213250
2959,python (8633),Compute Command 0,12404879541,11542
2960,python (8633),Command Buffer 0,12404894666,206917
2961,python (8633),Compute Command 0,12405088791,11167
2962,python (8633),Command Buffer 0,12405103750,210833
2963,python (8633),Compute Command 0,12405301291,11625
2964,python (8633),Command Buffer 0,12405316666,193959
2965,python (8633),Compute Command 0,12405495333,13125
2966,python (8633),Command Buffer 0,12405513291,211750
2967,python (8633),Compute Command 0,12405712375,10958
2968,python (8633),Command Buffer 0,12405727375,211833
2969,python (8633),Compute Command 0,12405925916,11625
2970,python (8633),Command Buffer 0,12405941416,212459
2971,python (8633),Compute Command 0,12406140625,11541
2972,python (8633),Command Buffer 0,12406156041,217917
2973,python (8633),Compute Command 0,12406360458,11792
2974,python (8633),Command Buffer 0,12406376166,211375
2975,python (8633),Compute Command 0,12406574250,11666
2976,python (8633),Command Buffer 0,12406589750,211416
2977,python (8633),Compute Command 0,12406787625,11875
2978,python (8633),Command Buffer 0,12406803416,211750
2979,python (8633),Compute Command 0,12407001791,11750
2980,python (8633),Command Buffer 0,12407017250,209708
2981,python (8633),Compute Command 0,12407213666,11459
2982,python (8633),Command Buffer 0,12407229458,209125
2983,python (8633),Compute Command 0,12407425208,11583
2984,python (8633),Command Buffer 0,12407440583,195208
2985,python (8633),Compute Command 0,12407624125,9916
2986,python (8633),Command Buffer 0,12407637916,219084
2987,python (8633),Compute Command 0,12407844791,10542
2988,python (8633),Command Buffer 0,12407859375,210666
2989,python (8633),Compute Command 0,12408056666,11750
2990,python (8633),Command Buffer 0,12408072250,212208
2991,python (8633),Compute Command 0,12408271500,11291
2992,python (8633),Command Buffer 0,12408286291,210334
2993,python (8633),Compute Command 0,12408483250,11750
2994,python (8633),Command Buffer 0,12408498708,209917
2995,python (8633),Compute Command 0,12408695375,11541
2996,python (8633),Command Buffer 0,12408710708,224417
2997,python (8633),Compute Command 0,12408921666,11834
2998,python (8633),Command Buffer 0,12408937208,210750
2999,python (8633),Compute Command 0,12409135750,10500
3000,python (8633),Command Buffer 0,12409150000,214125
3001,python (8633),Compute Command 0,12409350833,11667
3002,python (8633),Command Buffer 0,12409366250,220875
3003,python (8633),Compute Command 0,12409573875,11625
3004,python (8633),Command Buffer 0,12409589250,343125
3005,python (8633),Compute Command 0,12409919416,10750
3006,python (8633),Command Buffer 0,12409934875,196583
3007,python (8633),Compute Command 0,12410119083,10375
3008,python (8633),Command Buffer 0,12410133708,199458
3009,python (8633),Compute Command 0,12410316750,14000
3010,python (8633),Command Buffer 0,12410336083,192042
3011,python (8633),Compute Command 0,12410511833,13667
3012,python (8633),Command Buffer 0,12410531083,192583
3013,python (8633),Compute Command 0,12410707375,13583
3014,python (8633),Command Buffer 0,12410726250,195958
3015,python (8633),Compute Command 0,12410906083,13583
3016,python (8633),Command Buffer 0,12410925000,195375
3017,python (8633),Compute Command 0,12411103958,13792
3018,python (8633),Command Buffer 0,12411123208,202500
3019,python (8633),Compute Command 0,12411309625,13666
3020,python (8633),Command Buffer 0,12411328666,192042
3021,python (8633),Compute Command 0,12411504708,13542
3022,python (8633),Command Buffer 0,12411523208,194875
3023,python (8633),Compute Command 0,12411702166,13417
3024,python (8633),Command Buffer 0,12411720666,204417
3025,python (8633),Compute Command 0,12411909000,13791
3026,python (8633),Command Buffer 0,12411927666,190625
3027,python (8633),Compute Command 0,12412102291,13584
3028,python (8633),Command Buffer 0,12412121166,200250
3029,python (8633),Compute Command 0,12412305125,13625
3030,python (8633),Command Buffer 0,12412324166,197209
3031,python (8633),Compute Command 0,12412505250,13500
3032,python (8633),Command Buffer 0,12412523916,190250
3033,python (8633),Compute Command 0,12412698208,13458
3034,python (8633),Command Buffer 0,12412717166,203792
3035,python (8633),Compute Command 0,12412904750,13875
3036,python (8633),Command Buffer 0,12412923583,199667
3037,python (8633),Compute Command 0,12413106958,13750
3038,python (8633),Command Buffer 0,12413126875,197541
3039,python (8633),Compute Command 0,12413308500,13541
3040,python (8633),Command Buffer 0,12413327375,197875
3041,python (8633),Compute Command 0,12413508750,13875
3042,python (8633),Command Buffer 0,12413527875,192500
3043,python (8633),Compute Command 0,12413704250,13541
3044,python (8633),Command Buffer 0,12413723000,184750
3045,python (8633),Compute Command 0,12413892791,12459
3046,python (8633),Command Buffer 0,12413910500,200083
3047,python (8633),Compute Command 0,12414094208,14042
3048,python (8633),Command Buffer 0,12414113583,187208
3049,python (8633),Compute Command 0,12414284708,13583
3050,python (8633),Command Buffer 0,12414303583,195042
3051,python (8633),Compute Command 0,12414482791,13375
3052,python (8633),Command Buffer 0,12414501375,187958
3053,python (8633),Compute Command 0,12414673250,13666
3054,python (8633),Command Buffer 0,12414692166,198584
3055,python (8633),Compute Command 0,12414874875,13458
3056,python (8633),Command Buffer 0,12414893500,195125
3057,python (8633),Compute Command 0,12415072458,13667
3058,python (8633),Command Buffer 0,12415091208,203750
3059,python (8633),Compute Command 0,12415279083,13500
3060,python (8633),Command Buffer 0,12415297541,200625
3061,python (8633),Compute Command 0,12415482041,13792
3062,python (8633),Command Buffer 0,12415501125,194708
3063,python (8633),Compute Command 0,12415681125,12291
3064,python (8633),Command Buffer 0,12415698791,188250
3065,python (8633),Compute Command 0,12415871166,13542
3066,python (8633),Command Buffer 0,12415889875,197875
3067,python (8633),Compute Command 0,12416071916,13500
3068,python (8633),Command Buffer 0,12416090375,194791
3069,python (8633),Compute Command 0,12416269000,13708
3070,python (8633),Command Buffer 0,12416288083,185458
3071,python (8633),Compute Command 0,12416457416,13750
3072,python (8633),Command Buffer 0,12416476291,196417
3073,python (8633),Compute Command 0,12416656708,13417
3074,python (8633),Command Buffer 0,12416675375,186291
3075,python (8633),Compute Command 0,12416845416,13959
3076,python (8633),Command Buffer 0,12416864500,181958
3077,python (8633),Compute Command 0,12417029958,13667
3078,python (8633),Command Buffer 0,12417049083,203750
3079,python (8633),Compute Command 0,12417236875,13583
3080,python (8633),Command Buffer 0,12417255541,202542
3081,python (8633),Compute Command 0,12417442000,13750
3082,python (8633),Command Buffer 0,12417460958,180333
3083,python (8633),Compute Command 0,12417625000,13875
3084,python (8633),Command Buffer 0,12417644000,191000
3085,python (8633),Compute Command 0,12417819125,13625
3086,python (8633),Command Buffer 0,12417837583,207917
3087,python (8633),Compute Command 0,12418029416,13834
3088,python (8633),Command Buffer 0,12418048250,248416
3089,python (8633),Compute Command 0,12418279875,14291
3090,python (8633),Command Buffer 0,12418299625,200916
3091,python (8633),Compute Command 0,12418487583,11042
3092,python (8633),Command Buffer 0,12418502833,188875
3093,python (8633),Compute Command 0,12418677333,12458
3094,python (8633),Command Buffer 0,12418694166,203750
3095,python (8633),Compute Command 0,12418881541,13959
3096,python (8633),Command Buffer 0,12418900708,209042
3097,python (8633),Compute Command 0,12419095916,11834
3098,python (8633),Command Buffer 0,12419112041,192792
3099,python (8633),Compute Command 0,12419290125,12291
3100,python (8633),Command Buffer 0,12419308000,195041
3101,python (8633),Compute Command 0,12419487916,13084
3102,python (8633),Command Buffer 0,12419505708,187958
3103,python (8633),Compute Command 0,12419680125,11500
3104,python (8633),Command Buffer 0,12419697083,181042
3105,python (8633),Compute Command 0,12419864333,11583
3106,python (8633),Command Buffer 0,12419881166,179417
3107,python (8633),Compute Command 0,12420045666,12875
3108,python (8633),Command Buffer 0,12420063125,186875
3109,python (8633),Compute Command 0,12420233416,14250
3110,python (8633),Command Buffer 0,12420254916,201959
3111,python (8633),Compute Command 0,12420443416,11292
3112,python (8633),Command Buffer 0,12420461958,174708
3113,python (8633),Compute Command 0,12420622166,12209
3114,python (8633),Command Buffer 0,12420639208,204208
3115,python (8633),Compute Command 0,12420828000,13291
3116,python (8633),Command Buffer 0,12420845541,281250
3117,python (8633),Compute Command 0,12421110041,13042
3118,python (8633),Command Buffer 0,12421131208,188792
3119,python (8633),Compute Command 0,12421303125,14416
3120,python (8633),Command Buffer 0,12421322958,222250
3121,python (8633),Compute Command 0,12421531000,12083
3122,python (8633),Command Buffer 0,12421548583,202042
3123,python (8633),Compute Command 0,12421733875,14375
3124,python (8633),Command Buffer 0,12421754916,200292
3125,python (8633),Compute Command 0,12421940916,12250
3126,python (8633),Command Buffer 0,12421957958,186917
3127,python (8633),Compute Command 0,12422131208,11625
3128,python (8633),Command Buffer 0,12422147208,189500
3129,python (8633),Compute Command 0,12422323125,11375
3130,python (8633),Command Buffer 0,12422338958,190458
3131,python (8633),Compute Command 0,12422516250,11041
3132,python (8633),Command Buffer 0,12422531708,200000
3133,python (8633),Compute Command 0,12422715416,13875
3134,python (8633),Command Buffer 0,12422735333,203167
3135,python (8633),Compute Command 0,12422914000,20916
3136,python (8633),Command Buffer 0,12422943416,271750
3137,python (8633),Compute Command 0,12423181541,26750
3138,python (8633),Command Buffer 0,12423222916,199875
3139,python (8633),Compute Command 0,12423402250,17791
3140,python (8633),Command Buffer 0,12423427583,183458
3141,python (8633),Compute Command 0,12423596166,12709
3142,python (8633),Command Buffer 0,12423615125,185416
3143,python (8633),Compute Command 0,12423784333,13583
3144,python (8633),Command Buffer 0,12423803583,187083
3145,python (8633),Compute Command 0,12423976458,11875
3146,python (8633),Command Buffer 0,12423995416,174959
3147,python (8633),Compute Command 0,12424157416,10875
3148,python (8633),Command Buffer 0,12424172458,171625
3149,python (8633),Compute Command 0,12424330833,11292
3150,python (8633),Command Buffer 0,12424347416,174625
3151,python (8633),Compute Command 0,12424506041,13667
3152,python (8633),Command Buffer 0,12424524708,170833
3153,python (8633),Compute Command 0,12424681916,11542
3154,python (8633),Command Buffer 0,12424698083,172750
3155,python (8633),Compute Command 0,12424857291,11584
3156,python (8633),Command Buffer 0,12424873791,173750
3157,python (8633),Compute Command 0,12425034166,11250
3158,python (8633),Command Buffer 0,12425049750,172083
3159,python (8633),Compute Command 0,12425208041,11500
3160,python (8633),Command Buffer 0,12425224291,173375
3161,python (8633),Compute Command 0,12425383958,11667
3162,python (8633),Command Buffer 0,12425400250,174250
3163,python (8633),Compute Command 0,12425560666,11709
3164,python (8633),Command Buffer 0,12425577541,172125
3165,python (8633),Compute Command 0,12425734541,12417
3166,python (8633),Command Buffer 0,12425752500,188000
3167,python (8633),Compute Command 0,12425920166,17125
3168,python (8633),Command Buffer 0,12425945958,192167
3169,python (8633),Compute Command 0,12426121000,14750
3170,python (8633),Command Buffer 0,12426140625,175875
3171,python (8633),Compute Command 0,12426302750,11708
3172,python (8633),Command Buffer 0,12426319458,318125
3173,python (8633),Compute Command 0,12426623666,11875
3174,python (8633),Command Buffer 0,12426640791,175875
3175,python (8633),Compute Command 0,12426802208,12083
3176,python (8633),Command Buffer 0,12426819458,172917
3177,python (8633),Compute Command 0,12426978916,11459
3178,python (8633),Command Buffer 0,12426994791,180250
3179,python (8633),Compute Command 0,12427162333,10667
3180,python (8633),Command Buffer 0,12427176916,178292
3181,python (8633),Compute Command 0,12427340916,11750
3182,python (8633),Command Buffer 0,12427357791,177250
3183,python (8633),Compute Command 0,12427521083,11875
3184,python (8633),Command Buffer 0,12427537875,172916
3185,python (8633),Compute Command 0,12427697041,11625
3186,python (8633),Command Buffer 0,12427713875,174875
3187,python (8633),Compute Command 0,12427875833,10833
3188,python (8633),Command Buffer 0,12427890708,168750
3189,python (8633),Compute Command 0,12428046208,11333
3190,python (8633),Command Buffer 0,12428062166,174459
3191,python (8633),Compute Command 0,12428223333,11375
3192,python (8633),Command Buffer 0,12428239250,167083
3193,python (8633),Compute Command 0,12428394166,10209
3194,python (8633),Command Buffer 0,12428408333,163958
3195,python (8633),Compute Command 0,12428560416,10042
3196,python (8633),Command Buffer 0,12428575041,165709
3197,python (8633),Compute Command 0,12428728708,10000
3198,python (8633),Command Buffer 0,12428742708,168167
3199,python (8633),Compute Command 0,12428898875,10041
3200,python (8633),Command Buffer 0,12428913291,165792
3201,python (8633),Compute Command 0,12429066708,10417
3202,python (8633),Command Buffer 0,12429081583,166333
3203,python (8633),Compute Command 0,12429235250,10541
3204,python (8633),Command Buffer 0,12429249791,169750
3205,python (8633),Compute Command 0,12429407041,10167
3206,python (8633),Command Buffer 0,12429421500,169625
3207,python (8633),Compute Command 0,12429579083,10167
3208,python (8633),Command Buffer 0,12429594000,167291
3209,python (8633),Compute Command 0,12429749291,10042
3210,python (8633),Command Buffer 0,12429763875,169375
3211,python (8633),Compute Command 0,12429920791,10459
3212,python (8633),Command Buffer 0,12429935875,165000
3213,python (8633),Compute Command 0,12430089083,10000
3214,python (8633),Command Buffer 0,12430103458,166500
3215,python (8633),Compute Command 0,12430258375,9791
3216,python (8633),Command Buffer 0,12430272583,165417
3217,python (8633),Compute Command 0,12430426291,9917
3218,python (8633),Command Buffer 0,12430440833,172042
3219,python (8633),Compute Command 0,12430600416,10584
3220,python (8633),Command Buffer 0,12430615375,165833
3221,python (8633),Compute Command 0,12430769583,9750
3222,python (8633),Command Buffer 0,12430783458,160875
3223,python (8633),Compute Command 0,12430932625,9833
3224,python (8633),Command Buffer 0,12430946958,163333
3225,python (8633),Compute Command 0,12431097541,10792
3226,python (8633),Command Buffer 0,12431112958,163917
3227,python (8633),Compute Command 0,12431264666,10334
3228,python (8633),Command Buffer 0,12431279375,168625
3229,python (8633),Compute Command 0,12431436083,10000
3230,python (8633),Command Buffer 0,12431450416,167959
3231,python (8633),Compute Command 0,12431606041,10459
3232,python (8633),Command Buffer 0,12431620625,167458
3233,python (8633),Compute Command 0,12431775291,10834
3234,python (8633),Command Buffer 0,12431790166,163667
3235,python (8633),Compute Command 0,12431941458,10417
3236,python (8633),Command Buffer 0,12431956458,161667
3237,python (8633),Compute Command 0,12432106083,10000
3238,python (8633),Command Buffer 0,12432120500,174250
3239,python (8633),Compute Command 0,12432283000,9708
3240,python (8633),Command Buffer 0,12432297166,180584
3241,python (8633),Compute Command 0,12432463708,11833
3242,python (8633),Command Buffer 0,12432480083,160292
3243,python (8633),Compute Command 0,12432627708,10625
3244,python (8633),Command Buffer 0,12432642625,171791
3245,python (8633),Compute Command 0,12432802125,10291
3246,python (8633),Command Buffer 0,12432816750,185166
3247,python (8633),Compute Command 0,12432987500,12291
3248,python (8633),Command Buffer 0,12433004375,173833
3249,python (8633),Compute Command 0,12433165750,10458
3250,python (8633),Command Buffer 0,12433180166,156584
3251,python (8633),Compute Command 0,12433324458,10292
3252,python (8633),Command Buffer 0,12433339000,140833
3253,python (8633),Compute Command 0,12433468000,9916
3254,python (8633),Command Buffer 0,12433481958,137125
3255,python (8633),Compute Command 0,12433607125,10041
3256,python (8633),Command Buffer 0,12433621041,138542
3257,python (8633),Compute Command 0,12433747541,10084
3258,python (8633),Command Buffer 0,12433761791,139459
3259,python (8633),Compute Command 0,12433889208,10042
3260,python (8633),Command Buffer 0,12433903208,157125
3261,python (8633),Compute Command 0,12434047291,11000
3262,python (8633),Command Buffer 0,12434062625,155875
3263,python (8633),Compute Command 0,12434206333,10167
3264,python (8633),Command Buffer 0,12434220250,140125
3265,python (8633),Compute Command 0,12434348625,9750
3266,python (8633),Command Buffer 0,12434362583,137125
3267,python (8633),Compute Command 0,12434487875,9875
3268,python (8633),Command Buffer 0,12434501833,138000
3269,python (8633),Compute Command 0,12434628125,9791
3270,python (8633),Command Buffer 0,12434642000,304833
3271,python (8633),Compute Command 0,12434934791,10209
3272,python (8633),Command Buffer 0,12434949000,165458
3273,python (8633),Compute Command 0,12435102125,10333
3274,python (8633),Command Buffer 0,12435116708,154542
3275,python (8633),Compute Command 0,12435258583,10750
3276,python (8633),Command Buffer 0,12435273583,156917
3277,python (8633),Compute Command 0,12435418583,10000
3278,python (8633),Command Buffer 0,12435432833,149625
3279,python (8633),Compute Command 0,12435570416,10084
3280,python (8633),Command Buffer 0,12435584875,149750
3281,python (8633),Compute Command 0,12435722750,9958
3282,python (8633),Command Buffer 0,12435736916,140625
3283,python (8633),Compute Command 0,12435865791,9792
3284,python (8633),Command Buffer 0,12435879791,140834
3285,python (8633),Compute Command 0,12436007833,10958
3286,python (8633),Command Buffer 0,12436022916,157292
3287,python (8633),Compute Command 0,12436167541,10834
3288,python (8633),Command Buffer 0,12436182375,262708
3289,python (8633),Compute Command 0,12436432375,10833
3290,python (8633),Command Buffer 0,12436447250,161583
3291,python (8633),Compute Command 0,12436596291,10750
3292,python (8633),Command Buffer 0,12436611291,152667
3293,python (8633),Compute Command 0,12436751291,10792
3294,python (8633),Command Buffer 0,12436766375,157708
3295,python (8633),Compute Command 0,12436911708,10542
3296,python (8633),Command Buffer 0,12436926333,165500
3297,python (8633),Compute Command 0,12437080000,9958
3298,python (8633),Command Buffer 0,12437093833,167292
3299,python (8633),Compute Command 0,12437249125,10083
3300,python (8633),Command Buffer 0,12437263208,168250
3301,python (8633),Compute Command 0,12437419500,10041
3302,python (8633),Command Buffer 0,12437433541,167125
3303,python (8633),Compute Command 0,12437588666,10000
3304,python (8633),Command Buffer 0,12437602708,167625
3305,python (8633),Compute Command 0,12437757833,10375
3306,python (8633),Command Buffer 0,12437772541,167584
3307,python (8633),Compute Command 0,12437928333,9875
3308,python (8633),Command Buffer 0,12437942083,168917
3309,python (8633),Compute Command 0,12438099291,9834
3310,python (8633),Command Buffer 0,12438113125,168000
3311,python (8633),Compute Command 0,12438269458,9708
3312,python (8633),Command Buffer 0,12438283583,172167
3313,python (8633),Compute Command 0,12438443041,10834
3314,python (8633),Command Buffer 0,12438458000,163666
3315,python (8633),Compute Command 0,12438609833,9875
3316,python (8633),Command Buffer 0,12438623625,169958
3317,python (8633),Compute Command 0,12438781541,10125
3318,python (8633),Command Buffer 0,12438798708,150625
3319,python (8633),Compute Command 0,12438937083,10375
3320,python (8633),Command Buffer 0,12438951666,164917
3321,python (8633),Compute Command 0,12439104791,9834
3322,python (8633),Command Buffer 0,12439118750,155750
3323,python (8633),Compute Command 0,12439262666,9709
3324,python (8633),Command Buffer 0,12439276833,168625
3325,python (8633),Compute Command 0,12439433666,9792
3326,python (8633),Command Buffer 0,12439447791,167500
3327,python (8633),Compute Command 0,12439603375,9916
3328,python (8633),Command Buffer 0,12439617375,167166
3329,python (8633),Compute Command 0,12439772833,9750
3330,python (8633),Command Buffer 0,12439786875,171791
3331,python (8633),Compute Command 0,12439945916,10917
3332,python (8633),Command Buffer 0,12439960833,151708
3333,python (8633),Compute Command 0,12440100375,10000
3334,python (8633),Command Buffer 0,12440114833,168625
3335,python (8633),Compute Command 0,12440271666,9875
3336,python (8633),Command Buffer 0,12440285541,167959
3337,python (8633),Compute Command 0,12440441583,9875
3338,python (8633),Command Buffer 0,12440455791,154459
3339,python (8633),Compute Command 0,12440598625,9708
3340,python (8633),Command Buffer 0,12440612458,168333
3341,python (8633),Compute Command 0,12440769125,9750
3342,python (8633),Command Buffer 0,12440782625,155708
3343,python (8633),Compute Command 0,12440926625,9791
3344,python (8633),Command Buffer 0,12440940583,167667
3345,python (8633),Compute Command 0,12441096333,9958
3346,python (8633),Command Buffer 0,12441110208,157625
3347,python (8633),Compute Command 0,12441256125,9625
3348,python (8633),Command Buffer 0,12441269750,168833
3349,python (8633),Compute Command 0,12441426875,9708
3350,python (8633),Command Buffer 0,12441440916,172125
3351,python (8633),Compute Command 0,12441600791,10292
3352,python (8633),Command Buffer 0,12441614916,163334
3353,python (8633),Compute Command 0,12441766541,9834
3354,python (8633),Command Buffer 0,12441780416,167709
3355,python (8633),Compute Command 0,12441936250,9916
3356,python (8633),Command Buffer 0,12441950208,166333
3357,python (8633),Compute Command 0,12442104625,10000
3358,python (8633),Command Buffer 0,12442121750,169166
3359,python (8633),Compute Command 0,12442278083,10958
3360,python (8633),Command Buffer 0,12442293166,165167
3361,python (8633),Compute Command 0,12442446000,10291
3362,python (8633),Command Buffer 0,12442460458,156917
3363,python (8633),Compute Command 0,12442605416,10042
3364,python (8633),Command Buffer 0,12442619666,202709
3365,python (8633),Compute Command 0,12442808291,12125
3366,python (8633),Command Buffer 0,12442824958,159000
3367,python (8633),Compute Command 0,12442971708,10250
3368,python (8633),Command Buffer 0,12442986416,369042
3369,python (8633),Compute Command 0,12443342416,11125
3370,python (8633),Command Buffer 0,12443357541,151625
3371,python (8633),Compute Command 0,12443497208,10083
3372,python (8633),Command Buffer 0,12443511375,165708
3373,python (8633),Compute Command 0,12443665291,9834
3374,python (8633),Command Buffer 0,12443679208,156667
3375,python (8633),Compute Command 0,12443823708,10250
3376,python (8633),Command Buffer 0,12443838000,164833
3377,python (8633),Compute Command 0,12443991000,9958
3378,python (8633),Command Buffer 0,12444005208,165000
3379,python (8633),Compute Command 0,12444158291,9917
3380,python (8633),Command Buffer 0,12444172375,168666
3381,python (8633),Compute Command 0,12444329166,9875
3382,python (8633),Command Buffer 0,12444343208,171917
3383,python (8633),Compute Command 0,12444502208,11083
3384,python (8633),Command Buffer 0,12444520416,160750
3385,python (8633),Compute Command 0,12444669333,9875
3386,python (8633),Command Buffer 0,12444683416,165500
3387,python (8633),Compute Command 0,12444837000,10000
3388,python (8633),Command Buffer 0,12444850875,195500
3389,python (8633),Compute Command 0,12445029875,13708
3390,python (8633),Command Buffer 0,12445048916,166917
3391,python (8633),Compute Command 0,12445200041,13042
3392,python (8633),Command Buffer 0,12445218875,165166
3393,python (8633),Compute Command 0,12445367708,13917
3394,python (8633),Command Buffer 0,12445386375,177500
3395,python (8633),Compute Command 0,12445547458,14125
3396,python (8633),Command Buffer 0,12445566250,157833
3397,python (8633),Compute Command 0,12445708250,13375
3398,python (8633),Command Buffer 0,12445726583,152917
3399,python (8633),Compute Command 0,12445864250,12750
3400,python (8633),Command Buffer 0,12445881916,150250
3401,python (8633),Compute Command 0,12446015750,14291
3402,python (8633),Command Buffer 0,12446034291,155375
3403,python (8633),Compute Command 0,12446174041,13084
3404,python (8633),Command Buffer 0,12446191916,162084
3405,python (8633),Compute Command 0,12446338333,13250
3406,python (8633),Command Buffer 0,12446356166,160834
3407,python (8633),Compute Command 0,12446501291,13209
3408,python (8633),Command Buffer 0,12446519375,155541
3409,python (8633),Compute Command 0,12446659791,12792
3410,python (8633),Command Buffer 0,12446677291,148375
3411,python (8633),Compute Command 0,12446810041,13125
3412,python (8633),Command Buffer 0,12446827958,156958
3413,python (8633),Compute Command 0,12446969791,12542
3414,python (8633),Command Buffer 0,12446988083,159542
3415,python (8633),Compute Command 0,12447132708,12583
3416,python (8633),Command Buffer 0,12447150125,168666
3417,python (8633),Compute Command 0,12447302958,13917
3418,python (8633),Command Buffer 0,12447320791,154750
3419,python (8633),Compute Command 0,12447459916,13209
3420,python (8633),Command Buffer 0,12447477875,154875
3421,python (8633),Compute Command 0,12447617250,13583
3422,python (8633),Command Buffer 0,12447634666,155042
3423,python (8633),Compute Command 0,12447774291,12959
3424,python (8633),Command Buffer 0,12447792291,160084
3425,python (8633),Compute Command 0,12447937291,12625
3426,python (8633),Command Buffer 0,12447954833,166875
3427,python (8633),Compute Command 0,12448105333,13875
3428,python (8633),Command Buffer 0,12448125375,197416
3429,python (8633),Compute Command 0,12448308083,12333
3430,python (8633),Command Buffer 0,12448325166,190834
3431,python (8633),Compute Command 0,12448501458,12167
3432,python (8633),Command Buffer 0,12448518291,197000
3433,python (8633),Compute Command 0,12448700666,12250
3434,python (8633),Command Buffer 0,12448717625,175666
3435,python (8633),Compute Command 0,12448878166,12625
3436,python (8633),Command Buffer 0,12448896416,179000
3437,python (8633),Compute Command 0,12449061208,11875
3438,python (8633),Command Buffer 0,12449077708,175458
3439,python (8633),Compute Command 0,12449238791,11917
3440,python (8633),Command Buffer 0,12449255583,175125
3441,python (8633),Compute Command 0,12449416250,12125
3442,python (8633),Command Buffer 0,12449433500,184333
3443,python (8633),Compute Command 0,12449603166,12209
3444,python (8633),Command Buffer 0,12449620250,190166
3445,python (8633),Compute Command 0,12449796333,11750
3446,python (8633),Command Buffer 0,12449812875,192875
3447,python (8633),Compute Command 0,12449991375,12083
3448,python (8633),Command Buffer 0,12450008083,193583
3449,python (8633),Compute Command 0,12450187583,11792
3450,python (8633),Command Buffer 0,12450203958,181083
3451,python (8633),Compute Command 0,12450370875,11833
3452,python (8633),Command Buffer 0,12450387416,195709
3453,python (8633),Compute Command 0,12450568875,11875
3454,python (8633),Command Buffer 0,12450585500,191208
3455,python (8633),Compute Command 0,12450762166,12209
3456,python (8633),Command Buffer 0,12450779083,184000
3457,python (8633),Compute Command 0,12450947375,13250
3458,python (8633),Command Buffer 0,12450966041,231625
3459,python (8633),Compute Command 0,12451182583,12500
3460,python (8633),Command Buffer 0,12451200125,181833
3461,python (8633),Compute Command 0,12451371291,8875
3462,python (8633),Command Buffer 0,12451384041,322250
3463,python (8633),Compute Command 0,12451691208,12708
3464,python (8633),Command Buffer 0,12451708791,255375
3465,python (8633),Compute Command 0,12451949500,12250
3466,python (8633),Command Buffer 0,12451969666,253209
3467,python (8633),Compute Command 0,12452208250,12250
3468,python (8633),Command Buffer 0,12452225166,253209
3469,python (8633),Compute Command 0,12452464000,12041
3470,python (8633),Command Buffer 0,12452480791,299417
3471,python (8633),Compute Command 0,12452765916,12000
3472,python (8633),Command Buffer 0,12452782541,278792
3473,python (8633),Compute Command 0,12453047208,11875
3474,python (8633),Command Buffer 0,12453063708,268542
3475,python (8633),Compute Command 0,12453318083,11917
3476,python (8633),Command Buffer 0,12453334541,270209
3477,python (8633),Compute Command 0,12453590375,12041
3478,python (8633),Command Buffer 0,12453607041,271250
3479,python (8633),Compute Command 0,12453864041,11959
3480,python (8633),Command Buffer 0,12453880541,278417
3481,python (8633),Compute Command 0,12454144875,11833
3482,python (8633),Command Buffer 0,12454161125,275000
3483,python (8633),Compute Command 0,12454422000,11791
3484,python (8633),Command Buffer 0,12454438208,272250
3485,python (8633),Compute Command 0,12454696500,11708
3486,python (8633),Command Buffer 0,12454712625,268166
3487,python (8633),Compute Command 0,12454966833,11708
3488,python (8633),Command Buffer 0,12454982916,268542
3489,python (8633),Compute Command 0,12455237416,11792
3490,python (8633),Command Buffer 0,12455253583,263208
3491,python (8633),Compute Command 0,12455501208,13292
3492,python (8633),Command Buffer 0,12455519208,266042
3493,python (8633),Compute Command 0,12455771291,11667
3494,python (8633),Command Buffer 0,12455787375,271833
3495,python (8633),Compute Command 0,12456045083,11833
3496,python (8633),Command Buffer 0,12456061291,278167
3497,python (8633),Compute Command 0,12456325416,11709
3498,python (8633),Command Buffer 0,12456341750,277708
3499,python (8633),Compute Command 0,12456605500,11708
3500,python (8633),Command Buffer 0,12456621791,320500
3501,python (8633),Compute Command 0,12456928875,11250
3502,python (8633),Command Buffer 0,12456944500,231750
3503,python (8633),Compute Command 0,12457159208,14708
3504,python (8633),Command Buffer 0,12457178250,218958
3505,python (8633),Compute Command 0,12457383083,11792
3506,python (8633),Command Buffer 0,12457399541,226125
3507,python (8633),Compute Command 0,12457611416,11875
3508,python (8633),Command Buffer 0,12457627875,228125
3509,python (8633),Compute Command 0,12457841916,11792
3510,python (8633),Command Buffer 0,12457858208,209417
3511,python (8633),Compute Command 0,12458053125,12166
3512,python (8633),Command Buffer 0,12458070083,215917
3513,python (8633),Compute Command 0,12458272125,11583
3514,python (8633),Command Buffer 0,12458288166,224709
3515,python (8633),Compute Command 0,12458498916,11667
3516,python (8633),Command Buffer 0,12458514958,226958
3517,python (8633),Compute Command 0,12458727916,11709
3518,python (8633),Command Buffer 0,12458744000,230250
3519,python (8633),Compute Command 0,12458960041,11959
3520,python (8633),Command Buffer 0,12458976375,226416
3521,python (8633),Compute Command 0,12459188708,11792
3522,python (8633),Command Buffer 0,12459204875,225791
3523,python (8633),Compute Command 0,12459416666,11709
3524,python (8633),Command Buffer 0,12459432791,226667
3525,python (8633),Compute Command 0,12459645458,11708
3526,python (8633),Command Buffer 0,12459661541,494209
3527,python (8633),Compute Command 0,12460141333,12000
3528,python (8633),Command Buffer 0,12460158250,271541
3529,python (8633),Compute Command 0,12460415541,11917
3530,python (8633),Command Buffer 0,12460431875,276375
3531,python (8633),Compute Command 0,12460694000,11958
3532,python (8633),Command Buffer 0,12460710416,274292
3533,python (8633),Compute Command 0,12460970500,11916
3534,python (8633),Command Buffer 0,12460986791,276959
3535,python (8633),Compute Command 0,12461249708,11750
3536,python (8633),Command Buffer 0,12461265875,278291
3537,python (8633),Compute Command 0,12461530041,11834
3538,python (8633),Command Buffer 0,12461546208,273833
3539,python (8633),Compute Command 0,12461806041,11709
3540,python (8633),Command Buffer 0,12461822208,269750
3541,python (8633),Compute Command 0,12462077750,11916
3542,python (8633),Command Buffer 0,12462094125,268250
3543,python (8633),Compute Command 0,12462348541,11584
3544,python (8633),Command Buffer 0,12462364541,271709
3545,python (8633),Compute Command 0,12462622208,11708
3546,python (8633),Command Buffer 0,12462638333,277292
3547,python (8633),Compute Command 0,12462901625,11708
3548,python (8633),Command Buffer 0,12462917708,277458
3549,python (8633),Compute Command 0,12463181041,11875
3550,python (8633),Command Buffer 0,12463197291,274500
3551,python (8633),Compute Command 0,12463457791,11750
3552,python (8633),Command Buffer 0,12463473916,273584
3553,python (8633),Compute Command 0,12463733416,11792
3554,python (8633),Command Buffer 0,12463749625,264958
3555,python (8633),Compute Command 0,12464000291,12000
3556,python (8633),Command Buffer 0,12464017083,270833
3557,python (8633),Compute Command 0,12464273791,11875
3558,python (8633),Command Buffer 0,12464290041,269917
3559,python (8633),Compute Command 0,12464545708,12000
3560,python (8633),Command Buffer 0,12464562083,244458
3561,python (8633),Compute Command 0,12464790875,13250
3562,python (8633),Command Buffer 0,12464809500,269041
3563,python (8633),Compute Command 0,12465064166,12000
3564,python (8633),Command Buffer 0,12465081000,237958
3565,python (8633),Compute Command 0,12465304375,12166
3566,python (8633),Command Buffer 0,12465321333,223667
3567,python (8633),Compute Command 0,12465531958,10750
3568,python (8633),Command Buffer 0,12465547750,202500
3569,python (8633),Compute Command 0,12465734666,13042
3570,python (8633),Command Buffer 0,12465753000,213750
3571,python (8633),Compute Command 0,12465953958,10583
3572,python (8633),Command Buffer 0,12465969125,228208
3573,python (8633),Compute Command 0,12466183291,11709
3574,python (8633),Command Buffer 0,12466199875,226333
3575,python (8633),Compute Command 0,12466412250,11666
3576,python (8633),Command Buffer 0,12466428541,227875
3577,python (8633),Compute Command 0,12466642458,11708
3578,python (8633),Command Buffer 0,12466661875,223791
3579,python (8633),Compute Command 0,12466871625,11750
3580,python (8633),Command Buffer 0,12466887875,235166
3581,python (8633),Compute Command 0,12467108833,11917
3582,python (8633),Command Buffer 0,12467128791,231167
3583,python (8633),Compute Command 0,12467346125,11583
3584,python (8633),Command Buffer 0,12467362416,228834
3585,python (8633),Compute Command 0,12467577458,11583
3586,python (8633),Command Buffer 0,12467593583,225583
3587,python (8633),Compute Command 0,12467805208,11667
3588,python (8633),Command Buffer 0,12467821541,223250
3589,python (8633),Compute Command 0,12468030083,12292
3590,python (8633),Command Buffer 0,12468048000,279583
3591,python (8633),Compute Command 0,12468313541,11792
3592,python (8633),Command Buffer 0,12468332541,202042
3593,python (8633),Compute Command 0,12468519833,12333
3594,python (8633),Command Buffer 0,12468537125,188541
3595,python (8633),Compute Command 0,12468710708,12542
3596,python (8633),Command Buffer 0,12468728000,172125
3597,python (8633),Compute Command 0,12468885166,12625
3598,python (8633),Command Buffer 0,12468902208,176000
3599,python (8633),Compute Command 0,12469063041,13125
3600,python (8633),Command Buffer 0,12469080375,173875
3601,python (8633),Compute Command 0,12469238916,13000
3602,python (8633),Command Buffer 0,12469256541,179709
3603,python (8633),Compute Command 0,12469420791,13292
3604,python (8633),Command Buffer 0,12469439000,182416
3605,python (8633),Compute Command 0,12469602291,16792
3606,python (8633),Command Buffer 0,12469623583,186792
3607,python (8633),Compute Command 0,12469796291,11792
3608,python (8633),Command Buffer 0,12469812458,184875
3609,python (8633),Compute Command 0,12469983375,11708
3610,python (8633),Command Buffer 0,12469999416,260125
3611,python (8633),Compute Command 0,12470243291,13834
3612,python (8633),Command Buffer 0,12470261916,189042
3613,python (8633),Compute Command 0,12470436875,11750
3614,python (8633),Command Buffer 0,12470453166,173542
3615,python (8633),Compute Command 0,12470611583,12583
3616,python (8633),Command Buffer 0,12470629333,181042
3617,python (8633),Compute Command 0,12470796208,11792
3618,python (8633),Command Buffer 0,12470812583,202833
3619,python (8633),Compute Command 0,12470998083,12042
3620,python (8633),Command Buffer 0,12471017541,194667
3621,python (8633),Compute Command 0,12471201291,9292
3622,python (8633),Command Buffer 0,12471214625,197916
3623,python (8633),Compute Command 0,12471398708,11542
3624,python (8633),Command Buffer 0,12471414750,204583
3625,python (8633),Compute Command 0,12471609166,8500
3626,python (8633),Command Buffer 0,12471621125,203791
3627,python (8633),Compute Command 0,12471810583,12000
3628,python (8633),Command Buffer 0,12471827208,202500
3629,python (8633),Compute Command 0,12472015500,11916
3630,python (8633),Command Buffer 0,12472031875,193958
3631,python (8633),Compute Command 0,12472211625,11833
3632,python (8633),Command Buffer 0,12472228666,199000
3633,python (8633),Compute Command 0,12472413708,11625
3634,python (8633),Command Buffer 0,12472429916,199292
3635,python (8633),Compute Command 0,12472615166,11709
3636,python (8633),Command Buffer 0,12472631375,198750
3637,python (8633),Compute Command 0,12472815791,11917
3638,python (8633),Command Buffer 0,12472832500,200166
3639,python (8633),Compute Command 0,12473018458,11875
3640,python (8633),Command Buffer 0,12473034875,199208
3641,python (8633),Compute Command 0,12473219875,11916
3642,python (8633),Command Buffer 0,12473236250,198083
3643,python (8633),Compute Command 0,12473420208,11833
3644,python (8633),Command Buffer 0,12473436583,202000
3645,python (8633),Compute Command 0,12473624541,11709
3646,python (8633),Command Buffer 0,12473640750,201250
3647,python (8633),Compute Command 0,12473827583,12083
3648,python (8633),Command Buffer 0,12473844291,194334
3649,python (8633),Compute Command 0,12474024583,11625
3650,python (8633),Command Buffer 0,12474040916,200000
3651,python (8633),Compute Command 0,12474226750,11875
3652,python (8633),Command Buffer 0,12474243083,199958
3653,python (8633),Compute Command 0,12474428916,11875
3654,python (8633),Command Buffer 0,12474445208,201292
3655,python (8633),Compute Command 0,12474632375,11750
3656,python (8633),Command Buffer 0,12474648666,201792
3657,python (8633),Compute Command 0,12474836416,11792
3658,python (8633),Command Buffer 0,12474852666,194000
3659,python (8633),Compute Command 0,12475032583,11833
3660,python (8633),Command Buffer 0,12475048791,201459
3661,python (8633),Compute Command 0,12475235708,12292
3662,python (8633),Command Buffer 0,12475252416,201167
3663,python (8633),Compute Command 0,12475439500,11791
3664,python (8633),Command Buffer 0,12475455750,194750
3665,python (8633),Compute Command 0,12475635958,12250
3666,python (8633),Command Buffer 0,12475652708,203542
3667,python (8633),Compute Command 0,12475842083,11917
3668,python (8633),Command Buffer 0,12475858458,201250
3669,python (8633),Compute Command 0,12476045458,11917
3670,python (8633),Command Buffer 0,12476061791,201875
3671,python (8633),Compute Command 0,12476249416,11959
3672,python (8633),Command Buffer 0,12476265791,340584
3673,python (8633),Compute Command 0,12476591750,12208
3674,python (8633),Command Buffer 0,12476609083,201875
3675,python (8633),Compute Command 0,12476797166,11500
3676,python (8633),Command Buffer 0,12476813125,204041
3677,python (8633),Compute Command 0,12477003083,11875
3678,python (8633),Command Buffer 0,12477019375,203291
3679,python (8633),Compute Command 0,12477208583,11750
3680,python (8633),Command Buffer 0,12477224791,205500
3681,python (8633),Compute Command 0,12477416125,11833
3682,python (8633),Command Buffer 0,12477432458,205083
3683,python (8633),Compute Command 0,12477623583,11667
3684,python (8633),Command Buffer 0,12477639750,185791
3685,python (8633),Compute Command 0,12477811000,11708
3686,python (8633),Command Buffer 0,12477828375,182458
3687,python (8633),Compute Command 0,12477996333,12083
3688,python (8633),Command Buffer 0,12478013625,177166
3689,python (8633),Compute Command 0,12478176333,12125
3690,python (8633),Command Buffer 0,12478193583,247250
3691,python (8633),Compute Command 0,12478426416,12084
3692,python (8633),Command Buffer 0,12478443125,202916
3693,python (8633),Compute Command 0,12478631708,11958
3694,python (8633),Command Buffer 0,12478648333,205708
3695,python (8633),Compute Command 0,12478839916,11750
3696,python (8633),Command Buffer 0,12478856250,202500
3697,python (8633),Compute Command 0,12479044541,11875
3698,python (8633),Command Buffer 0,12479061000,205458
3699,python (8633),Compute Command 0,12479252333,11875
3700,python (8633),Command Buffer 0,12479268666,202000
3701,python (8633),Compute Command 0,12479456708,11583
3702,python (8633),Command Buffer 0,12479472875,206625
3703,python (8633),Compute Command 0,12479665416,11792
3704,python (8633),Command Buffer 0,12479681666,205875
3705,python (8633),Compute Command 0,12479875000,10458
3706,python (8633),Command Buffer 0,12479889500,270333
3707,python (8633),Compute Command 0,12480145625,11875
3708,python (8633),Command Buffer 0,12480162250,203375
3709,python (8633),Compute Command 0,12480351416,11917
3710,python (8633),Command Buffer 0,12480367791,193917
3711,python (8633),Compute Command 0,12480547625,11833
3712,python (8633),Command Buffer 0,12480564750,199291
3713,python (8633),Compute Command 0,12480749958,11792
3714,python (8633),Command Buffer 0,12480766250,201666
3715,python (8633),Compute Command 0,12480953750,11750
3716,python (8633),Command Buffer 0,12480970083,198917
3717,python (8633),Compute Command 0,12481155125,11583
3718,python (8633),Command Buffer 0,12481171208,201542
3719,python (8633),Compute Command 0,12481358875,11541
3720,python (8633),Command Buffer 0,12481374958,203542
3721,python (8633),Compute Command 0,12481564541,11709
3722,python (8633),Command Buffer 0,12481580708,200958
3723,python (8633),Compute Command 0,12481767916,11500
3724,python (8633),Command Buffer 0,12481783875,200166
3725,python (8633),Compute Command 0,12481969833,11958
3726,python (8633),Command Buffer 0,12481986166,196000
3727,python (8633),Compute Command 0,12482168000,11791
3728,python (8633),Command Buffer 0,12482184291,190917
3729,python (8633),Compute Command 0,12482361333,11625
3730,python (8633),Command Buffer 0,12482377458,202167
3731,python (8633),Compute Command 0,12482565666,11667
3732,python (8633),Command Buffer 0,12482581833,184583
3733,python (8633),Compute Command 0,12482752291,11792
3734,python (8633),Command Buffer 0,12482768500,191875
3735,python (8633),Compute Command 0,12482946500,11541
3736,python (8633),Command Buffer 0,12482962458,200417
3737,python (8633),Compute Command 0,12483148791,11750
3738,python (8633),Command Buffer 0,12483165083,201542
3739,python (8633),Compute Command 0,12483352500,11791
3740,python (8633),Command Buffer 0,12483368833,202167
3741,python (8633),Compute Command 0,12483557041,11625
3742,python (8633),Command Buffer 0,12483573125,201166
3743,python (8633),Compute Command 0,12483760250,11708
3744,python (8633),Command Buffer 0,12483776458,196583
3745,python (8633),Compute Command 0,12483959083,11667
3746,python (8633),Command Buffer 0,12483975125,201583
3747,python (8633),Compute Command 0,12484162708,11708
3748,python (8633),Command Buffer 0,12484178791,195292
3749,python (8633),Compute Command 0,12484359708,12083
3750,python (8633),Command Buffer 0,12484376583,204958
3751,python (8633),Compute Command 0,12484567583,11667
3752,python (8633),Command Buffer 0,12484583708,362125
3753,python (8633),Compute Command 0,12484930375,12916
3754,python (8633),Command Buffer 0,12484948625,210166
3755,python (8633),Compute Command 0,12485143833,12542
3756,python (8633),Command Buffer 0,12485161125,208833
3757,python (8633),Compute Command 0,12485355500,12041
3758,python (8633),Command Buffer 0,12485372250,208041
3759,python (8633),Compute Command 0,12485565958,11958
3760,python (8633),Command Buffer 0,12485582625,209666
3761,python (8633),Compute Command 0,12485777833,12042
3762,python (8633),Command Buffer 0,12485794541,210792
3763,python (8633),Compute Command 0,12485991333,11667
3764,python (8633),Command Buffer 0,12486007583,210375
3765,python (8633),Compute Command 0,12486203833,11750
3766,python (8633),Command Buffer 0,12486220083,209417
3767,python (8633),Compute Command 0,12486415250,11916
3768,python (8633),Command Buffer 0,12486431666,230375
3769,python (8633),Compute Command 0,12486647875,11791
3770,python (8633),Command Buffer 0,12486664208,212875
3771,python (8633),Compute Command 0,12486862916,11834
3772,python (8633),Command Buffer 0,12486879291,219084
3773,python (8633),Compute Command 0,12487081333,11958
3774,python (8633),Command Buffer 0,12487100583,215250
3775,python (8633),Compute Command 0,12487301666,11834
3776,python (8633),Command Buffer 0,12487318041,217459
3777,python (8633),Compute Command 0,12487521416,11792
3778,python (8633),Command Buffer 0,12487537666,216834
3779,python (8633),Compute Command 0,12487740416,11709
3780,python (8633),Command Buffer 0,12487756625,214916
3781,python (8633),Compute Command 0,12487957416,11792
3782,python (8633),Command Buffer 0,12487973708,217958
3783,python (8633),Compute Command 0,12488177500,11875
3784,python (8633),Command Buffer 0,12488193791,215792
3785,python (8633),Compute Command 0,12488395583,11708
3786,python (8633),Command Buffer 0,12488411833,218917
3787,python (8633),Compute Command 0,12488616250,12083
3788,python (8633),Command Buffer 0,12488632916,207959
3789,python (8633),Compute Command 0,12488826083,12333
3790,python (8633),Command Buffer 0,12488843375,209958
3791,python (8633),Compute Command 0,12489038958,11958
3792,python (8633),Command Buffer 0,12489055500,214958
3793,python (8633),Compute Command 0,12489256125,12000
3794,python (8633),Command Buffer 0,12489272708,218083
3795,python (8633),Compute Command 0,12489476583,11875
3796,python (8633),Command Buffer 0,12489492916,217000
3797,python (8633),Compute Command 0,12489695625,11958
3798,python (8633),Command Buffer 0,12489712000,215958
3799,python (8633),Compute Command 0,12489913666,11959
3800,python (8633),Command Buffer 0,12489930083,217083
3801,python (8633),Compute Command 0,12490132791,12042
3802,python (8633),Command Buffer 0,12490149333,214708
3803,python (8633),Compute Command 0,12490353500,8875
3804,python (8633),Command Buffer 0,12490365666,211959
3805,python (8633),Compute Command 0,12490562916,12334
3806,python (8633),Command Buffer 0,12490580125,223833
3807,python (8633),Compute Command 0,12490788208,13208
3808,python (8633),Command Buffer 0,12490806458,207333
3809,python (8633),Compute Command 0,12490999000,12375
3810,python (8633),Command Buffer 0,12491016291,205125
3811,python (8633),Compute Command 0,12491206166,12667
3812,python (8633),Command Buffer 0,12491223750,201083
3813,python (8633),Compute Command 0,12491410750,11708
3814,python (8633),Command Buffer 0,12491427125,196583
3815,python (8633),Compute Command 0,12491609000,12416
3816,python (8633),Command Buffer 0,12491626166,201709
3817,python (8633),Compute Command 0,12491813583,12000
3818,python (8633),Command Buffer 0,12491830250,219125
3819,python (8633),Compute Command 0,12492035083,11958
3820,python (8633),Command Buffer 0,12492051625,216958
3821,python (8633),Compute Command 0,12492254500,11750
3822,python (8633),Command Buffer 0,12492270958,286583
3823,python (8633),Compute Command 0,12492543208,11833
3824,python (8633),Command Buffer 0,12492559916,210500
3825,python (8633),Compute Command 0,12492756250,11833
3826,python (8633),Command Buffer 0,12492772625,205791
3827,python (8633),Compute Command 0,12492963625,12375
3828,python (8633),Command Buffer 0,12492981291,361584
3829,python (8633),Compute Command 0,12493328583,11917
3830,python (8633),Command Buffer 0,12493345375,213125
3831,python (8633),Compute Command 0,12493544250,11958
3832,python (8633),Command Buffer 0,12493560791,212500
3833,python (8633),Compute Command 0,12493759041,12000
3834,python (8633),Command Buffer 0,12493776166,215750
3835,python (8633),Compute Command 0,12493977958,11625
3836,python (8633),Command Buffer 0,12493994083,209750
3837,python (8633),Compute Command 0,12494189791,11792
3838,python (8633),Command Buffer 0,12494206166,211292
3839,python (8633),Compute Command 0,12494403333,11833
3840,python (8633),Command Buffer 0,12494419625,213083
3841,python (8633),Compute Command 0,12494615875,14500
3842,python (8633),Command Buffer 0,12494634875,207875
3843,python (8633),Compute Command 0,12494829000,11291
3844,python (8633),Command Buffer 0,12494845291,213709
3845,python (8633),Compute Command 0,12495044250,12375
3846,python (8633),Command Buffer 0,12495061250,202500
3847,python (8633),Compute Command 0,12495249333,12042
3848,python (8633),Command Buffer 0,12495266000,206083
3849,python (8633),Compute Command 0,12495457791,12000
3850,python (8633),Command Buffer 0,12495474333,218208
3851,python (8633),Compute Command 0,12495678250,11958
3852,python (8633),Command Buffer 0,12495694666,218292
3853,python (8633),Compute Command 0,12495899041,11625
3854,python (8633),Command Buffer 0,12495915166,224625
3855,python (8633),Compute Command 0,12496121833,15625
3856,python (8633),Command Buffer 0,12496142000,219250
3857,python (8633),Compute Command 0,12496346916,11959
3858,python (8633),Command Buffer 0,12496363500,221333
3859,python (8633),Compute Command 0,12496570625,11875
3860,python (8633),Command Buffer 0,12496587000,215791
3861,python (8633),Compute Command 0,12496788666,11792
3862,python (8633),Command Buffer 0,12496805000,215875
3863,python (8633),Compute Command 0,12497007000,11625
3864,python (8633),Command Buffer 0,12497023125,204791
3865,python (8633),Compute Command 0,12497213916,11667
3866,python (8633),Command Buffer 0,12497231041,219542
3867,python (8633),Compute Command 0,12497436708,11542
3868,python (8633),Command Buffer 0,12497452833,213042
3869,python (8633),Compute Command 0,12497651750,11791
3870,python (8633),Command Buffer 0,12497668041,215459
3871,python (8633),Compute Command 0,12497869291,11917
3872,python (8633),Command Buffer 0,12497885666,218084
3873,python (8633),Compute Command 0,12498089750,11625
3874,python (8633),Command Buffer 0,12498105875,219083
3875,python (8633),Compute Command 0,12498310916,11750
3876,python (8633),Command Buffer 0,12498327125,216750
3877,python (8633),Compute Command 0,12498529875,11666
3878,python (8633),Command Buffer 0,12498546083,220583
3879,python (8633),Compute Command 0,12498749083,15250
3880,python (8633),Command Buffer 0,12498768875,189083
3881,python (8633),Compute Command 0,12498941583,13917
3882,python (8633),Command Buffer 0,12498960333,184125
3883,python (8633),Compute Command 0,12499129625,12958
3884,python (8633),Command Buffer 0,12499146416,198250
3885,python (8633),Compute Command 0,12499329875,12250
3886,python (8633),Command Buffer 0,12499347625,216583
3887,python (8633),Compute Command 0,12499550041,11875
3888,python (8633),Command Buffer 0,12499566500,207416
3889,python (8633),Compute Command 0,12499761291,10625
3890,python (8633),Command Buffer 0,12499775833,212167
3891,python (8633),Compute Command 0,12499973666,12000
3892,python (8633),Command Buffer 0,12499990500,227458
3893,python (8633),Compute Command 0,12500203583,12083
3894,python (8633),Command Buffer 0,12500220333,221500
3895,python (8633),Compute Command 0,12500427708,11750
3896,python (8633),Command Buffer 0,12500444208,212167
3897,python (8633),Compute Command 0,12500641916,12125
3898,python (8633),Command Buffer 0,12500658666,251459
3899,python (8633),Compute Command 0,12500896125,11666
3900,python (8633),Command Buffer 0,12500912375,215916
3901,python (8633),Compute Command 0,12501110500,11708
3902,python (8633),Command Buffer 0,12501130541,201042
3903,python (8633),Compute Command 0,12501317625,11666
3904,python (8633),Command Buffer 0,12501333791,426917
3905,python (8633),Compute Command 0,12501746291,12084
3906,python (8633),Command Buffer 0,12501763125,198125
3907,python (8633),Compute Command 0,12501946875,12041
3908,python (8633),Command Buffer 0,12501963833,193333
3909,python (8633),Compute Command 0,12502142833,12042
3910,python (8633),Command Buffer 0,12502159375,185541
3911,python (8633),Compute Command 0,12502330250,12250
3912,python (8633),Command Buffer 0,12502347250,186000
3913,python (8633),Compute Command 0,12502519291,11667
3914,python (8633),Command Buffer 0,12502535583,188167
3915,python (8633),Compute Command 0,12502709416,12042
3916,python (8633),Command Buffer 0,12502726041,183500
3917,python (8633),Compute Command 0,12502895291,11917
3918,python (8633),Command Buffer 0,12502911833,182000
3919,python (8633),Compute Command 0,12503083625,8583
3920,python (8633),Command Buffer 0,12503095458,284125
3921,python (8633),Compute Command 0,12503364041,13125
3922,python (8633),Command Buffer 0,12503382708,229958
3923,python (8633),Compute Command 0,12503596875,13583
3924,python (8633),Command Buffer 0,12503614875,195625
3925,python (8633),Compute Command 0,12503796166,11959
3926,python (8633),Command Buffer 0,12503812791,192000
3927,python (8633),Compute Command 0,12503990291,12125
3928,python (8633),Command Buffer 0,12504007083,190500
3929,python (8633),Compute Command 0,12504181458,13833
3930,python (8633),Command Buffer 0,12504199708,221250
3931,python (8633),Compute Command 0,12504406291,12209
3932,python (8633),Command Buffer 0,12504423166,221709
3933,python (8633),Compute Command 0,12504630458,12042
3934,python (8633),Command Buffer 0,12504647083,223042
3935,python (8633),Compute Command 0,12504855750,12041
3936,python (8633),Command Buffer 0,12504872333,218958
3937,python (8633),Compute Command 0,12505077041,11917
3938,python (8633),Command Buffer 0,12505093541,221125
3939,python (8633),Compute Command 0,12505300458,11917
3940,python (8633),Command Buffer 0,12505316875,213666
3941,python (8633),Compute Command 0,12505516125,12000
3942,python (8633),Command Buffer 0,12505533083,215500
3943,python (8633),Compute Command 0,12505734333,11958
3944,python (8633),Command Buffer 0,12505750791,218750
3945,python (8633),Compute Command 0,12505955458,11750
3946,python (8633),Command Buffer 0,12505971750,218250
3947,python (8633),Compute Command 0,12506175916,11792
3948,python (8633),Command Buffer 0,12506192250,207583
3949,python (8633),Compute Command 0,12506385500,12000
3950,python (8633),Command Buffer 0,12506402000,219208
3951,python (8633),Compute Command 0,12506607000,11875
3952,python (8633),Command Buffer 0,12506623625,216375
3953,python (8633),Compute Command 0,12506825958,11750
3954,python (8633),Command Buffer 0,12506842208,207792
3955,python (8633),Compute Command 0,12507035625,11958
3956,python (8633),Command Buffer 0,12507052208,201958
3957,python (8633),Compute Command 0,12507241250,10583
3958,python (8633),Command Buffer 0,12507256333,217542
3959,python (8633),Compute Command 0,12507459625,11916
3960,python (8633),Command Buffer 0,12507476125,223541
3961,python (8633),Compute Command 0,12507682875,14541
3962,python (8633),Command Buffer 0,12507702208,210458
3963,python (8633),Compute Command 0,12507898208,12083
3964,python (8633),Command Buffer 0,12507914875,223958
3965,python (8633),Compute Command 0,12508120875,15541
3966,python (8633),Command Buffer 0,12508141041,218084
3967,python (8633),Compute Command 0,12508344791,11917
3968,python (8633),Command Buffer 0,12508361333,217333
3969,python (8633),Compute Command 0,12508564541,11792
3970,python (8633),Command Buffer 0,12508580833,217792
3971,python (8633),Compute Command 0,12508784416,11875
3972,python (8633),Command Buffer 0,12508800833,225583
3973,python (8633),Compute Command 0,12509012166,11875
3974,python (8633),Command Buffer 0,12509028625,222833
3975,python (8633),Compute Command 0,12509237375,11791
3976,python (8633),Command Buffer 0,12509254000,203625
3977,python (8633),Compute Command 0,12509443375,11916
3978,python (8633),Command Buffer 0,12509459791,198959
3979,python (8633),Compute Command 0,12509644583,11833
3980,python (8633),Command Buffer 0,12509661000,373791
3981,python (8633),Compute Command 0,12510020291,12084
3982,python (8633),Command Buffer 0,12510037083,206333
3983,python (8633),Compute Command 0,12510229083,12000
3984,python (8633),Command Buffer 0,12510245625,209250
3985,python (8633),Compute Command 0,12510440666,11834
3986,python (8633),Command Buffer 0,12510457041,202459
3987,python (8633),Compute Command 0,12510645375,11791
3988,python (8633),Command Buffer 0,12510661708,205792
3989,python (8633),Compute Command 0,12510853416,11750
3990,python (8633),Command Buffer 0,12510869625,207333
3991,python (8633),Compute Command 0,12511062541,12084
3992,python (8633),Command Buffer 0,12511079041,204084
3993,python (8633),Compute Command 0,12511268916,11875
3994,python (8633),Command Buffer 0,12511285291,205917
3995,python (8633),Compute Command 0,12511477083,11833
3996,python (8633),Command Buffer 0,12511493458,206250
3997,python (8633),Compute Command 0,12511685750,11708
3998,python (8633),Command Buffer 0,12511701875,289166
3999,python (8633),Compute Command 0,12511977041,11667
4000,python (8633),Command Buffer 0,12511993166,198584
4001,python (8633),Compute Command 0,12512177708,11792
4002,python (8633),Command Buffer 0,12512193916,199459
4003,python (8633),Compute Command 0,12512379500,11666
4004,python (8633),Command Buffer 0,12512395541,201459
4005,python (8633),Compute Command 0,12512583166,11459
4006,python (8633),Command Buffer 0,12512599125,198250
4007,python (8633),Compute Command 0,12512783333,11750
4008,python (8633),Command Buffer 0,12512800333,204667
4009,python (8633),Compute Command 0,12512991125,11625
4010,python (8633),Command Buffer 0,12513007125,200791
4011,python (8633),Compute Command 0,12513193791,11834
4012,python (8633),Command Buffer 0,12513210125,202291
4013,python (8633),Compute Command 0,12513398375,11750
4014,python (8633),Command Buffer 0,12513414541,201000
4015,python (8633),Compute Command 0,12513601458,11833
4016,python (8633),Command Buffer 0,12513617666,202167
4017,python (8633),Compute Command 0,12513805875,11666
4018,python (8633),Command Buffer 0,12513821875,190833
4019,python (8633),Compute Command 0,12513998416,12000
4020,python (8633),Command Buffer 0,12514014791,205625
4021,python (8633),Compute Command 0,12514206333,11833
4022,python (8633),Command Buffer 0,12514222583,198625
4023,python (8633),Compute Command 0,12514407208,11750
4024,python (8633),Command Buffer 0,12514423291,198750
4025,python (8633),Compute Command 0,12514608333,11417
4026,python (8633),Command Buffer 0,12514624166,200375
4027,python (8633),Compute Command 0,12514810500,11791
4028,python (8633),Command Buffer 0,12514826625,189583
4029,python (8633),Compute Command 0,12515005708,8875
4030,python (8633),Command Buffer 0,12515017833,190958
4031,python (8633),Compute Command 0,12515194541,11959
4032,python (8633),Command Buffer 0,12515210916,202584
4033,python (8633),Compute Command 0,12515399416,11792
4034,python (8633),Command Buffer 0,12515415625,186416
4035,python (8633),Compute Command 0,12515585458,14208
4036,python (8633),Command Buffer 0,12515604708,186917
4037,python (8633),Compute Command 0,12515777125,12166
4038,python (8633),Command Buffer 0,12515793833,203292
4039,python (8633),Compute Command 0,12515982541,12209
4040,python (8633),Command Buffer 0,12515999416,207375
4041,python (8633),Compute Command 0,12516189458,15000
4042,python (8633),Command Buffer 0,12516208958,201875
4043,python (8633),Compute Command 0,12516396500,12041
4044,python (8633),Command Buffer 0,12516413041,202667
4045,python (8633),Compute Command 0,12516601500,11916
4046,python (8633),Command Buffer 0,12516617875,201916
4047,python (8633),Compute Command 0,12516805625,11833
4048,python (8633),Command Buffer 0,12516821875,202291
4049,python (8633),Compute Command 0,12517010208,11708
4050,python (8633),Command Buffer 0,12517026250,193541
4051,python (8633),Compute Command 0,12517205833,11708
4052,python (8633),Command Buffer 0,12517221875,199791
4053,python (8633),Compute Command 0,12517407500,11875
4054,python (8633),Command Buffer 0,12517423833,195000
4055,python (8633),Compute Command 0,12517604958,11625
4056,python (8633),Command Buffer 0,12517620958,201458
4057,python (8633),Compute Command 0,12517808458,11708
4058,python (8633),Command Buffer 0,12517824541,205584
4059,python (8633),Compute Command 0,12518015500,12166
4060,python (8633),Command Buffer 0,12518032833,379333
4061,python (8633),Compute Command 0,12518396458,13250
4062,python (8633),Command Buffer 0,12518414625,193916
4063,python (8633),Compute Command 0,12518593791,12250
4064,python (8633),Command Buffer 0,12518610833,182042
4065,python (8633),Compute Command 0,12518776791,13917
4066,python (8633),Command Buffer 0,12518794750,172291
4067,python (8633),Compute Command 0,12518950166,14334
4068,python (8633),Command Buffer 0,12518969500,170833
4069,python (8633),Compute Command 0,12519124583,13458
4070,python (8633),Command Buffer 0,12519142541,181667
4071,python (8633),Compute Command 0,12519310958,11292
4072,python (8633),Command Buffer 0,12519326541,190500
4073,python (8633),Compute Command 0,12519498250,15041
4074,python (8633),Command Buffer 0,12519520666,183792
4075,python (8633),Compute Command 0,12519688833,13208
4076,python (8633),Command Buffer 0,12519707125,177166
4077,python (8633),Compute Command 0,12519870083,12125
4078,python (8633),Command Buffer 0,12519887333,194208
4079,python (8633),Compute Command 0,12520068916,10542
4080,python (8633),Command Buffer 0,12520084458,205292
4081,python (8633),Compute Command 0,12520273708,13625
4082,python (8633),Command Buffer 0,12520292916,168834
4083,python (8633),Compute Command 0,12520448333,11292
4084,python (8633),Command Buffer 0,12520464875,162041
4085,python (8633),Compute Command 0,12520614000,10791
4086,python (8633),Command Buffer 0,12520630083,170667
4087,python (8633),Compute Command 0,12520787041,11667
4088,python (8633),Command Buffer 0,12520806000,172791
4089,python (8633),Compute Command 0,12520963416,12917
4090,python (8633),Command Buffer 0,12520981500,172958
4091,python (8633),Compute Command 0,12521139541,12917
4092,python (8633),Command Buffer 0,12521156708,160417
4093,python (8633),Compute Command 0,12521304541,10625
4094,python (8633),Command Buffer 0,12521320416,182084
4095,python (8633),Compute Command 0,12521487541,12334
4096,python (8633),Command Buffer 0,12521505583,166458
4097,python (8633),Compute Command 0,12521655750,13958
4098,python (8633),Command Buffer 0,12521674916,163667
4099,python (8633),Compute Command 0,12521824291,11667
4100,python (8633),Command Buffer 0,12521841375,173291
4101,python (8633),Compute Command 0,12522001333,10667
4102,python (8633),Command Buffer 0,12522018500,180958
4103,python (8633),Compute Command 0,12522178291,18209
4104,python (8633),Command Buffer 0,12522203708,207125
4105,python (8633),Compute Command 0,12522389958,17583
4106,python (8633),Command Buffer 0,12522414708,182292
4107,python (8633),Compute Command 0,12522580583,14208
4108,python (8633),Command Buffer 0,12522599333,180375
4109,python (8633),Compute Command 0,12522761833,13833
4110,python (8633),Command Buffer 0,12522782416,177459
4111,python (8633),Compute Command 0,12522944000,12875
4112,python (8633),Command Buffer 0,12522963375,284958
4113,python (8633),Compute Command 0,12523209208,27042
4114,python (8633),Command Buffer 0,12523255958,194708
4115,python (8633),Compute Command 0,12523431416,16459
4116,python (8633),Command Buffer 0,12523453916,188167
4117,python (8633),Compute Command 0,12523625916,13667
4118,python (8633),Command Buffer 0,12523644458,180042
4119,python (8633),Compute Command 0,12523810666,11459
4120,python (8633),Command Buffer 0,12523827208,198917
4121,python (8633),Compute Command 0,12524004708,17667
4122,python (8633),Command Buffer 0,12524031541,198875
4123,python (8633),Compute Command 0,12524209750,17583
4124,python (8633),Command Buffer 0,12524235500,195583
4125,python (8633),Compute Command 0,12524412041,16417
4126,python (8633),Command Buffer 0,12524434125,177208
4127,python (8633),Compute Command 0,12524596750,12208
4128,python (8633),Command Buffer 0,12524614791,165209
4129,python (8633),Compute Command 0,12524766333,11500
4130,python (8633),Command Buffer 0,12524783375,161916
4131,python (8633),Compute Command 0,12524930541,12625
4132,python (8633),Command Buffer 0,12524947791,184250
4133,python (8633),Compute Command 0,12525104166,25042
4134,python (8633),Command Buffer 0,12525138750,175125
4135,python (8633),Compute Command 0,12525295291,15667
4136,python (8633),Command Buffer 0,12525317500,188833
4137,python (8633),Compute Command 0,12525485500,17875
4138,python (8633),Command Buffer 0,12525510875,185708
4139,python (8633),Compute Command 0,12525679541,14875
4140,python (8633),Command Buffer 0,12525699416,183542
4141,python (8633),Compute Command 0,12525867291,13417
4142,python (8633),Command Buffer 0,12525885375,155125
4143,python (8633),Compute Command 0,12526026500,11958
4144,python (8633),Command Buffer 0,12526043291,168417
4145,python (8633),Compute Command 0,12526196333,13125
4146,python (8633),Command Buffer 0,12526214250,315833
4147,python (8633),Compute Command 0,12526514750,12875
4148,python (8633),Command Buffer 0,12526532750,254958
4149,python (8633),Compute Command 0,12526773791,11792
4150,python (8633),Command Buffer 0,12526790125,156875
4151,python (8633),Compute Command 0,12526932833,12042
4152,python (8633),Command Buffer 0,12526949500,155500
4153,python (8633),Compute Command 0,12527092625,10208
4154,python (8633),Command Buffer 0,12527107625,178541
4155,python (8633),Compute Command 0,12527265583,18000
4156,python (8633),Command Buffer 0,12527290750,180333
4157,python (8633),Compute Command 0,12527454208,14792
4158,python (8633),Command Buffer 0,12527473958,204083
4159,python (8633),Compute Command 0,12527663791,12125
4160,python (8633),Command Buffer 0,12527680500,162708
4161,python (8633),Compute Command 0,12527828500,12250
4162,python (8633),Command Buffer 0,12527845583,161875
4163,python (8633),Compute Command 0,12527994750,10500
4164,python (8633),Command Buffer 0,12528009458,172417
4165,python (8633),Compute Command 0,12528168750,11041
4166,python (8633),Command Buffer 0,12528184541,156250
4167,python (8633),Compute Command 0,12528326916,11542
4168,python (8633),Command Buffer 0,12528342875,176083
4169,python (8633),Compute Command 0,12528503250,13208
4170,python (8633),Command Buffer 0,12528521583,152417
4171,python (8633),Compute Command 0,12528660500,11416
4172,python (8633),Command Buffer 0,12528676125,159875
4173,python (8633),Compute Command 0,12528823041,11000
4174,python (8633),Command Buffer 0,12528838250,166791
4175,python (8633),Compute Command 0,12528992083,11000
4176,python (8633),Command Buffer 0,12529007125,153791
4177,python (8633),Compute Command 0,12529147500,11333
4178,python (8633),Command Buffer 0,12529163416,166834
4179,python (8633),Compute Command 0,12529318250,9875
4180,python (8633),Command Buffer 0,12529332583,171792
4181,python (8633),Compute Command 0,12529492416,10000
4182,python (8633),Command Buffer 0,12529506416,173959
4183,python (8633),Compute Command 0,12529668125,10125
4184,python (8633),Command Buffer 0,12529682666,177459
4185,python (8633),Compute Command 0,12529847583,10708
4186,python (8633),Command Buffer 0,12529862416,153709
4187,python (8633),Compute Command 0,12530003916,10000
4188,python (8633),Command Buffer 0,12530018458,170167
4189,python (8633),Compute Command 0,12530176541,10125
4190,python (8633),Command Buffer 0,12530190833,174750
4191,python (8633),Compute Command 0,12530353458,10083
4192,python (8633),Command Buffer 0,12530367875,167333
4193,python (8633),Compute Command 0,12530520958,12042
4194,python (8633),Command Buffer 0,12530537958,159250
4195,python (8633),Compute Command 0,12530684458,10750
4196,python (8633),Command Buffer 0,12530699666,157000
4197,python (8633),Compute Command 0,12530843250,11333
4198,python (8633),Command Buffer 0,12530859250,152791
4199,python (8633),Compute Command 0,12530999666,10334
4200,python (8633),Command Buffer 0,12531014291,279209
4201,python (8633),Compute Command 0,12531280666,10959
4202,python (8633),Command Buffer 0,12531296000,158083
4203,python (8633),Compute Command 0,12531440916,11250
4204,python (8633),Command Buffer 0,12531456708,154458
4205,python (8633),Compute Command 0,12531598958,10250
4206,python (8633),Command Buffer 0,12531613416,173000
4207,python (8633),Compute Command 0,12531773875,10583
4208,python (8633),Command Buffer 0,12531788625,175875
4209,python (8633),Compute Command 0,12531951250,11291
4210,python (8633),Command Buffer 0,12531966750,169875
4211,python (8633),Compute Command 0,12532122666,11875
4212,python (8633),Command Buffer 0,12532139333,173625
4213,python (8633),Compute Command 0,12532300375,10708
4214,python (8633),Command Buffer 0,12532315250,172500
4215,python (8633),Compute Command 0,12532473666,11709
4216,python (8633),Command Buffer 0,12532490166,173334
4217,python (8633),Compute Command 0,12532650125,11291
4218,python (8633),Command Buffer 0,12532665875,154958
4219,python (8633),Compute Command 0,12532807708,11167
4220,python (8633),Command Buffer 0,12532823041,171875
4221,python (8633),Compute Command 0,12532981750,10791
4222,python (8633),Command Buffer 0,12532997166,154459
4223,python (8633),Compute Command 0,12533139000,10583
4224,python (8633),Command Buffer 0,12533153750,167958
4225,python (8633),Compute Command 0,12533309458,10250
4226,python (8633),Command Buffer 0,12533324083,168292
4227,python (8633),Compute Command 0,12533480333,10000
4228,python (8633),Command Buffer 0,12533494333,169083
4229,python (8633),Compute Command 0,12533651416,10000
4230,python (8633),Command Buffer 0,12533665375,171458
4231,python (8633),Compute Command 0,12533824708,10083
4232,python (8633),Command Buffer 0,12533838666,171959
4233,python (8633),Compute Command 0,12533998208,10500
4234,python (8633),Command Buffer 0,12534012791,171125
4235,python (8633),Compute Command 0,12534171708,10208
4236,python (8633),Command Buffer 0,12534186166,170209
4237,python (8633),Compute Command 0,12534344458,9958
4238,python (8633),Command Buffer 0,12534358750,168708
4239,python (8633),Compute Command 0,12534515500,10083
4240,python (8633),Command Buffer 0,12534529541,322500
4241,python (8633),Compute Command 0,12534839208,10958
4242,python (8633),Command Buffer 0,12534854416,207000
4243,python (8633),Compute Command 0,12535043333,16208
4244,python (8633),Command Buffer 0,12535063666,158959
4245,python (8633),Compute Command 0,12535210916,9750
4246,python (8633),Command Buffer 0,12535224958,181417
4247,python (8633),Compute Command 0,12535393708,10750
4248,python (8633),Command Buffer 0,12535408500,162250
4249,python (8633),Compute Command 0,12535557958,10958
4250,python (8633),Command Buffer 0,12535572916,160959
4251,python (8633),Compute Command 0,12535721833,10083
4252,python (8633),Command Buffer 0,12535736250,151958
4253,python (8633),Compute Command 0,12535876125,10125
4254,python (8633),Command Buffer 0,12535890625,154291
4255,python (8633),Compute Command 0,12536032916,10084
4256,python (8633),Command Buffer 0,12536047125,153208
4257,python (8633),Compute Command 0,12536187833,10542
4258,python (8633),Command Buffer 0,12536202500,156166
4259,python (8633),Compute Command 0,12536346333,10458
4260,python (8633),Command Buffer 0,12536360791,163334
4261,python (8633),Compute Command 0,12536512083,10083
4262,python (8633),Command Buffer 0,12536526250,210291
4263,python (8633),Compute Command 0,12536724750,9666
4264,python (8633),Command Buffer 0,12536738583,171292
4265,python (8633),Compute Command 0,12536896166,11625
4266,python (8633),Command Buffer 0,12536912958,189542
4267,python (8633),Compute Command 0,12537088375,11833
4268,python (8633),Command Buffer 0,12537104750,176500
4269,python (8633),Compute Command 0,12537266583,12208
4270,python (8633),Command Buffer 0,12537284166,207875
4271,python (8633),Compute Command 0,12537477583,12083
4272,python (8633),Command Buffer 0,12537494291,198709
4273,python (8633),Compute Command 0,12537678791,11875
4274,python (8633),Command Buffer 0,12537695250,199291
4275,python (8633),Compute Command 0,12537880291,11917
4276,python (8633),Command Buffer 0,12537896750,194875
4277,python (8633),Compute Command 0,12538077541,11750
4278,python (8633),Command Buffer 0,12538093916,201042
4279,python (8633),Compute Command 0,12538280750,11750
4280,python (8633),Command Buffer 0,12538297125,199541
4281,python (8633),Compute Command 0,12538479791,14542
4282,python (8633),Command Buffer 0,12538498875,196958
4283,python (8633),Compute Command 0,12538681708,11833
4284,python (8633),Command Buffer 0,12538698041,194417
4285,python (8633),Compute Command 0,12538878250,11791
4286,python (8633),Command Buffer 0,12538895083,191083
4287,python (8633),Compute Command 0,12539073583,10458
4288,python (8633),Command Buffer 0,12539088791,195834
4289,python (8633),Compute Command 0,12539270500,11791
4290,python (8633),Command Buffer 0,12539286791,223709
4291,python (8633),Compute Command 0,12539496000,12125
4292,python (8633),Command Buffer 0,12539512958,197375
4293,python (8633),Compute Command 0,12539696250,11750
4294,python (8633),Command Buffer 0,12539712500,196125
4295,python (8633),Compute Command 0,12539894625,11666
4296,python (8633),Command Buffer 0,12539910833,193542
4297,python (8633),Compute Command 0,12540090291,11750
4298,python (8633),Command Buffer 0,12540106500,196166
4299,python (8633),Compute Command 0,12540288666,11709
4300,python (8633),Command Buffer 0,12540304833,194583
4301,python (8633),Compute Command 0,12540485250,11791
4302,python (8633),Command Buffer 0,12540501541,194084
4303,python (8633),Compute Command 0,12540681166,12084
4304,python (8633),Command Buffer 0,12540697833,197750
4305,python (8633),Compute Command 0,12540881208,12042
4306,python (8633),Command Buffer 0,12540897708,198125
4307,python (8633),Compute Command 0,12541081458,12042
4308,python (8633),Command Buffer 0,12541098083,190292
4309,python (8633),Compute Command 0,12541274208,11833
4310,python (8633),Command Buffer 0,12541291000,200333
4311,python (8633),Compute Command 0,12541477208,11792
4312,python (8633),Command Buffer 0,12541493458,197167
4313,python (8633),Compute Command 0,12541676708,11583
4314,python (8633),Command Buffer 0,12541692750,198208
4315,python (8633),Compute Command 0,12541877000,11666
4316,python (8633),Command Buffer 0,12541893125,194625
4317,python (8633),Compute Command 0,12542073583,11833
4318,python (8633),Command Buffer 0,12542089958,197375
4319,python (8633),Compute Command 0,12542272916,12125
4320,python (8633),Command Buffer 0,12542289416,197167
4321,python (8633),Compute Command 0,12542469791,14459
4322,python (8633),Command Buffer 0,12542488750,197208
4323,python (8633),Compute Command 0,12542671875,11791
4324,python (8633),Command Buffer 0,12542688125,196041
4325,python (8633),Compute Command 0,12542870250,11583
4326,python (8633),Command Buffer 0,12542886291,334667
4327,python (8633),Compute Command 0,12543208416,10500
4328,python (8633),Command Buffer 0,12543225583,235417
4329,python (8633),Compute Command 0,12543446916,11792
4330,python (8633),Command Buffer 0,12543463166,216042
4331,python (8633),Compute Command 0,12543665208,11667
4332,python (8633),Command Buffer 0,12543681375,192750
4333,python (8633),Compute Command 0,12543859750,12041
4334,python (8633),Command Buffer 0,12543876208,202250
4335,python (8633),Compute Command 0,12544064333,11792
4336,python (8633),Command Buffer 0,12544080583,201083
4337,python (8633),Compute Command 0,12544267291,12042
4338,python (8633),Command Buffer 0,12544283833,200417
4339,python (8633),Compute Command 0,12544470291,11625
4340,python (8633),Command Buffer 0,12544486416,197834
4341,python (8633),Compute Command 0,12544670000,11875
4342,python (8633),Command Buffer 0,12544686375,199958
4343,python (8633),Compute Command 0,12544872125,11916
4344,python (8633),Command Buffer 0,12544888458,228417
4345,python (8633),Compute Command 0,12545102208,12292
4346,python (8633),Command Buffer 0,12545119250,211041
4347,python (8633),Compute Command 0,12545315958,12000
4348,python (8633),Command Buffer 0,12545332666,200292
4349,python (8633),Compute Command 0,12545518666,11917
4350,python (8633),Command Buffer 0,12545535291,191959
4351,python (8633),Compute Command 0,12545713083,11875
4352,python (8633),Command Buffer 0,12545729583,204458
4353,python (8633),Compute Command 0,12545920000,11750
4354,python (8633),Command Buffer 0,12545936416,202709
4355,python (8633),Compute Command 0,12546125041,11750
4356,python (8633),Command Buffer 0,12546141291,200667
4357,python (8633),Compute Command 0,12546327541,12084
4358,python (8633),Command Buffer 0,12546344291,203292
4359,python (8633),Compute Command 0,12546533458,11792
4360,python (8633),Command Buffer 0,12546549750,199958
4361,python (8633),Compute Command 0,12546735458,11958
4362,python (8633),Command Buffer 0,12546754541,199125
4363,python (8633),Compute Command 0,12546939333,11958
4364,python (8633),Command Buffer 0,12546955958,200542
4365,python (8633),Compute Command 0,12547142208,12000
4366,python (8633),Command Buffer 0,12547158916,205209
4367,python (8633),Compute Command 0,12547349583,12167
4368,python (8633),Command Buffer 0,12547366333,199500
4369,python (8633),Compute Command 0,12547551750,11833
4370,python (8633),Command Buffer 0,12547568000,205750
4371,python (8633),Compute Command 0,12547754083,17333
4372,python (8633),Command Buffer 0,12547776000,191833
4373,python (8633),Compute Command 0,12547952208,13167
4374,python (8633),Command Buffer 0,12547970375,206291
4375,python (8633),Compute Command 0,12548162416,11875
4376,python (8633),Command Buffer 0,12548179000,201916
4377,python (8633),Compute Command 0,12548366666,11792
4378,python (8633),Command Buffer 0,12548383125,200458
4379,python (8633),Compute Command 0,12548569416,11834
4380,python (8633),Command Buffer 0,12548585875,200583
4381,python (8633),Compute Command 0,12548772458,11750
4382,python (8633),Command Buffer 0,12548788791,196334
4383,python (8633),Compute Command 0,12548968541,11417
4384,python (8633),Command Buffer 0,12548987458,199000
4385,python (8633),Compute Command 0,12549172375,11833
4386,python (8633),Command Buffer 0,12549188666,199250
4387,python (8633),Compute Command 0,12549373791,11834
4388,python (8633),Command Buffer 0,12549390083,198375
4389,python (8633),Compute Command 0,12549574458,11625
4390,python (8633),Command Buffer 0,12549590541,200625
4391,python (8633),Compute Command 0,12549777208,11667
4392,python (8633),Command Buffer 0,12549793291,196750
4393,python (8633),Compute Command 0,12549975958,11750
4394,python (8633),Command Buffer 0,12549992208,193000
4395,python (8633),Compute Command 0,12550171208,11667
4396,python (8633),Command Buffer 0,12550187333,198333
4397,python (8633),Compute Command 0,12550371625,11750
4398,python (8633),Command Buffer 0,12550387791,201209
4399,python (8633),Compute Command 0,12550575083,11625
4400,python (8633),Command Buffer 0,12550591125,200833
4401,python (8633),Compute Command 0,12550777875,11750
4402,python (8633),Command Buffer 0,12550794166,200209
4403,python (8633),Compute Command 0,12550979750,11750
4404,python (8633),Command Buffer 0,12550996500,198583
4405,python (8633),Compute Command 0,12551181166,11584
4406,python (8633),Command Buffer 0,12551197208,187042
4407,python (8633),Compute Command 0,12551373291,9084
4408,python (8633),Command Buffer 0,12551386583,238958
4409,python (8633),Compute Command 0,12551610291,13125
4410,python (8633),Command Buffer 0,12551628125,195875
4411,python (8633),Compute Command 0,12551809125,12458
4412,python (8633),Command Buffer 0,12551826208,212250
4413,python (8633),Compute Command 0,12552022333,13750
4414,python (8633),Command Buffer 0,12552040833,200792
4415,python (8633),Compute Command 0,12552227291,12000
4416,python (8633),Command Buffer 0,12552243708,200792
4417,python (8633),Compute Command 0,12552430083,12083
4418,python (8633),Command Buffer 0,12552446666,201417
4419,python (8633),Compute Command 0,12552634000,11833
4420,python (8633),Command Buffer 0,12552650333,200458
4421,python (8633),Compute Command 0,12552836416,12042
4422,python (8633),Command Buffer 0,12552852958,200167
4423,python (8633),Compute Command 0,12553038333,12333
4424,python (8633),Command Buffer 0,12553055541,201750
4425,python (8633),Compute Command 0,12553243000,11958
4426,python (8633),Command Buffer 0,12553259416,197250
4427,python (8633),Compute Command 0,12553442791,11625
4428,python (8633),Command Buffer 0,12553458875,200041
4429,python (8633),Compute Command 0,12553644750,11916
4430,python (8633),Command Buffer 0,12553661000,198166
4431,python (8633),Compute Command 0,12553845000,11833
4432,python (8633),Command Buffer 0,12553861375,201208
4433,python (8633),Compute Command 0,12554048541,11750
4434,python (8633),Command Buffer 0,12554064625,197083
4435,python (8633),Compute Command 0,12554247791,11667
4436,python (8633),Command Buffer 0,12554263875,196250
4437,python (8633),Compute Command 0,12554446083,11708
4438,python (8633),Command Buffer 0,12554463000,198916
4439,python (8633),Compute Command 0,12554648000,11625
4440,python (8633),Command Buffer 0,12554664041,205292
4441,python (8633),Compute Command 0,12554855375,11625
4442,python (8633),Command Buffer 0,12554871500,195125
4443,python (8633),Compute Command 0,12555052583,11708
4444,python (8633),Command Buffer 0,12555068791,199334
4445,python (8633),Compute Command 0,12555254208,11542
4446,python (8633),Command Buffer 0,12555270250,196500
4447,python (8633),Compute Command 0,12555452791,11667
4448,python (8633),Command Buffer 0,12555468916,197250
4449,python (8633),Compute Command 0,12555651833,12000
4450,python (8633),Command Buffer 0,12555668291,197917
4451,python (8633),Compute Command 0,12555852125,11833
4452,python (8633),Command Buffer 0,12555868333,199792
4453,python (8633),Compute Command 0,12556054250,11583
4454,python (8633),Command Buffer 0,12556070250,199833
4455,python (8633),Compute Command 0,12556256250,11541
4456,python (8633),Command Buffer 0,12556272291,198375
4457,python (8633),Compute Command 0,12556456708,11625
4458,python (8633),Command Buffer 0,12556472833,196292
4459,python (8633),Compute Command 0,12556653458,13125
4460,python (8633),Command Buffer 0,12556672125,204625
4461,python (8633),Compute Command 0,12556862833,11625
4462,python (8633),Command Buffer 0,12556878916,197834
4463,python (8633),Compute Command 0,12557062708,11750
4464,python (8633),Command Buffer 0,12557078875,184166
4465,python (8633),Compute Command 0,12557246333,14667
4466,python (8633),Command Buffer 0,12557264916,189042
4467,python (8633),Compute Command 0,12557439416,12125
4468,python (8633),Command Buffer 0,12557456208,203167
4469,python (8633),Compute Command 0,12557644250,12791
4470,python (8633),Command Buffer 0,12557662250,189041
4471,python (8633),Compute Command 0,12557836666,12209
4472,python (8633),Command Buffer 0,12557853583,202375
4473,python (8633),Compute Command 0,12558041666,12000
4474,python (8633),Command Buffer 0,12558058291,198709
4475,python (8633),Compute Command 0,12558242833,11875
4476,python (8633),Command Buffer 0,12558259416,201667
4477,python (8633),Compute Command 0,12558447041,11667
4478,python (8633),Command Buffer 0,12558463291,199042
4479,python (8633),Compute Command 0,12558648375,11708
4480,python (8633),Command Buffer 0,12558664666,196334
4481,python (8633),Compute Command 0,12558846750,11958
4482,python (8633),Command Buffer 0,12558863625,199541
4483,python (8633),Compute Command 0,12559049125,11750
4484,python (8633),Command Buffer 0,12559065375,200708
4485,python (8633),Compute Command 0,12559251875,11875
4486,python (8633),Command Buffer 0,12559268291,196250
4487,python (8633),Compute Command 0,12559450416,11875
4488,python (8633),Command Buffer 0,12559466750,203250
4489,python (8633),Compute Command 0,12559654958,12500
4490,python (8633),Command Buffer 0,12559672375,449791
4491,python (8633),Compute Command 0,12560107083,12667
4492,python (8633),Command Buffer 0,12560128250,196875
4493,python (8633),Compute Command 0,12560311000,11791
4494,python (8633),Command Buffer 0,12560327375,195208
4495,python (8633),Compute Command 0,12560509916,10584
4496,python (8633),Command Buffer 0,12560524500,195750
4497,python (8633),Compute Command 0,12560706041,11917
4498,python (8633),Command Buffer 0,12560722458,197917
4499,python (8633),Compute Command 0,12560906416,11667
4500,python (8633),Command Buffer 0,12560922541,190375
4501,python (8633),Compute Command 0,12561098583,12000
4502,python (8633),Command Buffer 0,12561115291,200542
4503,python (8633),Compute Command 0,12561301750,11791
4504,python (8633),Command Buffer 0,12561318041,201250
4505,python (8633),Compute Command 0,12561502416,11875
4506,python (8633),Command Buffer 0,12561521500,196583
4507,python (8633),Compute Command 0,12561703833,12000
4508,python (8633),Command Buffer 0,12561720291,198209
4509,python (8633),Compute Command 0,12561904208,12042
4510,python (8633),Command Buffer 0,12561920666,195709
4511,python (8633),Compute Command 0,12562102375,11750
4512,python (8633),Command Buffer 0,12562118583,198042
4513,python (8633),Compute Command 0,12562302541,11834
4514,python (8633),Command Buffer 0,12562318916,198167
4515,python (8633),Compute Command 0,12562500375,14416
4516,python (8633),Command Buffer 0,12562519625,198583
4517,python (8633),Compute Command 0,12562704166,11709
4518,python (8633),Command Buffer 0,12562720416,196500
4519,python (8633),Compute Command 0,12562902833,11792
4520,python (8633),Command Buffer 0,12562919083,196042
4521,python (8633),Compute Command 0,12563101000,11791
4522,python (8633),Command Buffer 0,12563117291,188417
4523,python (8633),Compute Command 0,12563291625,11791
4524,python (8633),Command Buffer 0,12563307916,201625
4525,python (8633),Compute Command 0,12563495416,11834
4526,python (8633),Command Buffer 0,12563511666,303709
4527,python (8633),Compute Command 0,12563800208,12750
4528,python (8633),Command Buffer 0,12563818166,183834
4529,python (8633),Compute Command 0,12563987583,12042
4530,python (8633),Command Buffer 0,12564004916,186834
4531,python (8633),Compute Command 0,12564177541,11834
4532,python (8633),Command Buffer 0,12564193916,194417
4533,python (8633),Compute Command 0,12564374000,12041
4534,python (8633),Command Buffer 0,12564390375,194750
4535,python (8633),Compute Command 0,12564571041,11792
4536,python (8633),Command Buffer 0,12564587291,196667
4537,python (8633),Compute Command 0,12564769583,12083
4538,python (8633),Command Buffer 0,12564786166,193750
4539,python (8633),Compute Command 0,12564965833,11792
4540,python (8633),Command Buffer 0,12564982000,194083
4541,python (8633),Compute Command 0,12565162041,11709
4542,python (8633),Command Buffer 0,12565178250,192458
4543,python (8633),Compute Command 0,12565356625,11750
4544,python (8633),Command Buffer 0,12565372875,196125
4545,python (8633),Compute Command 0,12565554416,12250
4546,python (8633),Command Buffer 0,12565571291,169125
4547,python (8633),Compute Command 0,12565723833,14250
4548,python (8633),Command Buffer 0,12565742708,177250
4549,python (8633),Compute Command 0,12565904541,12959
4550,python (8633),Command Buffer 0,12565922583,199917
4551,python (8633),Compute Command 0,12566106250,13541
4552,python (8633),Command Buffer 0,12566129208,198375
4553,python (8633),Compute Command 0,12566309250,15875
4554,python (8633),Command Buffer 0,12566330083,194833
4555,python (8633),Compute Command 0,12566510416,12167
4556,python (8633),Command Buffer 0,12566527208,193417
4557,python (8633),Compute Command 0,12566706250,12000
4558,python (8633),Command Buffer 0,12566722875,195125
4559,python (8633),Compute Command 0,12566903583,12167
4560,python (8633),Command Buffer 0,12566920333,195208
4561,python (8633),Compute Command 0,12567101250,11916
4562,python (8633),Command Buffer 0,12567117833,198083
4563,python (8633),Compute Command 0,12567301625,12000
4564,python (8633),Command Buffer 0,12567318041,194334
4565,python (8633),Compute Command 0,12567498416,11625
4566,python (8633),Command Buffer 0,12567514541,185917
4567,python (8633),Compute Command 0,12567686416,11750
4568,python (8633),Command Buffer 0,12567702541,197042
4569,python (8633),Compute Command 0,12567885541,11750
4570,python (8633),Command Buffer 0,12567901750,348833
4571,python (8633),Compute Command 0,12568235833,12333
4572,python (8633),Command Buffer 0,12568255250,193541
4573,python (8633),Compute Command 0,12568434333,12083
4574,python (8633),Command Buffer 0,12568451166,181125
4575,python (8633),Compute Command 0,12568617125,12750
4576,python (8633),Command Buffer 0,12568634583,171708
4577,python (8633),Compute Command 0,12568791708,12250
4578,python (8633),Command Buffer 0,12568808750,180250
4579,python (8633),Compute Command 0,12568974416,12167
4580,python (8633),Command Buffer 0,12568991291,187459
4581,python (8633),Compute Command 0,12569164291,12084
4582,python (8633),Command Buffer 0,12569180916,180792
4583,python (8633),Compute Command 0,12569347208,12083
4584,python (8633),Command Buffer 0,12569363958,175167
4585,python (8633),Compute Command 0,12569524791,11959
4586,python (8633),Command Buffer 0,12569541541,176375
4587,python (8633),Compute Command 0,12569703541,12084
4588,python (8633),Command Buffer 0,12569720208,200083
4589,python (8633),Compute Command 0,12569905833,12083
4590,python (8633),Command Buffer 0,12569922541,173917
4591,python (8633),Compute Command 0,12570082041,12042
4592,python (8633),Command Buffer 0,12570098708,204042
4593,python (8633),Compute Command 0,12570288125,12250
4594,python (8633),Command Buffer 0,12570305250,192875
4595,python (8633),Compute Command 0,12570483791,12042
4596,python (8633),Command Buffer 0,12570500333,176833
4597,python (8633),Compute Command 0,12570662791,12000
4598,python (8633),Command Buffer 0,12570679375,189541
4599,python (8633),Compute Command 0,12570854500,12125
4600,python (8633),Command Buffer 0,12570871458,170083
4601,python (8633),Compute Command 0,12571027375,11833
4602,python (8633),Command Buffer 0,12571043833,170542
4603,python (8633),Compute Command 0,12571200041,11917
4604,python (8633),Command Buffer 0,12571217166,185250
4605,python (8633),Compute Command 0,12571388083,11958
4606,python (8633),Command Buffer 0,12571404666,200125
4607,python (8633),Compute Command 0,12571590291,12209
4608,python (8633),Command Buffer 0,12571606875,196208
4609,python (8633),Compute Command 0,12571788958,11833
4610,python (8633),Command Buffer 0,12571805208,221083
4611,python (8633),Compute Command 0,12572012000,11875
4612,python (8633),Command Buffer 0,12572029250,182833
4613,python (8633),Compute Command 0,12572198000,11583
4614,python (8633),Command Buffer 0,12572215041,188709
4615,python (8633),Compute Command 0,12572389375,12041
4616,python (8633),Command Buffer 0,12572405958,196458
4617,python (8633),Compute Command 0,12572588250,11875
4618,python (8633),Command Buffer 0,12572604583,193917
4619,python (8633),Compute Command 0,12572784416,11750
4620,python (8633),Command Buffer 0,12572800750,195041
4621,python (8633),Compute Command 0,12572981541,11959
4622,python (8633),Command Buffer 0,12572998125,194708
4623,python (8633),Compute Command 0,12573178291,12250
4624,python (8633),Command Buffer 0,12573195000,197041
4625,python (8633),Compute Command 0,12573377958,11708
4626,python (8633),Command Buffer 0,12573394250,193250
4627,python (8633),Compute Command 0,12573573500,11625
4628,python (8633),Command Buffer 0,12573589625,198708
4629,python (8633),Compute Command 0,12573774500,11583
4630,python (8633),Command Buffer 0,12573790500,168166
4631,python (8633),Compute Command 0,12573944125,12083
4632,python (8633),Command Buffer 0,12573961708,195667
4633,python (8633),Compute Command 0,12574142958,11958
4634,python (8633),Command Buffer 0,12574159625,193666
4635,python (8633),Compute Command 0,12574336125,12041
4636,python (8633),Command Buffer 0,12574355541,195000
4637,python (8633),Compute Command 0,12574536375,11875
4638,python (8633),Command Buffer 0,12574552833,196125
4639,python (8633),Compute Command 0,12574734791,11917
4640,python (8633),Command Buffer 0,12574751208,197958
4641,python (8633),Compute Command 0,12574934833,12042
4642,python (8633),Command Buffer 0,12574951416,198084
4643,python (8633),Compute Command 0,12575135416,11792
4644,python (8633),Command Buffer 0,12575151666,195167
4645,python (8633),Compute Command 0,12575332416,12167
4646,python (8633),Command Buffer 0,12575349000,194541
4647,python (8633),Compute Command 0,12575529541,11709
4648,python (8633),Command Buffer 0,12575545750,194666
4649,python (8633),Compute Command 0,12575726500,11625
4650,python (8633),Command Buffer 0,12575742666,194084
4651,python (8633),Compute Command 0,12575922583,11917
4652,python (8633),Command Buffer 0,12575938916,193792
4653,python (8633),Compute Command 0,12576117541,12917
4654,python (8633),Command Buffer 0,12576134833,195208
4655,python (8633),Compute Command 0,12576315458,12208
4656,python (8633),Command Buffer 0,12576332291,411417
4657,python (8633),Compute Command 0,12576729375,12041
4658,python (8633),Command Buffer 0,12576746000,194583
4659,python (8633),Compute Command 0,12576926250,11958
4660,python (8633),Command Buffer 0,12576942708,202125
4661,python (8633),Compute Command 0,12577123000,15291
4662,python (8633),Command Buffer 0,12577146958,194542
4663,python (8633),Compute Command 0,12577327416,11792
4664,python (8633),Command Buffer 0,12577343666,195709
4665,python (8633),Compute Command 0,12577525541,11542
4666,python (8633),Command Buffer 0,12577541500,186041
4667,python (8633),Compute Command 0,12577713458,11833
4668,python (8633),Command Buffer 0,12577729750,190791
4669,python (8633),Compute Command 0,12577906458,11792
4670,python (8633),Command Buffer 0,12577922708,194375
4671,python (8633),Compute Command 0,12578102791,12042
4672,python (8633),Command Buffer 0,12578119375,195708
4673,python (8633),Compute Command 0,12578301250,11583
4674,python (8633),Command Buffer 0,12578317208,191917
4675,python (8633),Compute Command 0,12578495208,11625
4676,python (8633),Command Buffer 0,12578511250,188750
4677,python (8633),Compute Command 0,12578685541,12125
4678,python (8633),Command Buffer 0,12578702375,194666
4679,python (8633),Compute Command 0,12578883125,11583
4680,python (8633),Command Buffer 0,12578899208,184500
4681,python (8633),Compute Command 0,12579069625,11750
4682,python (8633),Command Buffer 0,12579085833,194750
4683,python (8633),Compute Command 0,12579266583,11708
4684,python (8633),Command Buffer 0,12579282750,194541
4685,python (8633),Compute Command 0,12579463208,11750
4686,python (8633),Command Buffer 0,12579479416,186792
4687,python (8633),Compute Command 0,12579651708,12208
4688,python (8633),Command Buffer 0,12579668333,194458
4689,python (8633),Compute Command 0,12579848958,11542
4690,python (8633),Command Buffer 0,12579864916,192792
4691,python (8633),Compute Command 0,12580043541,11917
4692,python (8633),Command Buffer 0,12580059833,200250
4693,python (8633),Compute Command 0,12580245958,11833
4694,python (8633),Command Buffer 0,12580262208,190958
4695,python (8633),Compute Command 0,12580439333,11542
4696,python (8633),Command Buffer 0,12580455250,187083
4697,python (8633),Compute Command 0,12580628458,11583
4698,python (8633),Command Buffer 0,12580644500,184875
4699,python (8633),Compute Command 0,12580815208,11833
4700,python (8633),Command Buffer 0,12580831541,190375
4701,python (8633),Compute Command 0,12581005125,14458
4702,python (8633),Command Buffer 0,12581024041,194292
4703,python (8633),Compute Command 0,12581204458,11625
4704,python (8633),Command Buffer 0,12581220583,196458
4705,python (8633),Compute Command 0,12581402916,11834
4706,python (8633),Command Buffer 0,12581419208,195125
4707,python (8633),Compute Command 0,12581600083,11958
4708,python (8633),Command Buffer 0,12581616458,193917
4709,python (8633),Compute Command 0,12581796166,11875
4710,python (8633),Command Buffer 0,12581812500,192958
4711,python (8633),Compute Command 0,12581990958,12208
4712,python (8633),Command Buffer 0,12582007625,194625
4713,python (8633),Compute Command 0,12582189291,9959
4714,python (8633),Command Buffer 0,12582204583,191208
4715,python (8633),Compute Command 0,12582381708,11792
4716,python (8633),Command Buffer 0,12582397916,192959
4717,python (8633),Compute Command 0,12582576791,11834
4718,python (8633),Command Buffer 0,12582593000,171958
4719,python (8633),Compute Command 0,12582751333,11250
4720,python (8633),Command Buffer 0,12582768500,172000
4721,python (8633),Compute Command 0,12582926083,12083
4722,python (8633),Command Buffer 0,12582942708,191500
4723,python (8633),Compute Command 0,12583119250,12666
4724,python (8633),Command Buffer 0,12583136541,194750
4725,python (8633),Compute Command 0,12583317166,11834
4726,python (8633),Command Buffer 0,12583333416,194500
4727,python (8633),Compute Command 0,12583513750,11916
4728,python (8633),Command Buffer 0,12583530208,194708
4729,python (8633),Compute Command 0,12583710541,12042
4730,python (8633),Command Buffer 0,12583727041,196209
4731,python (8633),Compute Command 0,12583906291,14625
4732,python (8633),Command Buffer 0,12583925375,196625
4733,python (8633),Compute Command 0,12584107875,11750
4734,python (8633),Command Buffer 0,12584125041,193167
4735,python (8633),Compute Command 0,12584304083,11750
4736,python (8633),Command Buffer 0,12584320333,194167
4737,python (8633),Compute Command 0,12584500458,11708
4738,python (8633),Command Buffer 0,12584516625,192416
4739,python (8633),Compute Command 0,12584694333,12208
4740,python (8633),Command Buffer 0,12584712083,273167
4741,python (8633),Compute Command 0,12584969208,13583
4742,python (8633),Command Buffer 0,12584988000,193958
4743,python (8633),Compute Command 0,12585167916,11709
4744,python (8633),Command Buffer 0,12585184041,196209
4745,python (8633),Compute Command 0,12585366083,11833
4746,python (8633),Command Buffer 0,12585382333,194792
4747,python (8633),Compute Command 0,12585563000,11833
4748,python (8633),Command Buffer 0,12585579291,195459
4749,python (8633),Compute Command 0,12585760583,11833
4750,python (8633),Command Buffer 0,12585776833,194125
4751,python (8633),Compute Command 0,12585956416,12209
4752,python (8633),Command Buffer 0,12585973041,193834
4753,python (8633),Compute Command 0,12586152583,11958
4754,python (8633),Command Buffer 0,12586169000,194041
4755,python (8633),Compute Command 0,12586348875,11833
4756,python (8633),Command Buffer 0,12586365166,193584
4757,python (8633),Compute Command 0,12586544875,11583
4758,python (8633),Command Buffer 0,12586560791,192500
4759,python (8633),Compute Command 0,12586739333,11708
4760,python (8633),Command Buffer 0,12586755375,193166
4761,python (8633),Compute Command 0,12586934666,11625
4762,python (8633),Command Buffer 0,12586950583,198708
4763,python (8633),Compute Command 0,12587132625,11625
4764,python (8633),Command Buffer 0,12587151458,191500
4765,python (8633),Compute Command 0,12587329166,11500
4766,python (8633),Command Buffer 0,12587345083,186667
4767,python (8633),Compute Command 0,12587517708,11708
4768,python (8633),Command Buffer 0,12587533875,194916
4769,python (8633),Compute Command 0,12587714791,11709
4770,python (8633),Command Buffer 0,12587730916,193917
4771,python (8633),Compute Command 0,12587910750,11833
4772,python (8633),Command Buffer 0,12587927000,196250
4773,python (8633),Compute Command 0,12588106458,14542
4774,python (8633),Command Buffer 0,12588130875,195958
4775,python (8633),Compute Command 0,12588312666,11917
4776,python (8633),Command Buffer 0,12588328958,193792
4777,python (8633),Compute Command 0,12588508625,11833
4778,python (8633),Command Buffer 0,12588524791,194709
4779,python (8633),Compute Command 0,12588705500,11708
4780,python (8633),Command Buffer 0,12588721625,180583
4781,python (8633),Compute Command 0,12588887875,12041
4782,python (8633),Command Buffer 0,12588904583,168000
4783,python (8633),Compute Command 0,12589058708,11583
4784,python (8633),Command Buffer 0,12589074666,191000
4785,python (8633),Compute Command 0,12589251708,11667
4786,python (8633),Command Buffer 0,12589267791,191459
4787,python (8633),Compute Command 0,12589445291,11625
4788,python (8633),Command Buffer 0,12589461333,182958
4789,python (8633),Compute Command 0,12589630291,11709
4790,python (8633),Command Buffer 0,12589646333,195625
4791,python (8633),Compute Command 0,12589827833,11792
4792,python (8633),Command Buffer 0,12589844041,195417
4793,python (8633),Compute Command 0,12590025791,11417
4794,python (8633),Command Buffer 0,12590041541,195000
4795,python (8633),Compute Command 0,12590222625,11583
4796,python (8633),Command Buffer 0,12590238500,191583
4797,python (8633),Compute Command 0,12590416208,11583
4798,python (8633),Command Buffer 0,12590432125,168458
4799,python (8633),Compute Command 0,12590584041,13917
4800,python (8633),Command Buffer 0,12590602833,178250
4801,python (8633),Compute Command 0,12590766500,12208
4802,python (8633),Command Buffer 0,12590783416,195084
4803,python (8633),Compute Command 0,12590964125,12041
4804,python (8633),Command Buffer 0,12590980750,194875
4805,python (8633),Compute Command 0,12591161250,12083
4806,python (8633),Command Buffer 0,12591177791,194125
4807,python (8633),Compute Command 0,12591357750,11833
4808,python (8633),Command Buffer 0,12591374125,193250
4809,python (8633),Compute Command 0,12591553166,11875
4810,python (8633),Command Buffer 0,12591569500,192458
4811,python (8633),Compute Command 0,12591747875,11791
4812,python (8633),Command Buffer 0,12591764125,195458
4813,python (8633),Compute Command 0,12591945541,11750
4814,python (8633),Command Buffer 0,12591961791,195167
4815,python (8633),Compute Command 0,12592143166,11542
4816,python (8633),Command Buffer 0,12592161625,192750
4817,python (8633),Compute Command 0,12592340583,11583
4818,python (8633),Command Buffer 0,12592356500,192666
4819,python (8633),Compute Command 0,12592535166,11750
4820,python (8633),Command Buffer 0,12592551375,194375
4821,python (8633),Compute Command 0,12592731875,11583
4822,python (8633),Command Buffer 0,12592750666,193875
4823,python (8633),Compute Command 0,12592930583,11625
4824,python (8633),Command Buffer 0,12592946833,368875
4825,python (8633),Compute Command 0,12593301541,11834
4826,python (8633),Command Buffer 0,12593318000,191375
4827,python (8633),Compute Command 0,12593495375,11625
4828,python (8633),Command Buffer 0,12593511708,195417
4829,python (8633),Compute Command 0,12593693125,11708
4830,python (8633),Command Buffer 0,12593709208,190292
4831,python (8633),Compute Command 0,12593885375,11833
4832,python (8633),Command Buffer 0,12593901666,182667
4833,python (8633),Compute Command 0,12594070041,12000
4834,python (8633),Command Buffer 0,12594086541,192584
4835,python (8633),Compute Command 0,12594265041,11750
4836,python (8633),Command Buffer 0,12594281250,194833
4837,python (8633),Compute Command 0,12594462125,11625
4838,python (8633),Command Buffer 0,12594478250,193500
4839,python (8633),Compute Command 0,12594657666,11792
4840,python (8633),Command Buffer 0,12594673916,193500
4841,python (8633),Compute Command 0,12594853208,11917
4842,python (8633),Command Buffer 0,12594869541,185709
4843,python (8633),Compute Command 0,12595041250,11708
4844,python (8633),Command Buffer 0,12595057333,185875
4845,python (8633),Compute Command 0,12595228750,12083
4846,python (8633),Command Buffer 0,12595245791,188459
4847,python (8633),Compute Command 0,12595419958,11917
4848,python (8633),Command Buffer 0,12595436416,195459
4849,python (8633),Compute Command 0,12595617708,11875
4850,python (8633),Command Buffer 0,12595634000,188583
4851,python (8633),Compute Command 0,12595808375,11916
4852,python (8633),Command Buffer 0,12595824750,196041
4853,python (8633),Compute Command 0,12596006750,11750
4854,python (8633),Command Buffer 0,12596023041,185875
4855,python (8633),Compute Command 0,12596194875,11708
4856,python (8633),Command Buffer 0,12596211708,195708
4857,python (8633),Compute Command 0,12596393333,11750
4858,python (8633),Command Buffer 0,12596409541,193250
4859,python (8633),Compute Command 0,12596588916,11584
4860,python (8633),Command Buffer 0,12596605000,195083
4861,python (8633),Compute Command 0,12596786000,11791
4862,python (8633),Command Buffer 0,12596802250,188333
4863,python (8633),Compute Command 0,12596976458,11833
4864,python (8633),Command Buffer 0,12596992708,192542
4865,python (8633),Compute Command 0,12597171250,11708
4866,python (8633),Command Buffer 0,12597187791,188959
4867,python (8633),Compute Command 0,12597362541,11792
4868,python (8633),Command Buffer 0,12597378958,187917
4869,python (8633),Compute Command 0,12597552541,12084
4870,python (8633),Command Buffer 0,12597568958,195875
4871,python (8633),Compute Command 0,12597750500,12041
4872,python (8633),Command Buffer 0,12597767041,191500
4873,python (8633),Compute Command 0,12597944583,11667
4874,python (8633),Command Buffer 0,12597960708,187875
4875,python (8633),Compute Command 0,12598134250,12083
4876,python (8633),Command Buffer 0,12598150708,193375
4877,python (8633),Compute Command 0,12598330083,11708
4878,python (8633),Command Buffer 0,12598346208,195792
4879,python (8633),Compute Command 0,12598523041,16584
4880,python (8633),Command Buffer 0,12598544125,187750
4881,python (8633),Compute Command 0,12598717583,11958
4882,python (8633),Command Buffer 0,12598733958,184667
4883,python (8633),Compute Command 0,12598904125,12166
4884,python (8633),Command Buffer 0,12598921500,165625
4885,python (8633),Compute Command 0,12599072000,12500
4886,python (8633),Command Buffer 0,12599090083,170917
4887,python (8633),Compute Command 0,12599246083,12500
4888,python (8633),Command Buffer 0,12599263750,175875
4889,python (8633),Compute Command 0,12599425166,12042
4890,python (8633),Command Buffer 0,12599441958,196625
4891,python (8633),Compute Command 0,12599620708,15542
4892,python (8633),Command Buffer 0,12599641083,184542
4893,python (8633),Compute Command 0,12599811375,11916
4894,python (8633),Command Buffer 0,12599827958,190917
4895,python (8633),Compute Command 0,12600004833,11750
4896,python (8633),Command Buffer 0,12600021208,194583
4897,python (8633),Compute Command 0,12600201833,11708
4898,python (8633),Command Buffer 0,12600218125,194083
4899,python (8633),Compute Command 0,12600397916,11959
4900,python (8633),Command Buffer 0,12600414625,187208
4901,python (8633),Compute Command 0,12600587791,11750
4902,python (8633),Command Buffer 0,12600604083,196500
4903,python (8633),Compute Command 0,12600786750,11583
4904,python (8633),Command Buffer 0,12600802791,192334
4905,python (8633),Compute Command 0,12600981166,11709
4906,python (8633),Command Buffer 0,12600997333,193042
4907,python (8633),Compute Command 0,12601176416,11709
4908,python (8633),Command Buffer 0,12601192583,182583
4909,python (8633),Compute Command 0,12601360916,11959
4910,python (8633),Command Buffer 0,12601377666,277500
4911,python (8633),Compute Command 0,12601641041,11750
4912,python (8633),Command Buffer 0,12601657375,199791
4913,python (8633),Compute Command 0,12601840000,12083
4914,python (8633),Command Buffer 0,12601859375,177375
4915,python (8633),Compute Command 0,12602022500,11958
4916,python (8633),Command Buffer 0,12602038916,159250
4917,python (8633),Compute Command 0,12602184083,11792
4918,python (8633),Command Buffer 0,12602200458,155333
4919,python (8633),Compute Command 0,12602341708,11792
4920,python (8633),Command Buffer 0,12602357958,176083
4921,python (8633),Compute Command 0,12602519208,12292
4922,python (8633),Command Buffer 0,12602536250,159458
4923,python (8633),Compute Command 0,12602681416,11875
4924,python (8633),Command Buffer 0,12602698000,159166
4925,python (8633),Compute Command 0,12602842791,11959
4926,python (8633),Command Buffer 0,12602859916,160000
4927,python (8633),Compute Command 0,12603005458,12167
4928,python (8633),Command Buffer 0,12603022500,176458
4929,python (8633),Compute Command 0,12603184625,11958
4930,python (8633),Command Buffer 0,12603201250,163458
4931,python (8633),Compute Command 0,12603350250,12166
4932,python (8633),Command Buffer 0,12603366875,166416
4933,python (8633),Compute Command 0,12603519125,11833
4934,python (8633),Command Buffer 0,12603535666,159834
4935,python (8633),Compute Command 0,12603681166,12042
4936,python (8633),Command Buffer 0,12603697666,271167
4937,python (8633),Compute Command 0,12603954291,12250
4938,python (8633),Command Buffer 0,12603971166,190375
4939,python (8633),Compute Command 0,12604146541,12750
4940,python (8633),Command Buffer 0,12604163750,178375
4941,python (8633),Compute Command 0,12604327625,12166
4942,python (8633),Command Buffer 0,12604344333,160958
4943,python (8633),Compute Command 0,12604491208,11750
4944,python (8633),Command Buffer 0,12604507458,169250
4945,python (8633),Compute Command 0,12604662291,12125
4946,python (8633),Command Buffer 0,12604679083,196375
4947,python (8633),Compute Command 0,12604859333,13792
4948,python (8633),Command Buffer 0,12604877625,186875
4949,python (8633),Compute Command 0,12605049833,12167
4950,python (8633),Command Buffer 0,12605066666,198209
4951,python (8633),Compute Command 0,12605250583,11917
4952,python (8633),Command Buffer 0,12605267041,194667
4953,python (8633),Compute Command 0,12605447291,12084
4954,python (8633),Command Buffer 0,12605463875,181916
4955,python (8633),Compute Command 0,12605631708,11792
4956,python (8633),Command Buffer 0,12605647958,195083
4957,python (8633),Compute Command 0,12605828958,11750
4958,python (8633),Command Buffer 0,12605845208,184542
4959,python (8633),Compute Command 0,12606015166,11875
4960,python (8633),Command Buffer 0,12606031875,196125
4961,python (8633),Compute Command 0,12606210916,14750
4962,python (8633),Command Buffer 0,12606230166,193792
4963,python (8633),Compute Command 0,12606409416,12125
4964,python (8633),Command Buffer 0,12606426208,195333
4965,python (8633),Compute Command 0,12606607583,11708
4966,python (8633),Command Buffer 0,12606623833,192792
4967,python (8633),Compute Command 0,12606802500,11833
4968,python (8633),Command Buffer 0,12606818750,194583
4969,python (8633),Compute Command 0,12606999125,11875
4970,python (8633),Command Buffer 0,12607015583,181708
4971,python (8633),Compute Command 0,12607182750,12208
4972,python (8633),Command Buffer 0,12607199583,187208
4973,python (8633),Compute Command 0,12607376416,8750
4974,python (8633),Command Buffer 0,12607388458,191417
4975,python (8633),Compute Command 0,12607565750,11833
4976,python (8633),Command Buffer 0,12607582041,182667
4977,python (8633),Compute Command 0,12607750375,12041
4978,python (8633),Command Buffer 0,12607766875,187041
4979,python (8633),Compute Command 0,12607940000,11625
4980,python (8633),Command Buffer 0,12607956083,195875
4981,python (8633),Compute Command 0,12608138125,11625
4982,python (8633),Command Buffer 0,12608154125,197291
4983,python (8633),Compute Command 0,12608337458,11667
4984,python (8633),Command Buffer 0,12608353583,195458
4985,python (8633),Compute Command 0,12608534291,12334
4986,python (8633),Command Buffer 0,12608551333,195792
4987,python (8633),Compute Command 0,12608733166,11709
4988,python (8633),Command Buffer 0,12608749250,195791
4989,python (8633),Compute Command 0,12608931291,11542
4990,python (8633),Command Buffer 0,12608947166,193042
4991,python (8633),Compute Command 0,12609126208,11750
4992,python (8633),Command Buffer 0,12609142416,188542
4993,python (8633),Compute Command 0,12609316625,12000
4994,python (8633),Command Buffer 0,12609333208,195583
4995,python (8633),Compute Command 0,12609512166,11542
4996,python (8633),Command Buffer 0,12609530958,180333
4997,python (8633),Compute Command 0,12609701000,8625
4998,python (8633),Command Buffer 0,12609713708,232958
4999,python (8633),Compute Command 0,12609932166,12125
5000,python (8633),Command Buffer 0,12609948833,201292
5001,python (8633),Compute Command 0,12610135958,11875
5002,python (8633),Command Buffer 0,12610152291,192750
5003,python (8633),Compute Command 0,12610330750,12000
5004,python (8633),Command Buffer 0,12610347250,195375
5005,python (8633),Compute Command 0,12610528500,11833
5006,python (8633),Command Buffer 0,12610544750,194291
5007,python (8633),Compute Command 0,12610725000,11791
5008,python (8633),Command Buffer 0,12610741166,194459
5009,python (8633),Compute Command 0,12610921666,11667
5010,python (8633),Command Buffer 0,12610937750,191291
5011,python (8633),Compute Command 0,12611113958,12792
5012,python (8633),Command Buffer 0,12611131208,194083
5013,python (8633),Compute Command 0,12611311375,11583
5014,python (8633),Command Buffer 0,12611327416,192417
5015,python (8633),Compute Command 0,12611505875,11666
5016,python (8633),Command Buffer 0,12611522000,190458
5017,python (8633),Compute Command 0,12611698541,11584
5018,python (8633),Command Buffer 0,12611714583,190917
5019,python (8633),Compute Command 0,12611891625,11583
5020,python (8633),Command Buffer 0,12611907666,197000
5021,python (8633),Compute Command 0,12612090500,11833
5022,python (8633),Command Buffer 0,12612106833,192583
5023,python (8633),Compute Command 0,12612285500,11666
5024,python (8633),Command Buffer 0,12612301583,194458
5025,python (8633),Compute Command 0,12612482000,11708
5026,python (8633),Command Buffer 0,12612498125,198166
5027,python (8633),Compute Command 0,12612682250,11708
5028,python (8633),Command Buffer 0,12612698375,195833
5029,python (8633),Compute Command 0,12612880375,11541
5030,python (8633),Command Buffer 0,12612896333,193042
5031,python (8633),Compute Command 0,12613075041,12084
5032,python (8633),Command Buffer 0,12613091541,195625
5033,python (8633),Compute Command 0,12613273166,11667
5034,python (8633),Command Buffer 0,12613289291,194625
5035,python (8633),Compute Command 0,12613469416,12125
5036,python (8633),Command Buffer 0,12613486208,195750
5037,python (8633),Compute Command 0,12613668041,11584
5038,python (8633),Command Buffer 0,12613684041,185375
5039,python (8633),Compute Command 0,12613855083,11958
5040,python (8633),Command Buffer 0,12613872083,187125
5041,python (8633),Compute Command 0,12614045291,11667
5042,python (8633),Command Buffer 0,12614061416,193792
5043,python (8633),Compute Command 0,12614241291,11667
5044,python (8633),Command Buffer 0,12614257333,189333
5045,python (8633),Compute Command 0,12614432791,11584
5046,python (8633),Command Buffer 0,12614448791,192709
5047,python (8633),Compute Command 0,12614627500,11708
5048,python (8633),Command Buffer 0,12614643625,196875
5049,python (8633),Compute Command 0,12614826791,11459
5050,python (8633),Command Buffer 0,12614842583,190667
5051,python (8633),Compute Command 0,12615019291,11667
5052,python (8633),Command Buffer 0,12615035375,192125
5053,python (8633),Compute Command 0,12615217291,8542
5054,python (8633),Command Buffer 0,12615229208,190208
5055,python (8633),Compute Command 0,12615405416,11667
5056,python (8633),Command Buffer 0,12615421500,173500
5057,python (8633),Compute Command 0,12615579041,14042
5058,python (8633),Command Buffer 0,12615596958,191583
5059,python (8633),Compute Command 0,12615774041,12042
5060,python (8633),Command Buffer 0,12615790916,188709
5061,python (8633),Compute Command 0,12615965125,12125
5062,python (8633),Command Buffer 0,12615982291,196375
5063,python (8633),Compute Command 0,12616164416,11917
5064,python (8633),Command Buffer 0,12616180875,195541
5065,python (8633),Compute Command 0,12616362250,11791
5066,python (8633),Command Buffer 0,12616378791,194084
5067,python (8633),Compute Command 0,12616558875,11666
5068,python (8633),Command Buffer 0,12616575125,188541
5069,python (8633),Compute Command 0,12616749541,11750
5070,python (8633),Command Buffer 0,12616765916,191959
5071,python (8633),Compute Command 0,12616944125,11500
5072,python (8633),Command Buffer 0,12616960041,189875
5073,python (8633),Compute Command 0,12617135958,11625
5074,python (8633),Command Buffer 0,12617152125,193208
5075,python (8633),Compute Command 0,12617331333,11708
5076,python (8633),Command Buffer 0,12617347500,193458
5077,python (8633),Compute Command 0,12617526041,12042
5078,python (8633),Command Buffer 0,12617543208,192708
5079,python (8633),Compute Command 0,12617721791,11834
5080,python (8633),Command Buffer 0,12617738083,193958
5081,python (8633),Compute Command 0,12617917708,12000
5082,python (8633),Command Buffer 0,12617934208,306875
5083,python (8633),Compute Command 0,12618224500,14125
5084,python (8633),Command Buffer 0,12618243666,172375
5085,python (8633),Compute Command 0,12618402291,11625
5086,python (8633),Command Buffer 0,12618418000,154583
5087,python (8633),Compute Command 0,12618556208,14333
5088,python (8633),Command Buffer 0,12618574583,163583
5089,python (8633),Compute Command 0,12618722541,13042
5090,python (8633),Command Buffer 0,12618740333,149708
5091,python (8633),Compute Command 0,12618874750,12666
5092,python (8633),Command Buffer 0,12618893000,152250
5093,python (8633),Compute Command 0,12619028458,14458
5094,python (8633),Command Buffer 0,12619047416,144834
5095,python (8633),Compute Command 0,12619176875,12833
5096,python (8633),Command Buffer 0,12619194541,149959
5097,python (8633),Compute Command 0,12619329166,12792
5098,python (8633),Command Buffer 0,12619346916,150834
5099,python (8633),Compute Command 0,12619482500,12791
5100,python (8633),Command Buffer 0,12619500166,153000
5101,python (8633),Compute Command 0,12619636791,14125
5102,python (8633),Command Buffer 0,12619655250,163541
5103,python (8633),Compute Command 0,12619805000,11666
5104,python (8633),Command Buffer 0,12619821541,149917
5105,python (8633),Compute Command 0,12619958208,11125
5106,python (8633),Command Buffer 0,12619974375,170500
5107,python (8633),Compute Command 0,12620117833,23875
5108,python (8633),Command Buffer 0,12620147916,158500
5109,python (8633),Compute Command 0,12620293666,10209
5110,python (8633),Command Buffer 0,12620309041,161209
5111,python (8633),Compute Command 0,12620452750,14666
5112,python (8633),Command Buffer 0,12620472916,161667
5113,python (8633),Compute Command 0,12620622291,10417
5114,python (8633),Command Buffer 0,12620637083,165917
5115,python (8633),Compute Command 0,12620789833,10958
5116,python (8633),Command Buffer 0,12620805791,166792
5117,python (8633),Compute Command 0,12620954125,16208
5118,python (8633),Command Buffer 0,12620975458,158792
5119,python (8633),Compute Command 0,12621118875,12666
5120,python (8633),Command Buffer 0,12621138875,173000
5121,python (8633),Compute Command 0,12621299416,10459
5122,python (8633),Command Buffer 0,12621314166,157834
5123,python (8633),Compute Command 0,12621458166,11667
5124,python (8633),Command Buffer 0,12621476333,176500
5125,python (8633),Compute Command 0,12621638958,11708
5126,python (8633),Command Buffer 0,12621655875,172208
5127,python (8633),Compute Command 0,12621811583,14417
5128,python (8633),Command Buffer 0,12621830666,182125
5129,python (8633),Compute Command 0,12621995250,15458
5130,python (8633),Command Buffer 0,12622016333,167583
5131,python (8633),Compute Command 0,12622162958,18708
5132,python (8633),Command Buffer 0,12622186333,167833
5133,python (8633),Compute Command 0,12622340583,11208
5134,python (8633),Command Buffer 0,12622356666,162750
5135,python (8633),Compute Command 0,12622503958,13000
5136,python (8633),Command Buffer 0,12622522833,174292
5137,python (8633),Compute Command 0,12622679625,14625
5138,python (8633),Command Buffer 0,12622700208,175875
5139,python (8633),Compute Command 0,12622860625,13125
5140,python (8633),Command Buffer 0,12622878583,164375
5141,python (8633),Compute Command 0,12623028250,12458
5142,python (8633),Command Buffer 0,12623046250,188208
5143,python (8633),Compute Command 0,12623211750,19041
5144,python (8633),Command Buffer 0,12623238125,196125
5145,python (8633),Compute Command 0,12623407666,22709
5146,python (8633),Command Buffer 0,12623438833,173875
5147,python (8633),Compute Command 0,12623589000,20458
5148,python (8633),Command Buffer 0,12623617083,159083
5149,python (8633),Compute Command 0,12623760625,13208
5150,python (8633),Command Buffer 0,12623778416,170459
5151,python (8633),Compute Command 0,12623933166,13542
5152,python (8633),Command Buffer 0,12623952083,148500
5153,python (8633),Compute Command 0,12624084541,13917
5154,python (8633),Command Buffer 0,12624102791,157375
5155,python (8633),Compute Command 0,12624246333,11750
5156,python (8633),Command Buffer 0,12624262666,237209
5157,python (8633),Compute Command 0,12624469208,25083
5158,python (8633),Command Buffer 0,12624507291,188834
5159,python (8633),Compute Command 0,12624679000,14375
5160,python (8633),Command Buffer 0,12624700291,221875
5161,python (8633),Compute Command 0,12624901833,17708
5162,python (8633),Command Buffer 0,12624926958,165792
5163,python (8633),Compute Command 0,12625076125,14458
5164,python (8633),Command Buffer 0,12625095750,168458
5165,python (8633),Compute Command 0,12625249375,12583
5166,python (8633),Command Buffer 0,12625267333,141333
5167,python (8633),Compute Command 0,12625395083,11583
5168,python (8633),Command Buffer 0,12625411083,160583
5169,python (8633),Compute Command 0,12625554416,14875
5170,python (8633),Command Buffer 0,12625575083,201792
5171,python (8633),Compute Command 0,12625752458,20042
5172,python (8633),Command Buffer 0,12625782791,181917
5173,python (8633),Compute Command 0,12625940291,21459
5174,python (8633),Command Buffer 0,12625968708,161750
5175,python (8633),Compute Command 0,12626113166,15000
5176,python (8633),Command Buffer 0,12626133666,167459
5177,python (8633),Compute Command 0,12626287458,11708
5178,python (8633),Command Buffer 0,12626303750,302291
5179,python (8633),Compute Command 0,12626592500,11541
5180,python (8633),Command Buffer 0,12626608875,140166
5181,python (8633),Compute Command 0,12626735291,11750
5182,python (8633),Command Buffer 0,12626751458,144708
5183,python (8633),Compute Command 0,12626883833,10042
5184,python (8633),Command Buffer 0,12626899166,179125
5185,python (8633),Compute Command 0,12627061125,14583
5186,python (8633),Command Buffer 0,12627082625,175833
5187,python (8633),Compute Command 0,12627243291,12959
5188,python (8633),Command Buffer 0,12627261208,159667
5189,python (8633),Compute Command 0,12627406541,12334
5190,python (8633),Command Buffer 0,12627422958,146417
5191,python (8633),Compute Command 0,12627556416,10917
5192,python (8633),Command Buffer 0,12627571458,142208
5193,python (8633),Compute Command 0,12627701166,10500
5194,python (8633),Command Buffer 0,12627715958,158167
5195,python (8633),Compute Command 0,12627859416,12750
5196,python (8633),Command Buffer 0,12627876541,146209
5197,python (8633),Compute Command 0,12628009750,10833
5198,python (8633),Command Buffer 0,12628025625,146625
5199,python (8633),Compute Command 0,12628158666,11167
5200,python (8633),Command Buffer 0,12628174916,157417
5201,python (8633),Compute Command 0,12628318666,11584
5202,python (8633),Command Buffer 0,12628334541,141167
5203,python (8633),Compute Command 0,12628463416,10292
5204,python (8633),Command Buffer 0,12628477583,161750
5205,python (8633),Compute Command 0,12628626208,11083
5206,python (8633),Command Buffer 0,12628641916,162417
5207,python (8633),Compute Command 0,12628790625,11583
5208,python (8633),Command Buffer 0,12628806708,159250
5209,python (8633),Compute Command 0,12628952833,11125
5210,python (8633),Command Buffer 0,12628968208,161083
5211,python (8633),Compute Command 0,12629115583,11750
5212,python (8633),Command Buffer 0,12629131458,154000
5213,python (8633),Compute Command 0,12629271875,11416
5214,python (8633),Command Buffer 0,12629288416,163959
5215,python (8633),Compute Command 0,12629438291,12125
5216,python (8633),Command Buffer 0,12629454791,140167
5217,python (8633),Compute Command 0,12629582041,11000
5218,python (8633),Command Buffer 0,12629597333,164083
5219,python (8633),Compute Command 0,12629747916,11167
5220,python (8633),Command Buffer 0,12629763708,168750
5221,python (8633),Compute Command 0,12629919541,10959
5222,python (8633),Command Buffer 0,12629934666,151084
5223,python (8633),Compute Command 0,12630073458,10333
5224,python (8633),Command Buffer 0,12630088000,168833
5225,python (8633),Compute Command 0,12630244875,10041
5226,python (8633),Command Buffer 0,12630259208,165875
5227,python (8633),Compute Command 0,12630413291,9792
5228,python (8633),Command Buffer 0,12630427083,175750
5229,python (8633),Compute Command 0,12630590458,10333
5230,python (8633),Command Buffer 0,12630605291,158917
5231,python (8633),Compute Command 0,12630751875,10333
5232,python (8633),Command Buffer 0,12630766291,164375
5233,python (8633),Compute Command 0,12630918791,10000
5234,python (8633),Command Buffer 0,12630932875,135000
5235,python (8633),Compute Command 0,12631056125,9833
5236,python (8633),Command Buffer 0,12631070166,163667
5237,python (8633),Compute Command 0,12631221833,10042
5238,python (8633),Command Buffer 0,12631236208,174208
5239,python (8633),Compute Command 0,12631397708,10833
5240,python (8633),Command Buffer 0,12631412708,138042
5241,python (8633),Compute Command 0,12631535208,13667
5242,python (8633),Command Buffer 0,12631552958,162167
5243,python (8633),Compute Command 0,12631703041,10167
5244,python (8633),Command Buffer 0,12631717250,169916
5245,python (8633),Compute Command 0,12631874833,10417
5246,python (8633),Command Buffer 0,12631889416,170875
5247,python (8633),Compute Command 0,12632047375,11041
5248,python (8633),Command Buffer 0,12632062458,167625
5249,python (8633),Compute Command 0,12632217041,11167
5250,python (8633),Command Buffer 0,12632232208,159250
5251,python (8633),Compute Command 0,12632379583,9917
5252,python (8633),Command Buffer 0,12632393708,170375
5253,python (8633),Compute Command 0,12632551083,11000
5254,python (8633),Command Buffer 0,12632566500,148333
5255,python (8633),Compute Command 0,12632702333,10542
5256,python (8633),Command Buffer 0,12632716750,163833
5257,python (8633),Compute Command 0,12632867583,11083
5258,python (8633),Command Buffer 0,12632882958,141667
5259,python (8633),Compute Command 0,12633011083,11500
5260,python (8633),Command Buffer 0,12633027000,148666
5261,python (8633),Compute Command 0,12633163375,10291
5262,python (8633),Command Buffer 0,12633177958,167833
5263,python (8633),Compute Command 0,12633333458,10333
5264,python (8633),Command Buffer 0,12633348000,166291
5265,python (8633),Compute Command 0,12633501916,10375
5266,python (8633),Command Buffer 0,12633516500,173041
5267,python (8633),Compute Command 0,12633676791,10834
5268,python (8633),Command Buffer 0,12633691750,151333
5269,python (8633),Compute Command 0,12633830583,10458
5270,python (8633),Command Buffer 0,12633845250,165791
5271,python (8633),Compute Command 0,12633999000,10041
5272,python (8633),Command Buffer 0,12634013208,168083
5273,python (8633),Compute Command 0,12634169375,9916
5274,python (8633),Command Buffer 0,12634183166,167625
5275,python (8633),Compute Command 0,12634338958,9833
5276,python (8633),Command Buffer 0,12634352708,167292
5277,python (8633),Compute Command 0,12634507583,10250
5278,python (8633),Command Buffer 0,12634522375,158500
5279,python (8633),Compute Command 0,12634669125,9833
5280,python (8633),Command Buffer 0,12634683416,261500
5281,python (8633),Compute Command 0,12634931166,11792
5282,python (8633),Command Buffer 0,12634947166,168084
5283,python (8633),Compute Command 0,12635103458,9750
5284,python (8633),Command Buffer 0,12635117375,183166
5285,python (8633),Compute Command 0,12635288375,10291
5286,python (8633),Command Buffer 0,12635302833,142167
5287,python (8633),Compute Command 0,12635432916,10125
5288,python (8633),Command Buffer 0,12635447375,156166
5289,python (8633),Compute Command 0,12635591500,10125
5290,python (8633),Command Buffer 0,12635605875,159333
5291,python (8633),Compute Command 0,12635753208,10083
5292,python (8633),Command Buffer 0,12635767500,160666
5293,python (8633),Compute Command 0,12635915375,10875
5294,python (8633),Command Buffer 0,12635930500,158416
5295,python (8633),Compute Command 0,12636076833,10167
5296,python (8633),Command Buffer 0,12636091166,143750
5297,python (8633),Compute Command 0,12636222250,10750
5298,python (8633),Command Buffer 0,12636237083,141083
5299,python (8633),Compute Command 0,12636366416,9667
5300,python (8633),Command Buffer 0,12636380416,146250
5301,python (8633),Compute Command 0,12636514125,10583
5302,python (8633),Command Buffer 0,12636528875,143458
5303,python (8633),Compute Command 0,12636659291,11167
5304,python (8633),Command Buffer 0,12636674666,154959
5305,python (8633),Compute Command 0,12636816833,10917
5306,python (8633),Command Buffer 0,12636831875,169125
5307,python (8633),Compute Command 0,12636988833,10250
5308,python (8633),Command Buffer 0,12637003291,207709
5309,python (8633),Compute Command 0,12637196875,12083
5310,python (8633),Command Buffer 0,12637213666,172667
5311,python (8633),Compute Command 0,12637374208,10083
5312,python (8633),Command Buffer 0,12637388583,147625
5313,python (8633),Compute Command 0,12637523125,11166
5314,python (8633),Command Buffer 0,12637538791,143417
5315,python (8633),Compute Command 0,12637669291,10959
5316,python (8633),Command Buffer 0,12637684750,146541
5317,python (8633),Compute Command 0,12637818291,11084
5318,python (8633),Command Buffer 0,12637833458,149750
5319,python (8633),Compute Command 0,12637969083,12333
5320,python (8633),Command Buffer 0,12637984958,172958
5321,python (8633),Compute Command 0,12638142708,12750
5322,python (8633),Command Buffer 0,12638160333,195542
5323,python (8633),Compute Command 0,12638341416,12125
5324,python (8633),Command Buffer 0,12638358083,195375
5325,python (8633),Compute Command 0,12638539208,11917
5326,python (8633),Command Buffer 0,12638555708,193292
5327,python (8633),Compute Command 0,12638734791,11875
5328,python (8633),Command Buffer 0,12638751250,175750
5329,python (8633),Compute Command 0,12638914333,10583
5330,python (8633),Command Buffer 0,12638929041,172084
5331,python (8633),Compute Command 0,12639086875,11916
5332,python (8633),Command Buffer 0,12639103333,193250
5333,python (8633),Compute Command 0,12639282250,12041
5334,python (8633),Command Buffer 0,12639298791,187334
5335,python (8633),Compute Command 0,12639471916,11875
5336,python (8633),Command Buffer 0,12639488291,187209
5337,python (8633),Compute Command 0,12639661125,12041
5338,python (8633),Command Buffer 0,12639677708,194167
5339,python (8633),Compute Command 0,12639857833,11792
5340,python (8633),Command Buffer 0,12639874000,191958
5341,python (8633),Compute Command 0,12640051875,11791
5342,python (8633),Command Buffer 0,12640068083,186333
5343,python (8633),Compute Command 0,12640240250,11875
5344,python (8633),Command Buffer 0,12640256541,193792
5345,python (8633),Compute Command 0,12640436458,11583
5346,python (8633),Command Buffer 0,12640452458,177375
5347,python (8633),Compute Command 0,12640615583,11875
5348,python (8633),Command Buffer 0,12640632208,193167
5349,python (8633),Compute Command 0,12640810458,12458
5350,python (8633),Command Buffer 0,12640827708,195125
5351,python (8633),Compute Command 0,12641008375,12083
5352,python (8633),Command Buffer 0,12641025041,196667
5353,python (8633),Compute Command 0,12641207541,11875
5354,python (8633),Command Buffer 0,12641223875,194083
5355,python (8633),Compute Command 0,12641403958,11667
5356,python (8633),Command Buffer 0,12641420083,185917
5357,python (8633),Compute Command 0,12641591958,11708
5358,python (8633),Command Buffer 0,12641608166,192542
5359,python (8633),Compute Command 0,12641786708,11667
5360,python (8633),Command Buffer 0,12641802916,193167
5361,python (8633),Compute Command 0,12641982083,11750
5362,python (8633),Command Buffer 0,12641998291,197334
5363,python (8633),Compute Command 0,12642181583,11708
5364,python (8633),Command Buffer 0,12642197875,182875
5365,python (8633),Compute Command 0,12642366750,11666
5366,python (8633),Command Buffer 0,12642387375,196375
5367,python (8633),Compute Command 0,12642569708,11750
5368,python (8633),Command Buffer 0,12642586000,195083
5369,python (8633),Compute Command 0,12642767250,11583
5370,python (8633),Command Buffer 0,12642783250,195666
5371,python (8633),Compute Command 0,12642964166,12375
5372,python (8633),Command Buffer 0,12642981666,353292
5373,python (8633),Compute Command 0,12643320541,12084
5374,python (8633),Command Buffer 0,12643340041,192000
5375,python (8633),Compute Command 0,12643518125,11666
5376,python (8633),Command Buffer 0,12643534250,195000
5377,python (8633),Compute Command 0,12643715208,11708
5378,python (8633),Command Buffer 0,12643731375,191166
5379,python (8633),Compute Command 0,12643908208,12000
5380,python (8633),Command Buffer 0,12643924750,184041
5381,python (8633),Compute Command 0,12644094625,11875
5382,python (8633),Command Buffer 0,12644110916,187167
5383,python (8633),Compute Command 0,12644284083,11667
5384,python (8633),Command Buffer 0,12644300250,192250
5385,python (8633),Compute Command 0,12644478666,11584
5386,python (8633),Command Buffer 0,12644495041,191584
5387,python (8633),Compute Command 0,12644672625,11666
5388,python (8633),Command Buffer 0,12644688750,192625
5389,python (8633),Compute Command 0,12644867291,11750
5390,python (8633),Command Buffer 0,12644883500,190000
5391,python (8633),Compute Command 0,12645059666,11584
5392,python (8633),Command Buffer 0,12645075625,188541
5393,python (8633),Compute Command 0,12645249541,12209
5394,python (8633),Command Buffer 0,12645266541,198667
5395,python (8633),Compute Command 0,12645451041,11875
5396,python (8633),Command Buffer 0,12645467333,177958
5397,python (8633),Compute Command 0,12645626750,16291
5398,python (8633),Command Buffer 0,12645647583,186333
5399,python (8633),Compute Command 0,12645819458,12000
5400,python (8633),Command Buffer 0,12645836208,195292
5401,python (8633),Compute Command 0,12646017250,11875
5402,python (8633),Command Buffer 0,12646033625,196958
5403,python (8633),Compute Command 0,12646216541,11750
5404,python (8633),Command Buffer 0,12646232791,190875
5405,python (8633),Compute Command 0,12646409791,11584
5406,python (8633),Command Buffer 0,12646425791,192750
5407,python (8633),Compute Command 0,12646604541,11750
5408,python (8633),Command Buffer 0,12646620708,186583
5409,python (8633),Compute Command 0,12646792416,12334
5410,python (8633),Command Buffer 0,12646809625,199625
5411,python (8633),Compute Command 0,12646995250,11666
5412,python (8633),Command Buffer 0,12647011375,194583
5413,python (8633),Compute Command 0,12647191958,11750
5414,python (8633),Command Buffer 0,12647208625,194750
5415,python (8633),Compute Command 0,12647389416,11667
5416,python (8633),Command Buffer 0,12647405458,193208
5417,python (8633),Compute Command 0,12647584791,11584
5418,python (8633),Command Buffer 0,12647600791,191625
5419,python (8633),Compute Command 0,12647778458,11667
5420,python (8633),Command Buffer 0,12647794458,190417
5421,python (8633),Compute Command 0,12647970500,11666
5422,python (8633),Command Buffer 0,12647986958,191958
5423,python (8633),Compute Command 0,12648164708,11833
5424,python (8633),Command Buffer 0,12648181000,192875
5425,python (8633),Compute Command 0,12648359958,11667
5426,python (8633),Command Buffer 0,12648376000,191791
5427,python (8633),Compute Command 0,12648553833,11708
5428,python (8633),Command Buffer 0,12648569875,192791
5429,python (8633),Compute Command 0,12648748791,11584
5430,python (8633),Command Buffer 0,12648764833,175792
5431,python (8633),Compute Command 0,12648923916,14209
5432,python (8633),Command Buffer 0,12648943583,200375
5433,python (8633),Compute Command 0,12649129000,12458
5434,python (8633),Command Buffer 0,12649146250,197208
5435,python (8633),Compute Command 0,12649329166,11959
5436,python (8633),Command Buffer 0,12649345875,195625
5437,python (8633),Compute Command 0,12649527208,11958
5438,python (8633),Command Buffer 0,12649543875,194625
5439,python (8633),Compute Command 0,12649724083,12167
5440,python (8633),Command Buffer 0,12649740750,192791
5441,python (8633),Compute Command 0,12649919083,12083
5442,python (8633),Command Buffer 0,12649935708,194167
5443,python (8633),Compute Command 0,12650114583,13000
5444,python (8633),Command Buffer 0,12650132000,169208
5445,python (8633),Compute Command 0,12650287166,11750
5446,python (8633),Command Buffer 0,12650303416,183750
5447,python (8633),Compute Command 0,12650473125,11750
5448,python (8633),Command Buffer 0,12650489333,186083
5449,python (8633),Compute Command 0,12650661041,12000
5450,python (8633),Command Buffer 0,12650677625,192708
5451,python (8633),Compute Command 0,12650856125,11916
5452,python (8633),Command Buffer 0,12650872416,191625
5453,python (8633),Compute Command 0,12651049875,11875
5454,python (8633),Command Buffer 0,12651066208,187542
5455,python (8633),Compute Command 0,12651239500,11958
5456,python (8633),Command Buffer 0,12651255833,341542
5457,python (8633),Compute Command 0,12651582416,12542
5458,python (8633),Command Buffer 0,12651599750,191916
5459,python (8633),Compute Command 0,12651777125,12125
5460,python (8633),Command Buffer 0,12651794041,194125
5461,python (8633),Compute Command 0,12651973833,12042
5462,python (8633),Command Buffer 0,12651990375,193583
5463,python (8633),Compute Command 0,12652169791,11875
5464,python (8633),Command Buffer 0,12652186166,192292
5465,python (8633),Compute Command 0,12652364291,11834
5466,python (8633),Command Buffer 0,12652380625,185625
5467,python (8633),Compute Command 0,12652552208,11708
5468,python (8633),Command Buffer 0,12652568375,188166
5469,python (8633),Compute Command 0,12652742416,11750
5470,python (8633),Command Buffer 0,12652758708,191917
5471,python (8633),Compute Command 0,12652936583,11750
5472,python (8633),Command Buffer 0,12652952791,193167
5473,python (8633),Compute Command 0,12653132000,11666
5474,python (8633),Command Buffer 0,12653148125,180541
5475,python (8633),Compute Command 0,12653314791,11542
5476,python (8633),Command Buffer 0,12653331291,194542
5477,python (8633),Compute Command 0,12653511875,11583
5478,python (8633),Command Buffer 0,12653528041,194459
5479,python (8633),Compute Command 0,12653708583,11583
5480,python (8633),Command Buffer 0,12653724666,194125
5481,python (8633),Compute Command 0,12653904750,11750
5482,python (8633),Command Buffer 0,12653920958,193917
5483,python (8633),Compute Command 0,12654101083,11500
5484,python (8633),Command Buffer 0,12654117041,191125
5485,python (8633),Compute Command 0,12654295625,10458
5486,python (8633),Command Buffer 0,12654310083,195542
5487,python (8633),Compute Command 0,12654489041,14292
5488,python (8633),Command Buffer 0,12654507750,193625
5489,python (8633),Compute Command 0,12654687583,11500
5490,python (8633),Command Buffer 0,12654703458,191208
5491,python (8633),Compute Command 0,12654880750,11583
5492,python (8633),Command Buffer 0,12654896833,191292
5493,python (8633),Compute Command 0,12655074208,11667
5494,python (8633),Command Buffer 0,12655090333,182167
5495,python (8633),Compute Command 0,12655258458,11750
5496,python (8633),Command Buffer 0,12655274666,190167
5497,python (8633),Compute Command 0,12655450666,11917
5498,python (8633),Command Buffer 0,12655467083,182792
5499,python (8633),Compute Command 0,12655635958,11625
5500,python (8633),Command Buffer 0,12655652083,193708
5501,python (8633),Compute Command 0,12655831750,11708
5502,python (8633),Command Buffer 0,12655847916,194875
5503,python (8633),Compute Command 0,12656028791,11709
5504,python (8633),Command Buffer 0,12656044958,185333
5505,python (8633),Compute Command 0,12656216416,11542
5506,python (8633),Command Buffer 0,12656232458,188792
5507,python (8633),Compute Command 0,12656407375,11625
5508,python (8633),Command Buffer 0,12656423416,186750
5509,python (8633),Compute Command 0,12656596291,11542
5510,python (8633),Command Buffer 0,12656612375,191583
5511,python (8633),Compute Command 0,12656789708,11875
5512,python (8633),Command Buffer 0,12656806125,192125
5513,python (8633),Compute Command 0,12656984375,11583
5514,python (8633),Command Buffer 0,12657000416,194917
5515,python (8633),Compute Command 0,12657180750,12125
5516,python (8633),Command Buffer 0,12657197791,192417
5517,python (8633),Compute Command 0,12657375666,12125
5518,python (8633),Command Buffer 0,12657392583,195417
5519,python (8633),Compute Command 0,12657573666,11959
5520,python (8633),Command Buffer 0,12657590416,173667
5521,python (8633),Compute Command 0,12657749333,12333
5522,python (8633),Command Buffer 0,12657766500,191750
5523,python (8633),Compute Command 0,12657944166,11709
5524,python (8633),Command Buffer 0,12657960583,196708
5525,python (8633),Compute Command 0,12658143291,11709
5526,python (8633),Command Buffer 0,12658159625,193416
5527,python (8633),Compute Command 0,12658338958,11750
5528,python (8633),Command Buffer 0,12658355333,186583
5529,python (8633),Compute Command 0,12658527875,11708
5530,python (8633),Command Buffer 0,12658544250,187875
5531,python (8633),Compute Command 0,12658717875,11875
5532,python (8633),Command Buffer 0,12658734416,195959
5533,python (8633),Compute Command 0,12658913500,11791
5534,python (8633),Command Buffer 0,12658932541,192875
5535,python (8633),Compute Command 0,12659110250,11833
5536,python (8633),Command Buffer 0,12659127625,191166
5537,python (8633),Compute Command 0,12659304791,11667
5538,python (8633),Command Buffer 0,12659320916,190750
5539,python (8633),Compute Command 0,12659497541,11834
5540,python (8633),Command Buffer 0,12659513750,190750
5541,python (8633),Compute Command 0,12659690125,11916
5542,python (8633),Command Buffer 0,12659707166,276292
5543,python (8633),Compute Command 0,12659969291,11834
5544,python (8633),Command Buffer 0,12659985666,200084
5545,python (8633),Compute Command 0,12660168750,14666
5546,python (8633),Command Buffer 0,12660187875,196041
5547,python (8633),Compute Command 0,12660369625,12000
5548,python (8633),Command Buffer 0,12660386083,193708
5549,python (8633),Compute Command 0,12660565500,11916
5550,python (8633),Command Buffer 0,12660582083,186458
5551,python (8633),Compute Command 0,12660754333,11875
5552,python (8633),Command Buffer 0,12660770750,192583
5553,python (8633),Compute Command 0,12660949166,11875
5554,python (8633),Command Buffer 0,12660965500,187625
5555,python (8633),Compute Command 0,12661139000,11791
5556,python (8633),Command Buffer 0,12661155291,194417
5557,python (8633),Compute Command 0,12661335625,11750
5558,python (8633),Command Buffer 0,12661351916,192750
5559,python (8633),Compute Command 0,12661530625,11708
5560,python (8633),Command Buffer 0,12661546833,187292
5561,python (8633),Compute Command 0,12661720000,11791
5562,python (8633),Command Buffer 0,12661736291,191834
5563,python (8633),Compute Command 0,12661914166,11625
5564,python (8633),Command Buffer 0,12661930208,188667
5565,python (8633),Compute Command 0,12662106375,10416
5566,python (8633),Command Buffer 0,12662121375,193708
5567,python (8633),Compute Command 0,12662301000,11791
5568,python (8633),Command Buffer 0,12662317250,193000
5569,python (8633),Compute Command 0,12662496291,11625
5570,python (8633),Command Buffer 0,12662512333,194417
5571,python (8633),Compute Command 0,12662692708,11708
5572,python (8633),Command Buffer 0,12662708916,198459
5573,python (8633),Compute Command 0,12662890291,12000
5574,python (8633),Command Buffer 0,12662909500,192375
5575,python (8633),Compute Command 0,12663087833,11708
5576,python (8633),Command Buffer 0,12663104041,189292
5577,python (8633),Compute Command 0,12663279250,11833
5578,python (8633),Command Buffer 0,12663295541,193042
5579,python (8633),Compute Command 0,12663474583,11667
5580,python (8633),Command Buffer 0,12663490666,193167
5581,python (8633),Compute Command 0,12663669833,11667
5582,python (8633),Command Buffer 0,12663685958,191042
5583,python (8633),Compute Command 0,12663862500,12041
5584,python (8633),Command Buffer 0,12663879583,189000
5585,python (8633),Compute Command 0,12664054416,11875
5586,python (8633),Command Buffer 0,12664070708,191583
5587,python (8633),Compute Command 0,12664248291,11667
5588,python (8633),Command Buffer 0,12664264583,193292
5589,python (8633),Compute Command 0,12664443833,11792
5590,python (8633),Command Buffer 0,12664460000,195416
5591,python (8633),Compute Command 0,12664641208,11833
5592,python (8633),Command Buffer 0,12664657583,187292
5593,python (8633),Compute Command 0,12664830791,11750
5594,python (8633),Command Buffer 0,12664847000,186875
5595,python (8633),Compute Command 0,12665019875,11666
5596,python (8633),Command Buffer 0,12665035958,180750
5597,python (8633),Compute Command 0,12665202708,11750
5598,python (8633),Command Buffer 0,12665221625,192208
5599,python (8633),Compute Command 0,12665399875,11666
5600,python (8633),Command Buffer 0,12665416000,172458
5601,python (8633),Compute Command 0,12665572666,13334
5602,python (8633),Command Buffer 0,12665590916,155709
5603,python (8633),Compute Command 0,12665731625,13083
5604,python (8633),Command Buffer 0,12665748541,175667
5605,python (8633),Compute Command 0,12665909791,12084
5606,python (8633),Command Buffer 0,12665926541,180875
5607,python (8633),Compute Command 0,12666093000,12041
5608,python (8633),Command Buffer 0,12666109541,183834
5609,python (8633),Compute Command 0,12666279000,12041
5610,python (8633),Command Buffer 0,12666295541,192125
5611,python (8633),Compute Command 0,12666473291,11792
5612,python (8633),Command Buffer 0,12666489875,195208
5613,python (8633),Compute Command 0,12666670875,11875
5614,python (8633),Command Buffer 0,12666687250,192875
5615,python (8633),Compute Command 0,12666866250,11625
5616,python (8633),Command Buffer 0,12666882333,192042
5617,python (8633),Compute Command 0,12667060458,11625
5618,python (8633),Command Buffer 0,12667076541,193709
5619,python (8633),Compute Command 0,12667256291,11625
5620,python (8633),Command Buffer 0,12667272416,191292
5621,python (8633),Compute Command 0,12667449500,11916
5622,python (8633),Command Buffer 0,12667465791,193584
5623,python (8633),Compute Command 0,12667645500,11625
5624,python (8633),Command Buffer 0,12667661458,191542
5625,python (8633),Compute Command 0,12667838916,11792
5626,python (8633),Command Buffer 0,12667855083,190333
5627,python (8633),Compute Command 0,12668031333,11792
5628,python (8633),Command Buffer 0,12668048125,273666
5629,python (8633),Compute Command 0,12668307958,11583
5630,python (8633),Command Buffer 0,12668323916,194667
5631,python (8633),Compute Command 0,12668504500,11791
5632,python (8633),Command Buffer 0,12668520791,174500
5633,python (8633),Compute Command 0,12668680041,12792
5634,python (8633),Command Buffer 0,12668698125,177541
5635,python (8633),Compute Command 0,12668861000,12208
5636,python (8633),Command Buffer 0,12668877916,174334
5637,python (8633),Compute Command 0,12669037291,12584
5638,python (8633),Command Buffer 0,12669054625,157208
5639,python (8633),Compute Command 0,12669197041,12375
5640,python (8633),Command Buffer 0,12669214291,155709
5641,python (8633),Compute Command 0,12669355583,12042
5642,python (8633),Command Buffer 0,12669372250,165416
5643,python (8633),Compute Command 0,12669522958,12333
5644,python (8633),Command Buffer 0,12669540083,165875
5645,python (8633),Compute Command 0,12669691000,12291
5646,python (8633),Command Buffer 0,12669708416,180417
5647,python (8633),Compute Command 0,12669869500,16875
5648,python (8633),Command Buffer 0,12669891083,177458
5649,python (8633),Compute Command 0,12670054458,11750
5650,python (8633),Command Buffer 0,12670070750,160583
5651,python (8633),Compute Command 0,12670216458,12500
5652,python (8633),Command Buffer 0,12670233666,177625
5653,python (8633),Compute Command 0,12670396833,12167
5654,python (8633),Command Buffer 0,12670413791,229375
5655,python (8633),Compute Command 0,12670628958,11833
5656,python (8633),Command Buffer 0,12670645500,174541
5657,python (8633),Compute Command 0,12670805583,12125
5658,python (8633),Command Buffer 0,12670822208,160917
5659,python (8633),Compute Command 0,12670968750,12041
5660,python (8633),Command Buffer 0,12670985458,178292
5661,python (8633),Compute Command 0,12671149333,12083
5662,python (8633),Command Buffer 0,12671166416,168750
5663,python (8633),Compute Command 0,12671321083,11792
5664,python (8633),Command Buffer 0,12671337375,196791
5665,python (8633),Compute Command 0,12671520083,11750
5666,python (8633),Command Buffer 0,12671536375,191250
5667,python (8633),Compute Command 0,12671713375,11916
5668,python (8633),Command Buffer 0,12671729833,191208
5669,python (8633),Compute Command 0,12671907000,11708
5670,python (8633),Command Buffer 0,12671923166,183917
5671,python (8633),Compute Command 0,12672093000,11791
5672,python (8633),Command Buffer 0,12672109250,180666
5673,python (8633),Compute Command 0,12672272958,14625
5674,python (8633),Command Buffer 0,12672292083,191958
5675,python (8633),Compute Command 0,12672470083,11667
5676,python (8633),Command Buffer 0,12672486291,193959
5677,python (8633),Compute Command 0,12672666083,11875
5678,python (8633),Command Buffer 0,12672682375,193500
5679,python (8633),Compute Command 0,12672861541,12042
5680,python (8633),Command Buffer 0,12672878000,192833
5681,python (8633),Compute Command 0,12673056750,11791
5682,python (8633),Command Buffer 0,12673073000,191000
5683,python (8633),Compute Command 0,12673249875,11791
5684,python (8633),Command Buffer 0,12673266166,186417
5685,python (8633),Compute Command 0,12673438500,11791
5686,python (8633),Command Buffer 0,12673454666,195625
5687,python (8633),Compute Command 0,12673636375,11625
5688,python (8633),Command Buffer 0,12673652500,193125
5689,python (8633),Compute Command 0,12673831458,11875
5690,python (8633),Command Buffer 0,12673847750,180833
5691,python (8633),Compute Command 0,12674014458,11833
5692,python (8633),Command Buffer 0,12674030791,185542
5693,python (8633),Compute Command 0,12674202208,11833
5694,python (8633),Command Buffer 0,12674218458,193167
5695,python (8633),Compute Command 0,12674397750,11625
5696,python (8633),Command Buffer 0,12674413750,189958
5697,python (8633),Compute Command 0,12674589666,11709
5698,python (8633),Command Buffer 0,12674605875,186458
5699,python (8633),Compute Command 0,12674778416,11667
5700,python (8633),Command Buffer 0,12674794541,192792
5701,python (8633),Compute Command 0,12674973208,11833
5702,python (8633),Command Buffer 0,12674989541,193959
5703,python (8633),Compute Command 0,12675169500,11666
5704,python (8633),Command Buffer 0,12675185625,186333
5705,python (8633),Compute Command 0,12675357875,11708
5706,python (8633),Command Buffer 0,12675374333,196375
5707,python (8633),Compute Command 0,12675556791,11625
5708,python (8633),Command Buffer 0,12675572875,194291
5709,python (8633),Compute Command 0,12675753250,11583
5710,python (8633),Command Buffer 0,12675769291,194834
5711,python (8633),Compute Command 0,12675949916,11959
5712,python (8633),Command Buffer 0,12675966291,196917
5713,python (8633),Compute Command 0,12676146125,14791
5714,python (8633),Command Buffer 0,12676165291,191792
5715,python (8633),Compute Command 0,12676342541,12167
5716,python (8633),Command Buffer 0,12676359750,326250
5717,python (8633),Compute Command 0,12676671916,11709
5718,python (8633),Command Buffer 0,12676688250,192458
5719,python (8633),Compute Command 0,12676866750,11666
5720,python (8633),Command Buffer 0,12676882833,193792
5721,python (8633),Compute Command 0,12677062791,11542
5722,python (8633),Command Buffer 0,12677078750,192708
5723,python (8633),Compute Command 0,12677257583,11583
5724,python (8633),Command Buffer 0,12677273500,185125
5725,python (8633),Compute Command 0,12677444791,11584
5726,python (8633),Command Buffer 0,12677460833,192125
5727,python (8633),Compute Command 0,12677638916,11750
5728,python (8633),Command Buffer 0,12677655125,187375
5729,python (8633),Compute Command 0,12677828625,11583
5730,python (8633),Command Buffer 0,12677844625,194375
5731,python (8633),Compute Command 0,12678025208,11542
5732,python (8633),Command Buffer 0,12678041083,195417
5733,python (8633),Compute Command 0,12678222500,11708
5734,python (8633),Command Buffer 0,12678238583,193417
5735,python (8633),Compute Command 0,12678418000,11791
5736,python (8633),Command Buffer 0,12678434166,195917
5737,python (8633),Compute Command 0,12678616041,11792
5738,python (8633),Command Buffer 0,12678632166,194000
5739,python (8633),Compute Command 0,12678812125,11750
5740,python (8633),Command Buffer 0,12678828375,185750
5741,python (8633),Compute Command 0,12678999875,11958
5742,python (8633),Command Buffer 0,12679016291,184167
5743,python (8633),Compute Command 0,12679186291,11875
5744,python (8633),Command Buffer 0,12679202625,188375
5745,python (8633),Compute Command 0,12679374250,11625
5746,python (8633),Command Buffer 0,12679393125,185500
5747,python (8633),Compute Command 0,12679564708,11667
5748,python (8633),Command Buffer 0,12679580791,179625
5749,python (8633),Compute Command 0,12679746083,11958
5750,python (8633),Command Buffer 0,12679762708,187583
5751,python (8633),Compute Command 0,12679936166,11792
5752,python (8633),Command Buffer 0,12679952666,195875
5753,python (8633),Compute Command 0,12680134333,11917
5754,python (8633),Command Buffer 0,12680150750,186208
5755,python (8633),Compute Command 0,12680322958,11708
5756,python (8633),Command Buffer 0,12680339083,194167
5757,python (8633),Compute Command 0,12680518875,12000
5758,python (8633),Command Buffer 0,12680535916,193709
5759,python (8633),Compute Command 0,12680715708,11625
5760,python (8633),Command Buffer 0,12680731750,193416
5761,python (8633),Compute Command 0,12680910875,11958
5762,python (8633),Command Buffer 0,12680927333,186708
5763,python (8633),Compute Command 0,12681100041,11667
5764,python (8633),Command Buffer 0,12681116125,194958
5765,python (8633),Compute Command 0,12681297166,11625
5766,python (8633),Command Buffer 0,12681313208,192958
5767,python (8633),Compute Command 0,12681492166,11709
5768,python (8633),Command Buffer 0,12681508291,193334
5769,python (8633),Compute Command 0,12681687666,11709
5770,python (8633),Command Buffer 0,12681703750,188333
5771,python (8633),Compute Command 0,12681877375,12375
5772,python (8633),Command Buffer 0,12681894708,185917
5773,python (8633),Compute Command 0,12682066458,11875
5774,python (8633),Command Buffer 0,12682082875,170916
5775,python (8633),Compute Command 0,12682237833,13625
5776,python (8633),Command Buffer 0,12682256916,177917
5777,python (8633),Compute Command 0,12682420583,11917
5778,python (8633),Command Buffer 0,12682437083,184458
5779,python (8633),Compute Command 0,12682607291,11917
5780,python (8633),Command Buffer 0,12682624375,187291
5781,python (8633),Compute Command 0,12682797458,11875
5782,python (8633),Command Buffer 0,12682813875,190416
5783,python (8633),Compute Command 0,12682989708,12292
5784,python (8633),Command Buffer 0,12683006458,193708
5785,python (8633),Compute Command 0,12683186166,11667
5786,python (8633),Command Buffer 0,12683202291,192292
5787,python (8633),Compute Command 0,12683380500,11750
5788,python (8633),Command Buffer 0,12683396708,193917
5789,python (8633),Compute Command 0,12683576458,11875
5790,python (8633),Command Buffer 0,12683592833,190333
5791,python (8633),Compute Command 0,12683769291,11667
5792,python (8633),Command Buffer 0,12683785416,197042
5793,python (8633),Compute Command 0,12683968333,11875
5794,python (8633),Command Buffer 0,12683984833,184125
5795,python (8633),Compute Command 0,12684155083,11583
5796,python (8633),Command Buffer 0,12684171208,196958
5797,python (8633),Compute Command 0,12684354166,11667
5798,python (8633),Command Buffer 0,12684370458,193042
5799,python (8633),Compute Command 0,12684549708,11583
5800,python (8633),Command Buffer 0,12684565791,354417
5801,python (8633),Compute Command 0,12684905833,12042
5802,python (8633),Command Buffer 0,12684922708,189208
5803,python (8633),Compute Command 0,12685097458,12208
5804,python (8633),Command Buffer 0,12685114083,194000
5805,python (8633),Compute Command 0,12685294250,11541
5806,python (8633),Command Buffer 0,12685310208,189542
5807,python (8633),Compute Command 0,12685485750,11666
5808,python (8633),Command Buffer 0,12685501875,193541
5809,python (8633),Compute Command 0,12685681208,11917
5810,python (8633),Command Buffer 0,12685697541,193500
5811,python (8633),Compute Command 0,12685877083,11708
5812,python (8633),Command Buffer 0,12685893208,191417
5813,python (8633),Compute Command 0,12686070791,11584
5814,python (8633),Command Buffer 0,12686086833,191167
5815,python (8633),Compute Command 0,12686264125,11583
5816,python (8633),Command Buffer 0,12686280500,197125
5817,python (8633),Compute Command 0,12686463791,11542
5818,python (8633),Command Buffer 0,12686479791,195917
5819,python (8633),Compute Command 0,12686661666,11750
5820,python (8633),Command Buffer 0,12686677750,192125
5821,python (8633),Compute Command 0,12686855958,11625
5822,python (8633),Command Buffer 0,12686872000,195125
5823,python (8633),Compute Command 0,12687053000,11625
5824,python (8633),Command Buffer 0,12687069291,191084
5825,python (8633),Compute Command 0,12687246583,11458
5826,python (8633),Command Buffer 0,12687262541,192375
5827,python (8633),Compute Command 0,12687441000,11625
5828,python (8633),Command Buffer 0,12687457041,191584
5829,python (8633),Compute Command 0,12687634125,12125
5830,python (8633),Command Buffer 0,12687650916,192584
5831,python (8633),Compute Command 0,12687829541,11667
5832,python (8633),Command Buffer 0,12687845583,192708
5833,python (8633),Compute Command 0,12688024333,11667
5834,python (8633),Command Buffer 0,12688040458,193042
5835,python (8633),Compute Command 0,12688219750,11458
5836,python (8633),Command Buffer 0,12688236541,182917
5837,python (8633),Compute Command 0,12688405500,11708
5838,python (8633),Command Buffer 0,12688421666,183709
5839,python (8633),Compute Command 0,12688591333,11750
5840,python (8633),Command Buffer 0,12688607541,186334
5841,python (8633),Compute Command 0,12688779875,11708
5842,python (8633),Command Buffer 0,12688796041,177417
5843,python (8633),Compute Command 0,12688959458,11667
5844,python (8633),Command Buffer 0,12688975750,194166
5845,python (8633),Compute Command 0,12689150583,17042
5846,python (8633),Command Buffer 0,12689172000,185000
5847,python (8633),Compute Command 0,12689343208,11500
5848,python (8633),Command Buffer 0,12689359166,191250
5849,python (8633),Compute Command 0,12689536583,11583
5850,python (8633),Command Buffer 0,12689552541,190875
5851,python (8633),Compute Command 0,12689729500,11666
5852,python (8633),Command Buffer 0,12689745500,191541
5853,python (8633),Compute Command 0,12689923083,11667
5854,python (8633),Command Buffer 0,12689939166,189792
5855,python (8633),Compute Command 0,12690111708,11625
5856,python (8633),Command Buffer 0,12690131125,191666
5857,python (8633),Compute Command 0,12690308791,11709
5858,python (8633),Command Buffer 0,12690324958,194417
5859,python (8633),Compute Command 0,12690504458,12500
5860,python (8633),Command Buffer 0,12690522083,178208
5861,python (8633),Compute Command 0,12690686083,11917
5862,python (8633),Command Buffer 0,12690707833,194042
5863,python (8633),Compute Command 0,12690887875,11708
5864,python (8633),Command Buffer 0,12690903958,189833
5865,python (8633),Compute Command 0,12691079750,11708
5866,python (8633),Command Buffer 0,12691095875,187916
5867,python (8633),Compute Command 0,12691269833,11667
5868,python (8633),Command Buffer 0,12691285916,191792
5869,python (8633),Compute Command 0,12691463666,11750
5870,python (8633),Command Buffer 0,12691479833,192125
5871,python (8633),Compute Command 0,12691657833,11833
5872,python (8633),Command Buffer 0,12691674000,192583
5873,python (8633),Compute Command 0,12691852666,11542
5874,python (8633),Command Buffer 0,12691868791,191792
5875,python (8633),Compute Command 0,12692046708,11542
5876,python (8633),Command Buffer 0,12692062708,193667
5877,python (8633),Compute Command 0,12692242458,11625
5878,python (8633),Command Buffer 0,12692258500,191875
5879,python (8633),Compute Command 0,12692436583,11542
5880,python (8633),Command Buffer 0,12692452458,191083
5881,python (8633),Compute Command 0,12692629625,11625
5882,python (8633),Command Buffer 0,12692645583,190833
5883,python (8633),Compute Command 0,12692822458,11625
5884,python (8633),Command Buffer 0,12692838541,187250
5885,python (8633),Compute Command 0,12693010708,12750
5886,python (8633),Command Buffer 0,12693028541,328750
5887,python (8633),Compute Command 0,12693342750,12291
5888,python (8633),Command Buffer 0,12693359625,191000
5889,python (8633),Compute Command 0,12693536416,11917
5890,python (8633),Command Buffer 0,12693552791,192334
5891,python (8633),Compute Command 0,12693731125,11708
5892,python (8633),Command Buffer 0,12693747250,193125
5893,python (8633),Compute Command 0,12693926500,11583
5894,python (8633),Command Buffer 0,12693942541,197125
5895,python (8633),Compute Command 0,12694122000,15375
5896,python (8633),Command Buffer 0,12694141791,194000
5897,python (8633),Compute Command 0,12694321750,11750
5898,python (8633),Command Buffer 0,12694337958,194667
5899,python (8633),Compute Command 0,12694518625,11708
5900,python (8633),Command Buffer 0,12694534708,177708
5901,python (8633),Compute Command 0,12694698083,11958
5902,python (8633),Command Buffer 0,12694714708,174792
5903,python (8633),Compute Command 0,12694875708,11458
5904,python (8633),Command Buffer 0,12694891666,188334
5905,python (8633),Compute Command 0,12695066041,11667
5906,python (8633),Command Buffer 0,12695082875,187416
5907,python (8633),Compute Command 0,12695256291,11709
5908,python (8633),Command Buffer 0,12695272458,183875
5909,python (8633),Compute Command 0,12695442375,11708
5910,python (8633),Command Buffer 0,12695458500,196083
5911,python (8633),Compute Command 0,12695640708,11542
5912,python (8633),Command Buffer 0,12695656750,195416
5913,python (8633),Compute Command 0,12695838166,11667
5914,python (8633),Command Buffer 0,12695854291,189667
5915,python (8633),Compute Command 0,12696029958,11667
5916,python (8633),Command Buffer 0,12696046166,192459
5917,python (8633),Compute Command 0,12696224583,11750
5918,python (8633),Command Buffer 0,12696240750,190125
5919,python (8633),Compute Command 0,12696414208,11583
5920,python (8633),Command Buffer 0,12696432958,193542
5921,python (8633),Compute Command 0,12696612541,11667
5922,python (8633),Command Buffer 0,12696628583,188708
5923,python (8633),Compute Command 0,12696803291,11750
5924,python (8633),Command Buffer 0,12696819416,194875
5925,python (8633),Compute Command 0,12697000458,11500
5926,python (8633),Command Buffer 0,12697016416,191209
5927,python (8633),Compute Command 0,12697193791,11542
5928,python (8633),Command Buffer 0,12697210333,189542
5929,python (8633),Compute Command 0,12697385583,12042
5930,python (8633),Command Buffer 0,12697402083,195750
5931,python (8633),Compute Command 0,12697583750,11708
5932,python (8633),Command Buffer 0,12697599958,191792
5933,python (8633),Compute Command 0,12697777875,11541
5934,python (8633),Command Buffer 0,12697793958,192625
5935,python (8633),Compute Command 0,12697972625,11708
5936,python (8633),Command Buffer 0,12697988708,192208
5937,python (8633),Compute Command 0,12698167000,11625
5938,python (8633),Command Buffer 0,12698183083,193583
5939,python (8633),Compute Command 0,12698362958,11458
5940,python (8633),Command Buffer 0,12698378833,193458
5941,python (8633),Compute Command 0,12698558291,11667
5942,python (8633),Command Buffer 0,12698574416,195500
5943,python (8633),Compute Command 0,12698755541,12042
5944,python (8633),Command Buffer 0,12698772125,164708
5945,python (8633),Compute Command 0,12698922083,12333
5946,python (8633),Command Buffer 0,12698939375,156708
5947,python (8633),Compute Command 0,12699081125,12625
5948,python (8633),Command Buffer 0,12699098291,151375
5949,python (8633),Compute Command 0,12699234666,13167
5950,python (8633),Command Buffer 0,12699251583,157833
5951,python (8633),Compute Command 0,12699394708,12417
5952,python (8633),Command Buffer 0,12699412208,172500
5953,python (8633),Compute Command 0,12699568666,13375
5954,python (8633),Command Buffer 0,12699587416,177667
5955,python (8633),Compute Command 0,12699750250,12375
5956,python (8633),Command Buffer 0,12699767375,191083
5957,python (8633),Compute Command 0,12699943666,12292
5958,python (8633),Command Buffer 0,12699961041,187250
5959,python (8633),Compute Command 0,12700133625,12250
5960,python (8633),Command Buffer 0,12700150583,193042
5961,python (8633),Compute Command 0,12700329375,11916
5962,python (8633),Command Buffer 0,12700346000,193791
5963,python (8633),Compute Command 0,12700525666,11834
5964,python (8633),Command Buffer 0,12700542000,195875
5965,python (8633),Compute Command 0,12700720958,14583
5966,python (8633),Command Buffer 0,12700740166,196250
5967,python (8633),Compute Command 0,12700922208,11833
5968,python (8633),Command Buffer 0,12700938583,174417
5969,python (8633),Compute Command 0,12701098791,11875
5970,python (8633),Command Buffer 0,12701115208,177250
5971,python (8633),Compute Command 0,12701278208,11917
5972,python (8633),Command Buffer 0,12701294666,369292
5973,python (8633),Compute Command 0,12701649333,12292
5974,python (8633),Command Buffer 0,12701666250,196416
5975,python (8633),Compute Command 0,12701848500,11791
5976,python (8633),Command Buffer 0,12701864791,176459
5977,python (8633),Compute Command 0,12702027083,11833
5978,python (8633),Command Buffer 0,12702043375,160916
5979,python (8633),Compute Command 0,12702190291,11667
5980,python (8633),Command Buffer 0,12702206458,178708
5981,python (8633),Compute Command 0,12702370583,12125
5982,python (8633),Command Buffer 0,12702387458,162500
5983,python (8633),Compute Command 0,12702535750,11875
5984,python (8633),Command Buffer 0,12702552166,161750
5985,python (8633),Compute Command 0,12702699916,11625
5986,python (8633),Command Buffer 0,12702716083,157833
5987,python (8633),Compute Command 0,12702859833,11750
5988,python (8633),Command Buffer 0,12702876375,160458
5989,python (8633),Compute Command 0,12703022875,11708
5990,python (8633),Command Buffer 0,12703039041,157375
5991,python (8633),Compute Command 0,12703181833,12333
5992,python (8633),Command Buffer 0,12703198625,158375
5993,python (8633),Compute Command 0,12703342791,11875
5994,python (8633),Command Buffer 0,12703359208,157167
5995,python (8633),Compute Command 0,12703501791,12250
5996,python (8633),Command Buffer 0,12703518625,184625
5997,python (8633),Compute Command 0,12703689041,11959
5998,python (8633),Command Buffer 0,12703705541,256542
5999,python (8633),Compute Command 0,12703946958,12792
6000,python (8633),Command Buffer 0,12703964458,188583
6001,python (8633),Compute Command 0,12704138875,11791
6002,python (8633),Command Buffer 0,12704155833,157958
6003,python (8633),Compute Command 0,12704298541,12834
6004,python (8633),Command Buffer 0,12704315958,161792
6005,python (8633),Compute Command 0,12704463416,12042
6006,python (8633),Command Buffer 0,12704479916,160000
6007,python (8633),Compute Command 0,12704625791,11875
6008,python (8633),Command Buffer 0,12704642208,172958
6009,python (8633),Compute Command 0,12704790041,22750
6010,python (8633),Command Buffer 0,12704817375,194791
6011,python (8633),Compute Command 0,12704997833,12042
6012,python (8633),Command Buffer 0,12705014333,193375
6013,python (8633),Compute Command 0,12705193666,11750
6014,python (8633),Command Buffer 0,12705209916,196834
6015,python (8633),Compute Command 0,12705390041,14417
6016,python (8633),Command Buffer 0,12705408833,183625
6017,python (8633),Compute Command 0,12705578250,11916
6018,python (8633),Command Buffer 0,12705595208,189583
6019,python (8633),Compute Command 0,12705770791,11750
6020,python (8633),Command Buffer 0,12705787375,195666
6021,python (8633),Compute Command 0,12705969041,11709
6022,python (8633),Command Buffer 0,12705985166,186625
6023,python (8633),Compute Command 0,12706157833,11750
6024,python (8633),Command Buffer 0,12706173875,193708
6025,python (8633),Compute Command 0,12706353791,11542
6026,python (8633),Command Buffer 0,12706369750,193250
6027,python (8633),Compute Command 0,12706548916,11834
6028,python (8633),Command Buffer 0,12706565166,194084
6029,python (8633),Compute Command 0,12706745250,11750
6030,python (8633),Command Buffer 0,12706761333,191000
6031,python (8633),Compute Command 0,12706938208,11833
6032,python (8633),Command Buffer 0,12706954458,193333
6033,python (8633),Compute Command 0,12707133875,11708
6034,python (8633),Command Buffer 0,12707149958,168833
6035,python (8633),Compute Command 0,12707303750,12666
6036,python (8633),Command Buffer 0,12707321166,167042
6037,python (8633),Compute Command 0,12707473666,12167
6038,python (8633),Command Buffer 0,12707490458,191417
6039,python (8633),Compute Command 0,12707667541,12042
6040,python (8633),Command Buffer 0,12707684125,187208
6041,python (8633),Compute Command 0,12707857083,12000
6042,python (8633),Command Buffer 0,12707873541,187167
6043,python (8633),Compute Command 0,12708046125,12333
6044,python (8633),Command Buffer 0,12708062833,194375
6045,python (8633),Compute Command 0,12708243250,11666
6046,python (8633),Command Buffer 0,12708259333,196583
6047,python (8633),Compute Command 0,12708441833,11792
6048,python (8633),Command Buffer 0,12708458000,193666
6049,python (8633),Compute Command 0,12708637583,11792
6050,python (8633),Command Buffer 0,12708653833,192042
6051,python (8633),Compute Command 0,12708831625,11958
6052,python (8633),Command Buffer 0,12708848041,188709
6053,python (8633),Compute Command 0,12709022916,11542
6054,python (8633),Command Buffer 0,12709038916,194250
6055,python (8633),Compute Command 0,12709219166,11709
6056,python (8633),Command Buffer 0,12709235291,193542
6057,python (8633),Compute Command 0,12709415083,11542
6058,python (8633),Command Buffer 0,12709431000,192125
6059,python (8633),Compute Command 0,12709609291,11542
6060,python (8633),Command Buffer 0,12709625250,373666
6061,python (8633),Compute Command 0,12709984083,12500
6062,python (8633),Command Buffer 0,12710001125,188041
6063,python (8633),Compute Command 0,12710175166,11709
6064,python (8633),Command Buffer 0,12710192041,195167
6065,python (8633),Compute Command 0,12710373375,11541
6066,python (8633),Command Buffer 0,12710389375,194333
6067,python (8633),Compute Command 0,12710569791,11625
6068,python (8633),Command Buffer 0,12710585833,194208
6069,python (8633),Compute Command 0,12710766333,11417
6070,python (8633),Command Buffer 0,12710782250,187166
6071,python (8633),Compute Command 0,12710955541,11584
6072,python (8633),Command Buffer 0,12710971583,197708
6073,python (8633),Compute Command 0,12711152333,11833
6074,python (8633),Command Buffer 0,12711171416,187959
6075,python (8633),Compute Command 0,12711345375,11750
6076,python (8633),Command Buffer 0,12711361541,195042
6077,python (8633),Compute Command 0,12711542375,11916
6078,python (8633),Command Buffer 0,12711558708,194042
6079,python (8633),Compute Command 0,12711738750,11708
6080,python (8633),Command Buffer 0,12711754875,193541
6081,python (8633),Compute Command 0,12711934208,11875
6082,python (8633),Command Buffer 0,12711950625,187208
6083,python (8633),Compute Command 0,12712122708,12833
6084,python (8633),Command Buffer 0,12712139958,193125
6085,python (8633),Compute Command 0,12712319125,11625
6086,python (8633),Command Buffer 0,12712335208,183000
6087,python (8633),Compute Command 0,12712504250,11750
6088,python (8633),Command Buffer 0,12712520416,193417
6089,python (8633),Compute Command 0,12712699833,11708
6090,python (8633),Command Buffer 0,12712715958,198458
6091,python (8633),Compute Command 0,12712900458,11708
6092,python (8633),Command Buffer 0,12712916541,193042
6093,python (8633),Compute Command 0,12713095583,11708
6094,python (8633),Command Buffer 0,12713111666,186500
6095,python (8633),Compute Command 0,12713284125,11750
6096,python (8633),Command Buffer 0,12713300250,194333
6097,python (8633),Compute Command 0,12713480416,11834
6098,python (8633),Command Buffer 0,12713496750,193250
6099,python (8633),Compute Command 0,12713676166,11542
6100,python (8633),Command Buffer 0,12713692125,176125
6101,python (8633),Compute Command 0,12713854500,11541
6102,python (8633),Command Buffer 0,12713870416,203834
6103,python (8633),Compute Command 0,12714054875,17083
6104,python (8633),Command Buffer 0,12714076333,194167
6105,python (8633),Compute Command 0,12714253750,14458
6106,python (8633),Command Buffer 0,12714272625,194083
6107,python (8633),Compute Command 0,12714452750,11708
6108,python (8633),Command Buffer 0,12714468833,184333
6109,python (8633),Compute Command 0,12714639166,11667
6110,python (8633),Command Buffer 0,12714655250,195375
6111,python (8633),Compute Command 0,12714836708,11667
6112,python (8633),Command Buffer 0,12714852750,193291
6113,python (8633),Compute Command 0,12715032250,11583
6114,python (8633),Command Buffer 0,12715048125,194625
6115,python (8633),Compute Command 0,12715228916,11625
6116,python (8633),Command Buffer 0,12715244875,193250
6117,python (8633),Compute Command 0,12715424291,11584
6118,python (8633),Command Buffer 0,12715440250,173125
6119,python (8633),Compute Command 0,12715598500,12541
6120,python (8633),Command Buffer 0,12715615750,171458
6121,python (8633),Compute Command 0,12715773125,11875
6122,python (8633),Command Buffer 0,12715789458,193083
6123,python (8633),Compute Command 0,12715968166,12084
6124,python (8633),Command Buffer 0,12715984708,201083
6125,python (8633),Compute Command 0,12716170625,12500
6126,python (8633),Command Buffer 0,12716188250,189625
6127,python (8633),Compute Command 0,12716364041,11584
6128,python (8633),Command Buffer 0,12716380041,198334
6129,python (8633),Compute Command 0,12716563916,12084
6130,python (8633),Command Buffer 0,12716580541,189542
6131,python (8633),Compute Command 0,12716755875,11916
6132,python (8633),Command Buffer 0,12716772708,191417
6133,python (8633),Compute Command 0,12716949958,11875
6134,python (8633),Command Buffer 0,12716966250,194666
6135,python (8633),Compute Command 0,12717146750,11875
6136,python (8633),Command Buffer 0,12717163041,193375
6137,python (8633),Compute Command 0,12717342291,11834
6138,python (8633),Command Buffer 0,12717358500,191041
6139,python (8633),Compute Command 0,12717535500,11750
6140,python (8633),Command Buffer 0,12717551791,195084
6141,python (8633),Compute Command 0,12717732833,11750
6142,python (8633),Command Buffer 0,12717748958,194708
6143,python (8633),Compute Command 0,12717929708,11667
6144,python (8633),Command Buffer 0,12717945750,331125
6145,python (8633),Compute Command 0,12718259708,14292
6146,python (8633),Command Buffer 0,12718279666,177584
6147,python (8633),Compute Command 0,12718440333,14375
6148,python (8633),Command Buffer 0,12718460166,181042
6149,python (8633),Compute Command 0,12718626291,12500
6150,python (8633),Command Buffer 0,12718644250,165125
6151,python (8633),Compute Command 0,12718794041,13375
6152,python (8633),Command Buffer 0,12718811416,168167
6153,python (8633),Compute Command 0,12718964375,12625
6154,python (8633),Command Buffer 0,12718981833,157875
6155,python (8633),Compute Command 0,12719126041,11709
6156,python (8633),Command Buffer 0,12719141708,170792
6157,python (8633),Compute Command 0,12719297375,13291
6158,python (8633),Command Buffer 0,12719314375,154416
6159,python (8633),Compute Command 0,12719453583,13250
6160,python (8633),Command Buffer 0,12719470708,166500
6161,python (8633),Compute Command 0,12719621791,13500
6162,python (8633),Command Buffer 0,12719639208,151792
6163,python (8633),Compute Command 0,12719775916,12709
6164,python (8633),Command Buffer 0,12719793333,163750
6165,python (8633),Compute Command 0,12719941791,13417
6166,python (8633),Command Buffer 0,12719958958,157917
6167,python (8633),Compute Command 0,12720101250,13708
6168,python (8633),Command Buffer 0,12720118833,160958
6169,python (8633),Compute Command 0,12720265250,12250
6170,python (8633),Command Buffer 0,12720282166,148209
6171,python (8633),Compute Command 0,12720414208,13667
6172,python (8633),Command Buffer 0,12720432291,166250
6173,python (8633),Compute Command 0,12720582833,13042
6174,python (8633),Command Buffer 0,12720601833,165750
6175,python (8633),Compute Command 0,12720751833,13792
6176,python (8633),Command Buffer 0,12720770166,149584
6177,python (8633),Compute Command 0,12720905375,12250
6178,python (8633),Command Buffer 0,12720923125,166875
6179,python (8633),Compute Command 0,12721050458,37458
6180,python (8633),Command Buffer 0,12721092791,172084
6181,python (8633),Compute Command 0,12721250166,12250
6182,python (8633),Command Buffer 0,12721268083,162167
6183,python (8633),Compute Command 0,12721414666,13042
6184,python (8633),Command Buffer 0,12721433375,161208
6185,python (8633),Compute Command 0,12721581416,10959
6186,python (8633),Command Buffer 0,12721605083,137792
6187,python (8633),Compute Command 0,12721728083,12083
6188,python (8633),Command Buffer 0,12721747125,166333
6189,python (8633),Compute Command 0,12721898000,13458
6190,python (8633),Command Buffer 0,12721916166,176250
6191,python (8633),Compute Command 0,12722076833,13000
6192,python (8633),Command Buffer 0,12722095416,163375
6193,python (8633),Compute Command 0,12722244583,11792
6194,python (8633),Command Buffer 0,12722261875,159875
6195,python (8633),Compute Command 0,12722403791,15792
6196,python (8633),Command Buffer 0,12722425000,150791
6197,python (8633),Compute Command 0,12722557166,16584
6198,python (8633),Command Buffer 0,12722578583,320833
6199,python (8633),Compute Command 0,12722873208,23583
6200,python (8633),Command Buffer 0,12722902666,174917
6201,python (8633),Compute Command 0,12723062250,12875
6202,python (8633),Command Buffer 0,12723080833,148250
6203,python (8633),Compute Command 0,12723212125,14583
6204,python (8633),Command Buffer 0,12723231500,164500
6205,python (8633),Compute Command 0,12723381541,12250
6206,python (8633),Command Buffer 0,12723398500,168125
6207,python (8633),Compute Command 0,12723549958,13667
6208,python (8633),Command Buffer 0,12723570000,183208
6209,python (8633),Compute Command 0,12723737541,13459
6210,python (8633),Command Buffer 0,12723755666,173834
6211,python (8633),Compute Command 0,12723914833,12375
6212,python (8633),Command Buffer 0,12723933333,164000
6213,python (8633),Compute Command 0,12724082791,12459
6214,python (8633),Command Buffer 0,12724099291,140250
6215,python (8633),Compute Command 0,12724225666,11959
6216,python (8633),Command Buffer 0,12724242250,163250
6217,python (8633),Compute Command 0,12724389666,13709
6218,python (8633),Command Buffer 0,12724407833,160958
6219,python (8633),Compute Command 0,12724553750,12291
6220,python (8633),Command Buffer 0,12724571291,166667
6221,python (8633),Compute Command 0,12724720125,15125
6222,python (8633),Command Buffer 0,12724741041,161834
6223,python (8633),Compute Command 0,12724886583,13708
6224,python (8633),Command Buffer 0,12724905291,149667
6225,python (8633),Compute Command 0,12725038041,14792
6226,python (8633),Command Buffer 0,12725058291,161084
6227,python (8633),Compute Command 0,12725203875,13083
6228,python (8633),Command Buffer 0,12725222250,162708
6229,python (8633),Compute Command 0,12725367750,14208
6230,python (8633),Command Buffer 0,12725387625,142541
6231,python (8633),Compute Command 0,12725514541,13292
6232,python (8633),Command Buffer 0,12725532500,180875
6233,python (8633),Compute Command 0,12725698875,12250
6234,python (8633),Command Buffer 0,12725716583,171750
6235,python (8633),Compute Command 0,12725874291,11917
6236,python (8633),Command Buffer 0,12725890833,144708
6237,python (8633),Compute Command 0,12726023166,10334
6238,python (8633),Command Buffer 0,12726038708,147833
6239,python (8633),Compute Command 0,12726172833,11542
6240,python (8633),Command Buffer 0,12726188833,158083
6241,python (8633),Compute Command 0,12726333875,11083
6242,python (8633),Command Buffer 0,12726349125,312625
6243,python (8633),Compute Command 0,12726647041,12500
6244,python (8633),Command Buffer 0,12726664208,145292
6245,python (8633),Compute Command 0,12726795500,11916
6246,python (8633),Command Buffer 0,12726811958,147833
6247,python (8633),Compute Command 0,12726945541,12000
6248,python (8633),Command Buffer 0,12726962250,164916
6249,python (8633),Compute Command 0,12727113166,11917
6250,python (8633),Command Buffer 0,12727129125,150666
6251,python (8633),Compute Command 0,12727265708,11875
6252,python (8633),Command Buffer 0,12727282291,147292
6253,python (8633),Compute Command 0,12727416750,10750
6254,python (8633),Command Buffer 0,12727432250,164583
6255,python (8633),Compute Command 0,12727584000,10750
6256,python (8633),Command Buffer 0,12727599333,146625
6257,python (8633),Compute Command 0,12727733541,10417
6258,python (8633),Command Buffer 0,12727748833,161750
6259,python (8633),Compute Command 0,12727896916,11500
6260,python (8633),Command Buffer 0,12727913000,150291
6261,python (8633),Compute Command 0,12728050291,11042
6262,python (8633),Command Buffer 0,12728065458,155000
6263,python (8633),Compute Command 0,12728207416,10959
6264,python (8633),Command Buffer 0,12728222833,156917
6265,python (8633),Compute Command 0,12728366208,11583
6266,python (8633),Command Buffer 0,12728382250,152541
6267,python (8633),Compute Command 0,12728522250,10416
6268,python (8633),Command Buffer 0,12728536958,138833
6269,python (8633),Compute Command 0,12728662416,11292
6270,python (8633),Command Buffer 0,12728677875,162333
6271,python (8633),Compute Command 0,12728827000,11208
6272,python (8633),Command Buffer 0,12728842500,157458
6273,python (8633),Compute Command 0,12728987500,10166
6274,python (8633),Command Buffer 0,12729002333,141125
6275,python (8633),Compute Command 0,12729131291,10125
6276,python (8633),Command Buffer 0,12729145541,136084
6277,python (8633),Compute Command 0,12729269791,9834
6278,python (8633),Command Buffer 0,12729284750,137583
6279,python (8633),Compute Command 0,12729409708,10583
6280,python (8633),Command Buffer 0,12729424333,200375
6281,python (8633),Compute Command 0,12729567458,49792
6282,python (8633),Command Buffer 0,12729632500,174250
6283,python (8633),Compute Command 0,12729790750,13833
6284,python (8633),Command Buffer 0,12729809333,228417
6285,python (8633),Compute Command 0,12730023833,11792
6286,python (8633),Command Buffer 0,12730041000,164041
6287,python (8633),Compute Command 0,12730191958,10917
6288,python (8633),Command Buffer 0,12730208083,149125
6289,python (8633),Compute Command 0,12730343625,11541
6290,python (8633),Command Buffer 0,12730359916,137417
6291,python (8633),Compute Command 0,12730484500,10791
6292,python (8633),Command Buffer 0,12730499583,144500
6293,python (8633),Compute Command 0,12730631000,10833
6294,python (8633),Command Buffer 0,12730646416,144042
6295,python (8633),Compute Command 0,12730774125,14291
6296,python (8633),Command Buffer 0,12730792750,144791
6297,python (8633),Compute Command 0,12730921125,14500
6298,python (8633),Command Buffer 0,12730940416,133542
6299,python (8633),Compute Command 0,12731060375,11625
6300,python (8633),Command Buffer 0,12731076458,146875
6301,python (8633),Compute Command 0,12731210250,11000
6302,python (8633),Command Buffer 0,12731225916,136167
6303,python (8633),Compute Command 0,12731349500,10541
6304,python (8633),Command Buffer 0,12731364500,160625
6305,python (8633),Compute Command 0,12731511541,11500
6306,python (8633),Command Buffer 0,12731527791,126667
6307,python (8633),Compute Command 0,12731641333,11083
6308,python (8633),Command Buffer 0,12731657708,137542
6309,python (8633),Compute Command 0,12731781083,11792
6310,python (8633),Command Buffer 0,12731798166,143459
6311,python (8633),Compute Command 0,12731929083,10417
6312,python (8633),Command Buffer 0,12731943916,139000
6313,python (8633),Compute Command 0,12732068708,12250
6314,python (8633),Command Buffer 0,12732085333,145708
6315,python (8633),Compute Command 0,12732218500,10625
6316,python (8633),Command Buffer 0,12732233500,133666
6317,python (8633),Compute Command 0,12732353875,11416
6318,python (8633),Command Buffer 0,12732369500,144083
6319,python (8633),Compute Command 0,12732500958,10708
6320,python (8633),Command Buffer 0,12732515833,142333
6321,python (8633),Compute Command 0,12732645958,10167
6322,python (8633),Command Buffer 0,12732662041,140167
6323,python (8633),Compute Command 0,12732790041,10250
6324,python (8633),Command Buffer 0,12732804375,149375
6325,python (8633),Compute Command 0,12732939708,11833
6326,python (8633),Command Buffer 0,12732956125,146541
6327,python (8633),Compute Command 0,12733089916,10709
6328,python (8633),Command Buffer 0,12733105000,144000
6329,python (8633),Compute Command 0,12733235375,11500
6330,python (8633),Command Buffer 0,12733251333,138750
6331,python (8633),Compute Command 0,12733377375,10750
6332,python (8633),Command Buffer 0,12733392250,132375
6333,python (8633),Compute Command 0,12733512083,10458
6334,python (8633),Command Buffer 0,12733526750,137041
6335,python (8633),Compute Command 0,12733651041,10834
6336,python (8633),Command Buffer 0,12733665916,145709
6337,python (8633),Compute Command 0,12733799333,10292
6338,python (8633),Command Buffer 0,12733813958,147750
6339,python (8633),Compute Command 0,12733948916,10917
6340,python (8633),Command Buffer 0,12733963833,152542
6341,python (8633),Compute Command 0,12734104250,10166
6342,python (8633),Command Buffer 0,12734118708,140958
6343,python (8633),Compute Command 0,12734247375,10333
6344,python (8633),Command Buffer 0,12734262083,149167
6345,python (8633),Compute Command 0,12734398208,11167
6346,python (8633),Command Buffer 0,12734413583,145292
6347,python (8633),Compute Command 0,12734546500,10416
6348,python (8633),Command Buffer 0,12734561208,305292
6349,python (8633),Compute Command 0,12734853666,11000
6350,python (8633),Command Buffer 0,12734869125,164458
6351,python (8633),Compute Command 0,12735021000,10708
6352,python (8633),Command Buffer 0,12735035833,138958
6353,python (8633),Compute Command 0,12735161958,10917
6354,python (8633),Command Buffer 0,12735177166,159375
6355,python (8633),Compute Command 0,12735324000,10625
6356,python (8633),Command Buffer 0,12735338666,162917
6357,python (8633),Compute Command 0,12735483291,16375
6358,python (8633),Command Buffer 0,12735503666,141250
6359,python (8633),Compute Command 0,12735632750,10250
6360,python (8633),Command Buffer 0,12735647166,156417
6361,python (8633),Compute Command 0,12735790750,11000
6362,python (8633),Command Buffer 0,12735805750,156458
6363,python (8633),Compute Command 0,12735949958,10375
6364,python (8633),Command Buffer 0,12735964416,157917
6365,python (8633),Compute Command 0,12736109666,10750
6366,python (8633),Command Buffer 0,12736125291,164584
6367,python (8633),Compute Command 0,12736277916,10125
6368,python (8633),Command Buffer 0,12736292625,142208
6369,python (8633),Compute Command 0,12736422375,10625
6370,python (8633),Command Buffer 0,12736437166,146250
6371,python (8633),Compute Command 0,12736570875,10708
6372,python (8633),Command Buffer 0,12736585583,150292
6373,python (8633),Compute Command 0,12736721750,12000
6374,python (8633),Command Buffer 0,12736738291,138875
6375,python (8633),Compute Command 0,12736863791,11417
6376,python (8633),Command Buffer 0,12736879375,155541
6377,python (8633),Compute Command 0,12737021500,11458
6378,python (8633),Command Buffer 0,12737037166,255292
6379,python (8633),Compute Command 0,12737279333,11250
6380,python (8633),Command Buffer 0,12737294625,175250
6381,python (8633),Compute Command 0,12737456208,11500
6382,python (8633),Command Buffer 0,12737472250,146625
6383,python (8633),Compute Command 0,12737606250,10708
6384,python (8633),Command Buffer 0,12737621083,139083
6385,python (8633),Compute Command 0,12737747375,10833
6386,python (8633),Command Buffer 0,12737762458,140625
6387,python (8633),Compute Command 0,12737890166,11084
6388,python (8633),Command Buffer 0,12737905291,156875
6389,python (8633),Compute Command 0,12738049541,10750
6390,python (8633),Command Buffer 0,12738064333,154167
6391,python (8633),Compute Command 0,12738205916,10667
6392,python (8633),Command Buffer 0,12738220791,151292
6393,python (8633),Compute Command 0,12738360125,10041
6394,python (8633),Command Buffer 0,12738374125,172458
6395,python (8633),Compute Command 0,12738533166,10959
6396,python (8633),Command Buffer 0,12738548916,142209
6397,python (8633),Compute Command 0,12738677875,11250
6398,python (8633),Command Buffer 0,12738693500,140375
6399,python (8633),Compute Command 0,12738821083,10875
6400,python (8633),Command Buffer 0,12738836333,155542
6401,python (8633),Compute Command 0,12738979000,11041
6402,python (8633),Command Buffer 0,12738994250,147958
6403,python (8633),Compute Command 0,12739127958,11917
6404,python (8633),Command Buffer 0,12739144833,140583
6405,python (8633),Compute Command 0,12739272708,10750
6406,python (8633),Command Buffer 0,12739287750,164666
6407,python (8633),Compute Command 0,12739439541,11000
6408,python (8633),Command Buffer 0,12739454625,165875
6409,python (8633),Compute Command 0,12739607958,10458
6410,python (8633),Command Buffer 0,12739622708,164958
6411,python (8633),Compute Command 0,12739775125,10541
6412,python (8633),Command Buffer 0,12739789958,165292
6413,python (8633),Compute Command 0,12739943291,10000
6414,python (8633),Command Buffer 0,12739957208,169792
6415,python (8633),Compute Command 0,12740113625,11458
6416,python (8633),Command Buffer 0,12740129250,166416
6417,python (8633),Compute Command 0,12740283458,10292
6418,python (8633),Command Buffer 0,12740297833,167417
6419,python (8633),Compute Command 0,12740452791,10542
6420,python (8633),Command Buffer 0,12740469708,167042
6421,python (8633),Compute Command 0,12740623791,11042
6422,python (8633),Command Buffer 0,12740638958,148833
6423,python (8633),Compute Command 0,12740775625,10166
6424,python (8633),Command Buffer 0,12740790041,166167
6425,python (8633),Compute Command 0,12740944458,9833
6426,python (8633),Command Buffer 0,12740958625,169291
6427,python (8633),Compute Command 0,12741115083,10917
6428,python (8633),Command Buffer 0,12741130333,166583
6429,python (8633),Compute Command 0,12741285208,9792
6430,python (8633),Command Buffer 0,12741298833,168042
6431,python (8633),Compute Command 0,12741455208,9792
6432,python (8633),Command Buffer 0,12741468958,154833
6433,python (8633),Compute Command 0,12741612041,9834
6434,python (8633),Command Buffer 0,12741625666,166125
6435,python (8633),Compute Command 0,12741780000,9875
6436,python (8633),Command Buffer 0,12741793958,167292
6437,python (8633),Compute Command 0,12741949166,10125
6438,python (8633),Command Buffer 0,12741963666,167500
6439,python (8633),Compute Command 0,12742118000,11000
6440,python (8633),Command Buffer 0,12742134333,166500
6441,python (8633),Compute Command 0,12742288875,10000
6442,python (8633),Command Buffer 0,12742303250,168750
6443,python (8633),Compute Command 0,12742460250,9833
6444,python (8633),Command Buffer 0,12742474375,166375
6445,python (8633),Compute Command 0,12742628875,9916
6446,python (8633),Command Buffer 0,12742642875,168458
6447,python (8633),Compute Command 0,12742799125,10291
6448,python (8633),Command Buffer 0,12742813541,149750
6449,python (8633),Compute Command 0,12742950291,11125
6450,python (8633),Command Buffer 0,12742965583,306750
6451,python (8633),Compute Command 0,12743260208,10250
6452,python (8633),Command Buffer 0,12743274625,168791
6453,python (8633),Compute Command 0,12743431666,9834
6454,python (8633),Command Buffer 0,12743447583,167000
6455,python (8633),Compute Command 0,12743602833,9833
6456,python (8633),Command Buffer 0,12743616791,166709
6457,python (8633),Compute Command 0,12743771625,9833
6458,python (8633),Command Buffer 0,12743785791,165375
6459,python (8633),Compute Command 0,12743939375,9791
6460,python (8633),Command Buffer 0,12743953458,168250
6461,python (8633),Compute Command 0,12744109250,10541
6462,python (8633),Command Buffer 0,12744127291,164334
6463,python (8633),Compute Command 0,12744279708,9958
6464,python (8633),Command Buffer 0,12744293958,167125
6465,python (8633),Compute Command 0,12744449041,10125
6466,python (8633),Command Buffer 0,12744463458,168458
6467,python (8633),Compute Command 0,12744620000,10000
6468,python (8633),Command Buffer 0,12744633791,166750
6469,python (8633),Compute Command 0,12744788750,9875
6470,python (8633),Command Buffer 0,12744802916,165875
6471,python (8633),Compute Command 0,12744956916,9834
6472,python (8633),Command Buffer 0,12744971041,174625
6473,python (8633),Compute Command 0,12745132958,10750
6474,python (8633),Command Buffer 0,12745147916,168250
6475,python (8633),Compute Command 0,12745302416,11584
6476,python (8633),Command Buffer 0,12745318375,153500
6477,python (8633),Compute Command 0,12745459333,10500
6478,python (8633),Command Buffer 0,12745474125,169291
6479,python (8633),Compute Command 0,12745631000,10458
6480,python (8633),Command Buffer 0,12745645541,165667
6481,python (8633),Compute Command 0,12745799041,10209
6482,python (8633),Command Buffer 0,12745813208,167250
6483,python (8633),Compute Command 0,12745968375,10125
6484,python (8633),Command Buffer 0,12745982541,174709
6485,python (8633),Compute Command 0,12746144291,11000
6486,python (8633),Command Buffer 0,12746159458,163208
6487,python (8633),Compute Command 0,12746310083,10583
6488,python (8633),Command Buffer 0,12746325041,166334
6489,python (8633),Compute Command 0,12746479208,10125
6490,python (8633),Command Buffer 0,12746493666,168542
6491,python (8633),Compute Command 0,12746650041,10209
6492,python (8633),Command Buffer 0,12746664541,166292
6493,python (8633),Compute Command 0,12746818833,10083
6494,python (8633),Command Buffer 0,12746833291,165167
6495,python (8633),Compute Command 0,12746986416,10084
6496,python (8633),Command Buffer 0,12747000625,167750
6497,python (8633),Compute Command 0,12747156291,10084
6498,python (8633),Command Buffer 0,12747170500,211541
6499,python (8633),Compute Command 0,12747366750,12833
6500,python (8633),Command Buffer 0,12747384541,187750
6501,python (8633),Compute Command 0,12747557708,12208
6502,python (8633),Command Buffer 0,12747574666,194250
6503,python (8633),Compute Command 0,12747754541,12000
6504,python (8633),Command Buffer 0,12747771375,193000
6505,python (8633),Compute Command 0,12747950250,11791
6506,python (8633),Command Buffer 0,12747966541,187042
6507,python (8633),Compute Command 0,12748143375,8583
6508,python (8633),Command Buffer 0,12748155291,193959
6509,python (8633),Compute Command 0,12748334750,12041
6510,python (8633),Command Buffer 0,12748351458,196083
6511,python (8633),Compute Command 0,12748533125,12000
6512,python (8633),Command Buffer 0,12748549791,195584
6513,python (8633),Compute Command 0,12748731041,12000
6514,python (8633),Command Buffer 0,12748747750,171541
6515,python (8633),Compute Command 0,12748903750,13125
6516,python (8633),Command Buffer 0,12748921791,179750
6517,python (8633),Compute Command 0,12749086708,12417
6518,python (8633),Command Buffer 0,12749103833,193625
6519,python (8633),Compute Command 0,12749283083,11958
6520,python (8633),Command Buffer 0,12749299625,184708
6521,python (8633),Compute Command 0,12749469916,12084
6522,python (8633),Command Buffer 0,12749489000,195375
6523,python (8633),Compute Command 0,12749670083,11917
6524,python (8633),Command Buffer 0,12749686625,194041
6525,python (8633),Compute Command 0,12749866333,12000
6526,python (8633),Command Buffer 0,12749882875,194791
6527,python (8633),Compute Command 0,12750063333,12000
6528,python (8633),Command Buffer 0,12750079833,194333
6529,python (8633),Compute Command 0,12750259708,11792
6530,python (8633),Command Buffer 0,12750276333,177417
6531,python (8633),Compute Command 0,12750438500,12708
6532,python (8633),Command Buffer 0,12750456166,176584
6533,python (8633),Compute Command 0,12750618250,12083
6534,python (8633),Command Buffer 0,12750635000,176750
6535,python (8633),Compute Command 0,12750797291,12125
6536,python (8633),Command Buffer 0,12750814000,190791
6537,python (8633),Compute Command 0,12750990500,12000
6538,python (8633),Command Buffer 0,12751007000,193000
6539,python (8633),Compute Command 0,12751185833,11917
6540,python (8633),Command Buffer 0,12751202166,177125
6541,python (8633),Compute Command 0,12751366250,10875
6542,python (8633),Command Buffer 0,12751381541,246334
6543,python (8633),Compute Command 0,12751613041,12292
6544,python (8633),Command Buffer 0,12751630750,174833
6545,python (8633),Compute Command 0,12751790666,12542
6546,python (8633),Command Buffer 0,12751807666,196084
6547,python (8633),Compute Command 0,12751989458,11958
6548,python (8633),Command Buffer 0,12752005916,197167
6549,python (8633),Compute Command 0,12752188708,12042
6550,python (8633),Command Buffer 0,12752205208,196917
6551,python (8633),Compute Command 0,12752387750,11958
6552,python (8633),Command Buffer 0,12752404291,195792
6553,python (8633),Compute Command 0,12752585958,11792
6554,python (8633),Command Buffer 0,12752602250,193333
6555,python (8633),Compute Command 0,12752781416,11834
6556,python (8633),Command Buffer 0,12752797666,195875
6557,python (8633),Compute Command 0,12752979291,11917
6558,python (8633),Command Buffer 0,12752995666,194084
6559,python (8633),Compute Command 0,12753175416,12000
6560,python (8633),Command Buffer 0,12753191833,194958
6561,python (8633),Compute Command 0,12753372416,12084
6562,python (8633),Command Buffer 0,12753388875,192666
6563,python (8633),Compute Command 0,12753567166,12042
6564,python (8633),Command Buffer 0,12753583625,193083
6565,python (8633),Compute Command 0,12753762291,12084
6566,python (8633),Command Buffer 0,12753779291,197625
6567,python (8633),Compute Command 0,12753962333,12250
6568,python (8633),Command Buffer 0,12753979083,198958
6569,python (8633),Compute Command 0,12754160833,12167
6570,python (8633),Command Buffer 0,12754180125,194750
6571,python (8633),Compute Command 0,12754360333,12167
6572,python (8633),Command Buffer 0,12754377041,197584
6573,python (8633),Compute Command 0,12754560375,11916
6574,python (8633),Command Buffer 0,12754576750,192458
6575,python (8633),Compute Command 0,12754755000,11875
6576,python (8633),Command Buffer 0,12754771291,194875
6577,python (8633),Compute Command 0,12754952000,11750
6578,python (8633),Command Buffer 0,12754968333,196833
6579,python (8633),Compute Command 0,12755148291,14500
6580,python (8633),Command Buffer 0,12755167291,195792
6581,python (8633),Compute Command 0,12755349000,11750
6582,python (8633),Command Buffer 0,12755365125,189208
6583,python (8633),Compute Command 0,12755540083,11917
6584,python (8633),Command Buffer 0,12755556625,183875
6585,python (8633),Compute Command 0,12755726375,11833
6586,python (8633),Command Buffer 0,12755742583,196750
6587,python (8633),Compute Command 0,12755925125,11916
6588,python (8633),Command Buffer 0,12755941500,192125
6589,python (8633),Compute Command 0,12756118875,12416
6590,python (8633),Command Buffer 0,12756135791,196417
6591,python (8633),Compute Command 0,12756318083,11833
6592,python (8633),Command Buffer 0,12756334291,196750
6593,python (8633),Compute Command 0,12756516875,11833
6594,python (8633),Command Buffer 0,12756533166,196375
6595,python (8633),Compute Command 0,12756715291,11875
6596,python (8633),Command Buffer 0,12756731666,196167
6597,python (8633),Compute Command 0,12756913458,12042
6598,python (8633),Command Buffer 0,12756929958,197292
6599,python (8633),Compute Command 0,12757111750,13125
6600,python (8633),Command Buffer 0,12757129291,168625
6601,python (8633),Compute Command 0,12757284750,11166
6602,python (8633),Command Buffer 0,12757300083,184250
6603,python (8633),Compute Command 0,12757469958,12042
6604,python (8633),Command Buffer 0,12757486708,194042
6605,python (8633),Compute Command 0,12757666625,11875
6606,python (8633),Command Buffer 0,12757683083,195125
6607,python (8633),Compute Command 0,12757864041,11834
6608,python (8633),Command Buffer 0,12757880291,194250
6609,python (8633),Compute Command 0,12758060375,11875
6610,python (8633),Command Buffer 0,12758076791,182959
6611,python (8633),Compute Command 0,12758245500,11916
6612,python (8633),Command Buffer 0,12758262541,194875
6613,python (8633),Compute Command 0,12758443458,11708
6614,python (8633),Command Buffer 0,12758459750,194750
6615,python (8633),Compute Command 0,12758640333,11875
6616,python (8633),Command Buffer 0,12758656666,197417
6617,python (8633),Compute Command 0,12758839958,11833
6618,python (8633),Command Buffer 0,12758856208,253167
6619,python (8633),Compute Command 0,12759089916,17000
6620,python (8633),Command Buffer 0,12759111708,195375
6621,python (8633),Compute Command 0,12759293083,11667
6622,python (8633),Command Buffer 0,12759309250,192416
6623,python (8633),Compute Command 0,12759487541,11834
6624,python (8633),Command Buffer 0,12759503750,194916
6625,python (8633),Compute Command 0,12759684416,11917
6626,python (8633),Command Buffer 0,12759700833,397708
6627,python (8633),Compute Command 0,12760083416,12750
6628,python (8633),Command Buffer 0,12760100875,197708
6629,python (8633),Compute Command 0,12760280625,15625
6630,python (8633),Command Buffer 0,12760300708,172417
6631,python (8633),Compute Command 0,12760457750,12958
6632,python (8633),Command Buffer 0,12760475458,182458
6633,python (8633),Compute Command 0,12760643375,12041
6634,python (8633),Command Buffer 0,12760660250,185208
6635,python (8633),Compute Command 0,12760830916,12125
6636,python (8633),Command Buffer 0,12760847750,172083
6637,python (8633),Compute Command 0,12761003750,13791
6638,python (8633),Command Buffer 0,12761021791,151084
6639,python (8633),Compute Command 0,12761157333,13042
6640,python (8633),Command Buffer 0,12761175083,152500
6641,python (8633),Compute Command 0,12761311708,13958
6642,python (8633),Command Buffer 0,12761329500,155833
6643,python (8633),Compute Command 0,12761470208,12667
6644,python (8633),Command Buffer 0,12761487875,162666
6645,python (8633),Compute Command 0,12761635583,12292
6646,python (8633),Command Buffer 0,12761652708,163000
6647,python (8633),Compute Command 0,12761799083,14375
6648,python (8633),Command Buffer 0,12761817666,175042
6649,python (8633),Compute Command 0,12761978208,12167
6650,python (8633),Command Buffer 0,12761995083,164083
6651,python (8633),Compute Command 0,12762141416,15792
6652,python (8633),Command Buffer 0,12762161125,158583
6653,python (8633),Compute Command 0,12762304208,13167
6654,python (8633),Command Buffer 0,12762321916,158375
6655,python (8633),Compute Command 0,12762464958,12792
6656,python (8633),Command Buffer 0,12762483041,169500
6657,python (8633),Compute Command 0,12762636875,13708
6658,python (8633),Command Buffer 0,12762654583,168583
6659,python (8633),Compute Command 0,12762808166,13042
6660,python (8633),Command Buffer 0,12762825125,157541
6661,python (8633),Compute Command 0,12762967708,12542
6662,python (8633),Command Buffer 0,12762985291,161917
6663,python (8633),Compute Command 0,12763134083,10667
6664,python (8633),Command Buffer 0,12763149083,165417
6665,python (8633),Compute Command 0,12763299166,12875
6666,python (8633),Command Buffer 0,12763319291,161042
6667,python (8633),Compute Command 0,12763462750,15333
6668,python (8633),Command Buffer 0,12763482708,158458
6669,python (8633),Compute Command 0,12763625250,13416
6670,python (8633),Command Buffer 0,12763643916,150625
6671,python (8633),Compute Command 0,12763779250,12833
6672,python (8633),Command Buffer 0,12763797000,159958
6673,python (8633),Compute Command 0,12763941083,13750
6674,python (8633),Command Buffer 0,12763958875,152125
6675,python (8633),Compute Command 0,12764095708,12833
6676,python (8633),Command Buffer 0,12764113416,151417
6677,python (8633),Compute Command 0,12764248708,12625
6678,python (8633),Command Buffer 0,12764266958,149375
6679,python (8633),Compute Command 0,12764401208,12750
6680,python (8633),Command Buffer 0,12764418750,157166
6681,python (8633),Compute Command 0,12764560875,12583
6682,python (8633),Command Buffer 0,12764578541,159667
6683,python (8633),Compute Command 0,12764723416,12292
6684,python (8633),Command Buffer 0,12764740625,191166
6685,python (8633),Compute Command 0,12764917416,12042
6686,python (8633),Command Buffer 0,12764934125,196791
6687,python (8633),Compute Command 0,12765113041,15584
6688,python (8633),Command Buffer 0,12765133166,192209
6689,python (8633),Compute Command 0,12765310875,12125
6690,python (8633),Command Buffer 0,12765327625,188291
6691,python (8633),Compute Command 0,12765500000,13541
6692,python (8633),Command Buffer 0,12765518250,161916
6693,python (8633),Compute Command 0,12765663875,13958
6694,python (8633),Command Buffer 0,12765682541,152792
6695,python (8633),Compute Command 0,12765818916,14042
6696,python (8633),Command Buffer 0,12765837583,169167
6697,python (8633),Compute Command 0,12765992208,12083
6698,python (8633),Command Buffer 0,12766009541,181167
6699,python (8633),Compute Command 0,12766176666,11709
6700,python (8633),Command Buffer 0,12766192875,180791
6701,python (8633),Compute Command 0,12766359666,11750
6702,python (8633),Command Buffer 0,12766375791,185500
6703,python (8633),Compute Command 0,12766547125,11875
6704,python (8633),Command Buffer 0,12766563541,183625
6705,python (8633),Compute Command 0,12766733125,11750
6706,python (8633),Command Buffer 0,12766749208,181875
6707,python (8633),Compute Command 0,12766917041,11750
6708,python (8633),Command Buffer 0,12766933208,183667
6709,python (8633),Compute Command 0,12767102750,11791
6710,python (8633),Command Buffer 0,12767119000,205166
6711,python (8633),Compute Command 0,12767310250,11583
6712,python (8633),Command Buffer 0,12767326291,187584
6713,python (8633),Compute Command 0,12767499875,11750
6714,python (8633),Command Buffer 0,12767515916,182334
6715,python (8633),Compute Command 0,12767684333,11625
6716,python (8633),Command Buffer 0,12767700500,180875
6717,python (8633),Compute Command 0,12767867208,11875
6718,python (8633),Command Buffer 0,12767883541,314959
6719,python (8633),Compute Command 0,12768185875,10541
6720,python (8633),Command Buffer 0,12768200375,206750
6721,python (8633),Compute Command 0,12768393083,11750
6722,python (8633),Command Buffer 0,12768409250,174541
6723,python (8633),Compute Command 0,12768568541,12792
6724,python (8633),Command Buffer 0,12768586500,167333
6725,python (8633),Compute Command 0,12768738583,12667
6726,python (8633),Command Buffer 0,12768756416,165542
6727,python (8633),Compute Command 0,12768907291,12209
6728,python (8633),Command Buffer 0,12768924375,163541
6729,python (8633),Compute Command 0,12769073500,12083
6730,python (8633),Command Buffer 0,12769090208,166958
6731,python (8633),Compute Command 0,12769242375,12333
6732,python (8633),Command Buffer 0,12769259583,158750
6733,python (8633),Compute Command 0,12769402958,13000
6734,python (8633),Command Buffer 0,12769421041,147792
6735,python (8633),Compute Command 0,12769554500,12000
6736,python (8633),Command Buffer 0,12769571125,167416
6737,python (8633),Compute Command 0,12769724041,12167
6738,python (8633),Command Buffer 0,12769740791,165334
6739,python (8633),Compute Command 0,12769891958,11875
6740,python (8633),Command Buffer 0,12769908583,161458
6741,python (8633),Compute Command 0,12770055166,12500
6742,python (8633),Command Buffer 0,12770072958,201250
6743,python (8633),Compute Command 0,12770259291,12542
6744,python (8633),Command Buffer 0,12770276958,164958
6745,python (8633),Compute Command 0,12770427666,11875
6746,python (8633),Command Buffer 0,12770444125,178750
6747,python (8633),Compute Command 0,12770608583,11958
6748,python (8633),Command Buffer 0,12770625125,168958
6749,python (8633),Compute Command 0,12770779666,12000
6750,python (8633),Command Buffer 0,12770796416,170750
6751,python (8633),Compute Command 0,12770952625,12083
6752,python (8633),Command Buffer 0,12770969625,177750
6753,python (8633),Compute Command 0,12771133041,12000
6754,python (8633),Command Buffer 0,12771149625,184583
6755,python (8633),Compute Command 0,12771319791,12042
6756,python (8633),Command Buffer 0,12771336500,181000
6757,python (8633),Compute Command 0,12771502833,12292
6758,python (8633),Command Buffer 0,12771519625,185708
6759,python (8633),Compute Command 0,12771691000,12041
6760,python (8633),Command Buffer 0,12771707583,180250
6761,python (8633),Compute Command 0,12771873541,12000
6762,python (8633),Command Buffer 0,12771890000,181458
6763,python (8633),Compute Command 0,12772058750,10666
6764,python (8633),Command Buffer 0,12772073333,172167
6765,python (8633),Compute Command 0,12772231375,11833
6766,python (8633),Command Buffer 0,12772248458,184500
6767,python (8633),Compute Command 0,12772418541,12042
6768,python (8633),Command Buffer 0,12772435125,183333
6769,python (8633),Compute Command 0,12772601583,14542
6770,python (8633),Command Buffer 0,12772620625,183958
6771,python (8633),Compute Command 0,12772790500,11791
6772,python (8633),Command Buffer 0,12772806666,180125
6773,python (8633),Compute Command 0,12772972541,11959
6774,python (8633),Command Buffer 0,12772989000,183833
6775,python (8633),Compute Command 0,12773158833,11667
6776,python (8633),Command Buffer 0,12773174875,178750
6777,python (8633),Compute Command 0,12773339541,11792
6778,python (8633),Command Buffer 0,12773355750,185083
6779,python (8633),Compute Command 0,12773526958,11500
6780,python (8633),Command Buffer 0,12773543458,182417
6781,python (8633),Compute Command 0,12773711750,11833
6782,python (8633),Command Buffer 0,12773728000,181291
6783,python (8633),Compute Command 0,12773894750,12166
6784,python (8633),Command Buffer 0,12773911500,182416
6785,python (8633),Compute Command 0,12774080041,11584
6786,python (8633),Command Buffer 0,12774096125,181375
6787,python (8633),Compute Command 0,12774263541,11667
6788,python (8633),Command Buffer 0,12774279750,170708
6789,python (8633),Compute Command 0,12774436500,11708
6790,python (8633),Command Buffer 0,12774452750,178916
6791,python (8633),Compute Command 0,12774617750,11583
6792,python (8633),Command Buffer 0,12774633958,180542
6793,python (8633),Compute Command 0,12774800625,11583
6794,python (8633),Command Buffer 0,12774816666,184750
6795,python (8633),Compute Command 0,12774987291,11792
6796,python (8633),Command Buffer 0,12775003625,181000
6797,python (8633),Compute Command 0,12775170583,11750
6798,python (8633),Command Buffer 0,12775186750,186958
6799,python (8633),Compute Command 0,12775357041,11584
6800,python (8633),Command Buffer 0,12775375791,178167
6801,python (8633),Compute Command 0,12775539875,11791
6802,python (8633),Command Buffer 0,12775556083,185667
6803,python (8633),Compute Command 0,12775727708,11750
6804,python (8633),Command Buffer 0,12775744416,184000
6805,python (8633),Compute Command 0,12775914375,11750
6806,python (8633),Command Buffer 0,12775930583,185375
6807,python (8633),Compute Command 0,12776102000,11666
6808,python (8633),Command Buffer 0,12776118083,184125
6809,python (8633),Compute Command 0,12776287875,12083
6810,python (8633),Command Buffer 0,12776304375,338458
6811,python (8633),Compute Command 0,12776628458,12042
6812,python (8633),Command Buffer 0,12776645250,180750
6813,python (8633),Compute Command 0,12776812041,11625
6814,python (8633),Command Buffer 0,12776828125,181916
6815,python (8633),Compute Command 0,12776996041,11667
6816,python (8633),Command Buffer 0,12777012250,182916
6817,python (8633),Compute Command 0,12777180958,11917
6818,python (8633),Command Buffer 0,12777197291,183584
6819,python (8633),Compute Command 0,12777366750,11833
6820,python (8633),Command Buffer 0,12777382958,180167
6821,python (8633),Compute Command 0,12777549291,11542
6822,python (8633),Command Buffer 0,12777565250,182875
6823,python (8633),Compute Command 0,12777733833,11958
6824,python (8633),Command Buffer 0,12777750208,182417
6825,python (8633),Compute Command 0,12777918541,11750
6826,python (8633),Command Buffer 0,12777935125,184666
6827,python (8633),Compute Command 0,12778105583,11917
6828,python (8633),Command Buffer 0,12778122000,183958
6829,python (8633),Compute Command 0,12778292041,11667
6830,python (8633),Command Buffer 0,12778308166,184917
6831,python (8633),Compute Command 0,12778478916,11875
6832,python (8633),Command Buffer 0,12778495166,181584
6833,python (8633),Compute Command 0,12778662875,11541
6834,python (8633),Command Buffer 0,12778678875,182000
6835,python (8633),Compute Command 0,12778846916,11625
6836,python (8633),Command Buffer 0,12778862958,178708
6837,python (8633),Compute Command 0,12779027541,11709
6838,python (8633),Command Buffer 0,12779043750,183958
6839,python (8633),Compute Command 0,12779210708,11792
6840,python (8633),Command Buffer 0,12779229791,177959
6841,python (8633),Compute Command 0,12779393750,11708
6842,python (8633),Command Buffer 0,12779409916,182167
6843,python (8633),Compute Command 0,12779578083,11708
6844,python (8633),Command Buffer 0,12779594250,178958
6845,python (8633),Compute Command 0,12779759375,11541
6846,python (8633),Command Buffer 0,12779775291,183000
6847,python (8633),Compute Command 0,12779944291,11709
6848,python (8633),Command Buffer 0,12779960375,176875
6849,python (8633),Compute Command 0,12780122000,12958
6850,python (8633),Command Buffer 0,12780139875,185333
6851,python (8633),Compute Command 0,12780311000,11916
6852,python (8633),Command Buffer 0,12780327291,182834
6853,python (8633),Compute Command 0,12780496000,11833
6854,python (8633),Command Buffer 0,12780512208,168708
6855,python (8633),Compute Command 0,12780666708,11875
6856,python (8633),Command Buffer 0,12780683166,178084
6857,python (8633),Compute Command 0,12780847250,11666
6858,python (8633),Command Buffer 0,12780863375,182458
6859,python (8633),Compute Command 0,12781031916,11667
6860,python (8633),Command Buffer 0,12781047916,178334
6861,python (8633),Compute Command 0,12781212250,11666
6862,python (8633),Command Buffer 0,12781228333,183333
6863,python (8633),Compute Command 0,12781397708,11708
6864,python (8633),Command Buffer 0,12781413791,179792
6865,python (8633),Compute Command 0,12781579541,11750
6866,python (8633),Command Buffer 0,12781595666,182417
6867,python (8633),Compute Command 0,12781763958,11792
6868,python (8633),Command Buffer 0,12781780208,181917
6869,python (8633),Compute Command 0,12781948125,11708
6870,python (8633),Command Buffer 0,12781964250,185458
6871,python (8633),Compute Command 0,12782135708,11708
6872,python (8633),Command Buffer 0,12782151750,166625
6873,python (8633),Compute Command 0,12782304500,11625
6874,python (8633),Command Buffer 0,12782320458,181875
6875,python (8633),Compute Command 0,12782488250,11833
6876,python (8633),Command Buffer 0,12782504416,179375
6877,python (8633),Compute Command 0,12782669916,11625
6878,python (8633),Command Buffer 0,12782685875,183000
6879,python (8633),Compute Command 0,12782854916,11667
6880,python (8633),Command Buffer 0,12782871000,181166
6881,python (8633),Compute Command 0,12783038041,11834
6882,python (8633),Command Buffer 0,12783054250,182250
6883,python (8633),Compute Command 0,12783222291,11917
6884,python (8633),Command Buffer 0,12783238625,179125
6885,python (8633),Compute Command 0,12783403583,11875
6886,python (8633),Command Buffer 0,12783419833,181833
6887,python (8633),Compute Command 0,12783587416,11875
6888,python (8633),Command Buffer 0,12783603750,179291
6889,python (8633),Compute Command 0,12783769000,11750
6890,python (8633),Command Buffer 0,12783785166,184792
6891,python (8633),Compute Command 0,12783955750,11916
6892,python (8633),Command Buffer 0,12783972083,182000
6893,python (8633),Compute Command 0,12784139791,12000
6894,python (8633),Command Buffer 0,12784156208,179542
6895,python (8633),Compute Command 0,12784321750,11708
6896,python (8633),Command Buffer 0,12784337875,184666
6897,python (8633),Compute Command 0,12784508250,12000
6898,python (8633),Command Buffer 0,12784524958,183458
6899,python (8633),Compute Command 0,12784694291,11917
6900,python (8633),Command Buffer 0,12784711000,245083
6901,python (8633),Compute Command 0,12784942041,11750
6902,python (8633),Command Buffer 0,12784958625,183750
6903,python (8633),Compute Command 0,12785128333,11750
6904,python (8633),Command Buffer 0,12785144541,179084
6905,python (8633),Compute Command 0,12785309541,11750
6906,python (8633),Command Buffer 0,12785325791,180375
6907,python (8633),Compute Command 0,12785492083,11792
6908,python (8633),Command Buffer 0,12785508250,177250
6909,python (8633),Compute Command 0,12785671375,11791
6910,python (8633),Command Buffer 0,12785687625,182791
6911,python (8633),Compute Command 0,12785856208,11917
6912,python (8633),Command Buffer 0,12785872541,177917
6913,python (8633),Compute Command 0,12786036375,11791
6914,python (8633),Command Buffer 0,12786052583,183167
6915,python (8633),Compute Command 0,12786221750,11750
6916,python (8633),Command Buffer 0,12786237916,180375
6917,python (8633),Compute Command 0,12786404291,11709
6918,python (8633),Command Buffer 0,12786420458,181875
6919,python (8633),Compute Command 0,12786588375,11583
6920,python (8633),Command Buffer 0,12786604500,170583
6921,python (8633),Compute Command 0,12786760583,12083
6922,python (8633),Command Buffer 0,12786777541,179750
6923,python (8633),Compute Command 0,12786943458,11500
6924,python (8633),Command Buffer 0,12786959375,175000
6925,python (8633),Compute Command 0,12787116958,15125
6926,python (8633),Command Buffer 0,12787136541,180625
6927,python (8633),Compute Command 0,12787303166,11667
6928,python (8633),Command Buffer 0,12787319291,177042
6929,python (8633),Compute Command 0,12787482500,11541
6930,python (8633),Command Buffer 0,12787501125,180500
6931,python (8633),Compute Command 0,12787667666,11625
6932,python (8633),Command Buffer 0,12787683750,177958
6933,python (8633),Compute Command 0,12787847750,11625
6934,python (8633),Command Buffer 0,12787863791,180667
6935,python (8633),Compute Command 0,12788030500,11708
6936,python (8633),Command Buffer 0,12788046625,178208
6937,python (8633),Compute Command 0,12788210833,11708
6938,python (8633),Command Buffer 0,12788226958,181167
6939,python (8633),Compute Command 0,12788393791,12084
6940,python (8633),Command Buffer 0,12788410250,178791
6941,python (8633),Compute Command 0,12788574958,11750
6942,python (8633),Command Buffer 0,12788591208,179542
6943,python (8633),Compute Command 0,12788757041,11417
6944,python (8633),Command Buffer 0,12788772875,175333
6945,python (8633),Compute Command 0,12788934083,11750
6946,python (8633),Command Buffer 0,12788953666,185167
6947,python (8633),Compute Command 0,12789119416,17167
6948,python (8633),Command Buffer 0,12789140916,181875
6949,python (8633),Compute Command 0,12789308916,11667
6950,python (8633),Command Buffer 0,12789324916,179542
6951,python (8633),Compute Command 0,12789490500,11666
6952,python (8633),Command Buffer 0,12789506583,176583
6953,python (8633),Compute Command 0,12789669333,11583
6954,python (8633),Command Buffer 0,12789685291,182292
6955,python (8633),Compute Command 0,12789853750,11625
6956,python (8633),Command Buffer 0,12789869708,178500
6957,python (8633),Compute Command 0,12790034166,11709
6958,python (8633),Command Buffer 0,12790050375,183291
6959,python (8633),Compute Command 0,12790219708,11667
6960,python (8633),Command Buffer 0,12790235750,180750
6961,python (8633),Compute Command 0,12790402625,11625
6962,python (8633),Command Buffer 0,12790418625,169750
6963,python (8633),Compute Command 0,12790574208,11792
6964,python (8633),Command Buffer 0,12790590708,182500
6965,python (8633),Compute Command 0,12790758541,12292
6966,python (8633),Command Buffer 0,12790775458,178708
6967,python (8633),Compute Command 0,12790939916,11917
6968,python (8633),Command Buffer 0,12790956666,173667
6969,python (8633),Compute Command 0,12791114791,13209
6970,python (8633),Command Buffer 0,12791133000,187625
6971,python (8633),Compute Command 0,12791306458,11875
6972,python (8633),Command Buffer 0,12791322875,181000
6973,python (8633),Compute Command 0,12791489416,12167
6974,python (8633),Command Buffer 0,12791506250,183708
6975,python (8633),Compute Command 0,12791675875,11750
6976,python (8633),Command Buffer 0,12791692250,179333
6977,python (8633),Compute Command 0,12791857333,11958
6978,python (8633),Command Buffer 0,12791873791,182834
6979,python (8633),Compute Command 0,12792042625,11666
6980,python (8633),Command Buffer 0,12792058791,179042
6981,python (8633),Compute Command 0,12792223708,11792
6982,python (8633),Command Buffer 0,12792239916,187750
6983,python (8633),Compute Command 0,12792413708,11667
6984,python (8633),Command Buffer 0,12792429750,179583
6985,python (8633),Compute Command 0,12792595083,11833
6986,python (8633),Command Buffer 0,12792611500,182583
6987,python (8633),Compute Command 0,12792780000,11791
6988,python (8633),Command Buffer 0,12792796125,180708
6989,python (8633),Compute Command 0,12792962833,11667
6990,python (8633),Command Buffer 0,12792978958,323833
6991,python (8633),Compute Command 0,12793288458,11958
6992,python (8633),Command Buffer 0,12793305125,183333
6993,python (8633),Compute Command 0,12793474375,11833
6994,python (8633),Command Buffer 0,12793490541,187042
6995,python (8633),Compute Command 0,12793663625,11708
6996,python (8633),Command Buffer 0,12793679666,181459
6997,python (8633),Compute Command 0,12793846875,11916
6998,python (8633),Command Buffer 0,12793863250,183541
6999,python (8633),Compute Command 0,12794032791,11709
7000,python (8633),Command Buffer 0,12794048916,181250
7001,python (8633),Compute Command 0,12794216208,11667
7002,python (8633),Command Buffer 0,12794232333,181542
7003,python (8633),Compute Command 0,12794399916,11667
7004,python (8633),Command Buffer 0,12794416000,183916
7005,python (8633),Compute Command 0,12794585833,11750
7006,python (8633),Command Buffer 0,12794602000,184333
7007,python (8633),Compute Command 0,12794772458,11583
7008,python (8633),Command Buffer 0,12794788500,184208
7009,python (8633),Compute Command 0,12794958541,11834
7010,python (8633),Command Buffer 0,12794974833,183417
7011,python (8633),Compute Command 0,12795144291,11667
7012,python (8633),Command Buffer 0,12795160375,170666
7013,python (8633),Compute Command 0,12795316166,12542
7014,python (8633),Command Buffer 0,12795333416,184417
7015,python (8633),Compute Command 0,12795503791,11667
7016,python (8633),Command Buffer 0,12795520041,182250
7017,python (8633),Compute Command 0,12795688166,11834
7018,python (8633),Command Buffer 0,12795704375,184625
7019,python (8633),Compute Command 0,12795875083,11625
7020,python (8633),Command Buffer 0,12795891125,180875
7021,python (8633),Compute Command 0,12796057958,11750
7022,python (8633),Command Buffer 0,12796074166,187209
7023,python (8633),Compute Command 0,12796247333,11708
7024,python (8633),Command Buffer 0,12796263666,182667
7025,python (8633),Compute Command 0,12796431958,12083
7026,python (8633),Command Buffer 0,12796448416,184000
7027,python (8633),Compute Command 0,12796618375,11666
7028,python (8633),Command Buffer 0,12796634541,180084
7029,python (8633),Compute Command 0,12796800625,11708
7030,python (8633),Command Buffer 0,12796816875,183708
7031,python (8633),Compute Command 0,12796986541,11750
7032,python (8633),Command Buffer 0,12797002708,178750
7033,python (8633),Compute Command 0,12797167416,11750
7034,python (8633),Command Buffer 0,12797183583,175417
7035,python (8633),Compute Command 0,12797344875,11833
7036,python (8633),Command Buffer 0,12797361166,182709
7037,python (8633),Compute Command 0,12797529583,11958
7038,python (8633),Command Buffer 0,12797546083,181792
7039,python (8633),Compute Command 0,12797713875,11666
7040,python (8633),Command Buffer 0,12797730000,182875
7041,python (8633),Compute Command 0,12797898666,11875
7042,python (8633),Command Buffer 0,12797915000,185125
7043,python (8633),Compute Command 0,12798086166,11667
7044,python (8633),Command Buffer 0,12798102291,181459
7045,python (8633),Compute Command 0,12798269625,11833
7046,python (8633),Command Buffer 0,12798285958,183375
7047,python (8633),Compute Command 0,12798455416,11667
7048,python (8633),Command Buffer 0,12798471458,181292
7049,python (8633),Compute Command 0,12798638708,11708
7050,python (8633),Command Buffer 0,12798654875,185750
7051,python (8633),Compute Command 0,12798822041,16167
7052,python (8633),Command Buffer 0,12798842750,163833
7053,python (8633),Compute Command 0,12798992333,12292
7054,python (8633),Command Buffer 0,12799008500,147250
7055,python (8633),Compute Command 0,12799139625,14041
7056,python (8633),Command Buffer 0,12799157708,164417
7057,python (8633),Compute Command 0,12799306083,13667
7058,python (8633),Command Buffer 0,12799324708,165458
7059,python (8633),Compute Command 0,12799475666,12042
7060,python (8633),Command Buffer 0,12799492666,165542
7061,python (8633),Compute Command 0,12799643791,12084
7062,python (8633),Command Buffer 0,12799660833,163708
7063,python (8633),Compute Command 0,12799810416,11792
7064,python (8633),Command Buffer 0,12799826833,165292
7065,python (8633),Compute Command 0,12799978208,11625
7066,python (8633),Command Buffer 0,12799994375,169000
7067,python (8633),Compute Command 0,12800149083,11958
7068,python (8633),Command Buffer 0,12800165625,165541
7069,python (8633),Compute Command 0,12800316958,11917
7070,python (8633),Command Buffer 0,12800333583,168958
7071,python (8633),Compute Command 0,12800488291,11917
7072,python (8633),Command Buffer 0,12800504916,165125
7073,python (8633),Compute Command 0,12800655541,12209
7074,python (8633),Command Buffer 0,12800672333,156458
7075,python (8633),Compute Command 0,12800814833,11667
7076,python (8633),Command Buffer 0,12800831208,181083
7077,python (8633),Compute Command 0,12800998000,11958
7078,python (8633),Command Buffer 0,12801017166,185209
7079,python (8633),Compute Command 0,12801188000,12041
7080,python (8633),Command Buffer 0,12801204416,176292
7081,python (8633),Compute Command 0,12801367458,11083
7082,python (8633),Command Buffer 0,12801382958,276708
7083,python (8633),Compute Command 0,12801645000,12416
7084,python (8633),Command Buffer 0,12801661791,184459
7085,python (8633),Compute Command 0,12801832000,11916
7086,python (8633),Command Buffer 0,12801848375,167125
7087,python (8633),Compute Command 0,12802001166,12000
7088,python (8633),Command Buffer 0,12802017666,168167
7089,python (8633),Compute Command 0,12802171916,11667
7090,python (8633),Command Buffer 0,12802187958,164458
7091,python (8633),Compute Command 0,12802338500,11666
7092,python (8633),Command Buffer 0,12802354583,168000
7093,python (8633),Compute Command 0,12802508791,11500
7094,python (8633),Command Buffer 0,12802524666,149125
7095,python (8633),Compute Command 0,12802659916,11584
7096,python (8633),Command Buffer 0,12802675916,167625
7097,python (8633),Compute Command 0,12802829500,11750
7098,python (8633),Command Buffer 0,12802845625,166541
7099,python (8633),Compute Command 0,12802998250,11666
7100,python (8633),Command Buffer 0,12803014291,163292
7101,python (8633),Compute Command 0,12803163083,12250
7102,python (8633),Command Buffer 0,12803179958,166833
7103,python (8633),Compute Command 0,12803332500,12000
7104,python (8633),Command Buffer 0,12803349041,164875
7105,python (8633),Compute Command 0,12803499708,11917
7106,python (8633),Command Buffer 0,12803516083,276125
7107,python (8633),Compute Command 0,12803774708,14958
7108,python (8633),Command Buffer 0,12803794916,198167
7109,python (8633),Compute Command 0,12803978916,11875
7110,python (8633),Command Buffer 0,12803995250,173916
7111,python (8633),Compute Command 0,12804155166,11709
7112,python (8633),Command Buffer 0,12804171375,160708
7113,python (8633),Compute Command 0,12804317291,12292
7114,python (8633),Command Buffer 0,12804334375,159250
7115,python (8633),Compute Command 0,12804478833,12417
7116,python (8633),Command Buffer 0,12804495958,195958
7117,python (8633),Compute Command 0,12804677916,11709
7118,python (8633),Command Buffer 0,12804694125,190375
7119,python (8633),Compute Command 0,12804870541,11709
7120,python (8633),Command Buffer 0,12804886583,194833
7121,python (8633),Compute Command 0,12805067250,11916
7122,python (8633),Command Buffer 0,12805083541,191750
7123,python (8633),Compute Command 0,12805261291,11750
7124,python (8633),Command Buffer 0,12805277416,193917
7125,python (8633),Compute Command 0,12805457083,11875
7126,python (8633),Command Buffer 0,12805473500,176000
7127,python (8633),Compute Command 0,12805635083,12000
7128,python (8633),Command Buffer 0,12805651958,166417
7129,python (8633),Compute Command 0,12805804000,12125
7130,python (8633),Command Buffer 0,12805820708,193750
7131,python (8633),Compute Command 0,12806000291,11917
7132,python (8633),Command Buffer 0,12806016583,192792
7133,python (8633),Compute Command 0,12806195083,12000
7134,python (8633),Command Buffer 0,12806211625,189666
7135,python (8633),Compute Command 0,12806387333,11667
7136,python (8633),Command Buffer 0,12806403625,195041
7137,python (8633),Compute Command 0,12806584666,11750
7138,python (8633),Command Buffer 0,12806600750,190125
7139,python (8633),Compute Command 0,12806776916,11667
7140,python (8633),Command Buffer 0,12806795375,193708
7141,python (8633),Compute Command 0,12806975000,11833
7142,python (8633),Command Buffer 0,12806991166,189834
7143,python (8633),Compute Command 0,12807167166,11584
7144,python (8633),Command Buffer 0,12807183125,182708
7145,python (8633),Compute Command 0,12807351833,11708
7146,python (8633),Command Buffer 0,12807368000,191750
7147,python (8633),Compute Command 0,12807545500,11958
7148,python (8633),Command Buffer 0,12807561833,184958
7149,python (8633),Compute Command 0,12807732833,11708
7150,python (8633),Command Buffer 0,12807748833,184875
7151,python (8633),Compute Command 0,12807919541,11875
7152,python (8633),Command Buffer 0,12807935916,198792
7153,python (8633),Compute Command 0,12808115000,17416
7154,python (8633),Command Buffer 0,12808136791,191875
7155,python (8633),Compute Command 0,12808314750,11708
7156,python (8633),Command Buffer 0,12808330750,194875
7157,python (8633),Compute Command 0,12808511708,11625
7158,python (8633),Command Buffer 0,12808527750,190000
7159,python (8633),Compute Command 0,12808703875,11583
7160,python (8633),Command Buffer 0,12808719875,194916
7161,python (8633),Compute Command 0,12808900875,11625
7162,python (8633),Command Buffer 0,12808916916,193042
7163,python (8633),Compute Command 0,12809096125,11583
7164,python (8633),Command Buffer 0,12809112083,194292
7165,python (8633),Compute Command 0,12809292583,11542
7166,python (8633),Command Buffer 0,12809308541,191584
7167,python (8633),Compute Command 0,12809486208,11625
7168,python (8633),Command Buffer 0,12809502250,192875
7169,python (8633),Compute Command 0,12809681291,11542
7170,python (8633),Command Buffer 0,12809697250,349583
7171,python (8633),Compute Command 0,12810032166,12250
7172,python (8633),Command Buffer 0,12810049041,185542
7173,python (8633),Compute Command 0,12810220166,12125
7174,python (8633),Command Buffer 0,12810237208,192833
7175,python (8633),Compute Command 0,12810416083,11667
7176,python (8633),Command Buffer 0,12810432125,194708
7177,python (8633),Compute Command 0,12810612833,11750
7178,python (8633),Command Buffer 0,12810628958,189167
7179,python (8633),Compute Command 0,12810804375,11500
7180,python (8633),Command Buffer 0,12810820250,193000
7181,python (8633),Compute Command 0,12810999208,11750
7182,python (8633),Command Buffer 0,12811015333,188625
7183,python (8633),Compute Command 0,12811190166,11542
7184,python (8633),Command Buffer 0,12811206083,192667
7185,python (8633),Compute Command 0,12811384875,11625
7186,python (8633),Command Buffer 0,12811400916,189834
7187,python (8633),Compute Command 0,12811576916,11584
7188,python (8633),Command Buffer 0,12811592958,193625
7189,python (8633),Compute Command 0,12811772666,11667
7190,python (8633),Command Buffer 0,12811788666,182084
7191,python (8633),Compute Command 0,12811955958,12500
7192,python (8633),Command Buffer 0,12811972958,188375
7193,python (8633),Compute Command 0,12812146666,12167
7194,python (8633),Command Buffer 0,12812163625,189541
7195,python (8633),Compute Command 0,12812338875,11916
7196,python (8633),Command Buffer 0,12812355416,192834
7197,python (8633),Compute Command 0,12812533958,11917
7198,python (8633),Command Buffer 0,12812550458,191750
7199,python (8633),Compute Command 0,12812727666,12209
7200,python (8633),Command Buffer 0,12812744375,191458
7201,python (8633),Compute Command 0,12812921666,11792
7202,python (8633),Command Buffer 0,12812938041,194542
7203,python (8633),Compute Command 0,12813114833,15417
7204,python (8633),Command Buffer 0,12813134750,194666
7205,python (8633),Compute Command 0,12813315291,11875
7206,python (8633),Command Buffer 0,12813331583,192000
7207,python (8633),Compute Command 0,12813509500,11750
7208,python (8633),Command Buffer 0,12813525708,196625
7209,python (8633),Compute Command 0,12813708291,11667
7210,python (8633),Command Buffer 0,12813724500,184083
7211,python (8633),Compute Command 0,12813894291,11959
7212,python (8633),Command Buffer 0,12813911500,193750
7213,python (8633),Compute Command 0,12814091250,11708
7214,python (8633),Command Buffer 0,12814107416,190917
7215,python (8633),Compute Command 0,12814284250,11750
7216,python (8633),Command Buffer 0,12814300500,194791
7217,python (8633),Compute Command 0,12814481291,11625
7218,python (8633),Command Buffer 0,12814497416,187959
7219,python (8633),Compute Command 0,12814671208,11833
7220,python (8633),Command Buffer 0,12814687500,194416
7221,python (8633),Compute Command 0,12814867875,11750
7222,python (8633),Command Buffer 0,12814884041,192334
7223,python (8633),Compute Command 0,12815062291,11834
7224,python (8633),Command Buffer 0,12815078500,193833
7225,python (8633),Compute Command 0,12815258208,11833
7226,python (8633),Command Buffer 0,12815274458,190208
7227,python (8633),Compute Command 0,12815447541,11959
7228,python (8633),Command Buffer 0,12815466833,181000
7229,python (8633),Compute Command 0,12815633958,11583
7230,python (8633),Command Buffer 0,12815650041,188875
7231,python (8633),Compute Command 0,12815824875,11708
7232,python (8633),Command Buffer 0,12815841041,195375
7233,python (8633),Compute Command 0,12816022166,11959
7234,python (8633),Command Buffer 0,12816038625,191250
7235,python (8633),Compute Command 0,12816215500,12041
7236,python (8633),Command Buffer 0,12816231916,197334
7237,python (8633),Compute Command 0,12816412458,14500
7238,python (8633),Command Buffer 0,12816431375,191666
7239,python (8633),Compute Command 0,12816608958,11792
7240,python (8633),Command Buffer 0,12816625166,185042
7241,python (8633),Compute Command 0,12816796041,11875
7242,python (8633),Command Buffer 0,12816812291,195042
7243,python (8633),Compute Command 0,12816993208,11792
7244,python (8633),Command Buffer 0,12817009500,186875
7245,python (8633),Compute Command 0,12817182291,11750
7246,python (8633),Command Buffer 0,12817198541,188042
7247,python (8633),Compute Command 0,12817372500,11791
7248,python (8633),Command Buffer 0,12817388708,187958
7249,python (8633),Compute Command 0,12817562708,11708
7250,python (8633),Command Buffer 0,12817578791,195459
7251,python (8633),Compute Command 0,12817760083,11875
7252,python (8633),Command Buffer 0,12817776375,186791
7253,python (8633),Compute Command 0,12817949083,11750
7254,python (8633),Command Buffer 0,12817965291,332000
7255,python (8633),Compute Command 0,12818275666,19042
7256,python (8633),Command Buffer 0,12818300291,168667
7257,python (8633),Compute Command 0,12818453208,13083
7258,python (8633),Command Buffer 0,12818471625,153916
7259,python (8633),Compute Command 0,12818608458,14500
7260,python (8633),Command Buffer 0,12818627875,171333
7261,python (8633),Compute Command 0,12818782791,14459
7262,python (8633),Command Buffer 0,12818801250,173291
7263,python (8633),Compute Command 0,12818958125,14041
7264,python (8633),Command Buffer 0,12818977041,169209
7265,python (8633),Compute Command 0,12819130333,14000
7266,python (8633),Command Buffer 0,12819148083,163375
7267,python (8633),Compute Command 0,12819296250,13291
7268,python (8633),Command Buffer 0,12819313375,153500
7269,python (8633),Compute Command 0,12819451750,13208
7270,python (8633),Command Buffer 0,12819468666,158334
7271,python (8633),Compute Command 0,12819612041,13042
7272,python (8633),Command Buffer 0,12819628958,150792
7273,python (8633),Compute Command 0,12819764333,13542
7274,python (8633),Command Buffer 0,12819781625,158083
7275,python (8633),Compute Command 0,12819924625,13125
7276,python (8633),Command Buffer 0,12819941750,153083
7277,python (8633),Compute Command 0,12820078375,14000
7278,python (8633),Command Buffer 0,12820097833,182750
7279,python (8633),Compute Command 0,12820267625,10958
7280,python (8633),Command Buffer 0,12820284083,293458
7281,python (8633),Compute Command 0,12820563166,12292
7282,python (8633),Command Buffer 0,12820579750,160208
7283,python (8633),Compute Command 0,12820726416,11542
7284,python (8633),Command Buffer 0,12820742791,165000
7285,python (8633),Compute Command 0,12820892791,12500
7286,python (8633),Command Buffer 0,12820911041,158834
7287,python (8633),Compute Command 0,12821053375,13875
7288,python (8633),Command Buffer 0,12821073000,141541
7289,python (8633),Compute Command 0,12821200916,11500
7290,python (8633),Command Buffer 0,12821217708,154292
7291,python (8633),Compute Command 0,12821357750,11916
7292,python (8633),Command Buffer 0,12821374333,157875
7293,python (8633),Compute Command 0,12821518250,11541
7294,python (8633),Command Buffer 0,12821535541,177084
7295,python (8633),Compute Command 0,12821691500,18708
7296,python (8633),Command Buffer 0,12821715708,145750
7297,python (8633),Compute Command 0,12821847916,11584
7298,python (8633),Command Buffer 0,12821863666,150750
7299,python (8633),Compute Command 0,12822000708,11625
7300,python (8633),Command Buffer 0,12822016791,143292
7301,python (8633),Compute Command 0,12822146166,11750
7302,python (8633),Command Buffer 0,12822162541,149125
7303,python (8633),Compute Command 0,12822298791,10917
7304,python (8633),Command Buffer 0,12822313958,145000
7305,python (8633),Compute Command 0,12822445750,11208
7306,python (8633),Command Buffer 0,12822461208,146250
7307,python (8633),Compute Command 0,12822594458,11083
7308,python (8633),Command Buffer 0,12822609750,143833
7309,python (8633),Compute Command 0,12822741625,9958
7310,python (8633),Command Buffer 0,12822756041,141750
7311,python (8633),Compute Command 0,12822882958,12792
7312,python (8633),Command Buffer 0,12822900250,163916
7313,python (8633),Compute Command 0,12823051083,11000
7314,python (8633),Command Buffer 0,12823066833,148583
7315,python (8633),Compute Command 0,12823201041,12375
7316,python (8633),Command Buffer 0,12823217500,143291
7317,python (8633),Compute Command 0,12823348583,10042
7318,python (8633),Command Buffer 0,12823362916,141167
7319,python (8633),Compute Command 0,12823491166,10625
7320,python (8633),Command Buffer 0,12823506125,161208
7321,python (8633),Compute Command 0,12823654458,10708
7322,python (8633),Command Buffer 0,12823669541,150917
7323,python (8633),Compute Command 0,12823807041,11459
7324,python (8633),Command Buffer 0,12823822791,148709
7325,python (8633),Compute Command 0,12823958666,10792
7326,python (8633),Command Buffer 0,12823973916,226209
7327,python (8633),Compute Command 0,12824185750,12375
7328,python (8633),Command Buffer 0,12824202833,160167
7329,python (8633),Compute Command 0,12824349791,11000
7330,python (8633),Command Buffer 0,12824365666,153625
7331,python (8633),Compute Command 0,12824501500,15208
7332,python (8633),Command Buffer 0,12824522458,165667
7333,python (8633),Compute Command 0,12824673916,12000
7334,python (8633),Command Buffer 0,12824690333,163417
7335,python (8633),Compute Command 0,12824837333,14208
7336,python (8633),Command Buffer 0,12824856875,164625
7337,python (8633),Compute Command 0,12825006250,13208
7338,python (8633),Command Buffer 0,12825024000,153708
7339,python (8633),Compute Command 0,12825164500,11250
7340,python (8633),Command Buffer 0,12825180000,157541
7341,python (8633),Compute Command 0,12825321791,13542
7342,python (8633),Command Buffer 0,12825340500,150875
7343,python (8633),Compute Command 0,12825478166,11250
7344,python (8633),Command Buffer 0,12825494250,150291
7345,python (8633),Compute Command 0,12825630708,11708
7346,python (8633),Command Buffer 0,12825646916,155625
7347,python (8633),Compute Command 0,12825787000,13291
7348,python (8633),Command Buffer 0,12825805416,177417
7349,python (8633),Compute Command 0,12825958916,20709
7350,python (8633),Command Buffer 0,12825986333,160792
7351,python (8633),Compute Command 0,12826131708,13500
7352,python (8633),Command Buffer 0,12826149541,148792
7353,python (8633),Compute Command 0,12826282125,13875
7354,python (8633),Command Buffer 0,12826301708,323250
7355,python (8633),Compute Command 0,12826610416,12417
7356,python (8633),Command Buffer 0,12826627833,152875
7357,python (8633),Compute Command 0,12826767250,11458
7358,python (8633),Command Buffer 0,12826783666,159334
7359,python (8633),Compute Command 0,12826929541,11459
7360,python (8633),Command Buffer 0,12826945291,156709
7361,python (8633),Compute Command 0,12827088208,11750
7362,python (8633),Command Buffer 0,12827104291,155334
7363,python (8633),Compute Command 0,12827245541,12084
7364,python (8633),Command Buffer 0,12827262166,165834
7365,python (8633),Compute Command 0,12827414291,11500
7366,python (8633),Command Buffer 0,12827430416,151000
7367,python (8633),Compute Command 0,12827568083,11375
7368,python (8633),Command Buffer 0,12827583625,155750
7369,python (8633),Compute Command 0,12827726416,10917
7370,python (8633),Command Buffer 0,12827741666,162084
7371,python (8633),Compute Command 0,12827890625,11208
7372,python (8633),Command Buffer 0,12827906083,154542
7373,python (8633),Compute Command 0,12828048041,10500
7374,python (8633),Command Buffer 0,12828062583,155917
7375,python (8633),Compute Command 0,12828203666,12792
7376,python (8633),Command Buffer 0,12828220791,150042
7377,python (8633),Compute Command 0,12828357416,11292
7378,python (8633),Command Buffer 0,12828372958,153417
7379,python (8633),Compute Command 0,12828514250,10208
7380,python (8633),Command Buffer 0,12828530583,169292
7381,python (8633),Compute Command 0,12828684166,13500
7382,python (8633),Command Buffer 0,12828702208,236042
7383,python (8633),Compute Command 0,12828905916,26709
7384,python (8633),Command Buffer 0,12828946041,182209
7385,python (8633),Compute Command 0,12829108250,17166
7386,python (8633),Command Buffer 0,12829132125,186625
7387,python (8633),Compute Command 0,12829299250,16375
7388,python (8633),Command Buffer 0,12829324208,171917
7389,python (8633),Compute Command 0,12829480375,13500
7390,python (8633),Command Buffer 0,12829498750,171833
7391,python (8633),Compute Command 0,12829656166,12417
7392,python (8633),Command Buffer 0,12829673041,164417
7393,python (8633),Compute Command 0,12829823333,11917
7394,python (8633),Command Buffer 0,12829840000,157875
7395,python (8633),Compute Command 0,12829984000,11625
7396,python (8633),Command Buffer 0,12830000375,158083
7397,python (8633),Compute Command 0,12830145083,11292
7398,python (8633),Command Buffer 0,12830161291,152875
7399,python (8633),Compute Command 0,12830301458,10625
7400,python (8633),Command Buffer 0,12830316958,140583
7401,python (8633),Compute Command 0,12830444708,10667
7402,python (8633),Command Buffer 0,12830459666,155584
7403,python (8633),Compute Command 0,12830600541,12500
7404,python (8633),Command Buffer 0,12830617375,161541
7405,python (8633),Compute Command 0,12830765083,11875
7406,python (8633),Command Buffer 0,12830781583,141750
7407,python (8633),Compute Command 0,12830909833,11542
7408,python (8633),Command Buffer 0,12830925958,160542
7409,python (8633),Compute Command 0,12831074250,10333
7410,python (8633),Command Buffer 0,12831088708,140250
7411,python (8633),Compute Command 0,12831215791,11292
7412,python (8633),Command Buffer 0,12831231291,152167
7413,python (8633),Compute Command 0,12831370291,11250
7414,python (8633),Command Buffer 0,12831385541,155500
7415,python (8633),Compute Command 0,12831529083,10083
7416,python (8633),Command Buffer 0,12831542958,168250
7417,python (8633),Compute Command 0,12831699208,10000
7418,python (8633),Command Buffer 0,12831713166,175459
7419,python (8633),Compute Command 0,12831873958,12792
7420,python (8633),Command Buffer 0,12831891000,168500
7421,python (8633),Compute Command 0,12832047708,9875
7422,python (8633),Command Buffer 0,12832061750,174333
7423,python (8633),Compute Command 0,12832222125,11916
7424,python (8633),Command Buffer 0,12832238416,139250
7425,python (8633),Compute Command 0,12832365000,10625
7426,python (8633),Command Buffer 0,12832380416,138084
7427,python (8633),Compute Command 0,12832504791,11584
7428,python (8633),Command Buffer 0,12832520958,145458
7429,python (8633),Compute Command 0,12832652458,11833
7430,python (8633),Command Buffer 0,12832669125,143958
7431,python (8633),Compute Command 0,12832800500,10541
7432,python (8633),Command Buffer 0,12832815916,151334
7433,python (8633),Compute Command 0,12832954041,11250
7434,python (8633),Command Buffer 0,12832969500,151458
7435,python (8633),Compute Command 0,12833109083,9792
7436,python (8633),Command Buffer 0,12833123166,162917
7437,python (8633),Compute Command 0,12833273083,11042
7438,python (8633),Command Buffer 0,12833288416,133667
7439,python (8633),Compute Command 0,12833410125,9791
7440,python (8633),Command Buffer 0,12833424291,147834
7441,python (8633),Compute Command 0,12833558916,11209
7442,python (8633),Command Buffer 0,12833574500,150041
7443,python (8633),Compute Command 0,12833712500,9875
7444,python (8633),Command Buffer 0,12833726666,162667
7445,python (8633),Compute Command 0,12833876333,11042
7446,python (8633),Command Buffer 0,12833891666,136542
7447,python (8633),Compute Command 0,12834016375,9791
7448,python (8633),Command Buffer 0,12834030375,144708
7449,python (8633),Compute Command 0,12834162083,11083
7450,python (8633),Command Buffer 0,12834177416,152000
7451,python (8633),Compute Command 0,12834317333,10125
7452,python (8633),Command Buffer 0,12834332041,151084
7453,python (8633),Compute Command 0,12834471208,10042
7454,python (8633),Command Buffer 0,12834485375,152208
7455,python (8633),Compute Command 0,12834623916,11625
7456,python (8633),Command Buffer 0,12834640041,318584
7457,python (8633),Compute Command 0,12834944708,11750
7458,python (8633),Command Buffer 0,12834961041,145959
7459,python (8633),Compute Command 0,12835094833,10125
7460,python (8633),Command Buffer 0,12835109333,163000
7461,python (8633),Compute Command 0,12835258791,11667
7462,python (8633),Command Buffer 0,12835274541,160625
7463,python (8633),Compute Command 0,12835423083,10167
7464,python (8633),Command Buffer 0,12835437541,151250
7465,python (8633),Compute Command 0,12835576458,10375
7466,python (8633),Command Buffer 0,12835591041,152709
7467,python (8633),Compute Command 0,12835731416,10417
7468,python (8633),Command Buffer 0,12835745916,150834
7469,python (8633),Compute Command 0,12835883458,11000
7470,python (8633),Command Buffer 0,12835898875,162583
7471,python (8633),Compute Command 0,12836048208,11250
7472,python (8633),Command Buffer 0,12836063583,155708
7473,python (8633),Compute Command 0,12836206250,11166
7474,python (8633),Command Buffer 0,12836221541,157500
7475,python (8633),Compute Command 0,12836366250,10875
7476,python (8633),Command Buffer 0,12836381250,165625
7477,python (8633),Compute Command 0,12836528958,16042
7478,python (8633),Command Buffer 0,12836548958,149667
7479,python (8633),Compute Command 0,12836686666,9667
7480,python (8633),Command Buffer 0,12836700791,154292
7481,python (8633),Compute Command 0,12836841916,11292
7482,python (8633),Command Buffer 0,12836857833,162333
7483,python (8633),Compute Command 0,12837006875,11333
7484,python (8633),Command Buffer 0,12837022375,225291
7485,python (8633),Compute Command 0,12837233791,11917
7486,python (8633),Command Buffer 0,12837249958,128875
7487,python (8633),Compute Command 0,12837366166,10667
7488,python (8633),Command Buffer 0,12837381000,154541
7489,python (8633),Compute Command 0,12837523583,10042
7490,python (8633),Command Buffer 0,12837537750,161583
7491,python (8633),Compute Command 0,12837686541,10875
7492,python (8633),Command Buffer 0,12837701541,158959
7493,python (8633),Compute Command 0,12837848500,10125
7494,python (8633),Command Buffer 0,12837862708,163917
7495,python (8633),Compute Command 0,12838013791,10875
7496,python (8633),Command Buffer 0,12838028875,161291
7497,python (8633),Compute Command 0,12838177208,11083
7498,python (8633),Command Buffer 0,12838192333,146625
7499,python (8633),Compute Command 0,12838325750,11291
7500,python (8633),Command Buffer 0,12838341125,151791
7501,python (8633),Compute Command 0,12838480833,10083
7502,python (8633),Command Buffer 0,12838494958,168750
7503,python (8633),Compute Command 0,12838651916,9834
7504,python (8633),Command Buffer 0,12838665958,168375
7505,python (8633),Compute Command 0,12838821958,10500
7506,python (8633),Command Buffer 0,12838836541,167459
7507,python (8633),Compute Command 0,12838991333,10792
7508,python (8633),Command Buffer 0,12839006250,160666
7509,python (8633),Compute Command 0,12839155041,9875
7510,python (8633),Command Buffer 0,12839169250,166833
7511,python (8633),Compute Command 0,12839323958,10167
7512,python (8633),Command Buffer 0,12839338333,179750
7513,python (8633),Compute Command 0,12839506000,10250
7514,python (8633),Command Buffer 0,12839520625,152500
7515,python (8633),Compute Command 0,12839661000,10166
7516,python (8633),Command Buffer 0,12839674958,165417
7517,python (8633),Compute Command 0,12839826666,11667
7518,python (8633),Command Buffer 0,12839842583,157625
7519,python (8633),Compute Command 0,12839987208,11083
7520,python (8633),Command Buffer 0,12840002333,152833
7521,python (8633),Compute Command 0,12840143208,10000
7522,python (8633),Command Buffer 0,12840157291,157625
7523,python (8633),Compute Command 0,12840301916,11084
7524,python (8633),Command Buffer 0,12840317125,151458
7525,python (8633),Compute Command 0,12840455333,10917
7526,python (8633),Command Buffer 0,12840470625,171916
7527,python (8633),Compute Command 0,12840628916,11834
7528,python (8633),Command Buffer 0,12840644541,156792
7529,python (8633),Compute Command 0,12840788625,10833
7530,python (8633),Command Buffer 0,12840803458,165333
7531,python (8633),Compute Command 0,12840955708,11208
7532,python (8633),Command Buffer 0,12840970875,149666
7533,python (8633),Compute Command 0,12841107791,10875
7534,python (8633),Command Buffer 0,12841122666,156334
7535,python (8633),Compute Command 0,12841266333,10792
7536,python (8633),Command Buffer 0,12841281208,156167
7537,python (8633),Compute Command 0,12841424500,11000
7538,python (8633),Command Buffer 0,12841439500,157541
7539,python (8633),Compute Command 0,12841584500,10708
7540,python (8633),Command Buffer 0,12841599166,170709
7541,python (8633),Compute Command 0,12841756625,11250
7542,python (8633),Command Buffer 0,12841772041,169334
7543,python (8633),Compute Command 0,12841928458,11042
7544,python (8633),Command Buffer 0,12841943583,164667
7545,python (8633),Compute Command 0,12842096333,9917
7546,python (8633),Command Buffer 0,12842110291,171792
7547,python (8633),Compute Command 0,12842269500,10625
7548,python (8633),Command Buffer 0,12842284333,168667
7549,python (8633),Compute Command 0,12842441041,10000
7550,python (8633),Command Buffer 0,12842455166,178375
7551,python (8633),Compute Command 0,12842621083,10500
7552,python (8633),Command Buffer 0,12842635916,129334
7553,python (8633),Compute Command 0,12842753166,10125
7554,python (8633),Command Buffer 0,12842767375,168583
7555,python (8633),Compute Command 0,12842924041,9959
7556,python (8633),Command Buffer 0,12842937958,325833
7557,python (8633),Compute Command 0,12843250875,11041
7558,python (8633),Command Buffer 0,12843266333,168250
7559,python (8633),Compute Command 0,12843422750,9875
7560,python (8633),Command Buffer 0,12843436958,171542
7561,python (8633),Compute Command 0,12843596333,10292
7562,python (8633),Command Buffer 0,12843610750,169666
7563,python (8633),Compute Command 0,12843768458,10042
7564,python (8633),Command Buffer 0,12843782583,169375
7565,python (8633),Compute Command 0,12843940250,9833
7566,python (8633),Command Buffer 0,12843953875,173083
7567,python (8633),Compute Command 0,12844111583,10083
7568,python (8633),Command Buffer 0,12844128833,166375
7569,python (8633),Compute Command 0,12844283416,9834
7570,python (8633),Command Buffer 0,12844297333,171292
7571,python (8633),Compute Command 0,12844456708,9958
7572,python (8633),Command Buffer 0,12844470458,174250
7573,python (8633),Compute Command 0,12844631166,11542
7574,python (8633),Command Buffer 0,12844647125,160666
7575,python (8633),Compute Command 0,12844794875,11000
7576,python (8633),Command Buffer 0,12844810125,159291
7577,python (8633),Compute Command 0,12844956708,10792
7578,python (8633),Command Buffer 0,12844971708,153375
7579,python (8633),Compute Command 0,12845112458,9750
7580,python (8633),Command Buffer 0,12845127000,170000
7581,python (8633),Compute Command 0,12845285333,9708
7582,python (8633),Command Buffer 0,12845299041,174959
7583,python (8633),Compute Command 0,12845461416,10709
7584,python (8633),Command Buffer 0,12845476041,164792
7585,python (8633),Compute Command 0,12845628833,10042
7586,python (8633),Command Buffer 0,12845643166,169667
7587,python (8633),Compute Command 0,12845800958,9958
7588,python (8633),Command Buffer 0,12845814750,168250
7589,python (8633),Compute Command 0,12845971250,9916
7590,python (8633),Command Buffer 0,12845985000,167750
7591,python (8633),Compute Command 0,12846140666,10167
7592,python (8633),Command Buffer 0,12846154875,174166
7593,python (8633),Compute Command 0,12846315875,11166
7594,python (8633),Command Buffer 0,12846331250,167166
7595,python (8633),Compute Command 0,12846486291,10084
7596,python (8633),Command Buffer 0,12846500250,169333
7597,python (8633),Compute Command 0,12846657458,9958
7598,python (8633),Command Buffer 0,12846671750,170416
7599,python (8633),Compute Command 0,12846830250,9916
7600,python (8633),Command Buffer 0,12846844000,174375
7601,python (8633),Compute Command 0,12847005833,10625
7602,python (8633),Command Buffer 0,12847020500,165958
7603,python (8633),Compute Command 0,12847174541,9959
7604,python (8633),Command Buffer 0,12847188625,175791
7605,python (8633),Compute Command 0,12847351958,10625
7606,python (8633),Command Buffer 0,12847366500,151458
7607,python (8633),Compute Command 0,12847506375,9541
7608,python (8633),Command Buffer 0,12847520541,156417
7609,python (8633),Compute Command 0,12847664125,10958
7610,python (8633),Command Buffer 0,12847679125,165666
7611,python (8633),Compute Command 0,12847832791,10000
7612,python (8633),Command Buffer 0,12847846625,168875
7613,python (8633),Compute Command 0,12848003875,9750
7614,python (8633),Command Buffer 0,12848017833,170500
7615,python (8633),Compute Command 0,12848176625,9750
7616,python (8633),Command Buffer 0,12848190125,177916
7617,python (8633),Compute Command 0,12848347625,10208
7618,python (8633),Command Buffer 0,12848371083,164667
7619,python (8633),Compute Command 0,12848522458,11375
7620,python (8633),Command Buffer 0,12848538041,167500
7621,python (8633),Compute Command 0,12848693583,10042
7622,python (8633),Command Buffer 0,12848707375,181833
7623,python (8633),Compute Command 0,12848875333,11667
7624,python (8633),Command Buffer 0,12848891875,149041
7625,python (8633),Compute Command 0,12849028291,10667
7626,python (8633),Command Buffer 0,12849043208,169542
7627,python (8633),Compute Command 0,12849199791,10959
7628,python (8633),Command Buffer 0,12849214958,169583
7629,python (8633),Compute Command 0,12849372291,10334
7630,python (8633),Command Buffer 0,12849386708,178292
7631,python (8633),Compute Command 0,12849552416,10709
7632,python (8633),Command Buffer 0,12849567166,170584
7633,python (8633),Compute Command 0,12849725000,10875
7634,python (8633),Command Buffer 0,12849740458,153417
7635,python (8633),Compute Command 0,12849881291,10709
7636,python (8633),Command Buffer 0,12849896166,153459
7637,python (8633),Compute Command 0,12850037375,10333
7638,python (8633),Command Buffer 0,12850051875,168833
7639,python (8633),Compute Command 0,12850208583,10167
7640,python (8633),Command Buffer 0,12850222958,168083
7641,python (8633),Compute Command 0,12850379041,10084
7642,python (8633),Command Buffer 0,12850393250,172375
7643,python (8633),Compute Command 0,12850552458,11250
7644,python (8633),Command Buffer 0,12850568125,171916
7645,python (8633),Compute Command 0,12850727583,10500
7646,python (8633),Command Buffer 0,12850742291,168500
7647,python (8633),Compute Command 0,12850898791,10000
7648,python (8633),Command Buffer 0,12850912791,229750
7649,python (8633),Compute Command 0,12851130625,10000
7650,python (8633),Command Buffer 0,12851144750,167833
7651,python (8633),Compute Command 0,12851300541,10125
7652,python (8633),Command Buffer 0,12851314750,380375
7653,python (8633),Compute Command 0,12851682375,10875
7654,python (8633),Command Buffer 0,12851697333,159000
7655,python (8633),Compute Command 0,12851843625,10833
7656,python (8633),Command Buffer 0,12851858416,206084
7657,python (8633),Compute Command 0,12852049750,12291
7658,python (8633),Command Buffer 0,12852066791,195667
7659,python (8633),Compute Command 0,12852247916,12167
7660,python (8633),Command Buffer 0,12852264666,198834
7661,python (8633),Compute Command 0,12852446166,12209
7662,python (8633),Command Buffer 0,12852465666,195125
7663,python (8633),Compute Command 0,12852646291,12209
7664,python (8633),Command Buffer 0,12852662958,197208
7665,python (8633),Compute Command 0,12852845916,11959
7666,python (8633),Command Buffer 0,12852862500,193750
7667,python (8633),Compute Command 0,12853042083,11833
7668,python (8633),Command Buffer 0,12853058375,195375
7669,python (8633),Compute Command 0,12853239666,11792
7670,python (8633),Command Buffer 0,12853256500,190958
7671,python (8633),Compute Command 0,12853433208,11917
7672,python (8633),Command Buffer 0,12853449625,195083
7673,python (8633),Compute Command 0,12853630750,11666
7674,python (8633),Command Buffer 0,12853646916,194584
7675,python (8633),Compute Command 0,12853827583,11542
7676,python (8633),Command Buffer 0,12853843666,192792
7677,python (8633),Compute Command 0,12854022375,11750
7678,python (8633),Command Buffer 0,12854038708,177083
7679,python (8633),Compute Command 0,12854201791,11709
7680,python (8633),Command Buffer 0,12854218208,166792
7681,python (8633),Compute Command 0,12854370833,11833
7682,python (8633),Command Buffer 0,12854387375,172083
7683,python (8633),Compute Command 0,12854545208,11958
7684,python (8633),Command Buffer 0,12854564333,195167
7685,python (8633),Compute Command 0,12854745666,11542
7686,python (8633),Command Buffer 0,12854761708,195250
7687,python (8633),Compute Command 0,12854943083,11583
7688,python (8633),Command Buffer 0,12854959166,193792
7689,python (8633),Compute Command 0,12855138833,11792
7690,python (8633),Command Buffer 0,12855155083,190167
7691,python (8633),Compute Command 0,12855331083,11875
7692,python (8633),Command Buffer 0,12855347333,194500
7693,python (8633),Compute Command 0,12855527541,12000
7694,python (8633),Command Buffer 0,12855544500,176583
7695,python (8633),Compute Command 0,12855707166,11584
7696,python (8633),Command Buffer 0,12855723291,186000
7697,python (8633),Compute Command 0,12855895125,11833
7698,python (8633),Command Buffer 0,12855911500,194041
7699,python (8633),Compute Command 0,12856091541,11709
7700,python (8633),Command Buffer 0,12856110375,188625
7701,python (8633),Compute Command 0,12856284625,12083
7702,python (8633),Command Buffer 0,12856301416,196334
7703,python (8633),Compute Command 0,12856483666,11792
7704,python (8633),Command Buffer 0,12856499875,194250
7705,python (8633),Compute Command 0,12856680083,11708
7706,python (8633),Command Buffer 0,12856696250,194666
7707,python (8633),Compute Command 0,12856876791,11834
7708,python (8633),Command Buffer 0,12856893083,194708
7709,python (8633),Compute Command 0,12857073291,12209
7710,python (8633),Command Buffer 0,12857089916,176500
7711,python (8633),Compute Command 0,12857250000,14125
7712,python (8633),Command Buffer 0,12857268583,177042
7713,python (8633),Compute Command 0,12857432500,11000
7714,python (8633),Command Buffer 0,12857447541,195750
7715,python (8633),Compute Command 0,12857628833,12125
7716,python (8633),Command Buffer 0,12857645500,195041
7717,python (8633),Compute Command 0,12857826083,12125
7718,python (8633),Command Buffer 0,12857842708,194708
7719,python (8633),Compute Command 0,12858023125,11916
7720,python (8633),Command Buffer 0,12858039666,194375
7721,python (8633),Compute Command 0,12858219916,11792
7722,python (8633),Command Buffer 0,12858236291,193875
7723,python (8633),Compute Command 0,12858416041,11792
7724,python (8633),Command Buffer 0,12858432333,192375
7725,python (8633),Compute Command 0,12858610583,11833
7726,python (8633),Command Buffer 0,12858626833,202208
7727,python (8633),Compute Command 0,12858814833,12000
7728,python (8633),Command Buffer 0,12858831125,195583
7729,python (8633),Compute Command 0,12859012583,11792
7730,python (8633),Command Buffer 0,12859028833,194125
7731,python (8633),Compute Command 0,12859208208,12417
7732,python (8633),Command Buffer 0,12859225666,205084
7733,python (8633),Compute Command 0,12859416875,11625
7734,python (8633),Command Buffer 0,12859433000,194000
7735,python (8633),Compute Command 0,12859612958,11792
7736,python (8633),Command Buffer 0,12859629250,352833
7737,python (8633),Compute Command 0,12859967375,12375
7738,python (8633),Command Buffer 0,12859987041,203292
7739,python (8633),Compute Command 0,12860171416,16625
7740,python (8633),Command Buffer 0,12860192625,199750
7741,python (8633),Compute Command 0,12860378041,12000
7742,python (8633),Command Buffer 0,12860394625,195041
7743,python (8633),Compute Command 0,12860575416,11959
7744,python (8633),Command Buffer 0,12860594791,183917
7745,python (8633),Compute Command 0,12860764666,11709
7746,python (8633),Command Buffer 0,12860780916,198500
7747,python (8633),Compute Command 0,12860965333,11833
7748,python (8633),Command Buffer 0,12860981541,202042
7749,python (8633),Compute Command 0,12861169583,11667
7750,python (8633),Command Buffer 0,12861185708,199958
7751,python (8633),Compute Command 0,12861371666,11667
7752,python (8633),Command Buffer 0,12861387833,226333
7753,python (8633),Compute Command 0,12861600125,11708
7754,python (8633),Command Buffer 0,12861616333,194958
7755,python (8633),Compute Command 0,12861797416,11625
7756,python (8633),Command Buffer 0,12861813458,197250
7757,python (8633),Compute Command 0,12861996541,11917
7758,python (8633),Command Buffer 0,12862012875,198291
7759,python (8633),Compute Command 0,12862197208,11750
7760,python (8633),Command Buffer 0,12862213333,198833
7761,python (8633),Compute Command 0,12862398125,11791
7762,python (8633),Command Buffer 0,12862414291,196875
7763,python (8633),Compute Command 0,12862596958,11833
7764,python (8633),Command Buffer 0,12862613333,195708
7765,python (8633),Compute Command 0,12862794833,11917
7766,python (8633),Command Buffer 0,12862811166,194500
7767,python (8633),Compute Command 0,12862991708,11667
7768,python (8633),Command Buffer 0,12863007875,207208
7769,python (8633),Compute Command 0,12863195875,16958
7770,python (8633),Command Buffer 0,12863217333,199625
7771,python (8633),Compute Command 0,12863402916,11709
7772,python (8633),Command Buffer 0,12863419166,200125
7773,python (8633),Compute Command 0,12863605250,11750
7774,python (8633),Command Buffer 0,12863621375,199416
7775,python (8633),Compute Command 0,12863806916,11584
7776,python (8633),Command Buffer 0,12863822916,193459
7777,python (8633),Compute Command 0,12863999708,14375
7778,python (8633),Command Buffer 0,12864018458,196875
7779,python (8633),Compute Command 0,12864201583,11500
7780,python (8633),Command Buffer 0,12864217416,198084
7781,python (8633),Compute Command 0,12864401500,11708
7782,python (8633),Command Buffer 0,12864417666,195584
7783,python (8633),Compute Command 0,12864599250,11708
7784,python (8633),Command Buffer 0,12864615416,197667
7785,python (8633),Compute Command 0,12864799041,11750
7786,python (8633),Command Buffer 0,12864815208,198667
7787,python (8633),Compute Command 0,12864999541,12000
7788,python (8633),Command Buffer 0,12865016041,184375
7789,python (8633),Compute Command 0,12865190125,8625
7790,python (8633),Command Buffer 0,12865202208,187208
7791,python (8633),Compute Command 0,12865375291,11792
7792,python (8633),Command Buffer 0,12865391541,181125
7793,python (8633),Compute Command 0,12865556958,13333
7794,python (8633),Command Buffer 0,12865574958,172583
7795,python (8633),Compute Command 0,12865729916,15292
7796,python (8633),Command Buffer 0,12865749666,176334
7797,python (8633),Compute Command 0,12865910875,12500
7798,python (8633),Command Buffer 0,12865928916,195584
7799,python (8633),Compute Command 0,12866108666,12500
7800,python (8633),Command Buffer 0,12866126791,198959
7801,python (8633),Compute Command 0,12866311416,11959
7802,python (8633),Command Buffer 0,12866328000,191500
7803,python (8633),Compute Command 0,12866505291,11959
7804,python (8633),Command Buffer 0,12866521666,200417
7805,python (8633),Compute Command 0,12866707958,11792
7806,python (8633),Command Buffer 0,12866724291,198834
7807,python (8633),Compute Command 0,12866909083,11750
7808,python (8633),Command Buffer 0,12866925291,190584
7809,python (8633),Compute Command 0,12867101708,11833
7810,python (8633),Command Buffer 0,12867118000,188416
7811,python (8633),Compute Command 0,12867292333,11833
7812,python (8633),Command Buffer 0,12867308583,227583
7813,python (8633),Compute Command 0,12867519333,11708
7814,python (8633),Command Buffer 0,12867538375,194083
7815,python (8633),Compute Command 0,12867718250,11916
7816,python (8633),Command Buffer 0,12867734583,196333
7817,python (8633),Compute Command 0,12867916791,11792
7818,python (8633),Command Buffer 0,12867933041,343375
7819,python (8633),Compute Command 0,12868260458,13625
7820,python (8633),Command Buffer 0,12868278583,190583
7821,python (8633),Compute Command 0,12868454791,12042
7822,python (8633),Command Buffer 0,12868471500,176291
7823,python (8633),Compute Command 0,12868632375,12875
7824,python (8633),Command Buffer 0,12868650625,159250
7825,python (8633),Compute Command 0,12868794875,12416
7826,python (8633),Command Buffer 0,12868812666,174750
7827,python (8633),Compute Command 0,12868972625,12458
7828,python (8633),Command Buffer 0,12868989750,180666
7829,python (8633),Compute Command 0,12869155833,12125
7830,python (8633),Command Buffer 0,12869172875,172458
7831,python (8633),Compute Command 0,12869331333,11750
7832,python (8633),Command Buffer 0,12869347583,172125
7833,python (8633),Compute Command 0,12869505541,11917
7834,python (8633),Command Buffer 0,12869521916,175250
7835,python (8633),Compute Command 0,12869681125,13333
7836,python (8633),Command Buffer 0,12869699916,185250
7837,python (8633),Compute Command 0,12869865291,17292
7838,python (8633),Command Buffer 0,12869887500,174875
7839,python (8633),Compute Command 0,12870048083,12042
7840,python (8633),Command Buffer 0,12870064708,171083
7841,python (8633),Compute Command 0,12870221083,12208
7842,python (8633),Command Buffer 0,12870238041,172542
7843,python (8633),Compute Command 0,12870396541,11792
7844,python (8633),Command Buffer 0,12870412916,228292
7845,python (8633),Compute Command 0,12870624041,14875
7846,python (8633),Command Buffer 0,12870643666,198917
7847,python (8633),Compute Command 0,12870827875,12250
7848,python (8633),Command Buffer 0,12870845041,182542
7849,python (8633),Compute Command 0,12871013375,11875
7850,python (8633),Command Buffer 0,12871029791,174834
7851,python (8633),Compute Command 0,12871190708,11708
7852,python (8633),Command Buffer 0,12871206958,186375
7853,python (8633),Compute Command 0,12871379291,11834
7854,python (8633),Command Buffer 0,12871395583,197250
7855,python (8633),Compute Command 0,12871578708,11833
7856,python (8633),Command Buffer 0,12871595041,201292
7857,python (8633),Compute Command 0,12871782250,11791
7858,python (8633),Command Buffer 0,12871798625,198625
7859,python (8633),Compute Command 0,12871983208,11750
7860,python (8633),Command Buffer 0,12871999416,196125
7861,python (8633),Compute Command 0,12872181583,11667
7862,python (8633),Command Buffer 0,12872197750,181250
7863,python (8633),Compute Command 0,12872365083,11667
7864,python (8633),Command Buffer 0,12872381208,199417
7865,python (8633),Compute Command 0,12872566708,11583
7866,python (8633),Command Buffer 0,12872582833,197417
7867,python (8633),Compute Command 0,12872765500,12458
7868,python (8633),Command Buffer 0,12872782375,196000
7869,python (8633),Compute Command 0,12872964125,11916
7870,python (8633),Command Buffer 0,12872980500,197583
7871,python (8633),Compute Command 0,12873163833,11875
7872,python (8633),Command Buffer 0,12873180166,195625
7873,python (8633),Compute Command 0,12873361583,11917
7874,python (8633),Command Buffer 0,12873377958,197292
7875,python (8633),Compute Command 0,12873561000,11875
7876,python (8633),Command Buffer 0,12873577458,194958
7877,python (8633),Compute Command 0,12873758333,11750
7878,python (8633),Command Buffer 0,12873774541,182125
7879,python (8633),Compute Command 0,12873941666,12500
7880,python (8633),Command Buffer 0,12873959791,199334
7881,python (8633),Compute Command 0,12874145041,11792
7882,python (8633),Command Buffer 0,12874161250,199625
7883,python (8633),Compute Command 0,12874346875,11708
7884,python (8633),Command Buffer 0,12874363041,195834
7885,python (8633),Compute Command 0,12874544958,11625
7886,python (8633),Command Buffer 0,12874561041,197667
7887,python (8633),Compute Command 0,12874744458,11958
7888,python (8633),Command Buffer 0,12874760916,197042
7889,python (8633),Compute Command 0,12874943791,11834
7890,python (8633),Command Buffer 0,12874960083,199750
7891,python (8633),Compute Command 0,12875145500,12000
7892,python (8633),Command Buffer 0,12875161916,195875
7893,python (8633),Compute Command 0,12875343375,12125
7894,python (8633),Command Buffer 0,12875359916,200625
7895,python (8633),Compute Command 0,12875546333,11958
7896,python (8633),Command Buffer 0,12875562666,202375
7897,python (8633),Compute Command 0,12875750666,12084
7898,python (8633),Command Buffer 0,12875767125,223416
7899,python (8633),Compute Command 0,12875976250,11958
7900,python (8633),Command Buffer 0,12875992958,197375
7901,python (8633),Compute Command 0,12876176291,11750
7902,python (8633),Command Buffer 0,12876192500,187583
7903,python (8633),Compute Command 0,12876367000,11000
7904,python (8633),Command Buffer 0,12876382166,282792
7905,python (8633),Compute Command 0,12876650958,11750
7906,python (8633),Command Buffer 0,12876667125,196458
7907,python (8633),Compute Command 0,12876849416,11917
7908,python (8633),Command Buffer 0,12876865750,195375
7909,python (8633),Compute Command 0,12877047166,11667
7910,python (8633),Command Buffer 0,12877063250,197291
7911,python (8633),Compute Command 0,12877246500,11708
7912,python (8633),Command Buffer 0,12877262625,195250
7913,python (8633),Compute Command 0,12877443708,11875
7914,python (8633),Command Buffer 0,12877459958,194958
7915,python (8633),Compute Command 0,12877640833,11792
7916,python (8633),Command Buffer 0,12877657041,193167
7917,python (8633),Compute Command 0,12877836291,11667
7918,python (8633),Command Buffer 0,12877852375,190416
7919,python (8633),Compute Command 0,12878028791,11709
7920,python (8633),Command Buffer 0,12878045375,183833
7921,python (8633),Compute Command 0,12878215250,11708
7922,python (8633),Command Buffer 0,12878231375,194791
7923,python (8633),Compute Command 0,12878412041,11875
7924,python (8633),Command Buffer 0,12878428333,197208
7925,python (8633),Compute Command 0,12878611500,11750
7926,python (8633),Command Buffer 0,12878627958,195792
7927,python (8633),Compute Command 0,12878809750,11708
7928,python (8633),Command Buffer 0,12878825875,192416
7929,python (8633),Compute Command 0,12879004166,11834
7930,python (8633),Command Buffer 0,12879020458,195500
7931,python (8633),Compute Command 0,12879201958,11750
7932,python (8633),Command Buffer 0,12879218083,192250
7933,python (8633),Compute Command 0,12879396375,11708
7934,python (8633),Command Buffer 0,12879412458,195292
7935,python (8633),Compute Command 0,12879593875,11583
7936,python (8633),Command Buffer 0,12879609875,193833
7937,python (8633),Compute Command 0,12879789583,11833
7938,python (8633),Command Buffer 0,12879805833,194750
7939,python (8633),Compute Command 0,12879986666,11625
7940,python (8633),Command Buffer 0,12880002708,195750
7941,python (8633),Compute Command 0,12880184416,11750
7942,python (8633),Command Buffer 0,12880200541,194542
7943,python (8633),Compute Command 0,12880381208,11625
7944,python (8633),Command Buffer 0,12880397250,192666
7945,python (8633),Compute Command 0,12880574583,12833
7946,python (8633),Command Buffer 0,12880592833,198667
7947,python (8633),Compute Command 0,12880776750,12291
7948,python (8633),Command Buffer 0,12880793708,195667
7949,python (8633),Compute Command 0,12880974875,12125
7950,python (8633),Command Buffer 0,12880991625,196666
7951,python (8633),Compute Command 0,12881173833,12042
7952,python (8633),Command Buffer 0,12881190500,195416
7953,python (8633),Compute Command 0,12881371458,12042
7954,python (8633),Command Buffer 0,12881388250,195541
7955,python (8633),Compute Command 0,12881569500,11958
7956,python (8633),Command Buffer 0,12881585958,194125
7957,python (8633),Compute Command 0,12881765625,12125
7958,python (8633),Command Buffer 0,12881782208,198542
7959,python (8633),Compute Command 0,12881966458,11958
7960,python (8633),Command Buffer 0,12881982958,193583
7961,python (8633),Compute Command 0,12882162333,11917
7962,python (8633),Command Buffer 0,12882178750,230166
7963,python (8633),Compute Command 0,12882394625,11958
7964,python (8633),Command Buffer 0,12882411041,191875
7965,python (8633),Compute Command 0,12882588625,11875
7966,python (8633),Command Buffer 0,12882605041,197292
7967,python (8633),Compute Command 0,12882785125,12083
7968,python (8633),Command Buffer 0,12882804583,194833
7969,python (8633),Compute Command 0,12882985250,11833
7970,python (8633),Command Buffer 0,12883001625,195583
7971,python (8633),Compute Command 0,12883182791,12084
7972,python (8633),Command Buffer 0,12883199416,194417
7973,python (8633),Compute Command 0,12883379541,11917
7974,python (8633),Command Buffer 0,12883395875,195791
7975,python (8633),Compute Command 0,12883577541,11750
7976,python (8633),Command Buffer 0,12883593750,196291
7977,python (8633),Compute Command 0,12883775333,12292
7978,python (8633),Command Buffer 0,12883792125,193000
7979,python (8633),Compute Command 0,12883971083,11750
7980,python (8633),Command Buffer 0,12883987250,193125
7981,python (8633),Compute Command 0,12884166125,11916
7982,python (8633),Command Buffer 0,12884182541,192167
7983,python (8633),Compute Command 0,12884360708,11667
7984,python (8633),Command Buffer 0,12884376875,172375
7985,python (8633),Compute Command 0,12884535083,11875
7986,python (8633),Command Buffer 0,12884552250,346000
7987,python (8633),Compute Command 0,12884884083,11792
7988,python (8633),Command Buffer 0,12884900791,185459
7989,python (8633),Compute Command 0,12885071708,12167
7990,python (8633),Command Buffer 0,12885088625,196916
7991,python (8633),Compute Command 0,12885271333,11792
7992,python (8633),Command Buffer 0,12885287750,197041
7993,python (8633),Compute Command 0,12885470666,11834
7994,python (8633),Command Buffer 0,12885486916,195834
7995,python (8633),Compute Command 0,12885668291,12167
7996,python (8633),Command Buffer 0,12885684916,193917
7997,python (8633),Compute Command 0,12885864625,11958
7998,python (8633),Command Buffer 0,12885881000,194875
7999,python (8633),Compute Command 0,12886061708,11875
8000,python (8633),Command Buffer 0,12886078041,197667
8001,python (8633),Compute Command 0,12886261500,11916
8002,python (8633),Command Buffer 0,12886277875,193750
8003,python (8633),Compute Command 0,12886457458,11833
8004,python (8633),Command Buffer 0,12886473750,186250
8005,python (8633),Compute Command 0,12886645833,11833
8006,python (8633),Command Buffer 0,12886662250,189083
8007,python (8633),Compute Command 0,12886837041,11917
8008,python (8633),Command Buffer 0,12886853458,195375
8009,python (8633),Compute Command 0,12887034750,11750
8010,python (8633),Command Buffer 0,12887051041,198917
8011,python (8633),Compute Command 0,12887231166,16459
8012,python (8633),Command Buffer 0,12887252041,195334
8013,python (8633),Compute Command 0,12887433375,11708
8014,python (8633),Command Buffer 0,12887449541,194167
8015,python (8633),Compute Command 0,12887629458,11875
8016,python (8633),Command Buffer 0,12887645833,192500
8017,python (8633),Compute Command 0,12887823916,12042
8018,python (8633),Command Buffer 0,12887840583,194750
8019,python (8633),Compute Command 0,12888021125,11833
8020,python (8633),Command Buffer 0,12888037500,194666
8021,python (8633),Compute Command 0,12888217791,12042
8022,python (8633),Command Buffer 0,12888234333,195167
8023,python (8633),Compute Command 0,12888415416,11792
8024,python (8633),Command Buffer 0,12888431666,192792
8025,python (8633),Compute Command 0,12888610166,11917
8026,python (8633),Command Buffer 0,12888626666,188792
8027,python (8633),Compute Command 0,12888801291,11834
8028,python (8633),Command Buffer 0,12888817625,189625
8029,python (8633),Compute Command 0,12888993166,11750
8030,python (8633),Command Buffer 0,12889009375,194708
8031,python (8633),Compute Command 0,12889189500,12250
8032,python (8633),Command Buffer 0,12889206166,195917
8033,python (8633),Compute Command 0,12889387666,12042
8034,python (8633),Command Buffer 0,12889404166,195834
8035,python (8633),Compute Command 0,12889585875,11833
8036,python (8633),Command Buffer 0,12889602166,193459
8037,python (8633),Compute Command 0,12889781333,11958
8038,python (8633),Command Buffer 0,12889797791,193250
8039,python (8633),Compute Command 0,12889976666,12000
8040,python (8633),Command Buffer 0,12889993125,193250
8041,python (8633),Compute Command 0,12890172125,11875
8042,python (8633),Command Buffer 0,12890188500,195083
8043,python (8633),Compute Command 0,12890369500,11708
8044,python (8633),Command Buffer 0,12890385708,197292
8045,python (8633),Compute Command 0,12890568333,12167
8046,python (8633),Command Buffer 0,12890585458,194167
8047,python (8633),Compute Command 0,12890765250,11958
8048,python (8633),Command Buffer 0,12890782000,184791
8049,python (8633),Compute Command 0,12890952083,12292
8050,python (8633),Command Buffer 0,12890969333,195333
8051,python (8633),Compute Command 0,12891150208,12042
8052,python (8633),Command Buffer 0,12891167000,195708
8053,python (8633),Compute Command 0,12891348333,12042
8054,python (8633),Command Buffer 0,12891365000,192958
8055,python (8633),Compute Command 0,12891544000,11708
8056,python (8633),Command Buffer 0,12891560166,193334
8057,python (8633),Compute Command 0,12891739416,11792
8058,python (8633),Command Buffer 0,12891755666,193459
8059,python (8633),Compute Command 0,12891935250,11583
8060,python (8633),Command Buffer 0,12891951375,196875
8061,python (8633),Compute Command 0,12892134375,11583
8062,python (8633),Command Buffer 0,12892150375,193041
8063,python (8633),Compute Command 0,12892329500,11666
8064,python (8633),Command Buffer 0,12892345666,193125
8065,python (8633),Compute Command 0,12892525000,11500
8066,python (8633),Command Buffer 0,12892541000,193166
8067,python (8633),Compute Command 0,12892719791,12000
8068,python (8633),Command Buffer 0,12892736541,193042
8069,python (8633),Compute Command 0,12892915750,11583
8070,python (8633),Command Buffer 0,12892931916,344250
8071,python (8633),Compute Command 0,12893262041,11792
8072,python (8633),Command Buffer 0,12893278375,179125
8073,python (8633),Compute Command 0,12893440791,14334
8074,python (8633),Command Buffer 0,12893459750,197083
8075,python (8633),Compute Command 0,12893642958,11625
8076,python (8633),Command Buffer 0,12893659041,187459
8077,python (8633),Compute Command 0,12893832666,11584
8078,python (8633),Command Buffer 0,12893848708,186833
8079,python (8633),Compute Command 0,12894021625,11666
8080,python (8633),Command Buffer 0,12894037708,193875
8081,python (8633),Compute Command 0,12894217416,11875
8082,python (8633),Command Buffer 0,12894233833,190958
8083,python (8633),Compute Command 0,12894410541,12000
8084,python (8633),Command Buffer 0,12894426875,189875
8085,python (8633),Compute Command 0,12894602916,11625
8086,python (8633),Command Buffer 0,12894618916,185250
8087,python (8633),Compute Command 0,12894790208,11667
8088,python (8633),Command Buffer 0,12894806416,190875
8089,python (8633),Compute Command 0,12894983083,11875
8090,python (8633),Command Buffer 0,12894999375,182291
8091,python (8633),Compute Command 0,12895167541,11875
8092,python (8633),Command Buffer 0,12895184208,195083
8093,python (8633),Compute Command 0,12895365291,11750
8094,python (8633),Command Buffer 0,12895381500,193833
8095,python (8633),Compute Command 0,12895561333,11792
8096,python (8633),Command Buffer 0,12895577541,193250
8097,python (8633),Compute Command 0,12895756750,11750
8098,python (8633),Command Buffer 0,12895772875,191750
8099,python (8633),Compute Command 0,12895950625,11750
8100,python (8633),Command Buffer 0,12895966708,191958
8101,python (8633),Compute Command 0,12896144958,11500
8102,python (8633),Command Buffer 0,12896160791,195167
8103,python (8633),Compute Command 0,12896341916,11792
8104,python (8633),Command Buffer 0,12896358083,192000
8105,python (8633),Compute Command 0,12896536166,11667
8106,python (8633),Command Buffer 0,12896552166,193417
8107,python (8633),Compute Command 0,12896731833,11542
8108,python (8633),Command Buffer 0,12896747708,193083
8109,python (8633),Compute Command 0,12896926875,11708
8110,python (8633),Command Buffer 0,12896942875,194125
8111,python (8633),Compute Command 0,12897121833,12708
8112,python (8633),Command Buffer 0,12897139625,177291
8113,python (8633),Compute Command 0,12897302791,11875
8114,python (8633),Command Buffer 0,12897319791,175792
8115,python (8633),Compute Command 0,12897481541,11792
8116,python (8633),Command Buffer 0,12897497750,193375
8117,python (8633),Compute Command 0,12897677083,11792
8118,python (8633),Command Buffer 0,12897693208,188250
8119,python (8633),Compute Command 0,12897867541,11709
8120,python (8633),Command Buffer 0,12897883583,192750
8121,python (8633),Compute Command 0,12898061958,12125
8122,python (8633),Command Buffer 0,12898078416,191084
8123,python (8633),Compute Command 0,12898255750,11583
8124,python (8633),Command Buffer 0,12898271625,195416
8125,python (8633),Compute Command 0,12898452625,12083
8126,python (8633),Command Buffer 0,12898469375,193583
8127,python (8633),Compute Command 0,12898649041,11709
8128,python (8633),Command Buffer 0,12898665125,194291
8129,python (8633),Compute Command 0,12898845541,11667
8130,python (8633),Command Buffer 0,12898861583,164375
8131,python (8633),Compute Command 0,12899011208,12333
8132,python (8633),Command Buffer 0,12899030291,163209
8133,python (8633),Compute Command 0,12899178625,12875
8134,python (8633),Command Buffer 0,12899197625,183458
8135,python (8633),Compute Command 0,12899366750,12083
8136,python (8633),Command Buffer 0,12899383291,192584
8137,python (8633),Compute Command 0,12899561541,12042
8138,python (8633),Command Buffer 0,12899578083,192667
8139,python (8633),Compute Command 0,12899756500,11916
8140,python (8633),Command Buffer 0,12899772916,193834
8141,python (8633),Compute Command 0,12899952416,12042
8142,python (8633),Command Buffer 0,12899968833,186083
8143,python (8633),Compute Command 0,12900140916,11709
8144,python (8633),Command Buffer 0,12900157125,194250
8145,python (8633),Compute Command 0,12900337333,11792
8146,python (8633),Command Buffer 0,12900353458,193833
8147,python (8633),Compute Command 0,12900533291,11750
8148,python (8633),Command Buffer 0,12900549416,191834
8149,python (8633),Compute Command 0,12900727208,11792
8150,python (8633),Command Buffer 0,12900743375,195041
8151,python (8633),Compute Command 0,12900924541,11625
8152,python (8633),Command Buffer 0,12900940583,195583
8153,python (8633),Compute Command 0,12901120583,13000
8154,python (8633),Command Buffer 0,12901138583,188542
8155,python (8633),Compute Command 0,12901313208,11625
8156,python (8633),Command Buffer 0,12901329333,354667
8157,python (8633),Compute Command 0,12901669750,11916
8158,python (8633),Command Buffer 0,12901686250,188291
8159,python (8633),Compute Command 0,12901860583,11708
8160,python (8633),Command Buffer 0,12901877458,176250
8161,python (8633),Compute Command 0,12902039625,11791
8162,python (8633),Command Buffer 0,12902055791,161542
8163,python (8633),Compute Command 0,12902203208,11583
8164,python (8633),Command Buffer 0,12902219500,161375
8165,python (8633),Compute Command 0,12902366458,12083
8166,python (8633),Command Buffer 0,12902383291,179209
8167,python (8633),Compute Command 0,12902548291,11834
8168,python (8633),Command Buffer 0,12902564708,164083
8169,python (8633),Compute Command 0,12902714333,12083
8170,python (8633),Command Buffer 0,12902730916,171625
8171,python (8633),Compute Command 0,12902888166,12000
8172,python (8633),Command Buffer 0,12902904958,178333
8173,python (8633),Compute Command 0,12903068666,12334
8174,python (8633),Command Buffer 0,12903085625,179041
8175,python (8633),Compute Command 0,12903250333,11958
8176,python (8633),Command Buffer 0,12903267000,158875
8177,python (8633),Compute Command 0,12903411125,12458
8178,python (8633),Command Buffer 0,12903428250,186000
8179,python (8633),Compute Command 0,12903599333,12625
8180,python (8633),Command Buffer 0,12903616833,239208
8181,python (8633),Compute Command 0,12903841833,11917
8182,python (8633),Command Buffer 0,12903858166,165084
8183,python (8633),Compute Command 0,12904009125,11833
8184,python (8633),Command Buffer 0,12904025458,174167
8185,python (8633),Compute Command 0,12904185541,11750
8186,python (8633),Command Buffer 0,12904201916,160125
8187,python (8633),Compute Command 0,12904347875,11833
8188,python (8633),Command Buffer 0,12904364333,163792
8189,python (8633),Compute Command 0,12904513875,11875
8190,python (8633),Command Buffer 0,12904530583,189083
8191,python (8633),Compute Command 0,12904705541,11834
8192,python (8633),Command Buffer 0,12904721833,195167
8193,python (8633),Compute Command 0,12904902875,11833
8194,python (8633),Command Buffer 0,12904919125,194958
8195,python (8633),Compute Command 0,12905100000,11791
8196,python (8633),Command Buffer 0,12905116250,196333
8197,python (8633),Compute Command 0,12905298125,12166
8198,python (8633),Command Buffer 0,12905314708,192542
8199,python (8633),Compute Command 0,12905493083,11875
8200,python (8633),Command Buffer 0,12905509375,188708
8201,python (8633),Compute Command 0,12905683958,11875
8202,python (8633),Command Buffer 0,12905700166,195959
8203,python (8633),Compute Command 0,12905881791,12084
8204,python (8633),Command Buffer 0,12905898250,192958
8205,python (8633),Compute Command 0,12906077250,11708
8206,python (8633),Command Buffer 0,12906093333,191167
8207,python (8633),Compute Command 0,12906270208,12042
8208,python (8633),Command Buffer 0,12906286625,193791
8209,python (8633),Compute Command 0,12906466250,11916
8210,python (8633),Command Buffer 0,12906482458,193833
8211,python (8633),Compute Command 0,12906662208,11750
8212,python (8633),Command Buffer 0,12906678458,192458
8213,python (8633),Compute Command 0,12906856916,11709
8214,python (8633),Command Buffer 0,12906873041,194500
8215,python (8633),Compute Command 0,12907052958,12167
8216,python (8633),Command Buffer 0,12907069916,179125
8217,python (8633),Compute Command 0,12907232750,13833
8218,python (8633),Command Buffer 0,12907252458,184333
8219,python (8633),Compute Command 0,12907422458,11958
8220,python (8633),Command Buffer 0,12907439083,195500
8221,python (8633),Compute Command 0,12907617416,14792
8222,python (8633),Command Buffer 0,12907636750,191833
8223,python (8633),Compute Command 0,12907814250,12000
8224,python (8633),Command Buffer 0,12907830833,180792
8225,python (8633),Compute Command 0,12907997333,11917
8226,python (8633),Command Buffer 0,12908013833,194458
8227,python (8633),Compute Command 0,12908194208,11792
8228,python (8633),Command Buffer 0,12908210375,194666
8229,python (8633),Compute Command 0,12908391041,11625
8230,python (8633),Command Buffer 0,12908407250,195750
8231,python (8633),Compute Command 0,12908588875,11833
8232,python (8633),Command Buffer 0,12908605166,195667
8233,python (8633),Compute Command 0,12908786625,11875
8234,python (8633),Command Buffer 0,12908803000,191708
8235,python (8633),Compute Command 0,12908980583,11875
8236,python (8633),Command Buffer 0,12908996875,195750
8237,python (8633),Compute Command 0,12909177958,12292
8238,python (8633),Command Buffer 0,12909194875,192625
8239,python (8633),Compute Command 0,12909373250,11916
8240,python (8633),Command Buffer 0,12909389625,193041
8241,python (8633),Compute Command 0,12909568375,11958
8242,python (8633),Command Buffer 0,12909584833,348250
8243,python (8633),Compute Command 0,12909918708,12000
8244,python (8633),Command Buffer 0,12909935291,192250
8245,python (8633),Compute Command 0,12910112250,13041
8246,python (8633),Command Buffer 0,12910130125,196583
8247,python (8633),Compute Command 0,12910312458,11917
8248,python (8633),Command Buffer 0,12910328916,193792
8249,python (8633),Compute Command 0,12910508666,11792
8250,python (8633),Command Buffer 0,12910524791,193875
8251,python (8633),Compute Command 0,12910704625,11750
8252,python (8633),Command Buffer 0,12910720750,194750
8253,python (8633),Compute Command 0,12910901416,11792
8254,python (8633),Command Buffer 0,12910917625,198791
8255,python (8633),Compute Command 0,12911102458,11708
8256,python (8633),Command Buffer 0,12911118541,196042
8257,python (8633),Compute Command 0,12911300500,11750
8258,python (8633),Command Buffer 0,12911316750,193166
8259,python (8633),Compute Command 0,12911496166,11500
8260,python (8633),Command Buffer 0,12911512041,195000
8261,python (8633),Compute Command 0,12911692791,11959
8262,python (8633),Command Buffer 0,12911709125,194375
8263,python (8633),Compute Command 0,12911889375,11875
8264,python (8633),Command Buffer 0,12911905625,191166
8265,python (8633),Compute Command 0,12912084291,10459
8266,python (8633),Command Buffer 0,12912098666,192459
8267,python (8633),Compute Command 0,12912277125,11708
8268,python (8633),Command Buffer 0,12912293291,193792
8269,python (8633),Compute Command 0,12912473250,11583
8270,python (8633),Command Buffer 0,12912489208,192625
8271,python (8633),Compute Command 0,12912667916,11667
8272,python (8633),Command Buffer 0,12912684000,194250
8273,python (8633),Compute Command 0,12912864041,11917
8274,python (8633),Command Buffer 0,12912880333,197417
8275,python (8633),Compute Command 0,12913063750,11708
8276,python (8633),Command Buffer 0,12913079875,193333
8277,python (8633),Compute Command 0,12913259125,11791
8278,python (8633),Command Buffer 0,12913275333,194750
8279,python (8633),Compute Command 0,12913456083,11708
8280,python (8633),Command Buffer 0,12913472250,194541
8281,python (8633),Compute Command 0,12913652916,11584
8282,python (8633),Command Buffer 0,12913668958,193375
8283,python (8633),Compute Command 0,12913848083,11958
8284,python (8633),Command Buffer 0,12913864500,191208
8285,python (8633),Compute Command 0,12914041708,11708
8286,python (8633),Command Buffer 0,12914057875,192875
8287,python (8633),Compute Command 0,12914236875,11625
8288,python (8633),Command Buffer 0,12914252916,197917
8289,python (8633),Compute Command 0,12914433500,12125
8290,python (8633),Command Buffer 0,12914453208,189833
8291,python (8633),Compute Command 0,12914628875,11833
8292,python (8633),Command Buffer 0,12914645208,195792
8293,python (8633),Compute Command 0,12914826833,11917
8294,python (8633),Command Buffer 0,12914843166,194792
8295,python (8633),Compute Command 0,12915024083,11583
8296,python (8633),Command Buffer 0,12915040125,193791
8297,python (8633),Compute Command 0,12915219875,11750
8298,python (8633),Command Buffer 0,12915236083,191625
8299,python (8633),Compute Command 0,12915413666,11709
8300,python (8633),Command Buffer 0,12915429791,184959
8301,python (8633),Compute Command 0,12915599750,12583
8302,python (8633),Command Buffer 0,12915617041,194125
8303,python (8633),Compute Command 0,12915796625,12125
8304,python (8633),Command Buffer 0,12915813291,193459
8305,python (8633),Compute Command 0,12915992750,11666
8306,python (8633),Command Buffer 0,12916009041,176459
8307,python (8633),Compute Command 0,12916171250,12000
8308,python (8633),Command Buffer 0,12916187750,178958
8309,python (8633),Compute Command 0,12916352666,11750
8310,python (8633),Command Buffer 0,12916368916,194834
8311,python (8633),Compute Command 0,12916549625,11833
8312,python (8633),Command Buffer 0,12916566083,185208
8313,python (8633),Compute Command 0,12916737041,11917
8314,python (8633),Command Buffer 0,12916753416,196625
8315,python (8633),Compute Command 0,12916936000,11666
8316,python (8633),Command Buffer 0,12916952333,193542
8317,python (8633),Compute Command 0,12917131750,11833
8318,python (8633),Command Buffer 0,12917147958,194417
8319,python (8633),Compute Command 0,12917328416,11667
8320,python (8633),Command Buffer 0,12917344625,193583
8321,python (8633),Compute Command 0,12917524000,11916
8322,python (8633),Command Buffer 0,12917540416,193959
8323,python (8633),Compute Command 0,12917720166,11875
8324,python (8633),Command Buffer 0,12917736625,194166
8325,python (8633),Compute Command 0,12917916708,11792
8326,python (8633),Command Buffer 0,12917933041,316459
8327,python (8633),Compute Command 0,12918234166,12792
8328,python (8633),Command Buffer 0,12918252250,183708
8329,python (8633),Compute Command 0,12918420708,12667
8330,python (8633),Command Buffer 0,12918441125,185333
8331,python (8633),Compute Command 0,12918611708,12375
8332,python (8633),Command Buffer 0,12918628916,166500
8333,python (8633),Compute Command 0,12918780541,12459
8334,python (8633),Command Buffer 0,12918798291,160334
8335,python (8633),Compute Command 0,12918944125,12166
8336,python (8633),Command Buffer 0,12918961041,152875
8337,python (8633),Compute Command 0,12919097500,14333
8338,python (8633),Command Buffer 0,12919116083,167167
8339,python (8633),Compute Command 0,12919267708,13292
8340,python (8633),Command Buffer 0,12919285250,152708
8341,python (8633),Compute Command 0,12919422708,12917
8342,python (8633),Command Buffer 0,12919440083,149083
8343,python (8633),Compute Command 0,12919573208,13458
8344,python (8633),Command Buffer 0,12919591375,150833
8345,python (8633),Compute Command 0,12919726666,13667
8346,python (8633),Command Buffer 0,12919744166,141834
8347,python (8633),Compute Command 0,12919872708,11333
8348,python (8633),Command Buffer 0,12919890291,284292
8349,python (8633),Compute Command 0,12920160333,11750
8350,python (8633),Command Buffer 0,12920178833,162625
8351,python (8633),Compute Command 0,12920327666,11750
8352,python (8633),Command Buffer 0,12920343500,165125
8353,python (8633),Compute Command 0,12920491875,14333
8354,python (8633),Command Buffer 0,12920511958,169917
8355,python (8633),Compute Command 0,12920666375,13041
8356,python (8633),Command Buffer 0,12920684416,149292
8357,python (8633),Compute Command 0,12920818500,13000
8358,python (8633),Command Buffer 0,12920836291,150500
8359,python (8633),Compute Command 0,12920972416,12334
8360,python (8633),Command Buffer 0,12920989541,143125
8361,python (8633),Compute Command 0,12921119000,11500
8362,python (8633),Command Buffer 0,12921135708,140083
8363,python (8633),Compute Command 0,12921263041,10625
8364,python (8633),Command Buffer 0,12921278500,175083
8365,python (8633),Compute Command 0,12921435666,15250
8366,python (8633),Command Buffer 0,12921456833,319875
8367,python (8633),Compute Command 0,12921755583,19000
8368,python (8633),Command Buffer 0,12921780291,288709
8369,python (8633),Compute Command 0,12922033041,28875
8370,python (8633),Command Buffer 0,12922078208,200333
8371,python (8633),Compute Command 0,12922255125,20291
8372,python (8633),Command Buffer 0,12922283000,184708
8373,python (8633),Compute Command 0,12922451166,14417
8374,python (8633),Command Buffer 0,12922472416,182959
8375,python (8633),Compute Command 0,12922640666,12500
8376,python (8633),Command Buffer 0,12922657875,168333
8377,python (8633),Compute Command 0,12922812250,11750
8378,python (8633),Command Buffer 0,12922828541,170125
8379,python (8633),Compute Command 0,12922978041,16209
8380,python (8633),Command Buffer 0,12923003958,191125
8381,python (8633),Compute Command 0,12923181250,11791
8382,python (8633),Command Buffer 0,12923198125,177916
8383,python (8633),Compute Command 0,12923360083,13250
8384,python (8633),Command Buffer 0,12923379166,165792
8385,python (8633),Compute Command 0,12923531041,11875
8386,python (8633),Command Buffer 0,12923547833,170333
8387,python (8633),Compute Command 0,12923701416,14125
8388,python (8633),Command Buffer 0,12923721000,158666
8389,python (8633),Compute Command 0,12923862583,14375
8390,python (8633),Command Buffer 0,12923882708,172458
8391,python (8633),Compute Command 0,12924038916,14167
8392,python (8633),Command Buffer 0,12924057541,170042
8393,python (8633),Compute Command 0,12924212916,12625
8394,python (8633),Command Buffer 0,12924229750,167875
8395,python (8633),Compute Command 0,12924384750,10375
8396,python (8633),Command Buffer 0,12924400166,165167
8397,python (8633),Compute Command 0,12924550375,12958
8398,python (8633),Command Buffer 0,12924569125,160666
8399,python (8633),Compute Command 0,12924715583,11833
8400,python (8633),Command Buffer 0,12924733458,171708
8401,python (8633),Compute Command 0,12924889708,13250
8402,python (8633),Command Buffer 0,12924907625,172916
8403,python (8633),Compute Command 0,12925061375,16041
8404,python (8633),Command Buffer 0,12925085375,175458
8405,python (8633),Compute Command 0,12925239375,18291
8406,python (8633),Command Buffer 0,12925264750,174125
8407,python (8633),Compute Command 0,12925421541,15292
8408,python (8633),Command Buffer 0,12925441708,164417
8409,python (8633),Compute Command 0,12925592541,11417
8410,python (8633),Command Buffer 0,12925608541,139125
8411,python (8633),Compute Command 0,12925734250,11166
8412,python (8633),Command Buffer 0,12925749750,171125
8413,python (8633),Compute Command 0,12925899583,17792
8414,python (8633),Command Buffer 0,12925926333,170250
8415,python (8633),Compute Command 0,12926079666,14667
8416,python (8633),Command Buffer 0,12926099250,153041
8417,python (8633),Compute Command 0,12926237916,12417
8418,python (8633),Command Buffer 0,12926254875,316791
8419,python (8633),Compute Command 0,12926557458,11958
8420,python (8633),Command Buffer 0,12926574583,146208
8421,python (8633),Compute Command 0,12926706333,11958
8422,python (8633),Command Buffer 0,12926723583,147208
8423,python (8633),Compute Command 0,12926856708,12042
8424,python (8633),Command Buffer 0,12926873291,151167
8425,python (8633),Compute Command 0,12927010708,11667
8426,python (8633),Command Buffer 0,12927027791,151667
8427,python (8633),Compute Command 0,12927166541,10875
8428,python (8633),Command Buffer 0,12927181416,152334
8429,python (8633),Compute Command 0,12927321166,10584
8430,python (8633),Command Buffer 0,12927336583,160417
8431,python (8633),Compute Command 0,12927484208,10917
8432,python (8633),Command Buffer 0,12927501125,172750
8433,python (8633),Compute Command 0,12927660208,11750
8434,python (8633),Command Buffer 0,12927676166,142125
8435,python (8633),Compute Command 0,12927805000,11291
8436,python (8633),Command Buffer 0,12927820750,146500
8437,python (8633),Compute Command 0,12927953500,10791
8438,python (8633),Command Buffer 0,12927970583,152042
8439,python (8633),Compute Command 0,12928107708,12958
8440,python (8633),Command Buffer 0,12928125958,142792
8441,python (8633),Compute Command 0,12928254875,11750
8442,python (8633),Command Buffer 0,12928271208,144125
8443,python (8633),Compute Command 0,12928401875,11416
8444,python (8633),Command Buffer 0,12928417708,156583
8445,python (8633),Compute Command 0,12928561500,10833
8446,python (8633),Command Buffer 0,12928576333,144125
8447,python (8633),Compute Command 0,12928707583,11000
8448,python (8633),Command Buffer 0,12928722500,164125
8449,python (8633),Compute Command 0,12928874291,10334
8450,python (8633),Command Buffer 0,12928888708,148042
8451,python (8633),Compute Command 0,12929023791,11042
8452,python (8633),Command Buffer 0,12929038791,147084
8453,python (8633),Compute Command 0,12929171000,12500
8454,python (8633),Command Buffer 0,12929188125,135125
8455,python (8633),Compute Command 0,12929310625,10583
8456,python (8633),Command Buffer 0,12929325083,154292
8457,python (8633),Compute Command 0,12929466083,11375
8458,python (8633),Command Buffer 0,12929481500,170625
8459,python (8633),Compute Command 0,12929639833,10292
8460,python (8633),Command Buffer 0,12929654250,171583
8461,python (8633),Compute Command 0,12929813583,10375
8462,python (8633),Command Buffer 0,12929827958,173958
8463,python (8633),Compute Command 0,12929989041,10959
8464,python (8633),Command Buffer 0,12930004166,163084
8465,python (8633),Compute Command 0,12930154333,10833
8466,python (8633),Command Buffer 0,12930169500,162458
8467,python (8633),Compute Command 0,12930319666,10084
8468,python (8633),Command Buffer 0,12930334125,169583
8469,python (8633),Compute Command 0,12930490750,10958
8470,python (8633),Command Buffer 0,12930505750,175875
8471,python (8633),Compute Command 0,12930668666,11084
8472,python (8633),Command Buffer 0,12930683625,165000
8473,python (8633),Compute Command 0,12930835708,11000
8474,python (8633),Command Buffer 0,12930850916,156084
8475,python (8633),Compute Command 0,12930993916,11125
8476,python (8633),Command Buffer 0,12931009583,163917
8477,python (8633),Compute Command 0,12931160333,11250
8478,python (8633),Command Buffer 0,12931175708,142125
8479,python (8633),Compute Command 0,12931305875,9958
8480,python (8633),Command Buffer 0,12931320250,158958
8481,python (8633),Compute Command 0,12931467083,10208
8482,python (8633),Command Buffer 0,12931481375,156208
8483,python (8633),Compute Command 0,12931625000,10750
8484,python (8633),Command Buffer 0,12931639750,163208
8485,python (8633),Compute Command 0,12931791208,9792
8486,python (8633),Command Buffer 0,12931805208,169083
8487,python (8633),Compute Command 0,12931962208,10167
8488,python (8633),Command Buffer 0,12931976333,176000
8489,python (8633),Compute Command 0,12932139708,10833
8490,python (8633),Command Buffer 0,12932154541,161042
8491,python (8633),Compute Command 0,12932303750,9833
8492,python (8633),Command Buffer 0,12932317416,168459
8493,python (8633),Compute Command 0,12932472708,11208
8494,python (8633),Command Buffer 0,12932488166,164667
8495,python (8633),Compute Command 0,12932639708,10875
8496,python (8633),Command Buffer 0,12932655500,133875
8497,python (8633),Compute Command 0,12932775541,11542
8498,python (8633),Command Buffer 0,12932791916,171375
8499,python (8633),Compute Command 0,12932951208,10208
8500,python (8633),Command Buffer 0,12932965458,142417
8501,python (8633),Compute Command 0,12933094833,11208
8502,python (8633),Command Buffer 0,12933109958,141417
8503,python (8633),Compute Command 0,12933238500,11000
8504,python (8633),Command Buffer 0,12933253541,147459
8505,python (8633),Compute Command 0,12933388916,10125
8506,python (8633),Command Buffer 0,12933403291,167084
8507,python (8633),Compute Command 0,12933558375,10000
8508,python (8633),Command Buffer 0,12933572541,172209
8509,python (8633),Compute Command 0,12933732875,10000
8510,python (8633),Command Buffer 0,12933746833,163000
8511,python (8633),Compute Command 0,12933895791,11834
8512,python (8633),Command Buffer 0,12933912208,145042
8513,python (8633),Compute Command 0,12934044208,10958
8514,python (8633),Command Buffer 0,12934059500,152458
8515,python (8633),Compute Command 0,12934198458,11458
8516,python (8633),Command Buffer 0,12934214333,170625
8517,python (8633),Compute Command 0,12934371791,11209
8518,python (8633),Command Buffer 0,12934387208,148833
8519,python (8633),Compute Command 0,12934523791,10334
8520,python (8633),Command Buffer 0,12934538208,325125
8521,python (8633),Compute Command 0,12934847500,13458
8522,python (8633),Command Buffer 0,12934866166,145709
8523,python (8633),Compute Command 0,12934999083,10875
8524,python (8633),Command Buffer 0,12935014166,159334
8525,python (8633),Compute Command 0,12935161625,9833
8526,python (8633),Command Buffer 0,12935175708,177042
8527,python (8633),Compute Command 0,12935340333,10583
8528,python (8633),Command Buffer 0,12935354875,145000
8529,python (8633),Compute Command 0,12935487291,10667
8530,python (8633),Command Buffer 0,12935502125,149458
8531,python (8633),Compute Command 0,12935639625,10041
8532,python (8633),Command Buffer 0,12935653625,157666
8533,python (8633),Compute Command 0,12935799166,10250
8534,python (8633),Command Buffer 0,12935813791,159417
8535,python (8633),Compute Command 0,12935961333,9958
8536,python (8633),Command Buffer 0,12935975416,141584
8537,python (8633),Compute Command 0,12936104958,10125
8538,python (8633),Command Buffer 0,12936119625,151458
8539,python (8633),Compute Command 0,12936259375,9833
8540,python (8633),Command Buffer 0,12936273375,166791
8541,python (8633),Compute Command 0,12936427541,10667
8542,python (8633),Command Buffer 0,12936442333,162583
8543,python (8633),Compute Command 0,12936592333,10708
8544,python (8633),Command Buffer 0,12936607166,146459
8545,python (8633),Compute Command 0,12936741833,9958
8546,python (8633),Command Buffer 0,12936755875,166625
8547,python (8633),Compute Command 0,12936909750,10583
8548,python (8633),Command Buffer 0,12936924916,223209
8549,python (8633),Compute Command 0,12937135083,11083
8550,python (8633),Command Buffer 0,12937150541,171917
8551,python (8633),Compute Command 0,12937309916,10625
8552,python (8633),Command Buffer 0,12937324750,155958
8553,python (8633),Compute Command 0,12937468541,10209
8554,python (8633),Command Buffer 0,12937483041,159250
8555,python (8633),Compute Command 0,12937629375,11000
8556,python (8633),Command Buffer 0,12937644625,156166
8557,python (8633),Compute Command 0,12937788250,10625
8558,python (8633),Command Buffer 0,12937803083,150000
8559,python (8633),Compute Command 0,12937941166,9959
8560,python (8633),Command Buffer 0,12937955333,172583
8561,python (8633),Compute Command 0,12938112875,9958
8562,python (8633),Command Buffer 0,12938130166,166875
8563,python (8633),Compute Command 0,12938284791,10125
8564,python (8633),Command Buffer 0,12938299083,166917
8565,python (8633),Compute Command 0,12938453750,10083
8566,python (8633),Command Buffer 0,12938468208,160625
8567,python (8633),Compute Command 0,12938617000,9916
8568,python (8633),Command Buffer 0,12938630958,174167
8569,python (8633),Compute Command 0,12938792750,10458
8570,python (8633),Command Buffer 0,12938807208,164958
8571,python (8633),Compute Command 0,12938959875,10416
8572,python (8633),Command Buffer 0,12938974250,150333
8573,python (8633),Compute Command 0,12939111708,9917
8574,python (8633),Command Buffer 0,12939126708,168208
8575,python (8633),Compute Command 0,12939282833,10083
8576,python (8633),Command Buffer 0,12939297000,168583
8577,python (8633),Compute Command 0,12939453375,10208
8578,python (8633),Command Buffer 0,12939467833,166417
8579,python (8633),Compute Command 0,12939622375,9875
8580,python (8633),Command Buffer 0,12939636416,166959
8581,python (8633),Compute Command 0,12939791375,9958
8582,python (8633),Command Buffer 0,12939805708,166875
8583,python (8633),Compute Command 0,12939960500,10041
8584,python (8633),Command Buffer 0,12939974625,169625
8585,python (8633),Compute Command 0,12940131416,10875
8586,python (8633),Command Buffer 0,12940146541,168000
8587,python (8633),Compute Command 0,12940302541,10125
8588,python (8633),Command Buffer 0,12940316625,167541
8589,python (8633),Compute Command 0,12940472291,9917
8590,python (8633),Command Buffer 0,12940486375,165958
8591,python (8633),Compute Command 0,12940640250,10083
8592,python (8633),Command Buffer 0,12940654708,166167
8593,python (8633),Compute Command 0,12940808791,10084
8594,python (8633),Command Buffer 0,12940822791,172542
8595,python (8633),Compute Command 0,12940982750,10708
8596,python (8633),Command Buffer 0,12940997625,173208
8597,python (8633),Compute Command 0,12941158541,10375
8598,python (8633),Command Buffer 0,12941173166,141292
8599,python (8633),Compute Command 0,12941301750,10791
8600,python (8633),Command Buffer 0,12941316708,164500
8601,python (8633),Compute Command 0,12941468500,10875
8602,python (8633),Command Buffer 0,12941483583,164500
8603,python (8633),Compute Command 0,12941635833,10292
8604,python (8633),Command Buffer 0,12941650291,166625
8605,python (8633),Compute Command 0,12941804500,10208
8606,python (8633),Command Buffer 0,12941819208,166333
8607,python (8633),Compute Command 0,12941973458,10083
8608,python (8633),Command Buffer 0,12941987833,167083
8609,python (8633),Compute Command 0,12942142958,10042
8610,python (8633),Command Buffer 0,12942157000,168500
8611,python (8633),Compute Command 0,12942313666,9917
8612,python (8633),Command Buffer 0,12942327500,168250
8613,python (8633),Compute Command 0,12942483791,9959
8614,python (8633),Command Buffer 0,12942497750,166083
8615,python (8633),Compute Command 0,12942652083,9833
8616,python (8633),Command Buffer 0,12942666083,168167
8617,python (8633),Compute Command 0,12942822375,9875
8618,python (8633),Command Buffer 0,12942836208,167250
8619,python (8633),Compute Command 0,12942991291,10292
8620,python (8633),Command Buffer 0,12943005708,277292
8621,python (8633),Compute Command 0,12943267500,13000
8622,python (8633),Command Buffer 0,12943286041,153959
8623,python (8633),Compute Command 0,12943427791,10250
8624,python (8633),Command Buffer 0,12943442208,168125
8625,python (8633),Compute Command 0,12943598375,10000
8626,python (8633),Command Buffer 0,12943612250,166500
8627,python (8633),Compute Command 0,12943766750,10083
8628,python (8633),Command Buffer 0,12943780916,167417
8629,python (8633),Compute Command 0,12943936500,9875
8630,python (8633),Command Buffer 0,12943950250,167250
8631,python (8633),Compute Command 0,12944105833,9750
8632,python (8633),Command Buffer 0,12944119708,168583
8633,python (8633),Compute Command 0,12944276375,10000
8634,python (8633),Command Buffer 0,12944290375,168666
8635,python (8633),Compute Command 0,12944446958,9958
8636,python (8633),Command Buffer 0,12944461166,168250
8637,python (8633),Compute Command 0,12944617458,10000
8638,python (8633),Command Buffer 0,12944631708,164000
8639,python (8633),Compute Command 0,12944783791,10000
8640,python (8633),Command Buffer 0,12944797916,166542
8641,python (8633),Compute Command 0,12944952541,9834
8642,python (8633),Command Buffer 0,12944966541,168917
8643,python (8633),Compute Command 0,12945123208,10333
8644,python (8633),Command Buffer 0,12945137291,172667
8645,python (8633),Compute Command 0,12945297500,10666
8646,python (8633),Command Buffer 0,12945312208,151542
8647,python (8633),Compute Command 0,12945451875,9958
8648,python (8633),Command Buffer 0,12945465666,168417
8649,python (8633),Compute Command 0,12945622291,9875
8650,python (8633),Command Buffer 0,12945636166,165459
8651,python (8633),Compute Command 0,12945789458,10083
8652,python (8633),Command Buffer 0,12945804166,165875
8653,python (8633),Compute Command 0,12945957791,10292
8654,python (8633),Command Buffer 0,12945973291,168500
8655,python (8633),Compute Command 0,12946128791,11125
8656,python (8633),Command Buffer 0,12946144000,164000
8657,python (8633),Compute Command 0,12946295833,10167
8658,python (8633),Command Buffer 0,12946310208,167958
8659,python (8633),Compute Command 0,12946466291,9917
8660,python (8633),Command Buffer 0,12946480041,167375
8661,python (8633),Compute Command 0,12946635541,9917
8662,python (8633),Command Buffer 0,12946650041,165584
8663,python (8633),Compute Command 0,12946803416,10042
8664,python (8633),Command Buffer 0,12946817791,172667
8665,python (8633),Compute Command 0,12946977625,10958
8666,python (8633),Command Buffer 0,12946992750,150291
8667,python (8633),Compute Command 0,12947131125,10000
8668,python (8633),Command Buffer 0,12947145125,176041
8669,python (8633),Compute Command 0,12947308333,10917
8670,python (8633),Command Buffer 0,12947323375,154208
8671,python (8633),Compute Command 0,12947465375,9916
8672,python (8633),Command Buffer 0,12947479250,167791
8673,python (8633),Compute Command 0,12947631875,12625
8674,python (8633),Command Buffer 0,12947649458,183042
8675,python (8633),Compute Command 0,12947816916,12834
8676,python (8633),Command Buffer 0,12947835166,180667
8677,python (8633),Compute Command 0,12948001291,12209
8678,python (8633),Command Buffer 0,12948018083,196250
8679,python (8633),Compute Command 0,12948199291,12459
8680,python (8633),Command Buffer 0,12948216708,193417
8681,python (8633),Compute Command 0,12948395583,12125
8682,python (8633),Command Buffer 0,12948412375,194208
8683,python (8633),Compute Command 0,12948592166,12084
8684,python (8633),Command Buffer 0,12948608750,191666
8685,python (8633),Compute Command 0,12948785958,12083
8686,python (8633),Command Buffer 0,12948802625,170000
8687,python (8633),Compute Command 0,12948956041,14209
8688,python (8633),Command Buffer 0,12948975166,177750
8689,python (8633),Compute Command 0,12949138791,11792
8690,python (8633),Command Buffer 0,12949155208,189750
8691,python (8633),Compute Command 0,12949330875,11833
8692,python (8633),Command Buffer 0,12949347250,191916
8693,python (8633),Compute Command 0,12949525250,11666
8694,python (8633),Command Buffer 0,12949541458,184292
8695,python (8633),Compute Command 0,12949711958,11500
8696,python (8633),Command Buffer 0,12949727958,192000
8697,python (8633),Compute Command 0,12949906041,11667
8698,python (8633),Command Buffer 0,12949922291,192625
8699,python (8633),Compute Command 0,12950101125,11541
8700,python (8633),Command Buffer 0,12950117208,195542
8701,python (8633),Compute Command 0,12950298708,11792
8702,python (8633),Command Buffer 0,12950315041,193625
8703,python (8633),Compute Command 0,12950494708,11708
8704,python (8633),Command Buffer 0,12950510958,191000
8705,python (8633),Compute Command 0,12950688041,11625
8706,python (8633),Command Buffer 0,12950704125,188750
8707,python (8633),Compute Command 0,12950879083,11542
8708,python (8633),Command Buffer 0,12950895041,191917
8709,python (8633),Compute Command 0,12951073000,11708
8710,python (8633),Command Buffer 0,12951091875,190666
8711,python (8633),Compute Command 0,12951268583,11667
8712,python (8633),Command Buffer 0,12951284666,338625
8713,python (8633),Compute Command 0,12951608458,12458
8714,python (8633),Command Buffer 0,12951625625,175208
8715,python (8633),Compute Command 0,12951786166,12292
8716,python (8633),Command Buffer 0,12951803250,192875
8717,python (8633),Compute Command 0,12951981708,12125
8718,python (8633),Command Buffer 0,12951998291,186334
8719,python (8633),Compute Command 0,12952170291,11959
8720,python (8633),Command Buffer 0,12952186750,196250
8721,python (8633),Compute Command 0,12952368666,12000
8722,python (8633),Command Buffer 0,12952385208,192875
8723,python (8633),Compute Command 0,12952564000,11750
8724,python (8633),Command Buffer 0,12952580250,195666
8725,python (8633),Compute Command 0,12952761791,11792
8726,python (8633),Command Buffer 0,12952778083,191625
8727,python (8633),Compute Command 0,12952955541,11834
8728,python (8633),Command Buffer 0,12952971916,190375
8729,python (8633),Compute Command 0,12953148291,11709
8730,python (8633),Command Buffer 0,12953164458,191667
8731,python (8633),Compute Command 0,12953341916,11917
8732,python (8633),Command Buffer 0,12953358250,192250
8733,python (8633),Compute Command 0,12953535875,12375
8734,python (8633),Command Buffer 0,12953552666,175542
8735,python (8633),Compute Command 0,12953713166,12500
8736,python (8633),Command Buffer 0,12953730500,173500
8737,python (8633),Compute Command 0,12953890125,11625
8738,python (8633),Command Buffer 0,12953906041,182750
8739,python (8633),Compute Command 0,12954074708,11833
8740,python (8633),Command Buffer 0,12954090958,193250
8741,python (8633),Compute Command 0,12954270250,11708
8742,python (8633),Command Buffer 0,12954286291,191250
8743,python (8633),Compute Command 0,12954463708,11583
8744,python (8633),Command Buffer 0,12954479666,194125
8745,python (8633),Compute Command 0,12954656500,15041
8746,python (8633),Command Buffer 0,12954675916,193750
8747,python (8633),Compute Command 0,12954855708,11708
8748,python (8633),Command Buffer 0,12954871833,192417
8749,python (8633),Compute Command 0,12955050416,11584
8750,python (8633),Command Buffer 0,12955066375,193166
8751,python (8633),Compute Command 0,12955245583,11667
8752,python (8633),Command Buffer 0,12955261625,192625
8753,python (8633),Compute Command 0,12955440333,11667
8754,python (8633),Command Buffer 0,12955456375,177708
8755,python (8633),Compute Command 0,12955620041,11792
8756,python (8633),Command Buffer 0,12955636208,190625
8757,python (8633),Compute Command 0,12955812750,11791
8758,python (8633),Command Buffer 0,12955829000,191250
8759,python (8633),Compute Command 0,12956006208,11708
8760,python (8633),Command Buffer 0,12956022333,192042
8761,python (8633),Compute Command 0,12956200125,12000
8762,python (8633),Command Buffer 0,12956216500,191666
8763,python (8633),Compute Command 0,12956394208,11625
8764,python (8633),Command Buffer 0,12956410333,192167
8765,python (8633),Compute Command 0,12956588708,11542
8766,python (8633),Command Buffer 0,12956604666,193375
8767,python (8633),Compute Command 0,12956783875,11916
8768,python (8633),Command Buffer 0,12956800166,193042
8769,python (8633),Compute Command 0,12956979166,11792
8770,python (8633),Command Buffer 0,12956995333,194542
8771,python (8633),Compute Command 0,12957174458,12875
8772,python (8633),Command Buffer 0,12957192541,185709
8773,python (8633),Compute Command 0,12957364125,11750
8774,python (8633),Command Buffer 0,12957380458,195167
8775,python (8633),Compute Command 0,12957561458,11875
8776,python (8633),Command Buffer 0,12957577791,191625
8777,python (8633),Compute Command 0,12957755458,11708
8778,python (8633),Command Buffer 0,12957771583,189750
8779,python (8633),Compute Command 0,12957947416,11667
8780,python (8633),Command Buffer 0,12957963500,191458
8781,python (8633),Compute Command 0,12958140958,11708
8782,python (8633),Command Buffer 0,12958157125,192041
8783,python (8633),Compute Command 0,12958335166,11750
8784,python (8633),Command Buffer 0,12958351333,184125
8785,python (8633),Compute Command 0,12958521083,12042
8786,python (8633),Command Buffer 0,12958537625,186750
8787,python (8633),Compute Command 0,12958710458,11667
8788,python (8633),Command Buffer 0,12958726500,193333
8789,python (8633),Compute Command 0,12958905750,11750
8790,python (8633),Command Buffer 0,12958921916,190750
8791,python (8633),Compute Command 0,12959098708,11667
8792,python (8633),Command Buffer 0,12959114833,194792
8793,python (8633),Compute Command 0,12959294958,12333
8794,python (8633),Command Buffer 0,12959311708,190542
8795,python (8633),Compute Command 0,12959488250,11750
8796,python (8633),Command Buffer 0,12959504375,189916
8797,python (8633),Compute Command 0,12959680291,11667
8798,python (8633),Command Buffer 0,12959696458,325167
8799,python (8633),Compute Command 0,12960007500,11791
8800,python (8633),Command Buffer 0,12960026500,191750
8801,python (8633),Compute Command 0,12960204333,11667
8802,python (8633),Command Buffer 0,12960220375,191875
8803,python (8633),Compute Command 0,12960398208,11750
8804,python (8633),Command Buffer 0,12960414416,192125
8805,python (8633),Compute Command 0,12960592708,11542
8806,python (8633),Command Buffer 0,12960608708,195583
8807,python (8633),Compute Command 0,12960790458,11625
8808,python (8633),Command Buffer 0,12960806375,194666
8809,python (8633),Compute Command 0,12960987041,11750
8810,python (8633),Command Buffer 0,12961003208,194292
8811,python (8633),Compute Command 0,12961183416,11792
8812,python (8633),Command Buffer 0,12961199583,174667
8813,python (8633),Compute Command 0,12961360041,12417
8814,python (8633),Command Buffer 0,12961376166,176625
8815,python (8633),Compute Command 0,12961537916,12417
8816,python (8633),Command Buffer 0,12961555041,195542
8817,python (8633),Compute Command 0,12961736125,12083
8818,python (8633),Command Buffer 0,12961752750,186791
8819,python (8633),Compute Command 0,12961925083,12083
8820,python (8633),Command Buffer 0,12961941750,193416
8821,python (8633),Compute Command 0,12962120500,12375
8822,python (8633),Command Buffer 0,12962137333,193042
8823,python (8633),Compute Command 0,12962316291,11792
8824,python (8633),Command Buffer 0,12962332500,190500
8825,python (8633),Compute Command 0,12962508833,11875
8826,python (8633),Command Buffer 0,12962525125,191958
8827,python (8633),Compute Command 0,12962702875,11916
8828,python (8633),Command Buffer 0,12962719208,179750
8829,python (8633),Compute Command 0,12962885041,11625
8830,python (8633),Command Buffer 0,12962901083,194208
8831,python (8633),Compute Command 0,12963081333,11708
8832,python (8633),Command Buffer 0,12963097458,193875
8833,python (8633),Compute Command 0,12963277250,11833
8834,python (8633),Command Buffer 0,12963293500,195083
8835,python (8633),Compute Command 0,12963474458,11792
8836,python (8633),Command Buffer 0,12963490666,192042
8837,python (8633),Compute Command 0,12963668625,11833
8838,python (8633),Command Buffer 0,12963684916,191209
8839,python (8633),Compute Command 0,12963862041,11792
8840,python (8633),Command Buffer 0,12963878625,174791
8841,python (8633),Compute Command 0,12964038916,12209
8842,python (8633),Command Buffer 0,12964055666,157792
8843,python (8633),Compute Command 0,12964198791,12167
8844,python (8633),Command Buffer 0,12964215875,175875
8845,python (8633),Compute Command 0,12964377416,11959
8846,python (8633),Command Buffer 0,12964394166,171625
8847,python (8633),Compute Command 0,12964551583,11875
8848,python (8633),Command Buffer 0,12964568000,162208
8849,python (8633),Compute Command 0,12964712041,15000
8850,python (8633),Command Buffer 0,12964732708,181292
8851,python (8633),Compute Command 0,12964899583,12000
8852,python (8633),Command Buffer 0,12964916291,161834
8853,python (8633),Compute Command 0,12965064166,11667
8854,python (8633),Command Buffer 0,12965080333,177000
8855,python (8633),Compute Command 0,12965243166,11792
8856,python (8633),Command Buffer 0,12965259458,193750
8857,python (8633),Compute Command 0,12965439041,11875
8858,python (8633),Command Buffer 0,12965455291,168917
8859,python (8633),Compute Command 0,12965609083,13250
8860,python (8633),Command Buffer 0,12965626041,182667
8861,python (8633),Compute Command 0,12965794625,11750
8862,python (8633),Command Buffer 0,12965810916,178917
8863,python (8633),Compute Command 0,12965975250,12125
8864,python (8633),Command Buffer 0,12965992958,174083
8865,python (8633),Compute Command 0,12966151583,12917
8866,python (8633),Command Buffer 0,12966170000,174958
8867,python (8633),Compute Command 0,12966330833,11833
8868,python (8633),Command Buffer 0,12966347166,188834
8869,python (8633),Compute Command 0,12966522000,11708
8870,python (8633),Command Buffer 0,12966538166,190375
8871,python (8633),Compute Command 0,12966714666,11625
8872,python (8633),Command Buffer 0,12966730666,192459
8873,python (8633),Compute Command 0,12966909083,11750
8874,python (8633),Command Buffer 0,12966925333,193542
8875,python (8633),Compute Command 0,12967104583,12000
8876,python (8633),Command Buffer 0,12967121083,183750
8877,python (8633),Compute Command 0,12967290958,11667
8878,python (8633),Command Buffer 0,12967306958,196833
8879,python (8633),Compute Command 0,12967489833,11667
8880,python (8633),Command Buffer 0,12967505958,193042
8881,python (8633),Compute Command 0,12967685041,11750
8882,python (8633),Command Buffer 0,12967701166,193959
8883,python (8633),Compute Command 0,12967881208,11625
8884,python (8633),Command Buffer 0,12967897208,362375
8885,python (8633),Compute Command 0,12968245416,11834
8886,python (8633),Command Buffer 0,12968262041,196750
8887,python (8633),Compute Command 0,12968444833,11708
8888,python (8633),Command Buffer 0,12968460916,182917
8889,python (8633),Compute Command 0,12968625583,14958
8890,python (8633),Command Buffer 0,12968646541,176542
8891,python (8633),Compute Command 0,12968808625,12166
8892,python (8633),Command Buffer 0,12968825333,167583
8893,python (8633),Compute Command 0,12968978541,12042
8894,python (8633),Command Buffer 0,12968995416,180042
8895,python (8633),Compute Command 0,12969158458,14083
8896,python (8633),Command Buffer 0,12969177875,175916
8897,python (8633),Compute Command 0,12969339333,12167
8898,python (8633),Command Buffer 0,12969356041,159792
8899,python (8633),Compute Command 0,12969499708,13417
8900,python (8633),Command Buffer 0,12969518250,175416
8901,python (8633),Compute Command 0,12969679708,11667
8902,python (8633),Command Buffer 0,12969696250,160625
8903,python (8633),Compute Command 0,12969843125,11500
8904,python (8633),Command Buffer 0,12969858916,154500
8905,python (8633),Compute Command 0,12969999250,11916
8906,python (8633),Command Buffer 0,12970015750,158250
8907,python (8633),Compute Command 0,12970160250,11500
8908,python (8633),Command Buffer 0,12970176125,157791
8909,python (8633),Compute Command 0,12970319208,12292
8910,python (8633),Command Buffer 0,12970336250,201291
8911,python (8633),Compute Command 0,12970522791,12375
8912,python (8633),Command Buffer 0,12970539875,200041
8913,python (8633),Compute Command 0,12970726125,11541
8914,python (8633),Command Buffer 0,12970742083,162292
8915,python (8633),Compute Command 0,12970890458,11583
8916,python (8633),Command Buffer 0,12970906583,176167
8917,python (8633),Compute Command 0,12971068333,12042
8918,python (8633),Command Buffer 0,12971085000,157958
8919,python (8633),Compute Command 0,12971228958,11750
8920,python (8633),Command Buffer 0,12971245208,177583
8921,python (8633),Compute Command 0,12971408375,12083
8922,python (8633),Command Buffer 0,12971425375,167791
8923,python (8633),Compute Command 0,12971579375,11541
8924,python (8633),Command Buffer 0,12971595333,195333
8925,python (8633),Compute Command 0,12971776708,11750
8926,python (8633),Command Buffer 0,12971792833,193708
8927,python (8633),Compute Command 0,12971972458,11792
8928,python (8633),Command Buffer 0,12971988666,192542
8929,python (8633),Compute Command 0,12972167291,11667
8930,python (8633),Command Buffer 0,12972183291,181625
8931,python (8633),Compute Command 0,12972350541,12084
8932,python (8633),Command Buffer 0,12972367625,176208
8933,python (8633),Compute Command 0,12972529875,11666
8934,python (8633),Command Buffer 0,12972546083,191917
8935,python (8633),Compute Command 0,12972724000,11708
8936,python (8633),Command Buffer 0,12972740208,186958
8937,python (8633),Compute Command 0,12972913041,11792
8938,python (8633),Command Buffer 0,12972929291,193417
8939,python (8633),Compute Command 0,12973108541,11834
8940,python (8633),Command Buffer 0,12973126041,194542
8941,python (8633),Compute Command 0,12973306583,11667
8942,python (8633),Command Buffer 0,12973322916,191084
8943,python (8633),Compute Command 0,12973500041,11667
8944,python (8633),Command Buffer 0,12973516166,188292
8945,python (8633),Compute Command 0,12973690416,11667
8946,python (8633),Command Buffer 0,12973706583,180792
8947,python (8633),Compute Command 0,12973872750,12333
8948,python (8633),Command Buffer 0,12973890000,197750
8949,python (8633),Compute Command 0,12974070708,14583
8950,python (8633),Command Buffer 0,12974089958,193083
8951,python (8633),Compute Command 0,12974268833,11875
8952,python (8633),Command Buffer 0,12974285166,196417
8953,python (8633),Compute Command 0,12974467458,11833
8954,python (8633),Command Buffer 0,12974483708,193542
8955,python (8633),Compute Command 0,12974663041,11875
8956,python (8633),Command Buffer 0,12974679416,185959
8957,python (8633),Compute Command 0,12974851250,11833
8958,python (8633),Command Buffer 0,12974867583,185750
8959,python (8633),Compute Command 0,12975038958,12042
8960,python (8633),Command Buffer 0,12975055541,185500
8961,python (8633),Compute Command 0,12975227083,11667
8962,python (8633),Command Buffer 0,12975243208,182917
8963,python (8633),Compute Command 0,12975412166,11667
8964,python (8633),Command Buffer 0,12975428291,193292
8965,python (8633),Compute Command 0,12975607708,11583
8966,python (8633),Command Buffer 0,12975623750,180916
8967,python (8633),Compute Command 0,12975790666,11667
8968,python (8633),Command Buffer 0,12975806791,193750
8969,python (8633),Compute Command 0,12975986541,11584
8970,python (8633),Command Buffer 0,12976003083,195167
8971,python (8633),Compute Command 0,12976184375,11583
8972,python (8633),Command Buffer 0,12976200416,184625
8973,python (8633),Compute Command 0,12976372083,10792
8974,python (8633),Command Buffer 0,12976387083,269042
8975,python (8633),Compute Command 0,12976641875,12000
8976,python (8633),Command Buffer 0,12976658375,192750
8977,python (8633),Compute Command 0,12976837041,11750
8978,python (8633),Command Buffer 0,12976853333,192042
8979,python (8633),Compute Command 0,12977031291,11709
8980,python (8633),Command Buffer 0,12977047500,188875
8981,python (8633),Compute Command 0,12977222125,11958
8982,python (8633),Command Buffer 0,12977238541,191917
8983,python (8633),Compute Command 0,12977416416,11750
8984,python (8633),Command Buffer 0,12977432666,187375
8985,python (8633),Compute Command 0,12977605916,11750
8986,python (8633),Command Buffer 0,12977622208,196500
8987,python (8633),Compute Command 0,12977800916,15500
8988,python (8633),Command Buffer 0,12977820875,190291
8989,python (8633),Compute Command 0,12977997250,11625
8990,python (8633),Command Buffer 0,12978013375,188250
8991,python (8633),Compute Command 0,12978187541,11709
8992,python (8633),Command Buffer 0,12978204041,176375
8993,python (8633),Compute Command 0,12978364875,13166
8994,python (8633),Command Buffer 0,12978383416,179500
8995,python (8633),Compute Command 0,12978547333,12917
8996,python (8633),Command Buffer 0,12978565250,177666
8997,python (8633),Compute Command 0,12978728333,12167
8998,python (8633),Command Buffer 0,12978745791,173959
8999,python (8633),Compute Command 0,12978905625,11833
9000,python (8633),Command Buffer 0,12978922000,190291
9001,python (8633),Compute Command 0,12979098333,11625
9002,python (8633),Command Buffer 0,12979114500,195291
9003,python (8633),Compute Command 0,12979295750,11666
9004,python (8633),Command Buffer 0,12979311958,175667
9005,python (8633),Compute Command 0,12979472250,12833
9006,python (8633),Command Buffer 0,12979490291,190625
9007,python (8633),Compute Command 0,12979666791,11709
9008,python (8633),Command Buffer 0,12979683041,192125
9009,python (8633),Compute Command 0,12979861166,11709
9010,python (8633),Command Buffer 0,12979877291,192542
9011,python (8633),Compute Command 0,12980055500,11958
9012,python (8633),Command Buffer 0,12980071958,191125
9013,python (8633),Compute Command 0,12980248958,11792
9014,python (8633),Command Buffer 0,12980265250,185583
9015,python (8633),Compute Command 0,12980436750,11791
9016,python (8633),Command Buffer 0,12980453666,176625
9017,python (8633),Compute Command 0,12980615416,12334
9018,python (8633),Command Buffer 0,12980632875,174625
9019,python (8633),Compute Command 0,12980793541,11667
9020,python (8633),Command Buffer 0,12980809708,191833
9021,python (8633),Compute Command 0,12980987500,11708
9022,python (8633),Command Buffer 0,12981003708,192500
9023,python (8633),Compute Command 0,12981182125,11791
9024,python (8633),Command Buffer 0,12981198333,194167
9025,python (8633),Compute Command 0,12981375500,11916
9026,python (8633),Command Buffer 0,12981394625,186291
9027,python (8633),Compute Command 0,12981566750,11875
9028,python (8633),Command Buffer 0,12981583083,191750
9029,python (8633),Compute Command 0,12981760666,11834
9030,python (8633),Command Buffer 0,12981776916,192500
9031,python (8633),Compute Command 0,12981955208,11833
9032,python (8633),Command Buffer 0,12981971666,192250
9033,python (8633),Compute Command 0,12982149791,11792
9034,python (8633),Command Buffer 0,12982166041,181875
9035,python (8633),Compute Command 0,12982333375,12208
9036,python (8633),Command Buffer 0,12982350041,190875
9037,python (8633),Compute Command 0,12982526583,11958
9038,python (8633),Command Buffer 0,12982543041,191334
9039,python (8633),Compute Command 0,12982720083,11958
9040,python (8633),Command Buffer 0,12982736500,193500
9041,python (8633),Compute Command 0,12982915666,12000
9042,python (8633),Command Buffer 0,12982932208,198167
9043,python (8633),Compute Command 0,12983112541,15542
9044,python (8633),Command Buffer 0,12983132500,189083
9045,python (8633),Compute Command 0,12983307500,11750
9046,python (8633),Command Buffer 0,12983323708,193417
9047,python (8633),Compute Command 0,12983503041,11792
9048,python (8633),Command Buffer 0,12983519208,191208
9049,python (8633),Compute Command 0,12983696166,11917
9050,python (8633),Command Buffer 0,12983712541,191125
9051,python (8633),Compute Command 0,12983889500,11833
9052,python (8633),Command Buffer 0,12983905833,189667
9053,python (8633),Compute Command 0,12984081333,11792
9054,python (8633),Command Buffer 0,12984097625,191833
9055,python (8633),Compute Command 0,12984275500,11666
9056,python (8633),Command Buffer 0,12984291666,191709
9057,python (8633),Compute Command 0,12984469291,11750
9058,python (8633),Command Buffer 0,12984485541,177542
9059,python (8633),Compute Command 0,12984648416,12125
9060,python (8633),Command Buffer 0,12984665458,337583
9061,python (8633),Compute Command 0,12984987875,12750
9062,python (8633),Command Buffer 0,12985005416,197375
9063,python (8633),Compute Command 0,12985188833,11667
9064,python (8633),Command Buffer 0,12985205000,191958
9065,python (8633),Compute Command 0,12985382833,11833
9066,python (8633),Command Buffer 0,12985399083,196875
9067,python (8633),Compute Command 0,12985577166,16500
9068,python (8633),Command Buffer 0,12985598166,190292
9069,python (8633),Compute Command 0,12985774041,12125
9070,python (8633),Command Buffer 0,12985790625,191708
9071,python (8633),Compute Command 0,12985968250,11791
9072,python (8633),Command Buffer 0,12985984458,188625
9073,python (8633),Compute Command 0,12986158958,11708
9074,python (8633),Command Buffer 0,12986175291,192042
9075,python (8633),Compute Command 0,12986353250,11750
9076,python (8633),Command Buffer 0,12986369500,189708
9077,python (8633),Compute Command 0,12986544833,12083
9078,python (8633),Command Buffer 0,12986561375,192208
9079,python (8633),Compute Command 0,12986739458,11833
9080,python (8633),Command Buffer 0,12986755708,183667
9081,python (8633),Compute Command 0,12986924916,12084
9082,python (8633),Command Buffer 0,12986941958,195292
9083,python (8633),Compute Command 0,12987122208,12667
9084,python (8633),Command Buffer 0,12987139458,192208
9085,python (8633),Compute Command 0,12987317666,11667
9086,python (8633),Command Buffer 0,12987333833,192167
9087,python (8633),Compute Command 0,12987511916,11792
9088,python (8633),Command Buffer 0,12987528166,189459
9089,python (8633),Compute Command 0,12987703583,11708
9090,python (8633),Command Buffer 0,12987719791,192459
9091,python (8633),Compute Command 0,12987898125,11833
9092,python (8633),Command Buffer 0,12987914416,189417
9093,python (8633),Compute Command 0,12988089625,11916
9094,python (8633),Command Buffer 0,12988106000,192000
9095,python (8633),Compute Command 0,12988283916,11792
9096,python (8633),Command Buffer 0,12988300166,189167
9097,python (8633),Compute Command 0,12988475125,11916
9098,python (8633),Command Buffer 0,12988491541,191500
9099,python (8633),Compute Command 0,12988668916,11792
9100,python (8633),Command Buffer 0,12988685208,189417
9101,python (8633),Compute Command 0,12988860583,11708
9102,python (8633),Command Buffer 0,12988877333,188625
9103,python (8633),Compute Command 0,12989052000,11666
9104,python (8633),Command Buffer 0,12989068291,190917
9105,python (8633),Compute Command 0,12989244541,12250
9106,python (8633),Command Buffer 0,12989261375,193500
9107,python (8633),Compute Command 0,12989440875,11666
9108,python (8633),Command Buffer 0,12989457041,187667
9109,python (8633),Compute Command 0,12989630833,11583
9110,python (8633),Command Buffer 0,12989646833,193333
9111,python (8633),Compute Command 0,12989825958,11833
9112,python (8633),Command Buffer 0,12989842250,177000
9113,python (8633),Compute Command 0,12990005000,11916
9114,python (8633),Command Buffer 0,12990022083,191833
9115,python (8633),Compute Command 0,12990201166,10667
9116,python (8633),Command Buffer 0,12990215833,186833
9117,python (8633),Compute Command 0,12990388750,11625
9118,python (8633),Command Buffer 0,12990404791,184417
9119,python (8633),Compute Command 0,12990574916,12042
9120,python (8633),Command Buffer 0,12990592041,192709
9121,python (8633),Compute Command 0,12990770333,12167
9122,python (8633),Command Buffer 0,12990786958,185708
9123,python (8633),Compute Command 0,12990957625,12750
9124,python (8633),Command Buffer 0,12990975166,180584
9125,python (8633),Compute Command 0,12991141416,12042
9126,python (8633),Command Buffer 0,12991157916,196542
9127,python (8633),Compute Command 0,12991340250,11958
9128,python (8633),Command Buffer 0,12991357083,193042
9129,python (8633),Compute Command 0,12991536041,11792
9130,python (8633),Command Buffer 0,12991552250,192916
9131,python (8633),Compute Command 0,12991731208,11708
9132,python (8633),Command Buffer 0,12991747375,190541
9133,python (8633),Compute Command 0,12991923875,11791
9134,python (8633),Command Buffer 0,12991940000,194583
9135,python (8633),Compute Command 0,12992117541,14750
9136,python (8633),Command Buffer 0,12992136916,188875
9137,python (8633),Compute Command 0,12992311708,11792
9138,python (8633),Command Buffer 0,12992327916,193209
9139,python (8633),Compute Command 0,12992507000,11875
9140,python (8633),Command Buffer 0,12992523416,189834
9141,python (8633),Compute Command 0,12992699250,11666
9142,python (8633),Command Buffer 0,12992715333,194417
9143,python (8633),Compute Command 0,12992895791,11667
9144,python (8633),Command Buffer 0,12992911958,343667
9145,python (8633),Compute Command 0,12993240791,12334
9146,python (8633),Command Buffer 0,12993258000,165125
9147,python (8633),Compute Command 0,12993408583,12167
9148,python (8633),Command Buffer 0,12993425375,166916
9149,python (8633),Compute Command 0,12993577750,12250
9150,python (8633),Command Buffer 0,12993594458,163417
9151,python (8633),Compute Command 0,12993743833,11792
9152,python (8633),Command Buffer 0,12993760166,192334
9153,python (8633),Compute Command 0,12993938500,11791
9154,python (8633),Command Buffer 0,12993954625,195375
9155,python (8633),Compute Command 0,12994136166,11584
9156,python (8633),Command Buffer 0,12994152125,193125
9157,python (8633),Compute Command 0,12994328541,14417
9158,python (8633),Command Buffer 0,12994347333,194250
9159,python (8633),Compute Command 0,12994527791,11584
9160,python (8633),Command Buffer 0,12994543708,190208
9161,python (8633),Compute Command 0,12994719958,11667
9162,python (8633),Command Buffer 0,12994736041,193250
9163,python (8633),Compute Command 0,12994915375,11583
9164,python (8633),Command Buffer 0,12994931458,193250
9165,python (8633),Compute Command 0,12995109833,11625
9166,python (8633),Command Buffer 0,12995126791,192375
9167,python (8633),Compute Command 0,12995305250,11625
9168,python (8633),Command Buffer 0,12995321291,188792
9169,python (8633),Compute Command 0,12995496083,11708
9170,python (8633),Command Buffer 0,12995512208,190833
9171,python (8633),Compute Command 0,12995689083,11667
9172,python (8633),Command Buffer 0,12995705708,193083
9173,python (8633),Compute Command 0,12995884958,11542
9174,python (8633),Command Buffer 0,12995900958,193042
9175,python (8633),Compute Command 0,12996079666,12042
9176,python (8633),Command Buffer 0,12996096125,189375
9177,python (8633),Compute Command 0,12996271333,11833
9178,python (8633),Command Buffer 0,12996287583,194417
9179,python (8633),Compute Command 0,12996467541,12042
9180,python (8633),Command Buffer 0,12996484250,190250
9181,python (8633),Compute Command 0,12996660375,11833
9182,python (8633),Command Buffer 0,12996676625,194125
9183,python (8633),Compute Command 0,12996856708,11792
9184,python (8633),Command Buffer 0,12996872833,191625
9185,python (8633),Compute Command 0,12997050625,11583
9186,python (8633),Command Buffer 0,12997066625,184708
9187,python (8633),Compute Command 0,12997235958,12917
9188,python (8633),Command Buffer 0,12997254000,187083
9189,python (8633),Compute Command 0,12997426958,11875
9190,python (8633),Command Buffer 0,12997443166,196500
9191,python (8633),Compute Command 0,12997625583,11833
9192,python (8633),Command Buffer 0,12997641833,192083
9193,python (8633),Compute Command 0,12997819791,11834
9194,python (8633),Command Buffer 0,12997836041,190584
9195,python (8633),Compute Command 0,12998014208,10375
9196,python (8633),Command Buffer 0,12998028500,192666
9197,python (8633),Compute Command 0,12998207083,11792
9198,python (8633),Command Buffer 0,12998223291,193917
9199,python (8633),Compute Command 0,12998402791,12209
9200,python (8633),Command Buffer 0,12998419291,191542
9201,python (8633),Compute Command 0,12998596791,11792
9202,python (8633),Command Buffer 0,12998613000,193375
9203,python (8633),Compute Command 0,12998792375,11708
9204,python (8633),Command Buffer 0,12998808500,169291
9205,python (8633),Compute Command 0,12998962625,13291
9206,python (8633),Command Buffer 0,12998979625,155416
9207,python (8633),Compute Command 0,12999120416,12667
9208,python (8633),Command Buffer 0,12999137041,180417
9209,python (8633),Compute Command 0,12999302291,12584
9210,python (8633),Command Buffer 0,12999320000,194166
9211,python (8633),Compute Command 0,12999498833,12875
9212,python (8633),Command Buffer 0,12999516416,188792
9213,python (8633),Compute Command 0,12999690541,12209
9214,python (8633),Command Buffer 0,12999707541,191625
9215,python (8633),Compute Command 0,12999884708,12083
9216,python (8633),Command Buffer 0,12999901416,186167
9217,python (8633),Compute Command 0,13000074583,11042
9218,python (8633),Command Buffer 0,13000090041,184167
9219,python (8633),Compute Command 0,13000259875,11916
9220,python (8633),Command Buffer 0,13000276458,190917
9221,python (8633),Compute Command 0,13000453000,12000
9222,python (8633),Command Buffer 0,13000472041,194375
9223,python (8633),Compute Command 0,13000652375,11791
9224,python (8633),Command Buffer 0,13000668500,190541
9225,python (8633),Compute Command 0,13000844750,12000
9226,python (8633),Command Buffer 0,13000861208,194208
9227,python (8633),Compute Command 0,13001041041,12084
9228,python (8633),Command Buffer 0,13001057500,190500
9229,python (8633),Compute Command 0,13001233458,12250
9230,python (8633),Command Buffer 0,13001250083,370250
9231,python (8633),Compute Command 0,13001605916,12042
9232,python (8633),Command Buffer 0,13001622833,195000
9233,python (8633),Compute Command 0,13001800541,12084
9234,python (8633),Command Buffer 0,13001820166,174959
9235,python (8633),Compute Command 0,13001980541,12167
9236,python (8633),Command Buffer 0,13001997166,170542
9237,python (8633),Compute Command 0,13002153250,12000
9238,python (8633),Command Buffer 0,13002169958,160792
9239,python (8633),Compute Command 0,13002316625,11833
9240,python (8633),Command Buffer 0,13002332833,159542
9241,python (8633),Compute Command 0,13002477833,12125
9242,python (8633),Command Buffer 0,13002494666,161625
9243,python (8633),Compute Command 0,13002641916,12042
9244,python (8633),Command Buffer 0,13002658500,156708
9245,python (8633),Compute Command 0,13002800791,12084
9246,python (8633),Command Buffer 0,13002817333,180250
9247,python (8633),Compute Command 0,13002983041,12167
9248,python (8633),Command Buffer 0,13002999958,180458
9249,python (8633),Compute Command 0,13003165791,12250
9250,python (8633),Command Buffer 0,13003182583,178833
9251,python (8633),Compute Command 0,13003347250,11833
9252,python (8633),Command Buffer 0,13003363666,160125
9253,python (8633),Compute Command 0,13003508916,12500
9254,python (8633),Command Buffer 0,13003525916,225542
9255,python (8633),Compute Command 0,13003736958,12125
9256,python (8633),Command Buffer 0,13003753875,189125
9257,python (8633),Compute Command 0,13003928541,12000
9258,python (8633),Command Buffer 0,13003945333,173500
9259,python (8633),Compute Command 0,13004104208,12208
9260,python (8633),Command Buffer 0,13004121041,166584
9261,python (8633),Compute Command 0,13004273458,11792
9262,python (8633),Command Buffer 0,13004289875,178666
9263,python (8633),Compute Command 0,13004454458,11750
9264,python (8633),Command Buffer 0,13004471500,173500
9265,python (8633),Compute Command 0,13004630625,12041
9266,python (8633),Command Buffer 0,13004647166,194792
9267,python (8633),Compute Command 0,13004827958,11708
9268,python (8633),Command Buffer 0,13004847000,186000
9269,python (8633),Compute Command 0,13005019041,11667
9270,python (8633),Command Buffer 0,13005035208,193500
9271,python (8633),Compute Command 0,13005214666,11750
9272,python (8633),Command Buffer 0,13005230875,187666
9273,python (8633),Compute Command 0,13005404625,11666
9274,python (8633),Command Buffer 0,13005420750,185916
9275,python (8633),Compute Command 0,13005592750,11666
9276,python (8633),Command Buffer 0,13005608833,185167
9277,python (8633),Compute Command 0,13005780083,11625
9278,python (8633),Command Buffer 0,13005796208,188000
9279,python (8633),Compute Command 0,13005971750,10458
9280,python (8633),Command Buffer 0,13005986125,185541
9281,python (8633),Compute Command 0,13006157750,11666
9282,python (8633),Command Buffer 0,13006173833,178625
9283,python (8633),Compute Command 0,13006338375,11791
9284,python (8633),Command Buffer 0,13006355250,194875
9285,python (8633),Compute Command 0,13006536250,11625
9286,python (8633),Command Buffer 0,13006552208,197000
9287,python (8633),Compute Command 0,13006735083,11833
9288,python (8633),Command Buffer 0,13006751333,191833
9289,python (8633),Compute Command 0,13006929333,11583
9290,python (8633),Command Buffer 0,13006945250,186583
9291,python (8633),Compute Command 0,13007117500,12083
9292,python (8633),Command Buffer 0,13007134000,161791
9293,python (8633),Compute Command 0,13007280458,12875
9294,python (8633),Command Buffer 0,13007298333,178042
9295,python (8633),Compute Command 0,13007462333,11708
9296,python (8633),Command Buffer 0,13007478541,193084
9297,python (8633),Compute Command 0,13007657458,11875
9298,python (8633),Command Buffer 0,13007673875,193333
9299,python (8633),Compute Command 0,13007849375,15583
9300,python (8633),Command Buffer 0,13007869291,191875
9301,python (8633),Compute Command 0,13008047166,11750
9302,python (8633),Command Buffer 0,13008063250,193291
9303,python (8633),Compute Command 0,13008242458,11792
9304,python (8633),Command Buffer 0,13008258708,193000
9305,python (8633),Compute Command 0,13008437750,11625
9306,python (8633),Command Buffer 0,13008454000,193125
9307,python (8633),Compute Command 0,13008633250,11625
9308,python (8633),Command Buffer 0,13008649250,192500
9309,python (8633),Compute Command 0,13008828041,11500
9310,python (8633),Command Buffer 0,13008843916,194584
9311,python (8633),Compute Command 0,13009024625,11625
9312,python (8633),Command Buffer 0,13009040625,193208
9313,python (8633),Compute Command 0,13009219916,11667
9314,python (8633),Command Buffer 0,13009235958,188042
9315,python (8633),Compute Command 0,13009410125,11625
9316,python (8633),Command Buffer 0,13009426166,187584
9317,python (8633),Compute Command 0,13009599791,11709
9318,python (8633),Command Buffer 0,13009615833,360083
9319,python (8633),Compute Command 0,13009961291,12250
9320,python (8633),Command Buffer 0,13009978166,188417
9321,python (8633),Compute Command 0,13010152375,11916
9322,python (8633),Command Buffer 0,13010168750,192291
9323,python (8633),Compute Command 0,13010346916,11875
9324,python (8633),Command Buffer 0,13010363208,192667
9325,python (8633),Compute Command 0,13010541916,11625
9326,python (8633),Command Buffer 0,13010558000,179666
9327,python (8633),Compute Command 0,13010723666,11667
9328,python (8633),Command Buffer 0,13010739791,192709
9329,python (8633),Compute Command 0,13010918583,11625
9330,python (8633),Command Buffer 0,13010934583,193333
9331,python (8633),Compute Command 0,13011110375,11625
9332,python (8633),Command Buffer 0,13011130083,195625
9333,python (8633),Compute Command 0,13011311833,11625
9334,python (8633),Command Buffer 0,13011327833,186542
9335,python (8633),Compute Command 0,13011500375,11708
9336,python (8633),Command Buffer 0,13011516541,185167
9337,python (8633),Compute Command 0,13011687875,11541
9338,python (8633),Command Buffer 0,13011703875,186541
9339,python (8633),Compute Command 0,13011876541,11625
9340,python (8633),Command Buffer 0,13011892541,195542
9341,python (8633),Compute Command 0,13012074208,11625
9342,python (8633),Command Buffer 0,13012090208,185542
9343,python (8633),Compute Command 0,13012261666,11792
9344,python (8633),Command Buffer 0,13012277833,192875
9345,python (8633),Compute Command 0,13012456750,11666
9346,python (8633),Command Buffer 0,13012472833,187708
9347,python (8633),Compute Command 0,13012646750,11583
9348,python (8633),Command Buffer 0,13012662625,186750
9349,python (8633),Compute Command 0,13012835375,11708
9350,python (8633),Command Buffer 0,13012851583,191292
9351,python (8633),Compute Command 0,13013028916,11667
9352,python (8633),Command Buffer 0,13013044958,196208
9353,python (8633),Compute Command 0,13013227416,11584
9354,python (8633),Command Buffer 0,13013243291,185875
9355,python (8633),Compute Command 0,13013415291,11584
9356,python (8633),Command Buffer 0,13013431291,187375
9357,python (8633),Compute Command 0,13013604791,11625
9358,python (8633),Command Buffer 0,13013620791,193417
9359,python (8633),Compute Command 0,13013796000,15958
9360,python (8633),Command Buffer 0,13013816375,184833
9361,python (8633),Compute Command 0,13013987208,11750
9362,python (8633),Command Buffer 0,13014003333,185583
9363,python (8633),Compute Command 0,13014175166,11584
9364,python (8633),Command Buffer 0,13014191041,187959
9365,python (8633),Compute Command 0,13014365125,11625
9366,python (8633),Command Buffer 0,13014381166,188084
9367,python (8633),Compute Command 0,13014555333,11708
9368,python (8633),Command Buffer 0,13014571375,187041
9369,python (8633),Compute Command 0,13014744541,11625
9370,python (8633),Command Buffer 0,13014760541,185667
9371,python (8633),Compute Command 0,13014932166,11834
9372,python (8633),Command Buffer 0,13014948333,189625
9373,python (8633),Compute Command 0,13015123208,12458
9374,python (8633),Command Buffer 0,13015140125,193291
9375,python (8633),Compute Command 0,13015319500,11666
9376,python (8633),Command Buffer 0,13015335541,193917
9377,python (8633),Compute Command 0,13015514458,12625
9378,python (8633),Command Buffer 0,13015532291,192667
9379,python (8633),Compute Command 0,13015710291,12250
9380,python (8633),Command Buffer 0,13015727166,192667
9381,python (8633),Compute Command 0,13015905291,12125
9382,python (8633),Command Buffer 0,13015922083,182208
9383,python (8633),Compute Command 0,13016090000,12000
9384,python (8633),Command Buffer 0,13016106833,188667
9385,python (8633),Compute Command 0,13016281458,11750
9386,python (8633),Command Buffer 0,13016297750,193833
9387,python (8633),Compute Command 0,13016477625,11666
9388,python (8633),Command Buffer 0,13016493750,188708
9389,python (8633),Compute Command 0,13016668375,11750
9390,python (8633),Command Buffer 0,13016684625,192583
9391,python (8633),Compute Command 0,13016863416,11542
9392,python (8633),Command Buffer 0,13016879375,197291
9393,python (8633),Compute Command 0,13017062625,11750
9394,python (8633),Command Buffer 0,13017078833,188125
9395,python (8633),Compute Command 0,13017252875,11791
9396,python (8633),Command Buffer 0,13017269583,195625
9397,python (8633),Compute Command 0,13017451166,11709
9398,python (8633),Command Buffer 0,13017467375,193416
9399,python (8633),Compute Command 0,13017646625,11833
9400,python (8633),Command Buffer 0,13017662958,197500
9401,python (8633),Compute Command 0,13017843583,11875
9402,python (8633),Command Buffer 0,13017862666,178042
9403,python (8633),Compute Command 0,13018027916,10667
9404,python (8633),Command Buffer 0,13018043541,205125
9405,python (8633),Compute Command 0,13018232333,13500
9406,python (8633),Command Buffer 0,13018251625,154083
9407,python (8633),Compute Command 0,13018391833,11458
9408,python (8633),Command Buffer 0,13018408541,174250
9409,python (8633),Compute Command 0,13018566666,13667
9410,python (8633),Command Buffer 0,13018585416,168584
9411,python (8633),Compute Command 0,13018737833,14167
9412,python (8633),Command Buffer 0,13018755833,153375
9413,python (8633),Compute Command 0,13018892666,14084
9414,python (8633),Command Buffer 0,13018912041,172417
9415,python (8633),Compute Command 0,13019068500,14041
9416,python (8633),Command Buffer 0,13019086416,153459
9417,python (8633),Compute Command 0,13019224791,13125
9418,python (8633),Command Buffer 0,13019241916,170792
9419,python (8633),Compute Command 0,13019397750,13125
9420,python (8633),Command Buffer 0,13019414583,153042
9421,python (8633),Compute Command 0,13019551916,13709
9422,python (8633),Command Buffer 0,13019570000,168541
9423,python (8633),Compute Command 0,13019722000,14375
9424,python (8633),Command Buffer 0,13019740791,163709
9425,python (8633),Compute Command 0,13019889708,12417
9426,python (8633),Command Buffer 0,13019906791,174250
9427,python (8633),Compute Command 0,13020068708,10375
9428,python (8633),Command Buffer 0,13020083583,172375
9429,python (8633),Compute Command 0,13020232041,21875
9430,python (8633),Command Buffer 0,13020258791,173250
9431,python (8633),Compute Command 0,13020419833,10208
9432,python (8633),Command Buffer 0,13020434541,164000
9433,python (8633),Compute Command 0,13020584916,11459
9434,python (8633),Command Buffer 0,13020601458,152333
9435,python (8633),Compute Command 0,13020739166,12625
9436,python (8633),Command Buffer 0,13020756791,167875
9437,python (8633),Compute Command 0,13020909416,13084
9438,python (8633),Command Buffer 0,13020927625,164500
9439,python (8633),Compute Command 0,13021077083,12917
9440,python (8633),Command Buffer 0,13021095291,153375
9441,python (8633),Compute Command 0,13021235625,10875
9442,python (8633),Command Buffer 0,13021251583,173375
9443,python (8633),Compute Command 0,13021409916,12125
9444,python (8633),Command Buffer 0,13021428166,173292
9445,python (8633),Compute Command 0,13021585083,14000
9446,python (8633),Command Buffer 0,13021604583,185583
9447,python (8633),Compute Command 0,13021773875,12500
9448,python (8633),Command Buffer 0,13021793416,301084
9449,python (8633),Compute Command 0,13022052791,34125
9450,python (8633),Command Buffer 0,13022104416,182042
9451,python (8633),Compute Command 0,13022264916,18667
9452,python (8633),Command Buffer 0,13022290250,157500
9453,python (8633),Compute Command 0,13022433041,12667
9454,python (8633),Command Buffer 0,13022450208,160542
9455,python (8633),Compute Command 0,13022597416,11084
9456,python (8633),Command Buffer 0,13022613250,140375
9457,python (8633),Compute Command 0,13022740083,11542
9458,python (8633),Command Buffer 0,13022755875,148083
9459,python (8633),Compute Command 0,13022890291,11459
9460,python (8633),Command Buffer 0,13022906375,146125
9461,python (8633),Compute Command 0,13023034208,16250
9462,python (8633),Command Buffer 0,13023054500,183875
9463,python (8633),Compute Command 0,13023218625,16083
9464,python (8633),Command Buffer 0,13023242916,177125
9465,python (8633),Compute Command 0,13023403750,14000
9466,python (8633),Command Buffer 0,13023422875,156583
9467,python (8633),Compute Command 0,13023561708,15375
9468,python (8633),Command Buffer 0,13023581875,140083
9469,python (8633),Compute Command 0,13023705250,14583
9470,python (8633),Command Buffer 0,13023724541,138042
9471,python (8633),Compute Command 0,13023848208,11917
9472,python (8633),Command Buffer 0,13023865250,134500
9473,python (8633),Compute Command 0,13023986750,10916
9474,python (8633),Command Buffer 0,13024002125,155333
9475,python (8633),Compute Command 0,13024144166,11250
9476,python (8633),Command Buffer 0,13024159708,142167
9477,python (8633),Compute Command 0,13024288750,11041
9478,python (8633),Command Buffer 0,13024304750,172958
9479,python (8633),Compute Command 0,13024454708,19917
9480,python (8633),Command Buffer 0,13024482541,168584
9481,python (8633),Compute Command 0,13024634125,14750
9482,python (8633),Command Buffer 0,13024653833,160375
9483,python (8633),Compute Command 0,13024797458,14792
9484,python (8633),Command Buffer 0,13024817500,158458
9485,python (8633),Compute Command 0,13024961250,12458
9486,python (8633),Command Buffer 0,13024979041,152334
9487,python (8633),Compute Command 0,13025117250,12125
9488,python (8633),Command Buffer 0,13025133875,161375
9489,python (8633),Compute Command 0,13025278791,14125
9490,python (8633),Command Buffer 0,13025298833,177750
9491,python (8633),Compute Command 0,13025451541,21667
9492,python (8633),Command Buffer 0,13025480708,153500
9493,python (8633),Compute Command 0,13025617958,14042
9494,python (8633),Command Buffer 0,13025637083,171125
9495,python (8633),Compute Command 0,13025786541,19584
9496,python (8633),Command Buffer 0,13025810666,161084
9497,python (8633),Compute Command 0,13025949666,20000
9498,python (8633),Command Buffer 0,13025974250,136333
9499,python (8633),Compute Command 0,13026097000,11458
9500,python (8633),Command Buffer 0,13026113500,162333
9501,python (8633),Compute Command 0,13026251875,21041
9502,python (8633),Command Buffer 0,13026280000,304208
9503,python (8633),Compute Command 0,13026569583,12500
9504,python (8633),Command Buffer 0,13026586666,145750
9505,python (8633),Compute Command 0,13026718916,11542
9506,python (8633),Command Buffer 0,13026734500,143833
9507,python (8633),Compute Command 0,13026865125,11250
9508,python (8633),Command Buffer 0,13026881083,146083
9509,python (8633),Compute Command 0,13027013541,11459
9510,python (8633),Command Buffer 0,13027029458,138708
9511,python (8633),Compute Command 0,13027155375,10750
9512,python (8633),Command Buffer 0,13027171125,145500
9513,python (8633),Compute Command 0,13027303125,11500
9514,python (8633),Command Buffer 0,13027319083,143750
9515,python (8633),Compute Command 0,13027446916,13625
9516,python (8633),Command Buffer 0,13027465916,156459
9517,python (8633),Compute Command 0,13027600208,19208
9518,python (8633),Command Buffer 0,13027626541,184875
9519,python (8633),Compute Command 0,13027793041,15375
9520,python (8633),Command Buffer 0,13027816166,170084
9521,python (8633),Compute Command 0,13027970541,13625
9522,python (8633),Command Buffer 0,13027988541,162167
9523,python (8633),Compute Command 0,13028136125,12333
9524,python (8633),Command Buffer 0,13028153791,148792
9525,python (8633),Compute Command 0,13028289708,10750
9526,python (8633),Command Buffer 0,13028305166,146584
9527,python (8633),Compute Command 0,13028436791,12875
9528,python (8633),Command Buffer 0,13028454333,151417
9529,python (8633),Compute Command 0,13028589875,13750
9530,python (8633),Command Buffer 0,13028608041,139792
9531,python (8633),Compute Command 0,13028734500,11291
9532,python (8633),Command Buffer 0,13028751166,176750
9533,python (8633),Compute Command 0,13028908208,16750
9534,python (8633),Command Buffer 0,13028932750,181791
9535,python (8633),Compute Command 0,13029092541,19250
9536,python (8633),Command Buffer 0,13029118583,183417
9537,python (8633),Compute Command 0,13029283375,16083
9538,python (8633),Command Buffer 0,13029306375,171500
9539,python (8633),Compute Command 0,13029461583,14042
9540,python (8633),Command Buffer 0,13029480791,152000
9541,python (8633),Compute Command 0,13029619375,11416
9542,python (8633),Command Buffer 0,13029634708,194583
9543,python (8633),Compute Command 0,13029816458,10833
9544,python (8633),Command Buffer 0,13029831708,153083
9545,python (8633),Compute Command 0,13029970833,11750
9546,python (8633),Command Buffer 0,13029987500,140041
9547,python (8633),Compute Command 0,13030113541,12042
9548,python (8633),Command Buffer 0,13030129541,145667
9549,python (8633),Compute Command 0,13030261083,11875
9550,python (8633),Command Buffer 0,13030277750,136166
9551,python (8633),Compute Command 0,13030401416,10375
9552,python (8633),Command Buffer 0,13030415833,145250
9553,python (8633),Compute Command 0,13030548500,10625
9554,python (8633),Command Buffer 0,13030563875,157291
9555,python (8633),Compute Command 0,13030707416,11709
9556,python (8633),Command Buffer 0,13030723666,157584
9557,python (8633),Compute Command 0,13030867958,11167
9558,python (8633),Command Buffer 0,13030883458,150000
9559,python (8633),Compute Command 0,13031020708,10625
9560,python (8633),Command Buffer 0,13031035625,165083
9561,python (8633),Compute Command 0,13031188041,10709
9562,python (8633),Command Buffer 0,13031205541,165584
9563,python (8633),Compute Command 0,13031358250,11000
9564,python (8633),Command Buffer 0,13031373375,164125
9565,python (8633),Compute Command 0,13031523625,11750
9566,python (8633),Command Buffer 0,13031539708,160000
9567,python (8633),Compute Command 0,13031687083,10667
9568,python (8633),Command Buffer 0,13031701958,145500
9569,python (8633),Compute Command 0,13031833416,12042
9570,python (8633),Command Buffer 0,13031849833,163125
9571,python (8633),Compute Command 0,13031999958,11125
9572,python (8633),Command Buffer 0,13032015291,148709
9573,python (8633),Compute Command 0,13032150750,11250
9574,python (8633),Command Buffer 0,13032166291,151500
9575,python (8633),Compute Command 0,13032305333,10500
9576,python (8633),Command Buffer 0,13032319958,152708
9577,python (8633),Compute Command 0,13032460833,9875
9578,python (8633),Command Buffer 0,13032474833,166208
9579,python (8633),Compute Command 0,13032629166,9875
9580,python (8633),Command Buffer 0,13032643291,173959
9581,python (8633),Compute Command 0,13032804583,10833
9582,python (8633),Command Buffer 0,13032819833,148708
9583,python (8633),Compute Command 0,13032956458,10167
9584,python (8633),Command Buffer 0,13032970833,168458
9585,python (8633),Compute Command 0,13033126708,10708
9586,python (8633),Command Buffer 0,13033141583,164000
9587,python (8633),Compute Command 0,13033293833,9833
9588,python (8633),Command Buffer 0,13033307750,166833
9589,python (8633),Compute Command 0,13033462666,9917
9590,python (8633),Command Buffer 0,13033477041,166167
9591,python (8633),Compute Command 0,13033630833,10458
9592,python (8633),Command Buffer 0,13033645583,151125
9593,python (8633),Compute Command 0,13033784875,9875
9594,python (8633),Command Buffer 0,13033798791,168542
9595,python (8633),Compute Command 0,13033955666,9792
9596,python (8633),Command Buffer 0,13033969458,150625
9597,python (8633),Compute Command 0,13034106666,11417
9598,python (8633),Command Buffer 0,13034122416,144667
9599,python (8633),Compute Command 0,13034254125,11041
9600,python (8633),Command Buffer 0,13034269416,141125
9601,python (8633),Compute Command 0,13034397125,11500
9602,python (8633),Command Buffer 0,13034412666,163709
9603,python (8633),Compute Command 0,13034563833,10625
9604,python (8633),Command Buffer 0,13034578708,326417
9605,python (8633),Compute Command 0,13034892333,10917
9606,python (8633),Command Buffer 0,13034907583,137542
9607,python (8633),Compute Command 0,13035033666,9625
9608,python (8633),Command Buffer 0,13035047250,139041
9609,python (8633),Compute Command 0,13035173583,10833
9610,python (8633),Command Buffer 0,13035188666,172125
9611,python (8633),Compute Command 0,13035347916,11125
9612,python (8633),Command Buffer 0,13035363166,139417
9613,python (8633),Compute Command 0,13035489666,11000
9614,python (8633),Command Buffer 0,13035504708,152833
9615,python (8633),Compute Command 0,13035645166,10459
9616,python (8633),Command Buffer 0,13035659791,141292
9617,python (8633),Compute Command 0,13035788875,10333
9618,python (8633),Command Buffer 0,13035803125,156500
9619,python (8633),Compute Command 0,13035947625,10125
9620,python (8633),Command Buffer 0,13035961750,150833
9621,python (8633),Compute Command 0,13036100250,10500
9622,python (8633),Command Buffer 0,13036114750,159375
9623,python (8633),Compute Command 0,13036261958,10250
9624,python (8633),Command Buffer 0,13036276708,158000
9625,python (8633),Compute Command 0,13036421875,10958
9626,python (8633),Command Buffer 0,13036436958,159292
9627,python (8633),Compute Command 0,13036583666,10750
9628,python (8633),Command Buffer 0,13036598458,152292
9629,python (8633),Compute Command 0,13036738708,10167
9630,python (8633),Command Buffer 0,13036752958,158125
9631,python (8633),Compute Command 0,13036898958,10250
9632,python (8633),Command Buffer 0,13036913541,264459
9633,python (8633),Compute Command 0,13037165958,10125
9634,python (8633),Command Buffer 0,13037180500,121375
9635,python (8633),Compute Command 0,13037289041,10875
9636,python (8633),Command Buffer 0,13037304083,156500
9637,python (8633),Compute Command 0,13037448125,10625
9638,python (8633),Command Buffer 0,13037462875,165833
9639,python (8633),Compute Command 0,13037616291,10625
9640,python (8633),Command Buffer 0,13037630958,164833
9641,python (8633),Compute Command 0,13037783791,10084
9642,python (8633),Command Buffer 0,13037798041,140875
9643,python (8633),Compute Command 0,13037926041,11084
9644,python (8633),Command Buffer 0,13037941458,159708
9645,python (8633),Compute Command 0,13038087916,11250
9646,python (8633),Command Buffer 0,13038103541,135875
9647,python (8633),Compute Command 0,13038227166,10250
9648,python (8633),Command Buffer 0,13038241833,153792
9649,python (8633),Compute Command 0,13038383666,10000
9650,python (8633),Command Buffer 0,13038397875,170958
9651,python (8633),Compute Command 0,13038556041,10875
9652,python (8633),Command Buffer 0,13038570958,142333
9653,python (8633),Compute Command 0,13038700875,10416
9654,python (8633),Command Buffer 0,13038715125,163708
9655,python (8633),Compute Command 0,13038867000,9875
9656,python (8633),Command Buffer 0,13038880833,161375
9657,python (8633),Compute Command 0,13039029791,10542
9658,python (8633),Command Buffer 0,13039044375,141916
9659,python (8633),Compute Command 0,13039173166,11250
9660,python (8633),Command Buffer 0,13039188875,144291
9661,python (8633),Compute Command 0,13039320375,10916
9662,python (8633),Command Buffer 0,13039335291,149000
9663,python (8633),Compute Command 0,13039471833,10500
9664,python (8633),Command Buffer 0,13039486458,166125
9665,python (8633),Compute Command 0,13039640416,10250
9666,python (8633),Command Buffer 0,13039654833,163333
9667,python (8633),Compute Command 0,13039806291,9917
9668,python (8633),Command Buffer 0,13039820083,167625
9669,python (8633),Compute Command 0,13039975666,10125
9670,python (8633),Command Buffer 0,13039989833,167083
9671,python (8633),Compute Command 0,13040145083,9875
9672,python (8633),Command Buffer 0,13040159416,162042
9673,python (8633),Compute Command 0,13040308208,11250
9674,python (8633),Command Buffer 0,13040323708,162750
9675,python (8633),Compute Command 0,13040473458,10958
9676,python (8633),Command Buffer 0,13040488708,156292
9677,python (8633),Compute Command 0,13040631791,11209
9678,python (8633),Command Buffer 0,13040647541,148625
9679,python (8633),Compute Command 0,13040784291,9792
9680,python (8633),Command Buffer 0,13040798416,167417
9681,python (8633),Compute Command 0,13040953750,9958
9682,python (8633),Command Buffer 0,13040968083,180000
9683,python (8633),Compute Command 0,13041135166,11000
9684,python (8633),Command Buffer 0,13041150250,150833
9685,python (8633),Compute Command 0,13041288375,10833
9686,python (8633),Command Buffer 0,13041303291,175000
9687,python (8633),Compute Command 0,13041466500,9958
9688,python (8633),Command Buffer 0,13041480541,141625
9689,python (8633),Compute Command 0,13041610083,10125
9690,python (8633),Command Buffer 0,13041624208,155417
9691,python (8633),Compute Command 0,13041767541,10167
9692,python (8633),Command Buffer 0,13041781833,157708
9693,python (8633),Compute Command 0,13041926750,10916
9694,python (8633),Command Buffer 0,13041941625,149250
9695,python (8633),Compute Command 0,13042079125,9791
9696,python (8633),Command Buffer 0,13042093208,156333
9697,python (8633),Compute Command 0,13042231208,10917
9698,python (8633),Command Buffer 0,13042251875,134125
9699,python (8633),Compute Command 0,13042374125,9916
9700,python (8633),Command Buffer 0,13042387958,166125
9701,python (8633),Compute Command 0,13042542041,10042
9702,python (8633),Command Buffer 0,13042556250,167916
9703,python (8633),Compute Command 0,13042712208,10000
9704,python (8633),Command Buffer 0,13042726500,154916
9705,python (8633),Compute Command 0,13042869500,10000
9706,python (8633),Command Buffer 0,13042883625,349958
9707,python (8633),Compute Command 0,13043219083,12125
9708,python (8633),Command Buffer 0,13043235833,196375
9709,python (8633),Compute Command 0,13043416750,12791
9710,python (8633),Command Buffer 0,13043437083,192083
9711,python (8633),Compute Command 0,13043614291,12375
9712,python (8633),Command Buffer 0,13043631375,191666
9713,python (8633),Compute Command 0,13043808541,12167
9714,python (8633),Command Buffer 0,13043825375,194416
9715,python (8633),Compute Command 0,13044005125,12333
9716,python (8633),Command Buffer 0,13044021958,194958
9717,python (8633),Compute Command 0,13044202791,11792
9718,python (8633),Command Buffer 0,13044219166,190000
9719,python (8633),Compute Command 0,13044394833,12042
9720,python (8633),Command Buffer 0,13044411541,191292
9721,python (8633),Compute Command 0,13044588708,11792
9722,python (8633),Command Buffer 0,13044605250,192291
9723,python (8633),Compute Command 0,13044783458,11792
9724,python (8633),Command Buffer 0,13044799916,184584
9725,python (8633),Compute Command 0,13044974083,8792
9726,python (8633),Command Buffer 0,13044986458,188417
9727,python (8633),Compute Command 0,13045160833,11792
9728,python (8633),Command Buffer 0,13045179750,180541
9729,python (8633),Compute Command 0,13045346166,11875
9730,python (8633),Command Buffer 0,13045365041,191917
9731,python (8633),Compute Command 0,13045542666,12000
9732,python (8633),Command Buffer 0,13045559291,193834
9733,python (8633),Compute Command 0,13045738875,11916
9734,python (8633),Command Buffer 0,13045755375,193458
9735,python (8633),Compute Command 0,13045934791,11750
9736,python (8633),Command Buffer 0,13045951291,192250
9737,python (8633),Compute Command 0,13046129416,11792
9738,python (8633),Command Buffer 0,13046145666,190625
9739,python (8633),Compute Command 0,13046322125,11833
9740,python (8633),Command Buffer 0,13046338458,191792
9741,python (8633),Compute Command 0,13046516000,11958
9742,python (8633),Command Buffer 0,13046532333,192792
9743,python (8633),Compute Command 0,13046710916,11875
9744,python (8633),Command Buffer 0,13046727208,189208
9745,python (8633),Compute Command 0,13046902333,11833
9746,python (8633),Command Buffer 0,13046918500,194333
9747,python (8633),Compute Command 0,13047098791,11792
9748,python (8633),Command Buffer 0,13047114916,178917
9749,python (8633),Compute Command 0,13047279750,11791
9750,python (8633),Command Buffer 0,13047295958,174792
9751,python (8633),Compute Command 0,13047456416,12042
9752,python (8633),Command Buffer 0,13047472875,194000
9753,python (8633),Compute Command 0,13047652708,11833
9754,python (8633),Command Buffer 0,13047669000,193208
9755,python (8633),Compute Command 0,13047845208,14708
9756,python (8633),Command Buffer 0,13047864375,190291
9757,python (8633),Compute Command 0,13048040416,11959
9758,python (8633),Command Buffer 0,13048056833,192042
9759,python (8633),Compute Command 0,13048234625,11916
9760,python (8633),Command Buffer 0,13048251000,189958
9761,python (8633),Compute Command 0,13048426791,11875
9762,python (8633),Command Buffer 0,13048443125,192458
9763,python (8633),Compute Command 0,13048621291,12000
9764,python (8633),Command Buffer 0,13048637750,195000
9765,python (8633),Compute Command 0,13048818291,12042
9766,python (8633),Command Buffer 0,13048835250,182041
9767,python (8633),Compute Command 0,13049002625,12333
9768,python (8633),Command Buffer 0,13049019500,189750
9769,python (8633),Compute Command 0,13049195000,11916
9770,python (8633),Command Buffer 0,13049211375,191291
9771,python (8633),Compute Command 0,13049388458,11917
9772,python (8633),Command Buffer 0,13049404708,192917
9773,python (8633),Compute Command 0,13049583166,12167
9774,python (8633),Command Buffer 0,13049599791,192834
9775,python (8633),Compute Command 0,13049778625,11708
9776,python (8633),Command Buffer 0,13049794708,190542
9777,python (8633),Compute Command 0,13049971208,11833
9778,python (8633),Command Buffer 0,13049987333,192625
9779,python (8633),Compute Command 0,13050165833,11792
9780,python (8633),Command Buffer 0,13050182083,192250
9781,python (8633),Compute Command 0,13050360125,11875
9782,python (8633),Command Buffer 0,13050376416,190750
9783,python (8633),Compute Command 0,13050553083,11792
9784,python (8633),Command Buffer 0,13050569291,190792
9785,python (8633),Compute Command 0,13050745958,11875
9786,python (8633),Command Buffer 0,13050765041,191125
9787,python (8633),Compute Command 0,13050942041,11834
9788,python (8633),Command Buffer 0,13050958291,192084
9789,python (8633),Compute Command 0,13051136500,11625
9790,python (8633),Command Buffer 0,13051152458,187417
9791,python (8633),Compute Command 0,13051325666,11917
9792,python (8633),Command Buffer 0,13051342083,312792
9793,python (8633),Compute Command 0,13051636125,16333
9794,python (8633),Command Buffer 0,13051657666,196084
9795,python (8633),Compute Command 0,13051839166,12209
9796,python (8633),Command Buffer 0,13051855916,193125
9797,python (8633),Compute Command 0,13052034375,12333
9798,python (8633),Command Buffer 0,13052055000,192333
9799,python (8633),Compute Command 0,13052232958,12125
9800,python (8633),Command Buffer 0,13052249416,188292
9801,python (8633),Compute Command 0,13052423250,12125
9802,python (8633),Command Buffer 0,13052439791,193125
9803,python (8633),Compute Command 0,13052618708,11875
9804,python (8633),Command Buffer 0,13052635041,189375
9805,python (8633),Compute Command 0,13052810250,11916
9806,python (8633),Command Buffer 0,13052826500,186666
9807,python (8633),Compute Command 0,13052999083,11792
9808,python (8633),Command Buffer 0,13053015208,192208
9809,python (8633),Compute Command 0,13053193416,11667
9810,python (8633),Command Buffer 0,13053209458,191125
9811,python (8633),Compute Command 0,13053386416,11834
9812,python (8633),Command Buffer 0,13053402583,183792
9813,python (8633),Compute Command 0,13053572000,12000
9814,python (8633),Command Buffer 0,13053588458,182500
9815,python (8633),Compute Command 0,13053756958,11708
9816,python (8633),Command Buffer 0,13053773041,189125
9817,python (8633),Compute Command 0,13053948125,11708
9818,python (8633),Command Buffer 0,13053964166,191292
9819,python (8633),Compute Command 0,13054141375,11791
9820,python (8633),Command Buffer 0,13054157500,189250
9821,python (8633),Compute Command 0,13054332750,11708
9822,python (8633),Command Buffer 0,13054351208,193583
9823,python (8633),Compute Command 0,13054530416,11959
9824,python (8633),Command Buffer 0,13054546791,189667
9825,python (8633),Compute Command 0,13054722125,12000
9826,python (8633),Command Buffer 0,13054741250,186041
9827,python (8633),Compute Command 0,13054913208,11833
9828,python (8633),Command Buffer 0,13054929333,185792
9829,python (8633),Compute Command 0,13055101041,11792
9830,python (8633),Command Buffer 0,13055117208,194000
9831,python (8633),Compute Command 0,13055297041,11834
9832,python (8633),Command Buffer 0,13055313291,185125
9833,python (8633),Compute Command 0,13055484291,11792
9834,python (8633),Command Buffer 0,13055500666,176667
9835,python (8633),Compute Command 0,13055662916,12084
9836,python (8633),Command Buffer 0,13055685000,187541
9837,python (8633),Compute Command 0,13055858791,11500
9838,python (8633),Command Buffer 0,13055874583,194542
9839,python (8633),Compute Command 0,13056055291,11542
9840,python (8633),Command Buffer 0,13056071125,189875
9841,python (8633),Compute Command 0,13056247083,11583
9842,python (8633),Command Buffer 0,13056263041,191792
9843,python (8633),Compute Command 0,13056440833,11750
9844,python (8633),Command Buffer 0,13056456958,191083
9845,python (8633),Compute Command 0,13056634083,11667
9846,python (8633),Command Buffer 0,13056650166,191667
9847,python (8633),Compute Command 0,13056827875,11708
9848,python (8633),Command Buffer 0,13056843916,183792
9849,python (8633),Compute Command 0,13057013625,11791
9850,python (8633),Command Buffer 0,13057029833,188000
9851,python (8633),Compute Command 0,13057205958,9917
9852,python (8633),Command Buffer 0,13057220250,190041
9853,python (8633),Compute Command 0,13057395916,12000
9854,python (8633),Command Buffer 0,13057412375,191708
9855,python (8633),Compute Command 0,13057589708,12042
9856,python (8633),Command Buffer 0,13057606166,182459
9857,python (8633),Compute Command 0,13057774291,12000
9858,python (8633),Command Buffer 0,13057791375,194708
9859,python (8633),Compute Command 0,13057972041,11750
9860,python (8633),Command Buffer 0,13057988208,180292
9861,python (8633),Compute Command 0,13058153583,12417
9862,python (8633),Command Buffer 0,13058170916,177959
9863,python (8633),Compute Command 0,13058334750,11791
9864,python (8633),Command Buffer 0,13058351000,179500
9865,python (8633),Compute Command 0,13058516375,11750
9866,python (8633),Command Buffer 0,13058532625,191791
9867,python (8633),Compute Command 0,13058707708,14458
9868,python (8633),Command Buffer 0,13058726541,191750
9869,python (8633),Compute Command 0,13058904375,11625
9870,python (8633),Command Buffer 0,13058920416,190459
9871,python (8633),Compute Command 0,13059096750,11833
9872,python (8633),Command Buffer 0,13059112958,192042
9873,python (8633),Compute Command 0,13059290458,12208
9874,python (8633),Command Buffer 0,13059307458,192083
9875,python (8633),Compute Command 0,13059485333,11833
9876,python (8633),Command Buffer 0,13059501625,190541
9877,python (8633),Compute Command 0,13059678041,11834
9878,python (8633),Command Buffer 0,13059694250,322791
9879,python (8633),Compute Command 0,13060002333,12250
9880,python (8633),Command Buffer 0,13060019416,193209
9881,python (8633),Compute Command 0,13060198125,12166
9882,python (8633),Command Buffer 0,13060214708,192208
9883,python (8633),Compute Command 0,13060392708,11917
9884,python (8633),Command Buffer 0,13060409041,188125
9885,python (8633),Compute Command 0,13060583083,11833
9886,python (8633),Command Buffer 0,13060599250,191958
9887,python (8633),Compute Command 0,13060776916,12000
9888,python (8633),Command Buffer 0,13060793333,190167
9889,python (8633),Compute Command 0,13060969250,11958
9890,python (8633),Command Buffer 0,13060985625,186916
9891,python (8633),Compute Command 0,13061158375,11875
9892,python (8633),Command Buffer 0,13061174708,191458
9893,python (8633),Compute Command 0,13061352125,11791
9894,python (8633),Command Buffer 0,13061370666,189500
9895,python (8633),Compute Command 0,13061546125,11750
9896,python (8633),Command Buffer 0,13061562291,191417
9897,python (8633),Compute Command 0,13061739666,11709
9898,python (8633),Command Buffer 0,13061755791,183709
9899,python (8633),Compute Command 0,13061925291,11917
9900,python (8633),Command Buffer 0,13061947500,195583
9901,python (8633),Compute Command 0,13062128791,11959
9902,python (8633),Command Buffer 0,13062145250,195375
9903,python (8633),Compute Command 0,13062326500,11875
9904,python (8633),Command Buffer 0,13062342708,188333
9905,python (8633),Compute Command 0,13062516916,11792
9906,python (8633),Command Buffer 0,13062533166,191584
9907,python (8633),Compute Command 0,13062710791,11709
9908,python (8633),Command Buffer 0,13062726875,196375
9909,python (8633),Compute Command 0,13062905041,15875
9910,python (8633),Command Buffer 0,13062925416,190209
9911,python (8633),Compute Command 0,13063101458,11875
9912,python (8633),Command Buffer 0,13063117666,192375
9913,python (8633),Compute Command 0,13063295916,11792
9914,python (8633),Command Buffer 0,13063312166,179917
9915,python (8633),Compute Command 0,13063477416,12250
9916,python (8633),Command Buffer 0,13063494750,192250
9917,python (8633),Compute Command 0,13063672708,12000
9918,python (8633),Command Buffer 0,13063689291,189000
9919,python (8633),Compute Command 0,13063864125,11833
9920,python (8633),Command Buffer 0,13063880916,196000
9921,python (8633),Compute Command 0,13064062791,11834
9922,python (8633),Command Buffer 0,13064081916,195000
9923,python (8633),Compute Command 0,13064262583,11958
9924,python (8633),Command Buffer 0,13064279250,195625
9925,python (8633),Compute Command 0,13064457750,12000
9926,python (8633),Command Buffer 0,13064477000,192833
9927,python (8633),Compute Command 0,13064655625,11791
9928,python (8633),Command Buffer 0,13064672125,190500
9929,python (8633),Compute Command 0,13064848541,11750
9930,python (8633),Command Buffer 0,13064864875,188916
9931,python (8633),Compute Command 0,13065039375,12041
9932,python (8633),Command Buffer 0,13065056083,191500
9933,python (8633),Compute Command 0,13065233458,11750
9934,python (8633),Command Buffer 0,13065249916,191625
9935,python (8633),Compute Command 0,13065427166,12042
9936,python (8633),Command Buffer 0,13065443625,171208
9937,python (8633),Compute Command 0,13065598125,14166
9938,python (8633),Command Buffer 0,13065617166,157625
9939,python (8633),Compute Command 0,13065758625,13750
9940,python (8633),Command Buffer 0,13065776625,168208
9941,python (8633),Compute Command 0,13065930041,12250
9942,python (8633),Command Buffer 0,13065947250,189333
9943,python (8633),Compute Command 0,13066121208,12958
9944,python (8633),Command Buffer 0,13066139000,180958
9945,python (8633),Compute Command 0,13066305458,12125
9946,python (8633),Command Buffer 0,13066322166,191292
9947,python (8633),Compute Command 0,13066496083,15042
9948,python (8633),Command Buffer 0,13066515666,191167
9949,python (8633),Compute Command 0,13066692708,11792
9950,python (8633),Command Buffer 0,13066709000,192875
9951,python (8633),Compute Command 0,13066887416,12084
9952,python (8633),Command Buffer 0,13066904125,191791
9953,python (8633),Compute Command 0,13067081666,11917
9954,python (8633),Command Buffer 0,13067098083,191708
9955,python (8633),Compute Command 0,13067275666,11792
9956,python (8633),Command Buffer 0,13067291958,191458
9957,python (8633),Compute Command 0,13067469208,11875
9958,python (8633),Command Buffer 0,13067485500,193291
9959,python (8633),Compute Command 0,13067664625,11833
9960,python (8633),Command Buffer 0,13067680916,190334
9961,python (8633),Compute Command 0,13067857083,11833
9962,python (8633),Command Buffer 0,13067873458,350417
9963,python (8633),Compute Command 0,13068209416,12042
9964,python (8633),Command Buffer 0,13068226250,192750
9965,python (8633),Compute Command 0,13068404833,11833
9966,python (8633),Command Buffer 0,13068421125,184750
9967,python (8633),Compute Command 0,13068590916,12542
9968,python (8633),Command Buffer 0,13068608208,175542
9969,python (8633),Compute Command 0,13068768958,12333
9970,python (8633),Command Buffer 0,13068786125,176958
9971,python (8633),Compute Command 0,13068947791,12792
9972,python (8633),Command Buffer 0,13068965791,175959
9973,python (8633),Compute Command 0,13069127041,12334
9974,python (8633),Command Buffer 0,13069144083,158208
9975,python (8633),Compute Command 0,13069287583,12333
9976,python (8633),Command Buffer 0,13069304625,174916
9977,python (8633),Compute Command 0,13069464958,12167
9978,python (8633),Command Buffer 0,13069482000,166041
9979,python (8633),Compute Command 0,13069633708,11875
9980,python (8633),Command Buffer 0,13069650708,167875
9981,python (8633),Compute Command 0,13069804375,11833
9982,python (8633),Command Buffer 0,13069820833,155500
9983,python (8633),Compute Command 0,13069961625,12333
9984,python (8633),Command Buffer 0,13069978625,162875
9985,python (8633),Compute Command 0,13070127333,11750
9986,python (8633),Command Buffer 0,13070143750,158666
9987,python (8633),Compute Command 0,13070288333,11750
9988,python (8633),Command Buffer 0,13070305250,271458
9989,python (8633),Compute Command 0,13070561250,12875
9990,python (8633),Command Buffer 0,13070579416,205542
9991,python (8633),Compute Command 0,13070769875,12583
9992,python (8633),Command Buffer 0,13070787041,176292
9993,python (8633),Compute Command 0,13070948833,12125
9994,python (8633),Command Buffer 0,13070965666,159875
9995,python (8633),Compute Command 0,13071110166,12125
9996,python (8633),Command Buffer 0,13071127750,184625
9997,python (8633),Compute Command 0,13071298000,12041
9998,python (8633),Command Buffer 0,13071314666,194459
9999,python (8633),Compute Command 0,13071494916,11875
10000,python (8633),Command Buffer 0,13071511458,192958
10001,python (8633),Compute Command 0,13071690166,12000
10002,python (8633),Command Buffer 0,13071706750,186000
10003,python (8633),Compute Command 0,13071878500,11916
10004,python (8633),Command Buffer 0,13071895041,192625
10005,python (8633),Compute Command 0,13072073666,11709
10006,python (8633),Command Buffer 0,13072089833,185542
10007,python (8633),Compute Command 0,13072261416,11709
10008,python (8633),Command Buffer 0,13072277500,183958
10009,python (8633),Compute Command 0,13072446958,12167
10010,python (8633),Command Buffer 0,13072463833,198208
10011,python (8633),Compute Command 0,13072646833,12958
10012,python (8633),Command Buffer 0,13072664166,961834
10013,python (8633),Compute Command 0,13073353541,270417
10014,python (8633),Command Buffer 0,13073628000,2938625
