source_row_index,process,category,start_ns,duration_ns
1672,python (8633),Compute,12004093166,37250
1673,python (8633),Compute,12008182541,85500
1674,python (8633),Compute,12008633833,82208
1675,python (8633),Compute,12009008958,81208
1676,python (8633),Compute,12009450541,82417
1677,python (8633),Compute,12009899083,81958
1678,python (8633),Compute,12010336166,81709
1679,python (8633),Compute,12010703166,81959
1680,python (8633),Compute,12011368375,85083
1681,python (8633),Compute,12011808583,82500
1682,python (8633),Compute,12012171083,81750
1683,python (8633),Compute,12012614166,82750
1684,python (8633),Compute,12012970833,82292
1685,python (8633),Compute,12013326875,81833
1686,python (8633),Compute,12013762833,82292
1687,python (8633),Compute,12014117291,82000
1688,python (8633),Compute,12014551916,81875
1689,python (8633),Compute,12014911500,81916
1690,python (8633),Compute,12015274041,81792
1691,python (8633),Compute,12015716333,82250
1692,python (8633),Compute,12016374583,84250
1693,python (8633),Compute,12016809541,82250
1694,python (8633),Compute,12017167541,82167
1695,python (8633),Compute,12017600708,83292
1696,python (8633),Compute,12017975416,81750
1697,python (8633),Compute,12018289791,81625
1698,python (8633),Compute,12018571208,82125
1699,python (8633),Compute,12018869208,82292
1700,python (8633),Compute,12019181625,82208
1701,python (8633),Compute,12019537500,83291
1702,python (8633),Compute,12019823041,81750
1703,python (8633),Compute,12020104083,82208
1704,python (8633),Compute,12020449500,81666
1705,python (8633),Compute,12020750500,81833
1706,python (8633),Compute,12021026416,82334
1707,python (8633),Compute,12021455208,81417
1708,python (8633),Compute,12021889833,82458
1709,python (8633),Compute,12022253166,82459
1710,python (8633),Compute,12022682625,82208
1711,python (8633),Compute,12023038625,81958
1712,python (8633),Compute,12023397958,81583
1713,python (8633),Compute,12023832750,81500
1714,python (8633),Compute,12024187208,82750
1715,python (8633),Compute,12024621208,82417
1716,python (8633),Compute,12024975916,82042
1717,python (8633),Compute,12025332083,81875
1718,python (8633),Compute,12025767166,83125
1719,python (8633),Compute,12026050333,82125
1720,python (8633),Compute,12026334000,82250
1721,python (8633),Compute,12026704083,82167
1722,python (8633),Compute,12026988541,82250
1723,python (8633),Compute,12027278500,81791
1724,python (8633),Compute,12027560250,81708
1725,python (8633),Compute,12027841625,82875
1726,python (8633),Compute,12028119375,82166
1727,python (8633),Compute,12028388291,81834
1728,python (8633),Compute,12028667541,82250
1729,python (8633),Compute,12028963750,82083
1730,python (8633),Compute,12029248958,82708
1731,python (8633),Compute,12029529375,81958
1732,python (8633),Compute,12029806708,81708
1733,python (8633),Compute,12030086708,81958
1734,python (8633),Compute,12030373250,82208
1735,python (8633),Compute,12030819041,82834
1736,python (8633),Compute,12031108166,82167
1737,python (8633),Compute,12031372833,81792
1738,python (8633),Compute,12031647791,82084
1739,python (8633),Compute,12031928125,82250
1740,python (8633),Compute,12032204000,82208
1741,python (8633),Compute,12032488708,81958
1742,python (8633),Compute,12032772833,81833
1743,python (8633),Compute,12033061666,82125
1744,python (8633),Compute,12033353916,82417
1745,python (8633),Compute,12033643708,83542
1746,python (8633),Compute,12033929833,81750
1747,python (8633),Compute,12034214958,81917
1748,python (8633),Compute,12034505333,81542
1749,python (8633),Compute,12034868333,82750
1750,python (8633),Compute,12035165333,82667
1751,python (8633),Compute,12035449125,81833
1752,python (8633),Compute,12035718041,81542
1753,python (8633),Compute,12035989875,82333
1754,python (8633),Compute,12036265083,82458
1755,python (8633),Compute,12036531416,81834
1756,python (8633),Compute,12036816583,81583
1759,python (8633),Compute,12037133416,82000
1760,python (8633),Compute,12037418666,83292
1761,python (8633),Compute,12037702458,82000
1762,python (8633),Compute,12037986375,82375
1763,python (8633),Compute,12038284916,82667
1764,python (8633),Compute,12038591083,82917
1765,python (8633),Compute,12038889833,82333
1766,python (8633),Compute,12039170333,82083
1767,python (8633),Compute,12039450750,81833
1768,python (8633),Compute,12039736458,82417
1769,python (8633),Compute,12040030791,82125
1770,python (8633),Compute,12040320958,81792
1771,python (8633),Compute,12040604208,81875
1772,python (8633),Compute,12040894833,82292
1773,python (8633),Compute,12041187166,82000
1774,python (8633),Compute,12041484333,81958
1775,python (8633),Compute,12041772791,82084
1776,python (8633),Compute,12042067250,83083
1777,python (8633),Compute,12042384833,83000
1778,python (8633),Compute,12042704250,82333
1779,python (8633),Compute,12043173375,82958
1780,python (8633),Compute,12043488125,83250
1781,python (8633),Compute,12043794625,82916
1782,python (8633),Compute,12044106541,82500
1783,python (8633),Compute,12044418375,82666
1784,python (8633),Compute,12044729083,82125
1785,python (8633),Compute,12045040041,83209
1786,python (8633),Compute,12045351666,82834
1787,python (8633),Compute,12045650708,82833
1788,python (8633),Compute,12045966583,83000
1789,python (8633),Compute,12046277166,82625
1790,python (8633),Compute,12046597416,82792
1791,python (8633),Compute,12046919750,82708
1792,python (8633),Compute,12047230750,83291
1793,python (8633),Compute,12047545791,82500
1794,python (8633),Compute,12047844333,83000
1795,python (8633),Compute,12048169333,82167
1796,python (8633),Compute,12048483541,82500
1797,python (8633),Compute,12048797375,82166
1798,python (8633),Compute,12049101416,82209
1799,python (8633),Compute,12049409458,81458
1800,python (8633),Compute,12049705375,82458
1801,python (8633),Compute,12050006416,82625
1802,python (8633),Compute,12050325583,83083
1803,python (8633),Compute,12050640916,82750
1804,python (8633),Compute,12050964208,82000
1805,python (8633),Compute,12051282958,82458
1806,python (8633),Compute,12051723708,83000
1807,python (8633),Compute,12052011666,82500
1808,python (8633),Compute,12052318041,82959
1809,python (8633),Compute,12052632708,83000
1810,python (8633),Compute,12052955625,82791
1811,python (8633),Compute,12053268791,82584
1812,python (8633),Compute,12053581041,83125
1813,python (8633),Compute,12053904166,82709
1814,python (8633),Compute,12054214375,81791
1815,python (8633),Compute,12054557541,83584
1816,python (8633),Compute,12054887958,82875
1817,python (8633),Compute,12055187125,81958
1818,python (8633),Compute,12055509291,82334
1819,python (8633),Compute,12055807125,82416
1820,python (8633),Compute,12056113875,83333
1821,python (8633),Compute,12056414333,82000
1822,python (8633),Compute,12056719750,82541
1823,python (8633),Compute,12057042000,82958
1824,python (8633),Compute,12057348375,82791
1825,python (8633),Compute,12057641500,82666
1826,python (8633),Compute,12057939625,81833
1827,python (8633),Compute,12058236125,81791
1828,python (8633),Compute,12058529500,81583
1829,python (8633),Compute,12058822375,81375
1830,python (8633),Compute,12059115750,81750
1831,python (8633),Compute,12059407416,82000
1832,python (8633),Compute,12059848166,82292
1833,python (8633),Compute,12060176541,82584
1834,python (8633),Compute,12060484416,82000
1835,python (8633),Compute,12060783666,82250
1836,python (8633),Compute,12061094916,81959
1837,python (8633),Compute,12061397708,82333
1838,python (8633),Compute,12061723125,82875
1839,python (8633),Compute,12062017833,82917
1840,python (8633),Compute,12062330458,83042
1841,python (8633),Compute,12062643208,83083
1842,python (8633),Compute,12062950541,82542
1843,python (8633),Compute,12063252458,82083
1844,python (8633),Compute,12063553708,82750
1845,python (8633),Compute,12063847333,83083
1846,python (8633),Compute,12064155500,82541
1847,python (8633),Compute,12064461500,82833
1848,python (8633),Compute,12064761500,83333
1849,python (8633),Compute,12065056833,82292
1850,python (8633),Compute,12065341750,83000
1851,python (8633),Compute,12065636291,82250
1852,python (8633),Compute,12065934375,81916
1853,python (8633),Compute,12066237416,84042
1854,python (8633),Compute,12066547125,83625
1855,python (8633),Compute,12066854125,82916
1856,python (8633),Compute,12067157250,83000
1857,python (8633),Compute,12067454291,82542
1858,python (8633),Compute,12067749625,82458
1859,python (8633),Compute,12068216708,83208
1860,python (8633),Compute,12068526875,82333
1861,python (8633),Compute,12068820916,82334
1862,python (8633),Compute,12069104875,82791
1863,python (8633),Compute,12069387166,81792
1864,python (8633),Compute,12069668958,81667
1865,python (8633),Compute,12069964625,82666
1866,python (8633),Compute,12070250791,82334
1869,python (8633),Compute,12070564833,82042
1870,python (8633),Compute,12070852625,82208
1871,python (8633),Compute,12071134583,81792
1872,python (8633),Compute,12071433625,83041
1873,python (8633),Compute,12071736250,82416
1874,python (8633),Compute,12072056750,82416
1875,python (8633),Compute,12072353500,83208
1876,python (8633),Compute,12072668375,82583
1877,python (8633),Compute,12072993916,82667
1878,python (8633),Compute,12073309000,82500
1879,python (8633),Compute,12073626166,83292
1880,python (8633),Compute,12073936625,82208
1881,python (8633),Compute,12074246333,82667
1882,python (8633),Compute,12074540583,83667
1883,python (8633),Compute,12074848583,82542
1884,python (8633),Compute,12075172000,82500
1885,python (8633),Compute,12075495958,82667
1886,python (8633),Compute,12075814041,82375
1887,python (8633),Compute,12076130541,82334
1888,python (8633),Compute,12076567791,82792
1889,python (8633),Compute,12076897583,82500
1890,python (8633),Compute,12077218666,83125
1891,python (8633),Compute,12077546041,82625
1892,python (8633),Compute,12077871458,82875
1893,python (8633),Compute,12078190333,82333
1894,python (8633),Compute,12078501708,82333
1895,python (8633),Compute,12078825625,82916
1896,python (8633),Compute,12079151125,82625
1897,python (8633),Compute,12079477333,83167
1898,python (8633),Compute,12079804291,82917
1899,python (8633),Compute,12080125375,82750
1900,python (8633),Compute,12080450666,82500
1901,python (8633),Compute,12080755333,83000
1902,python (8633),Compute,12081075458,83208
1903,python (8633),Compute,12081407250,83500
1904,python (8633),Compute,12081733875,83041
1905,python (8633),Compute,12082063625,83000
1906,python (8633),Compute,12082369958,83542
1907,python (8633),Compute,12082699500,83083
1908,python (8633),Compute,12083014000,83875
1909,python (8633),Compute,12083335458,83208
1910,python (8633),Compute,12083661541,82834
1911,python (8633),Compute,12083983958,82708
1912,python (8633),Compute,12084313000,83125
1913,python (8633),Compute,12084608250,82625
1914,python (8633),Compute,12085058083,82583
1915,python (8633),Compute,12085386708,82625
1916,python (8633),Compute,12085735666,82292
1917,python (8633),Compute,12086058000,83250
1918,python (8633),Compute,12086383166,83375
1919,python (8633),Compute,12086704458,82875
1920,python (8633),Compute,12087009166,83209
1921,python (8633),Compute,12087315458,83250
1922,python (8633),Compute,12087641333,83042
1923,python (8633),Compute,12087971791,83292
1924,python (8633),Compute,12088299166,83375
1925,python (8633),Compute,12088630541,82709
1926,python (8633),Compute,12088946791,82709
1927,python (8633),Compute,12089260916,83834
1928,python (8633),Compute,12089568833,83083
1929,python (8633),Compute,12089880958,82583
1930,python (8633),Compute,12090199791,83375
1931,python (8633),Compute,12090522958,82375
1932,python (8633),Compute,12090860791,82834
1933,python (8633),Compute,12091180250,83791
1934,python (8633),Compute,12091501250,82250
1935,python (8633),Compute,12091823208,83167
1936,python (8633),Compute,12092157083,83083
1937,python (8633),Compute,12092479250,83125
1938,python (8633),Compute,12092814416,82875
1939,python (8633),Compute,12093299166,83709
1940,python (8633),Compute,12093615000,83041
1941,python (8633),Compute,12093914375,83208
1942,python (8633),Compute,12094236916,83000
1943,python (8633),Compute,12094559541,83125
1944,python (8633),Compute,12094884833,82375
1945,python (8633),Compute,12095218250,83708
1946,python (8633),Compute,12095546666,83792
1947,python (8633),Compute,12095868541,83542
1948,python (8633),Compute,12096184500,83583
1949,python (8633),Compute,12096506208,83250
1950,python (8633),Compute,12096833875,82916
1951,python (8633),Compute,12097157916,82459
1952,python (8633),Compute,12097482000,83583
1953,python (8633),Compute,12097796750,83541
1954,python (8633),Compute,12098114166,82042
1955,python (8633),Compute,12098444166,82875
1956,python (8633),Compute,12098770458,82958
1957,python (8633),Compute,12099066875,82583
1958,python (8633),Compute,12099360083,81917
1959,python (8633),Compute,12099644375,82708
1960,python (8633),Compute,12099947708,82542
1961,python (8633),Compute,12100261416,82917
1962,python (8633),Compute,12100570208,83167
1963,python (8633),Compute,12100897083,83167
1964,python (8633),Compute,12101254458,82750
1965,python (8633),Compute,12101784916,83125
1966,python (8633),Compute,12102100541,81959
1967,python (8633),Compute,12102383500,82583
1968,python (8633),Compute,12102668083,82000
1969,python (8633),Compute,12102961833,82125
1970,python (8633),Compute,12103257416,82250
1973,python (8633),Compute,12103529166,87084
1976,python (8633),Compute,12103869666,82459
1977,python (8633),Compute,12104179875,81875
1978,python (8633),Compute,12104465208,82375
1979,python (8633),Compute,12104762500,81833
1980,python (8633),Compute,12105095500,83541
1981,python (8633),Compute,12105418166,82709
1982,python (8633),Compute,12105733541,83125
1983,python (8633),Compute,12106050708,83125
1984,python (8633),Compute,12106382833,82917
1985,python (8633),Compute,12106713916,82875
1986,python (8633),Compute,12107037166,83000
1987,python (8633),Compute,12107369166,83625
1988,python (8633),Compute,12107695083,83458
1989,python (8633),Compute,12108042500,82250
1990,python (8633),Compute,12108365625,83375
1991,python (8633),Compute,12108718791,83250
1992,python (8633),Compute,12109037041,83250
1993,python (8633),Compute,12109361625,82791
1994,python (8633),Compute,12109882666,83750
1995,python (8633),Compute,12110212625,83291
1996,python (8633),Compute,12110564916,82834
1997,python (8633),Compute,12110893000,82958
1998,python (8633),Compute,12111231833,83250
1999,python (8633),Compute,12111545125,83083
2000,python (8633),Compute,12111869875,82375
2001,python (8633),Compute,12112186500,83125
2002,python (8633),Compute,12112506875,83375
2003,python (8633),Compute,12112853541,83334
2004,python (8633),Compute,12113174375,83333
2005,python (8633),Compute,12113509333,82458
2006,python (8633),Compute,12113826041,82459
2007,python (8633),Compute,12114174583,84083
2008,python (8633),Compute,12114500958,83000
2009,python (8633),Compute,12114831000,82708
2010,python (8633),Compute,12115159291,83084
2011,python (8633),Compute,12115491958,82917
2012,python (8633),Compute,12115826291,84042
2013,python (8633),Compute,12116158833,82833
2014,python (8633),Compute,12116500083,84000
2015,python (8633),Compute,12116830583,82792
2016,python (8633),Compute,12117181750,83250
2017,python (8633),Compute,12117506958,82417
2018,python (8633),Compute,12117849791,84209
2019,python (8633),Compute,12118094083,81917
2020,python (8633),Compute,12118390625,82166
2021,python (8633),Compute,12118722791,81709
2022,python (8633),Compute,12119008833,82625
2023,python (8633),Compute,12119292958,82042
2024,python (8633),Compute,12119586875,82375
2025,python (8633),Compute,12119884958,82250
2026,python (8633),Compute,12120153666,82375
2027,python (8633),Compute,12120434041,82334
2028,python (8633),Compute,12120722041,81917
2029,python (8633),Compute,12121011333,82000
2030,python (8633),Compute,12121280083,82125
2031,python (8633),Compute,12121551375,82250
2032,python (8633),Compute,12121820208,82833
2033,python (8633),Compute,12122094833,82625
2034,python (8633),Compute,12122365833,82875
2035,python (8633),Compute,12122634208,81708
2036,python (8633),Compute,12122902500,82291
2037,python (8633),Compute,12123170333,81875
2038,python (8633),Compute,12123441750,83208
2039,python (8633),Compute,12123713291,81834
2040,python (8633),Compute,12123977458,81792
2041,python (8633),Compute,12124240958,82250
2042,python (8633),Compute,12124507875,82416
2043,python (8633),Compute,12124801083,81917
2044,python (8633),Compute,12125107041,81667
2045,python (8633),Compute,12125391541,81584
2046,python (8633),Compute,12125676333,82250
2047,python (8633),Compute,12125993500,82541
2048,python (8633),Compute,12126279541,82542
2049,python (8633),Compute,12126700166,82000
2050,python (8633),Compute,12126989083,82125
2051,python (8633),Compute,12127276500,82333
2052,python (8633),Compute,12127590333,83208
2053,python (8633),Compute,12127880208,81792
2054,python (8633),Compute,12128165416,82834
2055,python (8633),Compute,12128474875,81875
2056,python (8633),Compute,12128757500,82000
2057,python (8633),Compute,12129027666,82209
2058,python (8633),Compute,12129305750,82666
2059,python (8633),Compute,12129615083,82167
2060,python (8633),Compute,12129905291,81750
2061,python (8633),Compute,12130195416,82500
2062,python (8633),Compute,12130481708,82667
2063,python (8633),Compute,12130789875,82291
2064,python (8633),Compute,12131075500,81916
2065,python (8633),Compute,12131366083,82000
2066,python (8633),Compute,12131673333,82083
2067,python (8633),Compute,12131967833,82125
2068,python (8633),Compute,12132253916,82084
2069,python (8633),Compute,12132563041,82125
2070,python (8633),Compute,12132859791,81667
2071,python (8633),Compute,12133144333,81917
2072,python (8633),Compute,12133450791,81917
2073,python (8633),Compute,12133758666,82417
2074,python (8633),Compute,12134050583,81833
2075,python (8633),Compute,12134335750,81833
2076,python (8633),Compute,12134641000,82250
2077,python (8633),Compute,12135046166,82417
2078,python (8633),Compute,12135342375,82333
2079,python (8633),Compute,12135619708,81917
2080,python (8633),Compute,12135898583,82042
2081,python (8633),Compute,12136188541,82084
2082,python (8633),Compute,12136480166,82125
2084,python (8633),Compute,12136789125,98875
2086,python (8633),Compute,12137102958,81542
2087,python (8633),Compute,12137377333,81500
2088,python (8633),Compute,12137653791,82042
2089,python (8633),Compute,12137977041,83625
2090,python (8633),Compute,12138316750,82666
2091,python (8633),Compute,12138637541,83709
2092,python (8633),Compute,12138969458,82500
2093,python (8633),Compute,12139287041,82917
2094,python (8633),Compute,12139603083,82333
2095,python (8633),Compute,12139920458,83333
2096,python (8633),Compute,12140241666,82334
2097,python (8633),Compute,12140639166,82792
2098,python (8633),Compute,12140962166,82834
2099,python (8633),Compute,12141343083,83083
2100,python (8633),Compute,12141660750,83416
2101,python (8633),Compute,12142022625,82541
2102,python (8633),Compute,12142337666,83750
2103,python (8633),Compute,12142702458,83458
2104,python (8633),Compute,12143239666,84542
2105,python (8633),Compute,12143566625,82416
2106,python (8633),Compute,12143881958,82792
2107,python (8633),Compute,12144251458,82333
2108,python (8633),Compute,12144561000,82708
2109,python (8633),Compute,12144950375,83083
2110,python (8633),Compute,12145268875,82583
2111,python (8633),Compute,12145639708,82375
2112,python (8633),Compute,12145959250,82083
2113,python (8633),Compute,12146319333,83167
2114,python (8633),Compute,12146633208,83708
2115,python (8633),Compute,12147002333,82875
2116,python (8633),Compute,12147327250,82958
2117,python (8633),Compute,12147714125,82541
2118,python (8633),Compute,12148030791,83167
2119,python (8633),Compute,12148403291,82875
2120,python (8633),Compute,12148736541,83709
2121,python (8633),Compute,12149090916,82959
2122,python (8633),Compute,12149421583,82667
2123,python (8633),Compute,12149790083,83625
2124,python (8633),Compute,12150177375,82708
2125,python (8633),Compute,12150492916,83542
2126,python (8633),Compute,12150861416,82209
2127,python (8633),Compute,12151177416,82000
2128,python (8633),Compute,12151695125,82291
2129,python (8633),Compute,12152009416,83750
2130,python (8633),Compute,12152325250,83166
2131,python (8633),Compute,12152698875,83041
2132,python (8633),Compute,12153010958,81833
2133,python (8633),Compute,12153380000,83500
2134,python (8633),Compute,12153703250,83041
2135,python (8633),Compute,12154070041,82417
2136,python (8633),Compute,12154368291,82250
2137,python (8633),Compute,12154775791,87125
2138,python (8633),Compute,12155101958,84333
2139,python (8633),Compute,12155473416,82834
2140,python (8633),Compute,12155823375,83500
2141,python (8633),Compute,12156133541,83167
2142,python (8633),Compute,12156445833,82958
2143,python (8633),Compute,12156811208,83125
2144,python (8633),Compute,12157121583,82625
2145,python (8633),Compute,12157483000,83500
2146,python (8633),Compute,12157804208,83125
2147,python (8633),Compute,12158178000,81583
2148,python (8633),Compute,12158473791,83084
2149,python (8633),Compute,12158853750,83791
2150,python (8633),Compute,12159169458,82708
2151,python (8633),Compute,12159537791,82584
2152,python (8633),Compute,12159986625,82791
2153,python (8633),Compute,12160315541,82834
2154,python (8633),Compute,12160698916,82792
2155,python (8633),Compute,12161031250,84416
2156,python (8633),Compute,12161392666,83042
2157,python (8633),Compute,12161779833,81792
2158,python (8633),Compute,12162080791,82709
2159,python (8633),Compute,12162464791,82500
2160,python (8633),Compute,12162784541,83334
2161,python (8633),Compute,12163176208,83042
2162,python (8633),Compute,12163504916,83709
2163,python (8633),Compute,12163865125,81958
2164,python (8633),Compute,12164155041,82084
2165,python (8633),Compute,12164543583,82667
2166,python (8633),Compute,12164864416,82834
2167,python (8633),Compute,12165236333,82708
2168,python (8633),Compute,12165561833,83000
2169,python (8633),Compute,12165918291,82459
2170,python (8633),Compute,12166223291,82209
2171,python (8633),Compute,12166600541,83500
2172,python (8633),Compute,12166918041,83875
2173,python (8633),Compute,12167299916,83459
2174,python (8633),Compute,12167637750,83666
2175,python (8633),Compute,12168183208,84417
2176,python (8633),Compute,12168532583,81875
2177,python (8633),Compute,12168821291,81500
2178,python (8633),Compute,12169106875,81916
2179,python (8633),Compute,12169390666,82000
2180,python (8633),Compute,12169739791,82542
2181,python (8633),Compute,12170031166,84084
2184,python (8633),Compute,12170398500,81958
2185,python (8633),Compute,12170697916,82334
2186,python (8633),Compute,12170988333,82667
2187,python (8633),Compute,12171378875,82166
2188,python (8633),Compute,12171675916,82959
2189,python (8633),Compute,12172058875,82500
2190,python (8633),Compute,12172351208,83458
2191,python (8633),Compute,12172731000,82666
2192,python (8633),Compute,12173043291,82500
2193,python (8633),Compute,12173427666,82875
2194,python (8633),Compute,12173747541,82584
2195,python (8633),Compute,12174102625,82875
2196,python (8633),Compute,12174420750,82500
2197,python (8633),Compute,12174791250,82541
2198,python (8633),Compute,12175107250,83583
2199,python (8633),Compute,12175490291,82542
2200,python (8633),Compute,12175822125,84166
2201,python (8633),Compute,12176182625,82791
2202,python (8633),Compute,12176452208,83167
2203,python (8633),Compute,12176807500,82708
2204,python (8633),Compute,12177124458,82333
2205,python (8633),Compute,12177510708,83458
2206,python (8633),Compute,12177837166,84209
2207,python (8633),Compute,12178226083,82875
2208,python (8633),Compute,12178563291,83500
2209,python (8633),Compute,12178952833,83000
2210,python (8633),Compute,12179342458,83083
2211,python (8633),Compute,12179674666,84834
2212,python (8633),Compute,12180067708,83125
2213,python (8633),Compute,12180462291,83750
2214,python (8633),Compute,12180773083,82833
2215,python (8633),Compute,12181192333,83292
2216,python (8633),Compute,12181566500,83125
2217,python (8633),Compute,12181902208,83583
2218,python (8633),Compute,12182300125,83708
2219,python (8633),Compute,12182642958,83375
2220,python (8633),Compute,12183027208,83750
2221,python (8633),Compute,12183425458,83625
2222,python (8633),Compute,12183755125,83000
2223,python (8633),Compute,12184132416,83584
2224,python (8633),Compute,12184479958,82625
2225,python (8633),Compute,12184951208,82708
2226,python (8633),Compute,12185324666,85709
2227,python (8633),Compute,12185722083,84042
2228,python (8633),Compute,12186048625,83500
2229,python (8633),Compute,12186439416,83000
2230,python (8633),Compute,12186841250,83125
2231,python (8633),Compute,12187148083,83792
2232,python (8633),Compute,12187541125,83916
2233,python (8633),Compute,12187885416,84250
2234,python (8633),Compute,12188272041,83625
2235,python (8633),Compute,12188682708,82958
2236,python (8633),Compute,12189001625,83000
2237,python (8633),Compute,12189388041,83250
2238,python (8633),Compute,12189771875,87541
2239,python (8633),Compute,12190103291,83584
2240,python (8633),Compute,12190486541,82584
2241,python (8633),Compute,12190816125,84666
2242,python (8633),Compute,12191219291,84375
2243,python (8633),Compute,12191615333,85292
2244,python (8633),Compute,12191951500,84250
2245,python (8633),Compute,12192322291,83625
2246,python (8633),Compute,12192645833,84708
2247,python (8633),Compute,12193222750,83916
2248,python (8633),Compute,12193596875,82250
2249,python (8633),Compute,12193921833,82750
2250,python (8633),Compute,12194265041,83459
2251,python (8633),Compute,12194632708,82958
2252,python (8633),Compute,12195008083,83167
2253,python (8633),Compute,12195332958,83333
2254,python (8633),Compute,12195725916,82834
2255,python (8633),Compute,12196057583,83500
2256,python (8633),Compute,12196461166,83459
2257,python (8633),Compute,12196850833,83250
2258,python (8633),Compute,12197154791,82542
2259,python (8633),Compute,12197542208,82500
2260,python (8633),Compute,12197862541,83792
2261,python (8633),Compute,12198236500,82958
2262,python (8633),Compute,12198574458,83417
2263,python (8633),Compute,12198964666,44959
2264,python (8633),Compute,12199307333,45083
2265,python (8633),Compute,12199568875,45791
2266,python (8633),Compute,12199830333,45917
2267,python (8633),Compute,12200098833,45833
2268,python (8633),Compute,12200465916,46584
2269,python (8633),Compute,12200742041,45584
2270,python (8633),Compute,12201014416,46084
2271,python (8633),Compute,12201536166,80000
2272,python (8633),Compute,12201821291,82750
2273,python (8633),Compute,12202121583,82375
2274,python (8633),Compute,12202497375,82000
2275,python (8633),Compute,12202791458,81792
2276,python (8633),Compute,12203089125,82125
2279,python (8633),Compute,12203430125,84125
2282,python (8633),Compute,12203776166,81792
2283,python (8633),Compute,12204072875,81625
2284,python (8633),Compute,12204398125,83166
2285,python (8633),Compute,12204779500,83416
2286,python (8633),Compute,12205107875,83250
2287,python (8633),Compute,12205493416,81875
2288,python (8633),Compute,12205817458,82708
2289,python (8633),Compute,12206203666,83250
2290,python (8633),Compute,12206572291,83250
2291,python (8633),Compute,12206985083,51458
2292,python (8633),Compute,12207355166,46000
2293,python (8633),Compute,12207649750,47041
2294,python (8633),Compute,12208008333,46042
2295,python (8633),Compute,12208301250,45833
2296,python (8633),Compute,12208667041,46292
2297,python (8633),Compute,12208956041,45917
2298,python (8633),Compute,12209335458,46083
2299,python (8633),Compute,12209619291,45542
2300,python (8633),Compute,12210068458,46375
2301,python (8633),Compute,12210329916,45792
2302,python (8633),Compute,12210706833,46250
2303,python (8633),Compute,12210992333,45500
2304,python (8633),Compute,12211336958,47042
2305,python (8633),Compute,12211686375,46458
2306,python (8633),Compute,12212023541,47000
2307,python (8633),Compute,12212357833,45417
2308,python (8633),Compute,12212740041,46709
2309,python (8633),Compute,12213071125,45666
2310,python (8633),Compute,12213440916,46000
2311,python (8633),Compute,12213721208,45750
2312,python (8633),Compute,12214077583,47417
2313,python (8633),Compute,12214401208,46250
2314,python (8633),Compute,12214682916,46000
2315,python (8633),Compute,12215041125,46291
2316,python (8633),Compute,12215327958,45708
2317,python (8633),Compute,12215718208,46583
2318,python (8633),Compute,12216006166,45167
2319,python (8633),Compute,12216345250,46958
2320,python (8633),Compute,12216728083,35375
2321,python (8633),Compute,12217095291,35500
2322,python (8633),Compute,12217377375,35666
2323,python (8633),Compute,12217734166,37542
2324,python (8633),Compute,12218296125,45500
2325,python (8633),Compute,12218649458,45833
2326,python (8633),Compute,12218946125,44583
2327,python (8633),Compute,12219206625,44333
2328,python (8633),Compute,12219537250,45416
2329,python (8633),Compute,12219848041,45167
2330,python (8633),Compute,12220105583,45375
2331,python (8633),Compute,12220435125,46083
2332,python (8633),Compute,12220754291,45084
2333,python (8633),Compute,12221007166,44792
2334,python (8633),Compute,12221310833,46417
2335,python (8633),Compute,12221629875,45000
2336,python (8633),Compute,12221865708,44875
2337,python (8633),Compute,12222124166,45084
2338,python (8633),Compute,12222353500,45291
2339,python (8633),Compute,12222585458,44958
2340,python (8633),Compute,12222824083,45375
2341,python (8633),Compute,12223102375,46041
2342,python (8633),Compute,12223413833,46458
2343,python (8633),Compute,12223651041,45167
2344,python (8633),Compute,12223886541,44875
2345,python (8633),Compute,12224123333,45542
2346,python (8633),Compute,12224364708,45083
2347,python (8633),Compute,12224613833,45208
2348,python (8633),Compute,12224846708,44917
2349,python (8633),Compute,12225090333,35167
2350,python (8633),Compute,12225299458,35417
2351,python (8633),Compute,12225519833,35417
2352,python (8633),Compute,12225747125,35250
2353,python (8633),Compute,12225989791,35084
2354,python (8633),Compute,12226221125,35083
2355,python (8633),Compute,12226564500,36791
2356,python (8633),Compute,12226864125,35166
2357,python (8633),Compute,12227085125,35416
2358,python (8633),Compute,12227314500,35291
2359,python (8633),Compute,12227534083,36292
2360,python (8633),Compute,12227748083,35333
2361,python (8633),Compute,12227954500,34958
2362,python (8633),Compute,12228168333,35500
2363,python (8633),Compute,12228385375,35208
2364,python (8633),Compute,12228613583,35792
2365,python (8633),Compute,12228843375,35625
2366,python (8633),Compute,12229064958,35750
2367,python (8633),Compute,12229290333,35250
2368,python (8633),Compute,12229505750,35458
2369,python (8633),Compute,12229726500,35500
2370,python (8633),Compute,12229938583,35333
2371,python (8633),Compute,12230151833,35250
2372,python (8633),Compute,12230493708,31458
2373,python (8633),Compute,12230710708,30417
2374,python (8633),Compute,12230925875,30208
2375,python (8633),Compute,12231139250,30333
2376,python (8633),Compute,12231354000,30625
2377,python (8633),Compute,12231565500,30500
2378,python (8633),Compute,12231778416,30250
2379,python (8633),Compute,12231983250,30583
2380,python (8633),Compute,12232201458,30500
2381,python (8633),Compute,12232421083,30333
2382,python (8633),Compute,12232665250,30708
2383,python (8633),Compute,12232897500,30291
2384,python (8633),Compute,12233123041,30584
2385,python (8633),Compute,12233335833,30250
2386,python (8633),Compute,12233550833,30792
2387,python (8633),Compute,12233789958,30417
2388,python (8633),Compute,12234031875,30583
2389,python (8633),Compute,12234263666,30792
2390,python (8633),Compute,12234506875,30583
2391,python (8633),Compute,12234924125,34791
2392,python (8633),Compute,12235161666,35084
2393,python (8633),Compute,12235385208,34833
2394,python (8633),Compute,12235605041,34834
2395,python (8633),Compute,12235823708,35167
2396,python (8633),Compute,12236045583,34917
2397,python (8633),Compute,12236268458,34708
2402,python (8633),Compute,12236546125,36458
2403,python (8633),Compute,12236975166,35542
2404,python (8633),Compute,12237183208,35292
2405,python (8633),Compute,12237465333,37083
2406,python (8633),Compute,12237771875,35583
2407,python (8633),Compute,12237997750,35041
2408,python (8633),Compute,12238225875,35750
2409,python (8633),Compute,12238451541,35750
2410,python (8633),Compute,12238731125,30541
2411,python (8633),Compute,12238987708,31500
2412,python (8633),Compute,12239246291,30875
2413,python (8633),Compute,12239514208,30708
2414,python (8633),Compute,12239784916,30417
2415,python (8633),Compute,12240038083,30708
2416,python (8633),Compute,12240285875,30625
2417,python (8633),Compute,12240534166,30250
2418,python (8633),Compute,12240776666,30625
2419,python (8633),Compute,12241007458,30500
2420,python (8633),Compute,12241248750,30583
2421,python (8633),Compute,12241492750,30666
2422,python (8633),Compute,12241756208,30875
2423,python (8633),Compute,12242021750,30958
2424,python (8633),Compute,12242297916,30750
2425,python (8633),Compute,12242536541,30625
2426,python (8633),Compute,12242781500,30416
2427,python (8633),Compute,12243181333,29500
2428,python (8633),Compute,12243432500,26875
2429,python (8633),Compute,12243663625,27208
2430,python (8633),Compute,12243901250,26875
2431,python (8633),Compute,12244143416,26875
2432,python (8633),Compute,12244389125,26791
2433,python (8633),Compute,12244627041,27542
2434,python (8633),Compute,12244870958,26833
2435,python (8633),Compute,12245116333,27458
2436,python (8633),Compute,12245340000,26666
2437,python (8633),Compute,12245585916,26917
2438,python (8633),Compute,12245848750,27125
2439,python (8633),Compute,12246116416,27500
2440,python (8633),Compute,12246385791,27042
2441,python (8633),Compute,12246641208,26875
2442,python (8633),Compute,12246884125,26791
2443,python (8633),Compute,12247126625,26708
2444,python (8633),Compute,12247356041,27000
2445,python (8633),Compute,12247590000,26791
2446,python (8633),Compute,12247834375,26708
2447,python (8633),Compute,12248078333,26917
2448,python (8633),Compute,12248319083,26833
2449,python (8633),Compute,12248586416,27375
2450,python (8633),Compute,12248857083,26917
2451,python (8633),Compute,12249119541,26584
2452,python (8633),Compute,12249363041,26709
2453,python (8633),Compute,12249600958,26667
2454,python (8633),Compute,12249929625,24250
2455,python (8633),Compute,12250213041,24584
2456,python (8633),Compute,12250479041,24084
2457,python (8633),Compute,12250730166,24167
2458,python (8633),Compute,12250970916,24084
2459,python (8633),Compute,12251213291,24167
2460,python (8633),Compute,12251613250,26500
2461,python (8633),Compute,12251856500,26583
2462,python (8633),Compute,12252089291,26667
2463,python (8633),Compute,12252327291,26834
2464,python (8633),Compute,12252569000,26833
2465,python (8633),Compute,12252809750,26583
2466,python (8633),Compute,12253049333,26667
2467,python (8633),Compute,12253288166,26750
2468,python (8633),Compute,12253532375,27375
2469,python (8633),Compute,12253775333,26792
2470,python (8633),Compute,12254025166,27375
2471,python (8633),Compute,12254297083,27167
2472,python (8633),Compute,12254570583,26625
2473,python (8633),Compute,12254811000,26875
2474,python (8633),Compute,12255052500,26875
2475,python (8633),Compute,12255293208,26875
2476,python (8633),Compute,12255529333,26625
2477,python (8633),Compute,12255765208,26708
2478,python (8633),Compute,12256005458,26708
2479,python (8633),Compute,12256236208,26500
2480,python (8633),Compute,12256451375,26625
2481,python (8633),Compute,12256675083,26625
2482,python (8633),Compute,12256898416,26834
2483,python (8633),Compute,12257114875,26500
2484,python (8633),Compute,12257336541,26542
2485,python (8633),Compute,12257559625,26333
2486,python (8633),Compute,12257776625,26541
2487,python (8633),Compute,12257986500,26291
2488,python (8633),Compute,12258288166,24375
2489,python (8633),Compute,12258514208,24125
2490,python (8633),Compute,12258759958,23958
2491,python (8633),Compute,12258997833,24042
2492,python (8633),Compute,12259233166,24542
2493,python (8633),Compute,12259493166,24459
2494,python (8633),Compute,12259902291,25084
2495,python (8633),Compute,12260141875,23875
2496,python (8633),Compute,12260389500,24666
2497,python (8633),Compute,12260638791,24000
2498,python (8633),Compute,12260932291,22917
2499,python (8633),Compute,12261164708,22000
2500,python (8633),Compute,12261405416,21875
2501,python (8633),Compute,12261650000,21833
2502,python (8633),Compute,12261893958,21875
2503,python (8633),Compute,12262128375,22000
2504,python (8633),Compute,12262361375,22000
2505,python (8633),Compute,12262597916,21959
2506,python (8633),Compute,12262827875,21541
2507,python (8633),Compute,12263073666,21709
2508,python (8633),Compute,12263308458,21875
2509,python (8633),Compute,12263541833,21875
2510,python (8633),Compute,12263773958,21792
2511,python (8633),Compute,12263987208,21917
2512,python (8633),Compute,12264220416,21959
2513,python (8633),Compute,12264449000,21958
2514,python (8633),Compute,12264678416,21917
2515,python (8633),Compute,12264910750,21833
2516,python (8633),Compute,12265126541,21709
2517,python (8633),Compute,12265362958,21833
2518,python (8633),Compute,12265601625,21458
2519,python (8633),Compute,12265826666,22042
2520,python (8633),Compute,12266029458,21917
2521,python (8633),Compute,12266259500,22000
2522,python (8633),Compute,12266492333,21875
2523,python (8633),Compute,12266736333,21917
2524,python (8633),Compute,12266981750,21875
2525,python (8633),Compute,12267238125,22125
2526,python (8633),Compute,12267503458,22333
2527,python (8633),Compute,12267763166,22000
2528,python (8633),Compute,12268164208,24667
2529,python (8633),Compute,12268413916,24084
2530,python (8633),Compute,12268663375,24416
2531,python (8633),Compute,12268867833,23750
2532,python (8633),Compute,12269150958,22167
2533,python (8633),Compute,12269367375,21625
2534,python (8633),Compute,12269559250,22041
2535,python (8633),Compute,12269763291,21667
2538,python (8633),Compute,12269982833,22000
2539,python (8633),Compute,12270302125,22000
2540,python (8633),Compute,12270508291,21667
2541,python (8633),Compute,12270715875,21583
2542,python (8633),Compute,12270933666,21667
2543,python (8633),Compute,12271146750,21583
2544,python (8633),Compute,12271360625,22166
2545,python (8633),Compute,12271610875,22041
2546,python (8633),Compute,12271854291,22375
2547,python (8633),Compute,12272099916,22000
2548,python (8633),Compute,12272322791,21834
2549,python (8633),Compute,12272550375,21916
2550,python (8633),Compute,12272789750,22083
2551,python (8633),Compute,12273026666,21792
2552,python (8633),Compute,12273262791,21959
2553,python (8633),Compute,12273494958,22042
2554,python (8633),Compute,12273726500,22125
2555,python (8633),Compute,12273938333,21667
2556,python (8633),Compute,12274158416,21542
2557,python (8633),Compute,12274384458,21625
2558,python (8633),Compute,12274599208,21542
2559,python (8633),Compute,12274815916,21792
2560,python (8633),Compute,12275030291,21667
2561,python (8633),Compute,12275245250,21791
2562,python (8633),Compute,12275463583,21625
2563,python (8633),Compute,12275692083,21958
2564,python (8633),Compute,12275917166,21959
2565,python (8633),Compute,12276142333,22042
2566,python (8633),Compute,12276547250,20625
2567,python (8633),Compute,12276809041,20459
2568,python (8633),Compute,12277025083,20042
2569,python (8633),Compute,12277250625,19958
2570,python (8633),Compute,12277491458,19750
2571,python (8633),Compute,12277728791,20042
2572,python (8633),Compute,12277954416,19917
2573,python (8633),Compute,12278176583,20125
2574,python (8633),Compute,12278384666,19959
2575,python (8633),Compute,12278600583,19875
2576,python (8633),Compute,12278818291,20292
2577,python (8633),Compute,12279034875,20041
2578,python (8633),Compute,12279247166,20167
2579,python (8633),Compute,12279462666,19792
2580,python (8633),Compute,12279672625,20000
2581,python (8633),Compute,12279885500,19791
2582,python (8633),Compute,12280100041,20125
2583,python (8633),Compute,12280317291,19709
2584,python (8633),Compute,12280511583,19875
2585,python (8633),Compute,12280730750,20125
2586,python (8633),Compute,12280956666,20125
2587,python (8633),Compute,12281170083,19958
2588,python (8633),Compute,12281460833,18875
2589,python (8633),Compute,12281679541,18875
2590,python (8633),Compute,12281886125,18916
2591,python (8633),Compute,12282099625,18958
2592,python (8633),Compute,12282305208,18583
2593,python (8633),Compute,12282507916,18542
2596,python (8633),Compute,12282726750,21375
2597,python (8633),Compute,12283030500,19041
2598,python (8633),Compute,12283244125,18958
2599,python (8633),Compute,12283473291,19084
2600,python (8633),Compute,12283689416,19042
2601,python (8633),Compute,12283908208,18792
2602,python (8633),Compute,12284116375,19041
2603,python (8633),Compute,12284326416,19000
2604,python (8633),Compute,12284534250,18875
2605,python (8633),Compute,12284920416,19750
2606,python (8633),Compute,12285132083,20208
2607,python (8633),Compute,12285348416,19959
2608,python (8633),Compute,12285565833,20083
2609,python (8633),Compute,12285783750,20083
2610,python (8633),Compute,12286000958,20042
2611,python (8633),Compute,12286216750,19750
2612,python (8633),Compute,12286442750,19833
2613,python (8633),Compute,12286668583,19750
2614,python (8633),Compute,12286881625,20125
2615,python (8633),Compute,12287081458,19833
2616,python (8633),Compute,12287303875,19791
2617,python (8633),Compute,12287520833,20083
2618,python (8633),Compute,12287741125,19958
2619,python (8633),Compute,12287962416,20417
2620,python (8633),Compute,12288177291,19917
2621,python (8633),Compute,12288395958,19958
2622,python (8633),Compute,12288618166,19834
2623,python (8633),Compute,12288837458,19583
2624,python (8633),Compute,12289029583,19875
2625,python (8633),Compute,12289237958,20333
2626,python (8633),Compute,12289459458,19792
2627,python (8633),Compute,12289687708,20292
2628,python (8633),Compute,12289924458,19167
2629,python (8633),Compute,12290134250,18958
2630,python (8633),Compute,12290350250,19500
2631,python (8633),Compute,12290566208,18458
2632,python (8633),Compute,12290773791,19167
2633,python (8633),Compute,12290992500,18916
2634,python (8633),Compute,12291212666,19042
2635,python (8633),Compute,12291425875,18833
2636,python (8633),Compute,12291647208,18958
2637,python (8633),Compute,12291859875,18791
2638,python (8633),Compute,12292071166,18959
2639,python (8633),Compute,12292286333,18875
2640,python (8633),Compute,12292504291,18917
2641,python (8633),Compute,12292711375,18875
2642,python (8633),Compute,12292924000,19041
2643,python (8633),Compute,12293195875,19166
2644,python (8633),Compute,12293415166,19000
2645,python (8633),Compute,12293627375,18916
2646,python (8633),Compute,12293846916,18959
2647,python (8633),Compute,12294062375,18833
2648,python (8633),Compute,12294272500,19208
2649,python (8633),Compute,12294487125,18791
2650,python (8633),Compute,12294694916,19000
2651,python (8633),Compute,12294907833,18667
2652,python (8633),Compute,12295119375,18666
2653,python (8633),Compute,12295318833,18792
2654,python (8633),Compute,12295531333,18958
2655,python (8633),Compute,12295742750,18875
2656,python (8633),Compute,12295962958,18875
2657,python (8633),Compute,12296183625,19000
2658,python (8633),Compute,12296395333,18875
2659,python (8633),Compute,12296621750,19041
2660,python (8633),Compute,12296833708,18875
2661,python (8633),Compute,12297046750,19083
2662,python (8633),Compute,12297255416,18959
2663,python (8633),Compute,12297468250,19041
2664,python (8633),Compute,12297679875,18916
2665,python (8633),Compute,12297897708,18917
2666,python (8633),Compute,12298102041,19000
2667,python (8633),Compute,12298312958,18833
2668,python (8633),Compute,12298524875,18833
2669,python (8633),Compute,12298749833,18917
2670,python (8633),Compute,12298966333,18542
2671,python (8633),Compute,12299170833,18625
2672,python (8633),Compute,12299359250,19208
2673,python (8633),Compute,12299575291,18750
2674,python (8633),Compute,12299787416,18959
2675,python (8633),Compute,12300015958,19042
2676,python (8633),Compute,12300224541,19084
2677,python (8633),Compute,12300447375,18833
2678,python (8633),Compute,12300663291,19042
2679,python (8633),Compute,12300876708,18750
2680,python (8633),Compute,12301094541,19042
2681,python (8633),Compute,12301311125,18791
2682,python (8633),Compute,12301699125,19166
2683,python (8633),Compute,12301914666,18584
2684,python (8633),Compute,12302096125,18583
2685,python (8633),Compute,12302276875,18708
2686,python (8633),Compute,12302454083,18667
2687,python (8633),Compute,12302635208,18750
2690,python (8633),Compute,12302813583,18542
2691,python (8633),Compute,12303085625,18833
2692,python (8633),Compute,12303266000,18750
2693,python (8633),Compute,12303459166,18667
2694,python (8633),Compute,12303670208,18667
2695,python (8633),Compute,12303898208,18833
2696,python (8633),Compute,12304107791,19542
2697,python (8633),Compute,12304326875,18875
2698,python (8633),Compute,12304543250,19416
2699,python (8633),Compute,12304774875,18875
2700,python (8633),Compute,12304988000,18958
2701,python (8633),Compute,12305219333,18792
2702,python (8633),Compute,12305430791,19417
2703,python (8633),Compute,12305637500,18666
2704,python (8633),Compute,12305857875,18916
2705,python (8633),Compute,12306075833,18792
2706,python (8633),Compute,12306291291,19042
2707,python (8633),Compute,12306511916,18875
2708,python (8633),Compute,12306720000,19041
2709,python (8633),Compute,12306945000,18833
2710,python (8633),Compute,12307140458,18583
2711,python (8633),Compute,12307355875,19000
2712,python (8633),Compute,12307570875,18875
2713,python (8633),Compute,12307782541,18834
2714,python (8633),Compute,12307995666,18875
2715,python (8633),Compute,12308216125,18958
2716,python (8633),Compute,12308432083,19125
2717,python (8633),Compute,12308660458,18792
2718,python (8633),Compute,12308872000,18666
2719,python (8633),Compute,12309088291,18917
2720,python (8633),Compute,12309294916,18959
2721,python (8633),Compute,12309516916,18917
2722,python (8633),Compute,12309895083,19000
2723,python (8633),Compute,12310116875,18875
2724,python (8633),Compute,12310329083,19000
2725,python (8633),Compute,12310560666,18917
2726,python (8633),Compute,12310783041,18875
2727,python (8633),Compute,12311005791,18917
2728,python (8633),Compute,12311202166,18917
2729,python (8633),Compute,12311425000,18875
2730,python (8633),Compute,12311635666,18834
2731,python (8633),Compute,12311852666,18875
2732,python (8633),Compute,12312065666,19209
2733,python (8633),Compute,12312297375,18875
2734,python (8633),Compute,12312512708,19375
2735,python (8633),Compute,12312748000,19000
2736,python (8633),Compute,12312969291,18875
2737,python (8633),Compute,12313189500,19000
2738,python (8633),Compute,12313392458,18833
2739,python (8633),Compute,12313614208,18958
2740,python (8633),Compute,12313826416,18875
2741,python (8633),Compute,12314021708,18792
2742,python (8633),Compute,12314234000,18875
2743,python (8633),Compute,12314448458,18833
2744,python (8633),Compute,12314660208,18958
2745,python (8633),Compute,12314890708,18958
2746,python (8633),Compute,12315114875,18791
2747,python (8633),Compute,12315335791,18917
2748,python (8633),Compute,12315550083,18708
2749,python (8633),Compute,12315765208,18917
2750,python (8633),Compute,12315975291,19042
2751,python (8633),Compute,12316192791,19000
2752,python (8633),Compute,12316412666,18834
2753,python (8633),Compute,12316630083,18875
2754,python (8633),Compute,12316845416,18834
2755,python (8633),Compute,12317078958,19500
2756,python (8633),Compute,12317302333,18833
2757,python (8633),Compute,12317516416,19209
2758,python (8633),Compute,12317718833,18917
2759,python (8633),Compute,12317944416,18875
2760,python (8633),Compute,12318319208,18500
2761,python (8633),Compute,12318534000,18458
2762,python (8633),Compute,12318741166,18625
2763,python (8633),Compute,12318939041,18500
2764,python (8633),Compute,12319136041,18667
2765,python (8633),Compute,12319345833,18625
2766,python (8633),Compute,12319534250,18500
2767,python (8633),Compute,12319739958,18500
2768,python (8633),Compute,12319938583,18667
2769,python (8633),Compute,12320144875,18416
2770,python (8633),Compute,12320339458,18667
2771,python (8633),Compute,12320541875,18541
2772,python (8633),Compute,12320745208,18667
2773,python (8633),Compute,12320955041,18584
2774,python (8633),Compute,12321150125,18625
2775,python (8633),Compute,12321361875,18583
2776,python (8633),Compute,12321562166,18459
2777,python (8633),Compute,12321751500,18500
2778,python (8633),Compute,12321941000,18583
2779,python (8633),Compute,12322136541,18417
2780,python (8633),Compute,12322311625,18625
2781,python (8633),Compute,12322505500,18625
2782,python (8633),Compute,12322688666,18709
2783,python (8633),Compute,12322869333,18583
2784,python (8633),Compute,12323045791,18709
2785,python (8633),Compute,12323237333,18583
2786,python (8633),Compute,12323414291,18542
2787,python (8633),Compute,12323593708,18500
2788,python (8633),Compute,12323772583,18375
2789,python (8633),Compute,12323955250,18708
2790,python (8633),Compute,12324137458,18625
2791,python (8633),Compute,12324318041,18750
2792,python (8633),Compute,12324500000,18541
2793,python (8633),Compute,12324699416,18709
2794,python (8633),Compute,12324893333,18875
2795,python (8633),Compute,12325089666,18584
2796,python (8633),Compute,12325275208,18708
2797,python (8633),Compute,12325462333,18583
2798,python (8633),Compute,12325648166,18625
2799,python (8633),Compute,12325837083,18500
2800,python (8633),Compute,12326018375,18666
2801,python (8633),Compute,12326210458,18583
2802,python (8633),Compute,12326528041,18459
2803,python (8633),Compute,12326720250,18583
2804,python (8633),Compute,12326919833,18583
2805,python (8633),Compute,12327114750,18625
2806,python (8633),Compute,12327300041,18584
2807,python (8633),Compute,12327490416,18500
2808,python (8633),Compute,12327729625,18500
2809,python (8633),Compute,12327933875,18708
2810,python (8633),Compute,12328122208,18708
2811,python (8633),Compute,12328306833,18583
2812,python (8633),Compute,12328488208,18667
2813,python (8633),Compute,12328672958,18542
2814,python (8633),Compute,12328867416,18625
2815,python (8633),Compute,12329067375,18625
2816,python (8633),Compute,12329263375,18750
2817,python (8633),Compute,12329460708,18792
2818,python (8633),Compute,12329659541,18625
2819,python (8633),Compute,12329856958,19000
2820,python (8633),Compute,12330054625,18833
2821,python (8633),Compute,12330250041,19042
2822,python (8633),Compute,12330442708,18708
2823,python (8633),Compute,12330631916,18834
2824,python (8633),Compute,12330821041,18500
2825,python (8633),Compute,12331011166,18625
2826,python (8633),Compute,12331183041,18875
2827,python (8633),Compute,12331373875,18708
2828,python (8633),Compute,12331562583,18667
2829,python (8633),Compute,12331759916,18625
2830,python (8633),Compute,12331940333,18917
2831,python (8633),Compute,12332124625,18708
2832,python (8633),Compute,12332328166,18625
2833,python (8633),Compute,12332526125,18500
2834,python (8633),Compute,12332708166,18542
2835,python (8633),Compute,12332899416,18875
2836,python (8633),Compute,12333086000,18791
2837,python (8633),Compute,12333283666,18875
2838,python (8633),Compute,12333473708,18833
2839,python (8633),Compute,12333669541,18792
2840,python (8633),Compute,12333864583,18792
2841,python (8633),Compute,12334058333,18792
2842,python (8633),Compute,12334244625,18666
2843,python (8633),Compute,12334434000,18666
2844,python (8633),Compute,12334618750,18708
2845,python (8633),Compute,12334963291,18917
2846,python (8633),Compute,12335152291,18875
2847,python (8633),Compute,12335331166,18584
2848,python (8633),Compute,12335487166,18500
2849,python (8633),Compute,12335651625,18541
2850,python (8633),Compute,12335817458,18583
2851,python (8633),Compute,12335984625,18708
2854,python (8633),Compute,12336148166,18625
2855,python (8633),Compute,12336408958,18583
2856,python (8633),Compute,12336577208,18667
2857,python (8633),Compute,12336762250,18625
2858,python (8633),Compute,12336944625,18666
2859,python (8633),Compute,12337124375,18916
2860,python (8633),Compute,12337305250,18750
2861,python (8633),Compute,12337483625,18750
2862,python (8633),Compute,12337670416,18750
2863,python (8633),Compute,12337857083,18833
2864,python (8633),Compute,12338044625,18750
2865,python (8633),Compute,12338232500,18750
2866,python (8633),Compute,12338412666,18792
2867,python (8633),Compute,12338593333,18875
2868,python (8633),Compute,12338777208,18958
2869,python (8633),Compute,12338954250,18750
2870,python (8633),Compute,12339138041,18542
2871,python (8633),Compute,12339325000,18708
2872,python (8633),Compute,12339507500,18750
2873,python (8633),Compute,12339685791,18750
2874,python (8633),Compute,12339870083,18625
2875,python (8633),Compute,12340056791,18709
2876,python (8633),Compute,12340240833,18875
2877,python (8633),Compute,12340428625,18791
2878,python (8633),Compute,12340622375,18708
2879,python (8633),Compute,12340809916,18625
2880,python (8633),Compute,12340994250,18750
2881,python (8633),Compute,12341175208,18667
2882,python (8633),Compute,12341357791,18792
2883,python (8633),Compute,12341538666,18709
2884,python (8633),Compute,12341718208,18792
2885,python (8633),Compute,12341895333,18625
2886,python (8633),Compute,12342079583,18833
2887,python (8633),Compute,12342261791,18834
2888,python (8633),Compute,12342448375,18791
2889,python (8633),Compute,12342628750,18916
2890,python (8633),Compute,12342806791,18667
2891,python (8633),Compute,12342987625,19083
2892,python (8633),Compute,12343323875,18708
2893,python (8633),Compute,12343512750,18875
2894,python (8633),Compute,12343698333,18958
2895,python (8633),Compute,12343877250,18708
2896,python (8633),Compute,12344060041,18917
2897,python (8633),Compute,12344273333,18875
2898,python (8633),Compute,12344487041,18959
2899,python (8633),Compute,12344699000,18916
2900,python (8633),Compute,12344906833,18750
2901,python (8633),Compute,12345116625,18791
2902,python (8633),Compute,12345306250,18833
2903,python (8633),Compute,12345531625,18916
2904,python (8633),Compute,12345755208,18958
2905,python (8633),Compute,12345976708,18875
2906,python (8633),Compute,12346181750,19000
2907,python (8633),Compute,12346396000,18916
2908,python (8633),Compute,12346607958,19042
2909,python (8633),Compute,12346818666,18875
2910,python (8633),Compute,12347029750,18958
2911,python (8633),Compute,12347237291,18792
2912,python (8633),Compute,12347446166,18875
2913,python (8633),Compute,12347654625,18875
2914,python (8633),Compute,12347874458,18875
2915,python (8633),Compute,12348092750,18791
2916,python (8633),Compute,12348302833,18792
2917,python (8633),Compute,12348496250,18875
2918,python (8633),Compute,12348722041,18959
2919,python (8633),Compute,12348937375,18666
2920,python (8633),Compute,12349149041,18834
2921,python (8633),Compute,12349363458,18792
2922,python (8633),Compute,12349574541,18959
2923,python (8633),Compute,12349781583,19125
2924,python (8633),Compute,12349991541,18959
2925,python (8633),Compute,12350201375,18666
2926,python (8633),Compute,12350407500,18958
2927,python (8633),Compute,12350610666,19000
2928,python (8633),Compute,12350829916,18709
2929,python (8633),Compute,12351034458,19375
2930,python (8633),Compute,12351243416,18834
2931,python (8633),Compute,12351522375,19125
2932,python (8633),Compute,12351721208,18917
2933,python (8633),Compute,12351931833,18833
2934,python (8633),Compute,12352144750,18875
2935,python (8633),Compute,12352356416,18875
2936,python (8633),Compute,12352569791,19000
2937,python (8633),Compute,12352770041,18709
2938,python (8633),Compute,12352944625,18666
2939,python (8633),Compute,12353148666,18750
2940,python (8633),Compute,12353357291,18875
2941,python (8633),Compute,12353564083,18750
2942,python (8633),Compute,12353770291,18917
2943,python (8633),Compute,12353987166,18834
2944,python (8633),Compute,12354197041,18792
2945,python (8633),Compute,12354403375,18875
2946,python (8633),Compute,12354611500,18875
2947,python (8633),Compute,12354829125,18916
2948,python (8633),Compute,12355030750,18791
2949,python (8633),Compute,12355240416,18959
2950,python (8633),Compute,12355450208,18875
2951,python (8633),Compute,12355644416,19084
2952,python (8633),Compute,12355864250,19000
2953,python (8633),Compute,12356075875,18791
2954,python (8633),Compute,12356285666,19417
2955,python (8633),Compute,12356493208,18917
2956,python (8633),Compute,12356704250,19375
2957,python (8633),Compute,12356931708,19042
2958,python (8633),Compute,12357137958,19042
2959,python (8633),Compute,12357341791,18709
2960,python (8633),Compute,12357555833,19167
2961,python (8633),Compute,12357780083,18708
2962,python (8633),Compute,12357988875,18875
2963,python (8633),Compute,12358202541,18750
2964,python (8633),Compute,12358408375,18958
2965,python (8633),Compute,12358617458,18917
2966,python (8633),Compute,12358828125,18958
2967,python (8633),Compute,12359039958,18875
2968,python (8633),Compute,12359248416,18917
2969,python (8633),Compute,12359444500,18958
2970,python (8633),Compute,12359665333,18667
2971,python (8633),Compute,12360032166,18709
2972,python (8633),Compute,12360253916,18959
2973,python (8633),Compute,12360465791,18917
2974,python (8633),Compute,12360676916,18792
2975,python (8633),Compute,12360890916,18792
2976,python (8633),Compute,12361098000,18833
2977,python (8633),Compute,12361321166,18750
2978,python (8633),Compute,12361532291,19000
2979,python (8633),Compute,12361750916,18917
2980,python (8633),Compute,12361962916,18917
2981,python (8633),Compute,12362181583,18917
2982,python (8633),Compute,12362391541,19084
2983,python (8633),Compute,12362603333,18833
2984,python (8633),Compute,12362815333,18917
2985,python (8633),Compute,12363035375,19041
2986,python (8633),Compute,12363245416,18959
2987,python (8633),Compute,12363460000,18750
2988,python (8633),Compute,12363649791,18834
2989,python (8633),Compute,12363836375,18791
2990,python (8633),Compute,12364034208,18958
2991,python (8633),Compute,12364255708,19500
2992,python (8633),Compute,12364464458,18958
2993,python (8633),Compute,12364673250,18833
2994,python (8633),Compute,12364883250,18750
2995,python (8633),Compute,12365103625,18916
2996,python (8633),Compute,12365318541,19125
2997,python (8633),Compute,12365536791,18542
2998,python (8633),Compute,12365736750,18500
2999,python (8633),Compute,12365927750,18791
3000,python (8633),Compute,12366136375,18958
3001,python (8633),Compute,12366353583,18875
3002,python (8633),Compute,12366562250,19041
3003,python (8633),Compute,12366776750,18958
3004,python (8633),Compute,12366985708,18875
3005,python (8633),Compute,12367203250,18833
3006,python (8633),Compute,12367409208,18833
3007,python (8633),Compute,12367631000,18791
3008,python (8633),Compute,12367849458,18958
3009,python (8633),Compute,12368210875,18833
3010,python (8633),Compute,12368422458,18625
3011,python (8633),Compute,12368596791,18750
3012,python (8633),Compute,12368781666,18584
3013,python (8633),Compute,12368966333,18500
3014,python (8633),Compute,12369145833,18708
3015,python (8633),Compute,12369329666,18625
3018,python (8633),Compute,12369572583,18792
3019,python (8633),Compute,12369765958,18625
3020,python (8633),Compute,12369946416,18709
3021,python (8633),Compute,12370149375,19000
3022,python (8633),Compute,12370366083,18833
3023,python (8633),Compute,12370584250,18750
3024,python (8633),Compute,12370802541,18792
3025,python (8633),Compute,12371013583,18875
3026,python (8633),Compute,12371237125,18833
3027,python (8633),Compute,12371457583,18917
3028,python (8633),Compute,12371674666,18959
3029,python (8633),Compute,12371894250,18833
3030,python (8633),Compute,12372109916,18875
3031,python (8633),Compute,12372308416,18917
3032,python (8633),Compute,12372532000,18791
3033,python (8633),Compute,12372741083,18917
3034,python (8633),Compute,12372958333,18708
3035,python (8633),Compute,12373170125,19000
3036,python (8633),Compute,12373387041,18709
3037,python (8633),Compute,12373603166,19084
3038,python (8633),Compute,12373817458,18750
3039,python (8633),Compute,12374021875,19083
3040,python (8633),Compute,12374241250,18708
3041,python (8633),Compute,12374459166,19084
3042,python (8633),Compute,12374668750,18500
3043,python (8633),Compute,12374889708,18917
3044,python (8633),Compute,12375116666,18792
3045,python (8633),Compute,12375334833,18875
3046,python (8633),Compute,12375549666,18875
3047,python (8633),Compute,12375768416,18792
3048,python (8633),Compute,12375987166,18959
3049,python (8633),Compute,12376188166,18459
3050,python (8633),Compute,12376549500,19041
3051,python (8633),Compute,12376766541,18750
3052,python (8633),Compute,12376974583,18708
3053,python (8633),Compute,12377186083,19250
3054,python (8633),Compute,12377410750,18916
3055,python (8633),Compute,12377630000,19458
3056,python (8633),Compute,12377851666,18959
3057,python (8633),Compute,12378060083,19167
3058,python (8633),Compute,12378274875,19000
3059,python (8633),Compute,12378485666,18917
3060,python (8633),Compute,12378703541,19334
3061,python (8633),Compute,12378913541,18917
3062,python (8633),Compute,12379130791,18834
3063,python (8633),Compute,12379341208,18958
3064,python (8633),Compute,12379560916,18834
3065,python (8633),Compute,12379772458,19000
3066,python (8633),Compute,12379991708,18917
3067,python (8633),Compute,12380198791,18792
3068,python (8633),Compute,12380413875,18791
3069,python (8633),Compute,12380629625,18791
3070,python (8633),Compute,12380846500,18708
3071,python (8633),Compute,12381055958,18667
3072,python (8633),Compute,12381275041,18750
3073,python (8633),Compute,12381493416,18917
3074,python (8633),Compute,12381722583,18833
3075,python (8633),Compute,12381932291,19000
3076,python (8633),Compute,12382155625,18833
3077,python (8633),Compute,12382356416,18959
3078,python (8633),Compute,12382542166,18834
3079,python (8633),Compute,12382752833,19417
3080,python (8633),Compute,12382975583,18833
3081,python (8633),Compute,12383183916,19042
3082,python (8633),Compute,12383399416,18709
3083,python (8633),Compute,12383601833,18958
3084,python (8633),Compute,12383829166,18875
3085,python (8633),Compute,12384041458,18917
3086,python (8633),Compute,12384266541,18959
3087,python (8633),Compute,12384471416,18834
3088,python (8633),Compute,12384847791,19209
3089,python (8633),Compute,12385040916,18875
3090,python (8633),Compute,12385256875,19000
3091,python (8633),Compute,12385468541,18959
3092,python (8633),Compute,12385687083,18833
3093,python (8633),Compute,12385892458,18917
3094,python (8633),Compute,12386114416,19375
3095,python (8633),Compute,12386323458,18958
3096,python (8633),Compute,12386544333,19000
3097,python (8633),Compute,12386755458,18667
3098,python (8633),Compute,12386979750,18916
3099,python (8633),Compute,12387191375,18875
3100,python (8633),Compute,12387417458,18833
3101,python (8633),Compute,12387633833,18958
3102,python (8633),Compute,12387846250,18833
3103,python (8633),Compute,12388055791,18834
3104,python (8633),Compute,12388280166,19000
3105,python (8633),Compute,12388488375,18750
3106,python (8633),Compute,12388685500,18916
3107,python (8633),Compute,12388900208,18708
3108,python (8633),Compute,12389119458,19000
3109,python (8633),Compute,12389329375,18958
3110,python (8633),Compute,12389549750,18916
3111,python (8633),Compute,12389769625,18916
3112,python (8633),Compute,12389983958,18833
3113,python (8633),Compute,12390181041,19042
3114,python (8633),Compute,12390406708,18875
3115,python (8633),Compute,12390626833,19333
3116,python (8633),Compute,12390846500,18791
3117,python (8633),Compute,12391059208,18792
3118,python (8633),Compute,12391275458,18917
3119,python (8633),Compute,12391502875,18916
3120,python (8633),Compute,12391717500,19333
3121,python (8633),Compute,12391928125,18833
3122,python (8633),Compute,12392148541,18792
3123,python (8633),Compute,12392337875,19041
3124,python (8633),Compute,12392560583,19083
3125,python (8633),Compute,12392774083,19125
3126,python (8633),Compute,12392990750,18916
3127,python (8633),Compute,12393369833,18917
3128,python (8633),Compute,12393598791,18875
3129,python (8633),Compute,12393807958,19000
3130,python (8633),Compute,12394026916,18959
3131,python (8633),Compute,12394237291,19042
3132,python (8633),Compute,12394459916,18667
3133,python (8633),Compute,12394671291,19000
3134,python (8633),Compute,12394893791,18917
3135,python (8633),Compute,12395115833,18917
3136,python (8633),Compute,12395338041,18875
3137,python (8633),Compute,12395548041,19042
3138,python (8633),Compute,12395763125,18833
3139,python (8633),Compute,12395975875,19041
3140,python (8633),Compute,12396192833,18917
3141,python (8633),Compute,12396404041,18959
3142,python (8633),Compute,12396615583,18833
3143,python (8633),Compute,12396827291,19084
3144,python (8633),Compute,12397047375,18666
3145,python (8633),Compute,12397250750,18916
3146,python (8633),Compute,12397478583,18875
3147,python (8633),Compute,12397688166,19167
3148,python (8633),Compute,12397912000,18875
3149,python (8633),Compute,12398120166,19542
3150,python (8633),Compute,12398335375,19000
3151,python (8633),Compute,12398544666,19167
3152,python (8633),Compute,12398764291,18667
3153,python (8633),Compute,12398965958,18792
3154,python (8633),Compute,12399173291,18500
3155,python (8633),Compute,12399363625,19041
3156,python (8633),Compute,12399585000,18791
3157,python (8633),Compute,12399797083,18833
3158,python (8633),Compute,12400016208,19042
3159,python (8633),Compute,12400226375,19041
3160,python (8633),Compute,12400443333,19000
3161,python (8633),Compute,12400663041,19042
3162,python (8633),Compute,12400881583,18917
3163,python (8633),Compute,12401081291,18834
3164,python (8633),Compute,12401280208,18875
3165,python (8633),Compute,12401659291,18834
3166,python (8633),Compute,12401874958,18750
3167,python (8633),Compute,12402054250,18541
3168,python (8633),Compute,12402243458,18458
3169,python (8633),Compute,12402432166,18625
3170,python (8633),Compute,12402619958,18583
3173,python (8633),Compute,12402798791,18667
3174,python (8633),Compute,12403082583,18625
3175,python (8633),Compute,12403275916,18959
3176,python (8633),Compute,12403485458,19042
3177,python (8633),Compute,12403678458,18958
3178,python (8633),Compute,12403890875,18958
3179,python (8633),Compute,12404106083,19292
3180,python (8633),Compute,12404328916,18917
3181,python (8633),Compute,12404548916,19000
3182,python (8633),Compute,12404765083,18917
3183,python (8633),Compute,12404976291,19000
3184,python (8633),Compute,12405188416,19000
3185,python (8633),Compute,12405394958,19000
3186,python (8633),Compute,12405590416,19125
3187,python (8633),Compute,12405809875,18875
3188,python (8633),Compute,12406023791,18792
3189,python (8633),Compute,12406238666,19375
3190,python (8633),Compute,12406459375,18916
3191,python (8633),Compute,12406671375,19125
3192,python (8633),Compute,12406885791,19000
3193,python (8633),Compute,12407099333,18833
3194,python (8633),Compute,12407317458,18833
3195,python (8633),Compute,12407516125,18958
3196,python (8633),Compute,12407720708,18917
3197,python (8633),Compute,12407942333,19042
3198,python (8633),Compute,12408153250,19083
3199,python (8633),Compute,12408370500,18833
3200,python (8633),Compute,12408581041,19042
3201,python (8633),Compute,12408793750,19125
3202,python (8633),Compute,12409018791,18959
3203,python (8633),Compute,12409232916,18875
3204,python (8633),Compute,12409448750,19041
3205,python (8633),Compute,12409668416,18834
3206,python (8633),Compute,12410022708,18833
3207,python (8633),Compute,12410214166,18959
3208,python (8633),Compute,12410414500,18583
3209,python (8633),Compute,12410612625,18583
3210,python (8633),Compute,12410805375,18541
3211,python (8633),Compute,12411004833,18708
3212,python (8633),Compute,12411204583,18583
3213,python (8633),Compute,12411408375,18666
3214,python (8633),Compute,12411601500,18666
3215,python (8633),Compute,12411802375,18458
3216,python (8633),Compute,12412005916,18792
3217,python (8633),Compute,12412204750,18583
3218,python (8633),Compute,12412403666,18542
3219,python (8633),Compute,12412602791,18584
3220,python (8633),Compute,12412802583,18625
3221,python (8633),Compute,12413007125,18750
3222,python (8633),Compute,12413206000,18708
3223,python (8633),Compute,12413406416,18667
3224,python (8633),Compute,12413607291,18500
3225,python (8633),Compute,12413800791,18625
3226,python (8633),Compute,12413986416,18584
3227,python (8633),Compute,12414188375,18583
3228,python (8633),Compute,12414384166,18542
3229,python (8633),Compute,12414580833,18583
3230,python (8633),Compute,12414773750,18583
3231,python (8633),Compute,12414972291,18625
3232,python (8633),Compute,12415170958,18708
3233,python (8633),Compute,12415381291,18584
3234,python (8633),Compute,12415579250,18416
3235,python (8633),Compute,12415773708,18542
3236,python (8633),Compute,12415970083,18667
3237,python (8633),Compute,12416169333,18417
3238,python (8633),Compute,12416358916,18542
3239,python (8633),Compute,12416560208,18583
3240,python (8633),Compute,12416754708,18583
3241,python (8633),Compute,12416938583,18667
3242,python (8633),Compute,12417129791,18667
3243,python (8633),Compute,12417338458,18542
3244,python (8633),Compute,12417534458,18458
3245,python (8633),Compute,12417717416,18834
3246,python (8633),Compute,12417920291,18667
3247,python (8633),Compute,12418175833,18917
3248,python (8633),Compute,12418381916,18625
3249,python (8633),Compute,12418579500,18916
3250,python (8633),Compute,12418777666,18584
3251,python (8633),Compute,12418983583,18667
3252,python (8633),Compute,12419194666,18625
3253,python (8633),Compute,12419386291,18709
3254,python (8633),Compute,12419584375,18458
3255,python (8633),Compute,12419768083,18625
3256,python (8633),Compute,12419950458,18708
3257,python (8633),Compute,12420137708,18583
3258,python (8633),Compute,12420330958,18542
3259,python (8633),Compute,12420531708,18583
3260,python (8633),Compute,12420738916,18584
3261,python (8633),Compute,12421002791,18667
3262,python (8633),Compute,12421208625,18541
3263,python (8633),Compute,12421427041,18584
3264,python (8633),Compute,12421634166,18542
3265,python (8633),Compute,12421833708,18583
3266,python (8633),Compute,12422040000,18500
3267,python (8633),Compute,12422224250,18833
3268,python (8633),Compute,12422420375,18541
3269,python (8633),Compute,12422622333,18583
3270,python (8633),Compute,12422809958,18583
3271,python (8633),Compute,12423024708,18708
3272,python (8633),Compute,12423298333,18667
3273,python (8633),Compute,12423507208,18750
3274,python (8633),Compute,12423685500,18583
3275,python (8633),Compute,12423883500,18958
3276,python (8633),Compute,12424069791,18625
3277,python (8633),Compute,12424238791,18917
3278,python (8633),Compute,12424416666,18417
3279,python (8633),Compute,12424595041,18417
3280,python (8633),Compute,12424770375,18666
3281,python (8633),Compute,12424942416,18834
3282,python (8633),Compute,12425118833,18792
3283,python (8633),Compute,12425299291,18542
3284,python (8633),Compute,12425471375,18625
3285,python (8633),Compute,12425649916,18667
3286,python (8633),Compute,12425826541,18625
3287,python (8633),Compute,12426021125,18583
3288,python (8633),Compute,12426215500,18583
3289,python (8633),Compute,12426528458,18583
3290,python (8633),Compute,12426715833,18500
3291,python (8633),Compute,12426891000,18541
3292,python (8633),Compute,12427069208,18542
3293,python (8633),Compute,12427252916,18625
3294,python (8633),Compute,12427431250,18708
3295,python (8633),Compute,12427607833,18708
3296,python (8633),Compute,12427788291,18584
3297,python (8633),Compute,12427962833,18833
3298,python (8633),Compute,12428134541,18625
3299,python (8633),Compute,12428311375,18625
3300,python (8633),Compute,12428477708,18500
3301,python (8633),Compute,12428644875,18583
3302,python (8633),Compute,12428815458,18542
3303,python (8633),Compute,12428983500,18666
3304,python (8633),Compute,12429152625,18458
3305,python (8633),Compute,12429322625,18791
3306,python (8633),Compute,12429495333,18500
3307,python (8633),Compute,12429663958,18667
3308,python (8633),Compute,12429836041,18500
3309,python (8633),Compute,12430005166,18500
3310,python (8633),Compute,12430174333,18417
3311,python (8633),Compute,12430342583,18667
3312,python (8633),Compute,12430510916,18625
3313,python (8633),Compute,12430686500,18625
3314,python (8633),Compute,12430844416,18667
3315,python (8633),Compute,12431008291,18917
3316,python (8633),Compute,12431182166,18917
3317,python (8633),Compute,12431351125,18416
3318,python (8633),Compute,12431520958,18583
3319,python (8633),Compute,12431694666,18500
3320,python (8633),Compute,12431853875,18541
3321,python (8633),Compute,12432018833,18750
3322,python (8633),Compute,12432198250,18541
3323,python (8633),Compute,12432378166,18584
3324,python (8633),Compute,12432539791,18584
3325,python (8633),Compute,12432719708,18625
3326,python (8633),Compute,12432894583,18542
3327,python (8633),Compute,12433081125,18666
3328,python (8633),Compute,12433237166,18542
3329,python (8633),Compute,12433388291,18584
3330,python (8633),Compute,12433528625,18458
3331,python (8633),Compute,12433669916,18584
3332,python (8633),Compute,12433808000,18541
3333,python (8633),Compute,12433959666,18625
3334,python (8633),Compute,12434121791,18459
3335,python (8633),Compute,12434270333,18750
3336,python (8633),Compute,12434409458,18625
3337,python (8633),Compute,12434547250,18750
3338,python (8633),Compute,12434839000,20625
3339,python (8633),Compute,12435013916,20584
3340,python (8633),Compute,12435166958,21000
3341,python (8633),Compute,12435331166,20834
3342,python (8633),Compute,12435483708,20792
3343,python (8633),Compute,12435635833,20667
3344,python (8633),Compute,12435787708,20667
3345,python (8633),Compute,12435926958,20583
3346,python (8633),Compute,12436081416,20709
3349,python (8633),Compute,12436268750,20750
3350,python (8633),Compute,12436504916,20667
3351,python (8633),Compute,12436663416,20667
3352,python (8633),Compute,12436825291,20542
3353,python (8633),Compute,12436996666,20709
3354,python (8633),Compute,12437166333,20708
3355,python (8633),Compute,12437335791,20792
3356,python (8633),Compute,12437506375,20583
3357,python (8633),Compute,12437675625,20875
3358,python (8633),Compute,12437845083,20708
3359,python (8633),Compute,12438017083,20833
3360,python (8633),Compute,12438187416,20750
3361,python (8633),Compute,12438357416,20709
3362,python (8633),Compute,12438526416,21000
3363,python (8633),Compute,12438696750,20916
3364,python (8633),Compute,12438854125,20666
3365,python (8633),Compute,12439021875,20541
3366,python (8633),Compute,12439180541,20667
3367,python (8633),Compute,12439351625,20625
3368,python (8633),Compute,12439520916,20750
3369,python (8633),Compute,12439690291,20709
3370,python (8633),Compute,12439860125,20708
3371,python (8633),Compute,12440018125,20583
3372,python (8633),Compute,12440189083,21000
3373,python (8633),Compute,12440359208,20667
3374,python (8633),Compute,12440516875,20708
3375,python (8633),Compute,12440686625,20833
3376,python (8633),Compute,12440844208,20667
3377,python (8633),Compute,12441014458,20625
3378,python (8633),Compute,12441171750,20625
3379,python (8633),Compute,12441344250,20583
3380,python (8633),Compute,12441515750,20875
3381,python (8633),Compute,12441684166,20750
3382,python (8633),Compute,12441852875,20708
3383,python (8633),Compute,12442022000,20916
3384,python (8633),Compute,12442193666,20709
3385,python (8633),Compute,12442363625,20625
3386,python (8633),Compute,12442521500,20583
3387,python (8633),Compute,12442720458,19583
3388,python (8633),Compute,12442889750,19833
3389,python (8633),Compute,12443256000,20791
3390,python (8633),Compute,12443414875,20750
3391,python (8633),Compute,12443583083,20708
3392,python (8633),Compute,12443741000,20708
3393,python (8633),Compute,12443908666,20792
3394,python (8633),Compute,12444077250,20625
3395,python (8633),Compute,12444247416,20792
3396,python (8633),Compute,12444418000,20583
3397,python (8633),Compute,12444587375,20625
3398,python (8633),Compute,12444754500,20541
3399,python (8633),Compute,12444922916,20459
3400,python (8633),Compute,12445106875,20708
3401,python (8633),Compute,12445271291,20792
3402,python (8633),Compute,12445450541,20625
3403,python (8633),Compute,12445617041,20959
3404,python (8633),Compute,12445780375,20791
3405,python (8633),Compute,12445931208,20750
3406,python (8633),Compute,12446083458,20583
3407,python (8633),Compute,12446247125,21000
3408,python (8633),Compute,12446410666,20875
3409,python (8633),Compute,12446574958,21125
3410,python (8633),Compute,12446727208,20708
3411,python (8633),Compute,12446878833,21125
3412,python (8633),Compute,12447043208,20875
3413,python (8633),Compute,12447204375,20791
3414,python (8633),Compute,12447374250,20625
3415,python (8633),Compute,12447529666,20834
3416,python (8633),Compute,12447683583,20542
3417,python (8633),Compute,12447846166,20750
3418,python (8633),Compute,12448010083,20750
3419,python (8633),Compute,12448188916,21125
3420,python (8633),Compute,12448386291,21084
3421,python (8633),Compute,12448582958,21083
3422,python (8633),Compute,12448780166,21000
3423,python (8633),Compute,12448946875,21125
3424,python (8633),Compute,12449129250,20833
3425,python (8633),Compute,12449307625,20708
3426,python (8633),Compute,12449495291,20625
3427,python (8633),Compute,12449683166,20917
3428,python (8633),Compute,12449875666,21125
3429,python (8633),Compute,12450071708,21000
3430,python (8633),Compute,12450254458,20875
3431,python (8633),Compute,12450450375,20875
3432,python (8633),Compute,12450647916,21042
3433,python (8633),Compute,12450842166,21042
3434,python (8633),Compute,12451067250,20041
3435,python (8633),Compute,12451264625,20083
3436,python (8633),Compute,12451521500,79708
3437,python (8633),Compute,12451773125,80041
3438,python (8633),Compute,12452032875,80166
3439,python (8633),Compute,12452287250,79833
3440,python (8633),Compute,12452581500,80458
3441,python (8633),Compute,12452838958,80792
3442,python (8633),Compute,12453121708,82250
3443,python (8633),Compute,12453392291,82959
3444,python (8633),Compute,12453666250,82500
3445,python (8633),Compute,12453945333,82542
3446,python (8633),Compute,12454224916,82209
3447,python (8633),Compute,12454497083,82583
3448,python (8633),Compute,12454770625,82958
3449,python (8633),Compute,12455041333,82792
3450,python (8633),Compute,12455310500,82333
3451,python (8633),Compute,12455574583,82958
3452,python (8633),Compute,12455844500,83208
3453,python (8633),Compute,12456126208,83167
3454,python (8633),Compute,12456406291,83042
3455,python (8633),Compute,12456775875,45750
3456,python (8633),Compute,12457007708,45583
3457,python (8633),Compute,12457236375,45208
3458,python (8633),Compute,12457464000,45625
3459,python (8633),Compute,12457693166,45375
3460,python (8633),Compute,12457913833,45875
3461,python (8633),Compute,12458122875,45500
3462,python (8633),Compute,12458351833,45792
3463,python (8633),Compute,12458577875,45750
3464,python (8633),Compute,12458808250,45541
3465,python (8633),Compute,12459039583,46083
3466,python (8633),Compute,12459268208,46125
3467,python (8633),Compute,12459496208,45583
3468,python (8633),Compute,12459938458,80958
3469,python (8633),Compute,12460215250,83458
3470,python (8633),Compute,12460496458,82667
3471,python (8633),Compute,12460774375,82458
3472,python (8633),Compute,12461051916,82167
3473,python (8633),Compute,12461331125,82916
3474,python (8633),Compute,12461610000,83666
3475,python (8633),Compute,12461881333,82500
3476,python (8633),Compute,12462153333,82375
3477,python (8633),Compute,12462421875,82625
3478,python (8633),Compute,12462703166,82750
3479,python (8633),Compute,12462982000,83208
3480,python (8633),Compute,12463261041,82625
3481,python (8633),Compute,12463538416,82792
3482,python (8633),Compute,12463806208,82458
3483,python (8633),Compute,12464074791,83000
3484,python (8633),Compute,12464349708,82542
3485,python (8633),Compute,12464615333,81667
3486,python (8633),Compute,12464864541,82584
3487,python (8633),Compute,12465136875,45666
3488,python (8633),Compute,12465385541,45875
3489,python (8633),Compute,12465609166,45250
3490,python (8633),Compute,12465803958,45167
3491,python (8633),Compute,12466032375,45750
3492,python (8633),Compute,12466264416,45875
3493,python (8633),Compute,12466492833,45667
3494,python (8633),Compute,12466727916,45334
3495,python (8633),Compute,12466955916,46084
3496,python (8633),Compute,12467193458,45000
3497,python (8633),Compute,12467426375,45791
3498,python (8633),Compute,12467656500,45666
3499,python (8633),Compute,12467881541,45500
3500,python (8633),Compute,12468180958,36000
3501,python (8633),Compute,12468394333,30292
3502,python (8633),Compute,12468598000,30125
3503,python (8633),Compute,12468778333,30208
3504,python (8633),Compute,12468955208,30167
3505,python (8633),Compute,12469129666,30250
3506,python (8633),Compute,12469312958,30083
3507,python (8633),Compute,12469488583,30000
3508,python (8633),Compute,12469683916,30500
3509,python (8633),Compute,12469866666,30542
3512,python (8633),Compute,12470064125,30500
3513,python (8633),Compute,12470324625,30541
3514,python (8633),Compute,12470503833,30167
3515,python (8633),Compute,12470680083,30292
3516,python (8633),Compute,12470875000,30541
3517,python (8633),Compute,12471082791,30459
3518,python (8633),Compute,12471268250,30333
3519,python (8633),Compute,12471478208,30583
3520,python (8633),Compute,12471683958,26875
3521,python (8633),Compute,12471891166,26750
3522,python (8633),Compute,12472096125,26750
3523,python (8633),Compute,12472292833,26833
3524,python (8633),Compute,12472494083,26792
3525,python (8633),Compute,12472693208,26958
3526,python (8633),Compute,12472895541,26709
3527,python (8633),Compute,12473098500,26708
3528,python (8633),Compute,12473302458,26583
3529,python (8633),Compute,12473499375,26916
3530,python (8633),Compute,12473703708,27042
3531,python (8633),Compute,12473904916,26334
3532,python (8633),Compute,12474103500,26833
3533,python (8633),Compute,12474308041,26792
3534,python (8633),Compute,12474509875,26833
3535,python (8633),Compute,12474712958,26625
3536,python (8633),Compute,12474916333,26667
3537,python (8633),Compute,12475112791,26917
3538,python (8633),Compute,12475317291,26750
3539,python (8633),Compute,12475518041,26459
3540,python (8633),Compute,12475716875,26875
3541,python (8633),Compute,12475921750,26666
3542,python (8633),Compute,12476124875,26916
3543,python (8633),Compute,12476326458,26833
3544,python (8633),Compute,12476673333,30250
3545,python (8633),Compute,12476877125,30416
3546,python (8633),Compute,12477083125,30250
3547,python (8633),Compute,12477290875,30208
3548,python (8633),Compute,12477496291,30250
3549,python (8633),Compute,12477704083,30292
3550,python (8633),Compute,12477882166,30000
3551,python (8633),Compute,12478063416,30167
3552,python (8633),Compute,12478298291,30542
3553,python (8633),Compute,12478503958,30500
3554,python (8633),Compute,12478711916,30542
3555,python (8633),Compute,12478918875,30625
3556,python (8633),Compute,12479125000,30708
3557,python (8633),Compute,12479328083,30833
3558,python (8633),Compute,12479536708,30375
3559,python (8633),Compute,12479744166,30542
3560,python (8633),Compute,12480016875,26791
3561,python (8633),Compute,12480225375,26791
3562,python (8633),Compute,12480430875,26708
3563,python (8633),Compute,12480628916,26875
3564,python (8633),Compute,12480830583,26792
3565,python (8633),Compute,12481034166,26917
3566,python (8633),Compute,12481235666,26917
3567,python (8633),Compute,12481441416,26709
3568,python (8633),Compute,12481644583,26708
3569,python (8633),Compute,12481847750,27000
3570,python (8633),Compute,12482050500,26833
3571,python (8633),Compute,12482242583,26583
3572,python (8633),Compute,12482441583,26750
3573,python (8633),Compute,12482643500,26541
3574,python (8633),Compute,12482821750,26666
3575,python (8633),Compute,12483026666,26542
3576,python (8633),Compute,12483229125,26750
3577,python (8633),Compute,12483433083,26750
3578,python (8633),Compute,12483636666,26667
3579,python (8633),Compute,12483840375,26791
3580,python (8633),Compute,12484039250,26750
3581,python (8633),Compute,12484242625,26833
3582,python (8633),Compute,12484442500,26750
3583,python (8633),Compute,12484643916,26709
3584,python (8633),Compute,12485010750,34916
3585,python (8633),Compute,12485225291,34834
3586,python (8633),Compute,12485435916,34792
3587,python (8633),Compute,12485646625,34833
3588,python (8633),Compute,12485860416,34834
3589,python (8633),Compute,12486074125,34875
3590,python (8633),Compute,12486284000,34833
3591,python (8633),Compute,12486516666,34834
3592,python (8633),Compute,12486721333,35458
3593,python (8633),Compute,12486942666,35667
3594,python (8633),Compute,12487162375,35375
3595,python (8633),Compute,12487381750,35625
3596,python (8633),Compute,12487601291,35792
3597,python (8633),Compute,12487820333,35500
3598,python (8633),Compute,12488037541,36042
3599,python (8633),Compute,12488257708,36000
3600,python (8633),Compute,12488475833,36000
3601,python (8633),Compute,12488696208,35583
3602,python (8633),Compute,12488903625,35125
3603,python (8633),Compute,12489118958,35458
3604,python (8633),Compute,12489335750,35583
3605,python (8633),Compute,12489556833,35708
3606,python (8633),Compute,12489775166,35500
3607,python (8633),Compute,12489993708,35625
3608,python (8633),Compute,12490213125,35333
3609,python (8633),Compute,12490429458,35500
3610,python (8633),Compute,12490645083,35750
3611,python (8633),Compute,12490871583,35583
3612,python (8633),Compute,12491076041,35584
3613,python (8633),Compute,12491284500,35500
3614,python (8633),Compute,12491478041,35375
3615,python (8633),Compute,12491677958,35500
3616,python (8633),Compute,12491894333,35333
3617,python (8633),Compute,12492115750,35416
3618,python (8633),Compute,12492412916,30667
3619,python (8633),Compute,12492628083,30708
3620,python (8633),Compute,12492835791,30375
3621,python (8633),Compute,12493194666,35042
3622,python (8633),Compute,12493411958,34708
3623,python (8633),Compute,12493626500,34958
3624,python (8633),Compute,12493841833,34958
3625,python (8633),Compute,12494057625,34875
3626,python (8633),Compute,12494270666,34959
3627,python (8633),Compute,12494483250,35000
3628,python (8633),Compute,12494699083,34708
3629,python (8633),Compute,12494904166,35625
3630,python (8633),Compute,12495126666,35875
3631,python (8633),Compute,12495320291,35459
3632,python (8633),Compute,12495539041,35375
3633,python (8633),Compute,12495758666,35334
3634,python (8633),Compute,12495980708,35458
3635,python (8633),Compute,12496206750,35750
3636,python (8633),Compute,12496430625,35416
3637,python (8633),Compute,12496651458,35458
3638,python (8633),Compute,12496867708,35333
3639,python (8633),Compute,12497087708,35625
3640,python (8633),Compute,12497296750,35708
3641,python (8633),Compute,12497514541,35459
3642,python (8633),Compute,12497732083,35417
3643,python (8633),Compute,12497949625,35458
3644,python (8633),Compute,12498171000,35750
3645,python (8633),Compute,12498391833,36000
3646,python (8633),Compute,12498609208,35417
3647,python (8633),Compute,12498829166,35125
3648,python (8633),Compute,12499012708,35042
3649,python (8633),Compute,12499205833,35083
3650,python (8633),Compute,12499413083,35958
3651,python (8633),Compute,12499631125,35333
3652,python (8633),Compute,12499833458,35500
3653,python (8633),Compute,12500060916,35334
3654,python (8633),Compute,12500285333,35375
3655,python (8633),Compute,12500507041,35375
3656,python (8633),Compute,12500768958,30500
3657,python (8633),Compute,12500984708,30708
3658,python (8633),Compute,12501191500,30291
3659,python (8633),Compute,12501613083,34917
3660,python (8633),Compute,12501826750,34916
3661,python (8633),Compute,12502023583,34708
3662,python (8633),Compute,12502211833,34833
3663,python (8633),Compute,12502400333,34792
3664,python (8633),Compute,12502588750,34791
3665,python (8633),Compute,12502780250,34583
3666,python (8633),Compute,12502963250,34750
3669,python (8633),Compute,12503184333,34958
3670,python (8633),Compute,12503459000,35333
3671,python (8633),Compute,12503675000,35500
3672,python (8633),Compute,12503866083,35875
3673,python (8633),Compute,12504062208,35833
3674,python (8633),Compute,12504266541,35584
3675,python (8633),Compute,12504491291,35417
3676,python (8633),Compute,12504716625,35416
3677,python (8633),Compute,12504935791,35584
3678,python (8633),Compute,12505159333,35417
3679,python (8633),Compute,12505382708,35667
3680,python (8633),Compute,12505597458,35667
3681,python (8633),Compute,12505815041,35500
3682,python (8633),Compute,12506039166,35667
3683,python (8633),Compute,12506256000,35708
3684,python (8633),Compute,12506468166,35459
3685,python (8633),Compute,12506687291,35459
3686,python (8633),Compute,12506906500,35625
3687,python (8633),Compute,12507115250,35416
3688,python (8633),Compute,12507320708,35292
3689,python (8633),Compute,12507541416,35209
3690,python (8633),Compute,12507763750,35041
3691,python (8633),Compute,12507979666,35459
3692,python (8633),Compute,12508204583,35250
3693,python (8633),Compute,12508420458,35333
3694,python (8633),Compute,12508644041,35459
3695,python (8633),Compute,12508864000,35375
3696,python (8633),Compute,12509092500,30625
3697,python (8633),Compute,12509315166,30417
3698,python (8633),Compute,12509524500,30750
3699,python (8633),Compute,12509888833,30667
3700,python (8633),Compute,12510102625,30500
3701,python (8633),Compute,12510314166,30417
3702,python (8633),Compute,12510521916,30667
3703,python (8633),Compute,12510724291,30417
3704,python (8633),Compute,12510934541,30792
3705,python (8633),Compute,12511141875,30375
3706,python (8633),Compute,12511350166,30417
3707,python (8633),Compute,12511557833,30667
3708,python (8633),Compute,12511846458,27167
3709,python (8633),Compute,12512057083,27083
3710,python (8633),Compute,12512256833,27292
3711,python (8633),Compute,12512459291,27209
3712,python (8633),Compute,12512666541,26709
3713,python (8633),Compute,12512865708,26792
3714,python (8633),Compute,12513071541,26542
3715,python (8633),Compute,12513274166,26584
3716,python (8633),Compute,12513478208,26958
3717,python (8633),Compute,12513682791,26792
3718,python (8633),Compute,12513882791,26667
3719,python (8633),Compute,12514082583,26792
3720,python (8633),Compute,12514286666,26625
3721,python (8633),Compute,12514487208,26792
3722,python (8633),Compute,12514688458,26958
3723,python (8633),Compute,12514891208,26792
3724,python (8633),Compute,12515070416,26875
3725,python (8633),Compute,12515275333,26625
3726,python (8633),Compute,12515480083,26625
3727,python (8633),Compute,12515654708,26958
3728,python (8633),Compute,12515859458,26708
3729,python (8633),Compute,12516064791,26750
3730,python (8633),Compute,12516273958,26792
3731,python (8633),Compute,12516477750,26958
3732,python (8633),Compute,12516682416,27459
3733,python (8633),Compute,12516886666,27292
3734,python (8633),Compute,12517090500,27500
3735,python (8633),Compute,12517285416,27042
3736,python (8633),Compute,12517488125,26583
3737,python (8633),Compute,12517684708,27042
3738,python (8633),Compute,12517889041,26917
3739,python (8633),Compute,12518276000,30333
3740,python (8633),Compute,12518472958,29875
3741,python (8633),Compute,12518674291,29750
3742,python (8633),Compute,12518847666,30042
3743,python (8633),Compute,12519020750,30125
3744,python (8633),Compute,12519203291,29875
3745,python (8633),Compute,12519377833,30000
3746,python (8633),Compute,12519579000,30041
3747,python (8633),Compute,12519768666,29750
3748,python (8633),Compute,12519960375,30125
3749,python (8633),Compute,12520165083,26500
3750,python (8633),Compute,12520356166,26292
3751,python (8633),Compute,12520517958,26542
3752,python (8633),Compute,12520687000,26666
3753,python (8633),Compute,12520862083,26875
3754,python (8633),Compute,12521040958,26500
3755,python (8633),Compute,12521208791,26417
3756,python (8633),Compute,12521378000,26791
3757,python (8633),Compute,12521562125,26583
3758,python (8633),Compute,12521727416,26500
3759,python (8633),Compute,12521901583,26500
3760,python (8633),Compute,12522077375,26416
3761,python (8633),Compute,12522264583,26583
3762,python (8633),Compute,12522474083,26417
3763,python (8633),Compute,12522658791,26584
3764,python (8633),Compute,12522845666,26625
3765,python (8633),Compute,12523022208,26417
3766,python (8633),Compute,12523317541,26709
3767,python (8633),Compute,12523514291,26667
3768,python (8633),Compute,12523705000,26333
3769,python (8633),Compute,12523882875,26333
3770,python (8633),Compute,12524088583,26625
3771,python (8633),Compute,12524296208,26417
3772,python (8633),Compute,12524489583,26500
3773,python (8633),Compute,12524668208,26583
3774,python (8633),Compute,12524830166,26417
3775,python (8633),Compute,12524993625,26583
3776,python (8633),Compute,12525196375,26458
3777,python (8633),Compute,12525374500,26541
3778,python (8633),Compute,12525570083,26417
3779,python (8633),Compute,12525768708,26500
3780,python (8633),Compute,12525930583,26417
3781,python (8633),Compute,12526092458,26500
3782,python (8633),Compute,12526270166,26542
3783,python (8633),Compute,12526669500,23541
3784,python (8633),Compute,12526842166,23834
3785,python (8633),Compute,12527000791,23709
3786,python (8633),Compute,12527162041,24125
3787,python (8633),Compute,12527348333,23958
3788,python (8633),Compute,12527571625,23750
3789,python (8633),Compute,12527734041,23875
3790,python (8633),Compute,12527900916,23792
3791,python (8633),Compute,12528066041,23667
3792,python (8633),Compute,12528236083,23792
3793,python (8633),Compute,12528410916,23917
3794,python (8633),Compute,12528569708,23875
3795,python (8633),Compute,12528731708,24042
3796,python (8633),Compute,12528894541,24042
3797,python (8633),Compute,12529058583,23958
3798,python (8633),Compute,12529233416,23875
3799,python (8633),Compute,12529405583,23917
3800,python (8633),Compute,12529581791,23875
3801,python (8633),Compute,12529754916,23834
3802,python (8633),Compute,12529918166,23959
3803,python (8633),Compute,12530092000,24000
3804,python (8633),Compute,12530264541,23750
3805,python (8633),Compute,12530420125,23958
3806,python (8633),Compute,12530594708,23875
3807,python (8633),Compute,12530747833,23833
3808,python (8633),Compute,12530912000,23833
3809,python (8633),Compute,12531183041,21542
3810,python (8633),Compute,12531352708,21792
3811,python (8633),Compute,12531514041,21709
3812,python (8633),Compute,12531689041,21750
3813,python (8633),Compute,12531860375,21666
3814,python (8633),Compute,12532033500,21541
3815,python (8633),Compute,12532206541,21417
3816,python (8633),Compute,12532381875,21791
3817,python (8633),Compute,12532556083,21833
3818,python (8633),Compute,12532716708,21875
3819,python (8633),Compute,12532890625,21750
3820,python (8633),Compute,12533053541,21792
3821,python (8633),Compute,12533225458,21833
3822,python (8633),Compute,12533396041,21750
3823,python (8633),Compute,12533568083,21792
3824,python (8633),Compute,12533740708,21917
3825,python (8633),Compute,12533913458,21833
3826,python (8633),Compute,12534086916,21709
3827,python (8633),Compute,12534259500,21791
3828,python (8633),Compute,12534431875,21541
3829,python (8633),Compute,12534603666,21750
3830,python (8633),Compute,12534957500,23875
3831,python (8633),Compute,12535123875,24125
3832,python (8633),Compute,12535298083,23833
3833,python (8633),Compute,12535463916,24000
3834,python (8633),Compute,12535630708,23875
3835,python (8633),Compute,12535785250,23958
3836,python (8633),Compute,12535940583,23667
3837,python (8633),Compute,12536096208,23917
3838,python (8633),Compute,12536251708,23542
3839,python (8633),Compute,12536415291,23625
3840,python (8633),Compute,12536600708,23708
3843,python (8633),Compute,12536804208,23833
3844,python (8633),Compute,12536980541,23750
3845,python (8633),Compute,12537157250,23750
3846,python (8633),Compute,12537349291,24042
3847,python (8633),Compute,12537560291,24125
3848,python (8633),Compute,12537759458,24125
3849,python (8633),Compute,12537959291,24167
3850,python (8633),Compute,12538160041,24042
3851,python (8633),Compute,12538360291,24125
3852,python (8633),Compute,12538562166,24125
3853,python (8633),Compute,12538761625,24041
3854,python (8633),Compute,12538955291,23750
3855,python (8633),Compute,12539151833,24000
3856,python (8633),Compute,12539357375,24375
3857,python (8633),Compute,12539576458,21875
3858,python (8633),Compute,12539775916,22334
3859,python (8633),Compute,12539973333,22417
3860,python (8633),Compute,12540168750,22291
3861,python (8633),Compute,12540368291,22375
3862,python (8633),Compute,12540564125,21708
3863,python (8633),Compute,12540762041,21834
3864,python (8633),Compute,12540961416,22000
3865,python (8633),Compute,12541160333,21750
3866,python (8633),Compute,12541355750,21791
3867,python (8633),Compute,12541557208,22000
3868,python (8633),Compute,12541756875,21958
3869,python (8633),Compute,12541956958,21958
3870,python (8633),Compute,12542153666,21625
3871,python (8633),Compute,12542352541,21834
3872,python (8633),Compute,12542552375,22166
3873,python (8633),Compute,12542751541,22250
3874,python (8633),Compute,12542950166,21917
3875,python (8633),Compute,12543319500,30125
3876,python (8633),Compute,12543525916,30167
3877,python (8633),Compute,12543734208,26833
3878,python (8633),Compute,12543939791,26750
3879,python (8633),Compute,12544144291,26709
3880,python (8633),Compute,12544347041,26584
3881,python (8633),Compute,12544548416,26584
3882,python (8633),Compute,12544750041,26667
3883,python (8633),Compute,12544978166,26625
3884,python (8633),Compute,12545203125,26458
3885,python (8633),Compute,12545396333,26708
3886,python (8633),Compute,12545598000,26791
3887,python (8633),Compute,12545796583,27000
3888,python (8633),Compute,12546000250,26708
3889,python (8633),Compute,12546204250,26875
3890,python (8633),Compute,12546407458,26625
3891,python (8633),Compute,12546613083,26708
3892,python (8633),Compute,12546817375,26875
3893,python (8633),Compute,12547018250,26708
3894,python (8633),Compute,12547224208,26917
3895,python (8633),Compute,12547429625,26791
3896,python (8633),Compute,12547630416,26959
3897,python (8633),Compute,12547836583,26792
3898,python (8633),Compute,12548038041,26959
3899,python (8633),Compute,12548242583,26833
3900,python (8633),Compute,12548446916,26750
3901,python (8633),Compute,12548649166,26792
3902,python (8633),Compute,12548848333,26667
3903,python (8633),Compute,12549050583,26708
3904,python (8633),Compute,12549250750,26875
3905,python (8633),Compute,12549453375,26708
3906,python (8633),Compute,12549654500,26791
3907,python (8633),Compute,12549855708,26625
3908,python (8633),Compute,12550050500,26666
3909,python (8633),Compute,12550249458,26833
3910,python (8633),Compute,12550450000,26750
3911,python (8633),Compute,12550653750,26750
3912,python (8633),Compute,12550858083,26583
3913,python (8633),Compute,12551059833,26750
3914,python (8633),Compute,12551260500,26791
3915,python (8633),Compute,12551506541,30000
3916,python (8633),Compute,12551683791,29917
3917,python (8633),Compute,12551889958,30417
3918,python (8633),Compute,12552103041,26792
3919,python (8633),Compute,12552305291,26834
3920,python (8633),Compute,12552511666,26917
3921,python (8633),Compute,12552713958,26583
3922,python (8633),Compute,12552913833,26875
3923,python (8633),Compute,12553119708,26667
3924,python (8633),Compute,12553319416,26834
3925,python (8633),Compute,12553521458,26833
3926,python (8633),Compute,12553724458,26875
3927,python (8633),Compute,12553925000,26833
3928,python (8633),Compute,12554125333,26750
3929,python (8633),Compute,12554327583,26875
3930,python (8633),Compute,12554523041,26709
3931,python (8633),Compute,12554729875,26750
3932,python (8633),Compute,12554930708,26917
3933,python (8633),Compute,12555131333,26750
3934,python (8633),Compute,12555329458,26833
3935,python (8633),Compute,12555527958,26667
3936,python (8633),Compute,12555729500,26791
3937,python (8633),Compute,12555931666,26750
3938,python (8633),Compute,12556132541,26834
3939,python (8633),Compute,12556335583,26875
3940,python (8633),Compute,12556532916,26834
3941,python (8633),Compute,12556737750,26750
3942,python (8633),Compute,12556937916,26750
3943,python (8633),Compute,12557141583,26583
3944,python (8633),Compute,12557314458,26750
3945,python (8633),Compute,12557520875,26666
3946,python (8633),Compute,12557721541,26584
3947,python (8633),Compute,12557918083,26792
3948,python (8633),Compute,12558120416,26625
3949,python (8633),Compute,12558322958,27000
3950,python (8633),Compute,12558523416,26584
3951,python (8633),Compute,12558728416,26834
3952,python (8633),Compute,12558924500,26958
3953,python (8633),Compute,12559129291,26875
3954,python (8633),Compute,12559326791,26875
3955,python (8633),Compute,12559530875,26750
3956,python (8633),Compute,12559985791,24209
3957,python (8633),Compute,12560191500,24125
3958,python (8633),Compute,12560389375,24083
3959,python (8633),Compute,12560585333,24208
3960,python (8633),Compute,12560785250,24125
3961,python (8633),Compute,12560986125,24000
3962,python (8633),Compute,12561178833,24208
3963,python (8633),Compute,12561381708,23958
3964,python (8633),Compute,12561583250,24083
3965,python (8633),Compute,12561784333,24042
3966,python (8633),Compute,12561981208,24250
3967,python (8633),Compute,12562183083,24167
3968,python (8633),Compute,12562380583,24000
3969,python (8633),Compute,12562583375,24083
3970,python (8633),Compute,12562782208,23875
3971,python (8633),Compute,12562982916,24167
3972,python (8633),Compute,12563177208,24167
3973,python (8633),Compute,12563373625,24208
3974,python (8633),Compute,12563675708,21917
3975,python (8633),Compute,12563878791,21625
3976,python (8633),Compute,12564058458,21833
3977,python (8633),Compute,12564257791,21959
3978,python (8633),Compute,12564452458,21917
3979,python (8633),Compute,12564651250,22166
3980,python (8633),Compute,12564848291,21917
3981,python (8633),Compute,12565046125,21875
3982,python (8633),Compute,12565236916,21875
3983,python (8633),Compute,12565433708,21833
3984,python (8633),Compute,12565631333,21708
3985,python (8633),Compute,12565793708,21667
3986,python (8633),Compute,12565983291,21834
3987,python (8633),Compute,12566193541,21750
3988,python (8633),Compute,12566393916,21875
3989,python (8633),Compute,12566591625,22000
3990,python (8633),Compute,12566785166,21792
3991,python (8633),Compute,12566984458,21833
3992,python (8633),Compute,12567182791,21959
3993,python (8633),Compute,12567380791,21792
3994,python (8633),Compute,12567575833,21667
3995,python (8633),Compute,12567766375,21875
3996,python (8633),Compute,12567962708,21792
3997,python (8633),Compute,12568312666,24084
3998,python (8633),Compute,12568512583,23875
3999,python (8633),Compute,12568684833,23750
4000,python (8633),Compute,12568868666,23625
4001,python (8633),Compute,12569050708,23917
4002,python (8633),Compute,12569241416,23792
4003,python (8633),Compute,12569416791,23792
4004,python (8633),Compute,12569594125,24041
4005,python (8633),Compute,12569798958,23792
4006,python (8633),Compute,12569971583,23708
4007,python (8633),Compute,12570158041,23667
4010,python (8633),Compute,12570384166,23917
4011,python (8633),Compute,12570548708,23875
4012,python (8633),Compute,12570746208,23833
4013,python (8633),Compute,12570921458,23875
4014,python (8633),Compute,12571094375,23791
4015,python (8633),Compute,12571267416,23709
4016,python (8633),Compute,12571468916,24292
4017,python (8633),Compute,12571670208,23958
4018,python (8633),Compute,12571875541,23625
4019,python (8633),Compute,12572093041,21875
4020,python (8633),Compute,12572271875,21916
4021,python (8633),Compute,12572469375,21916
4022,python (8633),Compute,12572666833,21833
4023,python (8633),Compute,12572864833,21917
4024,python (8633),Compute,12573062125,21958
4025,python (8633),Compute,12573258958,22000
4026,python (8633),Compute,12573457375,21833
4027,python (8633),Compute,12573655791,21959
4028,python (8633),Compute,12573851083,21792
4029,python (8633),Compute,12574021083,22458
4030,python (8633),Compute,12574220291,22042
4031,python (8633),Compute,12574416625,22333
4032,python (8633),Compute,12574616250,22291
4033,python (8633),Compute,12574814958,21750
4034,python (8633),Compute,12575013916,22000
4035,python (8633),Compute,12575216125,21916
4036,python (8633),Compute,12575413250,21958
4037,python (8633),Compute,12575609041,21750
4038,python (8633),Compute,12575806916,21709
4039,python (8633),Compute,12576001833,21833
4040,python (8633),Compute,12576199000,21916
4041,python (8633),Compute,12576592500,21000
4042,python (8633),Compute,12576809791,19917
4043,python (8633),Compute,12577005666,19959
4044,python (8633),Compute,12577210958,19917
4045,python (8633),Compute,12577407958,19917
4046,python (8633),Compute,12577604958,19833
4047,python (8633),Compute,12577789250,19708
4048,python (8633),Compute,12577987333,20000
4049,python (8633),Compute,12578186708,19917
4050,python (8633),Compute,12578380250,20208
4051,python (8633),Compute,12578572875,19875
4052,python (8633),Compute,12578767291,19834
4053,python (8633),Compute,12578960875,19833
4054,python (8633),Compute,12579149375,19833
4055,python (8633),Compute,12579346250,19875
4056,python (8633),Compute,12579542750,19875
4057,python (8633),Compute,12579731958,19833
4058,python (8633),Compute,12579928625,19875
4059,python (8633),Compute,12580128500,20041
4060,python (8633),Compute,12580326041,20167
4061,python (8633),Compute,12580514916,19750
4062,python (8633),Compute,12580708166,19917
4063,python (8633),Compute,12580886583,19750
4064,python (8633),Compute,12581087375,19958
4065,python (8633),Compute,12581284458,19917
4066,python (8633),Compute,12581482958,20167
4067,python (8633),Compute,12581679791,19750
4068,python (8633),Compute,12581876166,20000
4069,python (8633),Compute,12582070791,19959
4070,python (8633),Compute,12582265375,19625
4071,python (8633),Compute,12582462708,20042
4072,python (8633),Compute,12582656166,19750
4073,python (8633),Compute,12582821708,19625
4074,python (8633),Compute,12583005541,19500
4075,python (8633),Compute,12583200791,19792
4076,python (8633),Compute,12583397083,19917
4077,python (8633),Compute,12583593625,19916
4078,python (8633),Compute,12583790583,19833
4079,python (8633),Compute,12583990250,19916
4080,python (8633),Compute,12584188750,19750
4081,python (8633),Compute,12584384250,20000
4082,python (8633),Compute,12584579791,19834
4083,python (8633),Compute,12584848291,21125
4084,python (8633),Compute,12585052208,19917
4085,python (8633),Compute,12585245291,19917
4086,python (8633),Compute,12585446250,19833
4087,python (8633),Compute,12585642500,19791
4088,python (8633),Compute,12585838000,19833
4089,python (8633),Compute,12586036083,19750
4090,python (8633),Compute,12586232500,19875
4091,python (8633),Compute,12586429208,20083
4092,python (8633),Compute,12586624583,20125
4093,python (8633),Compute,12586818625,20125
4094,python (8633),Compute,12587013833,20458
4095,python (8633),Compute,12587214291,20375
4096,python (8633),Compute,12587404875,19916
4097,python (8633),Compute,12587597000,19750
4098,python (8633),Compute,12587793000,19791
4099,python (8633),Compute,12587990541,19792
4100,python (8633),Compute,12588194875,19833
4101,python (8633),Compute,12588393083,19958
4102,python (8633),Compute,12588588625,20083
4103,python (8633),Compute,12588785708,19875
4104,python (8633),Compute,12588955125,19750
4105,python (8633),Compute,12589137625,19833
4106,python (8633),Compute,12589330500,19750
4107,python (8633),Compute,12589523958,19833
4108,python (8633),Compute,12589711916,19709
4109,python (8633),Compute,12589909625,19875
4110,python (8633),Compute,12590104708,19875
4111,python (8633),Compute,12590302250,19791
4112,python (8633),Compute,12590492500,19708
4113,python (8633),Compute,12590657625,19833
4114,python (8633),Compute,12590847333,20125
4115,python (8633),Compute,12591044250,20166
4116,python (8633),Compute,12591241166,20167
4117,python (8633),Compute,12591437250,20666
4118,python (8633),Compute,12591633291,20709
4119,python (8633),Compute,12591826000,20583
4120,python (8633),Compute,12592024083,20958
4121,python (8633),Compute,12592224791,20292
4122,python (8633),Compute,12592418416,19959
4123,python (8633),Compute,12592615583,19958
4124,python (8633),Compute,12592815291,20084
4125,python (8633),Compute,12593168750,20125
4126,python (8633),Compute,12593386708,19042
4127,python (8633),Compute,12593576208,19083
4128,python (8633),Compute,12593774000,18958
4129,python (8633),Compute,12593961541,18834
4130,python (8633),Compute,12594150583,19000
4131,python (8633),Compute,12594345500,19208
4132,python (8633),Compute,12594542916,19209
4133,python (8633),Compute,12594737791,19125
4134,python (8633),Compute,12594931958,19042
4135,python (8633),Compute,12595121541,18875
4136,python (8633),Compute,12595308291,18750
4137,python (8633),Compute,12595501041,18959
4138,python (8633),Compute,12595697333,18958
4139,python (8633),Compute,12595889416,19084
4140,python (8633),Compute,12596086625,18958
4141,python (8633),Compute,12596276666,18959
4142,python (8633),Compute,12596473375,18875
4143,python (8633),Compute,12596669125,19166
4144,python (8633),Compute,12596866291,18875
4145,python (8633),Compute,12597057166,19000
4146,python (8633),Compute,12597249416,18792
4147,python (8633),Compute,12597442250,18875
4148,python (8633),Compute,12597636916,18875
4149,python (8633),Compute,12597830666,18834
4150,python (8633),Compute,12598024541,19084
4151,python (8633),Compute,12598214375,18875
4152,python (8633),Compute,12598406833,18833
4153,python (8633),Compute,12598606375,18958
4154,python (8633),Compute,12598798125,18833
4155,python (8633),Compute,12598980791,18875
4156,python (8633),Compute,12599144625,18708
4157,python (8633),Compute,12599316833,18625
4158,python (8633),Compute,12599507625,18875
4159,python (8633),Compute,12599705416,18875
4160,python (8633),Compute,12599892750,18875
4161,python (8633),Compute,12600085083,19292
4162,python (8633),Compute,12600282375,19125
4163,python (8633),Compute,12600479333,19292
4164,python (8633),Compute,12600669583,19250
4165,python (8633),Compute,12600866958,18833
4166,python (8633),Compute,12601061083,18833
4167,python (8633),Compute,12601256250,18958
4168,python (8633),Compute,12601525208,18875
4169,python (8633),Compute,12601723000,18958
4170,python (8633),Compute,12601922958,18583
4171,python (8633),Compute,12602090708,18667
4172,python (8633),Compute,12602249083,18625
4173,python (8633),Compute,12602418458,18625
4174,python (8633),Compute,12602588333,18583
4175,python (8633),Compute,12602747541,18625
4176,python (8633),Compute,12602909916,18709
4177,python (8633),Compute,12603084125,18708
4178,python (8633),Compute,12603253666,18667
4179,python (8633),Compute,12603417708,18500
4180,python (8633),Compute,12603590291,18459
4185,python (8633),Compute,12603777708,18833
4186,python (8633),Compute,12604023958,18875
4187,python (8633),Compute,12604223583,18708
4188,python (8633),Compute,12604395041,18834
4189,python (8633),Compute,12604558083,18875
4190,python (8633),Compute,12604744708,19333
4191,python (8633),Compute,12604939750,19125
4192,python (8633),Compute,12605132458,19208
4193,python (8633),Compute,12605332041,19209
4194,python (8633),Compute,12605525541,18542
4195,python (8633),Compute,12605711833,18833
4196,python (8633),Compute,12605908333,19000
4197,python (8633),Compute,12606095041,18917
4198,python (8633),Compute,12606294250,18833
4199,python (8633),Compute,12606491166,18875
4200,python (8633),Compute,12606688708,18958
4201,python (8633),Compute,12606882958,18792
4202,python (8633),Compute,12607080250,19041
4203,python (8633),Compute,12607261500,18583
4204,python (8633),Compute,12607449791,19042
4205,python (8633),Compute,12607645625,18708
4206,python (8633),Compute,12607827750,18500
4207,python (8633),Compute,12608020500,18875
4208,python (8633),Compute,12608220833,18958
4209,python (8633),Compute,12608417458,18833
4210,python (8633),Compute,12608619500,18875
4211,python (8633),Compute,12608813708,18750
4212,python (8633),Compute,12609011500,18833
4213,python (8633),Compute,12609206500,18916
4214,python (8633),Compute,12609394750,18750
4215,python (8633),Compute,12609594791,19042
4216,python (8633),Compute,12609727791,18542
4217,python (8633),Compute,12610018333,18792
4218,python (8633),Compute,12610216333,18833
4219,python (8633),Compute,12610412250,19125
4220,python (8633),Compute,12610609416,19042
4221,python (8633),Compute,12610805416,18875
4222,python (8633),Compute,12611001041,18959
4223,python (8633),Compute,12611195875,18833
4224,python (8633),Compute,12611391541,18917
4225,python (8633),Compute,12611582333,18542
4226,python (8633),Compute,12611777833,18792
4227,python (8633),Compute,12611973000,18791
4228,python (8633),Compute,12612170708,18833
4229,python (8633),Compute,12612365041,19292
4230,python (8633),Compute,12612567041,19375
4231,python (8633),Compute,12612763041,19334
4232,python (8633),Compute,12612961041,19334
4233,python (8633),Compute,12613156250,18833
4234,python (8633),Compute,12613353500,18833
4235,python (8633),Compute,12613551000,19000
4236,python (8633),Compute,12613747791,18834
4237,python (8633),Compute,12613933333,18792
4238,python (8633),Compute,12614125458,18833
4239,python (8633),Compute,12614322333,18875
4240,python (8633),Compute,12614512416,18792
4241,python (8633),Compute,12614712875,18958
4242,python (8633),Compute,12614906625,18791
4243,python (8633),Compute,12615101041,18834
4244,python (8633),Compute,12615291666,18959
4245,python (8633),Compute,12615484875,18833
4246,python (8633),Compute,12615655875,18958
4247,python (8633),Compute,12615855208,18958
4248,python (8633),Compute,12616048041,18792
4249,python (8633),Compute,12616247083,18792
4250,python (8633),Compute,12616442750,19041
4251,python (8633),Compute,12616639083,18917
4252,python (8633),Compute,12616829708,18792
4253,python (8633),Compute,12617021083,19042
4254,python (8633),Compute,12617215750,19500
4255,python (8633),Compute,12617411500,19375
4256,python (8633),Compute,12617608000,19375
4257,python (8633),Compute,12617803083,18833
4258,python (8633),Compute,12617995125,18666
4259,python (8633),Compute,12618305666,19000
4260,python (8633),Compute,12618470666,18584
4261,python (8633),Compute,12618635125,18500
4262,python (8633),Compute,12618793750,18791
4263,python (8633),Compute,12618943708,18458
4264,python (8633),Compute,12619095875,18708
4265,python (8633),Compute,12619247750,18541
4266,python (8633),Compute,12619400291,18375
4267,python (8633),Compute,12619551500,18750
4268,python (8633),Compute,12619716416,18417
4269,python (8633),Compute,12619878000,18833
4270,python (8633),Compute,12620029458,18625
4271,python (8633),Compute,12620208958,18500
4272,python (8633),Compute,12620364458,18625
4273,python (8633),Compute,12620529916,18459
4274,python (8633),Compute,12620694833,18583
4275,python (8633),Compute,12620862250,18583
4276,python (8633),Compute,12621031458,18833
4277,python (8633),Compute,12621197666,18542
4278,python (8633),Compute,12621370500,18625
4279,python (8633),Compute,12621547458,18750
4280,python (8633),Compute,12621715958,18750
4281,python (8633),Compute,12621905750,18625
4282,python (8633),Compute,12622076291,18459
4283,python (8633),Compute,12622247083,18667
4284,python (8633),Compute,12622416041,18542
4285,python (8633),Compute,12622584375,18666
4286,python (8633),Compute,12622758166,18584
4287,python (8633),Compute,12622935333,18667
4288,python (8633),Compute,12623115375,18958
4289,python (8633),Compute,12623311083,18792
4290,python (8633),Compute,12623498791,18625
4291,python (8633),Compute,12623672541,18542
4292,python (8633),Compute,12623842375,18666
4293,python (8633),Compute,12623999083,18583
4294,python (8633),Compute,12624163000,19041
4295,python (8633),Compute,12624311666,18917
4296,python (8633),Compute,12624567833,18583
4297,python (8633),Compute,12624796500,18541
4298,python (8633),Compute,12624986333,18750
4299,python (8633),Compute,12625155166,18584
4300,python (8633),Compute,12625316083,18708
4301,python (8633),Compute,12625462125,18500
4302,python (8633),Compute,12625632250,18541
4303,python (8633),Compute,12625838416,18667
4304,python (8633),Compute,12626022208,18667
4305,python (8633),Compute,12626200125,18625
4306,python (8633),Compute,12626510291,18542
4307,python (8633),Compute,12626656041,18667
4308,python (8633),Compute,12626806875,18541
4309,python (8633),Compute,12626954000,18750
4310,python (8633),Compute,12627141875,18541
4311,python (8633),Compute,12627318750,18458
4312,python (8633),Compute,12627475500,18500
4313,python (8633),Compute,12627619958,18542
4314,python (8633),Compute,12627771875,18625
4315,python (8633),Compute,12627927083,18583
4316,python (8633),Compute,12628072500,18708
4317,python (8633),Compute,12628230125,18500
4318,python (8633),Compute,12628384166,18459
4319,python (8633),Compute,12628535000,18750
4320,python (8633),Compute,12628698333,18667
4321,python (8633),Compute,12628861791,18875
4322,python (8633),Compute,12629025583,18667
4323,python (8633),Compute,12629185750,18583
4324,python (8633),Compute,12629346958,18542
4325,python (8633),Compute,12629503250,18833
4326,python (8633),Compute,12629664458,18750
4327,python (8633),Compute,12629833541,18959
4328,python (8633),Compute,12629991000,18750
4329,python (8633),Compute,12630161500,18791
4330,python (8633),Compute,12630331833,18708
4331,python (8633),Compute,12630501875,18625
4332,python (8633),Compute,12630664250,18500
4333,python (8633),Compute,12630827083,18542
4334,python (8633),Compute,12630983583,18708
4335,python (8633),Compute,12631141375,18875
4336,python (8633),Compute,12631309041,18584
4337,python (8633),Compute,12631462125,18708
4338,python (8633),Compute,12631620375,18750
4339,python (8633),Compute,12631791625,18625
4340,python (8633),Compute,12631962000,18666
4341,python (8633),Compute,12632132458,18708
4342,python (8633),Compute,12632300250,18458
4343,python (8633),Compute,12632466583,18500
4344,python (8633),Compute,12632620291,18584
4345,python (8633),Compute,12632775416,18875
4346,python (8633),Compute,12632934083,18792
4347,python (8633),Compute,12633081833,18750
4348,python (8633),Compute,12633251541,18709
4349,python (8633),Compute,12633420500,18708
4350,python (8633),Compute,12633590041,18709
4351,python (8633),Compute,12633746791,18750
4352,python (8633),Compute,12633917625,18791
4353,python (8633),Compute,12634088625,18750
4354,python (8633),Compute,12634257166,18792
4355,python (8633),Compute,12634426208,18708
4356,python (8633),Compute,12634589666,18917
4357,python (8633),Compute,12634848708,18792
4358,python (8633),Compute,12635021375,18750
4359,python (8633),Compute,12635193666,18834
4360,python (8633),Compute,12635353250,18666
4361,python (8633),Compute,12635503708,18542
4362,python (8633),Compute,12635665166,18542
4363,python (8633),Compute,12635826458,18625
4364,python (8633),Compute,12635989291,18417
4365,python (8633),Compute,12636140666,18625
4366,python (8633),Compute,12636290125,18583
4367,python (8633),Compute,12636429000,18541
4368,python (8633),Compute,12636578583,18500
4369,python (8633),Compute,12636729041,18542
4370,python (8633),Compute,12636891833,18583
4373,python (8633),Compute,12637044083,18708
4374,python (8633),Compute,12637290875,18500
4375,python (8633),Compute,12637439916,18542
4376,python (8633),Compute,12637588416,18542
4377,python (8633),Compute,12637736958,18583
4378,python (8633),Compute,12637884416,18584
4379,python (8633),Compute,12638036583,18875
4380,python (8633),Compute,12638224958,19083
4381,python (8633),Compute,12638424541,18834
4382,python (8633),Compute,12638620250,18791
4383,python (8633),Compute,12638812625,18666
4384,python (8633),Compute,12638982833,18875
4385,python (8633),Compute,12639167916,18959
4386,python (8633),Compute,12639361833,18833
4387,python (8633),Compute,12639550083,18917
4388,python (8633),Compute,12639741791,18834
4389,python (8633),Compute,12639937333,18750
4390,python (8633),Compute,12640128750,18666
4391,python (8633),Compute,12640320083,18958
4392,python (8633),Compute,12640511541,18750
4393,python (8633),Compute,12640694625,18708
4394,python (8633),Compute,12640892666,18959
4395,python (8633),Compute,12641092500,18875
4396,python (8633),Compute,12641287875,19083
4397,python (8633),Compute,12641483458,18875
4398,python (8633),Compute,12641671791,18875
4399,python (8633),Compute,12641867083,18917
4400,python (8633),Compute,12642064916,18875
4401,python (8633),Compute,12642261583,18917
4402,python (8633),Compute,12642451750,18916
4403,python (8633),Compute,12642649541,18959
4404,python (8633),Compute,12642847333,18875
4405,python (8633),Compute,12643202250,18958
4406,python (8633),Compute,12643403708,18875
4407,python (8633),Compute,12643601250,18791
4408,python (8633),Compute,12643794541,18959
4409,python (8633),Compute,12643987375,18791
4410,python (8633),Compute,12644174916,18917
4411,python (8633),Compute,12644365125,19041
4412,python (8633),Compute,12644555250,18958
4413,python (8633),Compute,12644751875,18750
4414,python (8633),Compute,12644947458,18875
4415,python (8633),Compute,12645137791,18667
4416,python (8633),Compute,12645330000,18708
4417,python (8633),Compute,12645533625,18875
4418,python (8633),Compute,12645702583,18917
4419,python (8633),Compute,12645901000,18916
4420,python (8633),Compute,12646100791,18959
4421,python (8633),Compute,12646297083,19042
4422,python (8633),Compute,12646490000,19041
4423,python (8633),Compute,12646682833,18875
4424,python (8633),Compute,12646878083,18958
4425,python (8633),Compute,12647078500,18916
4426,python (8633),Compute,12647273083,18875
4427,python (8633),Compute,12647469000,19083
4428,python (8633),Compute,12647664958,18917
4429,python (8633),Compute,12647858250,19000
4430,python (8633),Compute,12648050416,18917
4431,python (8633),Compute,12648245375,19041
4432,python (8633),Compute,12648440041,18917
4433,python (8633),Compute,12648633666,19000
4434,python (8633),Compute,12648827041,18750
4435,python (8633),Compute,12649009083,18792
4436,python (8633),Compute,12649211750,18750
4437,python (8633),Compute,12649410375,18875
4438,python (8633),Compute,12649608041,18709
4439,python (8633),Compute,12649804833,18708
4440,python (8633),Compute,12649999041,18959
4441,python (8633),Compute,12650191500,18708
4442,python (8633),Compute,12650356583,18875
4443,python (8633),Compute,12650553500,18833
4444,python (8633),Compute,12650741958,18917
4445,python (8633),Compute,12650937000,18916
4446,python (8633),Compute,12651126125,18541
4447,python (8633),Compute,12651316666,18709
4448,python (8633),Compute,12651661583,18625
4449,python (8633),Compute,12651859208,18875
4450,python (8633),Compute,12652053416,18917
4451,python (8633),Compute,12652250583,18833
4452,python (8633),Compute,12652444083,18875
4453,python (8633),Compute,12652632750,18833
4454,python (8633),Compute,12652822833,18917
4455,python (8633),Compute,12653016541,18834
4456,python (8633),Compute,12653210375,19000
4457,python (8633),Compute,12653394666,19000
4458,python (8633),Compute,12653591958,18917
4459,python (8633),Compute,12653789750,18875
4460,python (8633),Compute,12653984458,18750
4461,python (8633),Compute,12654181750,18875
4462,python (8633),Compute,12654372416,18959
4463,python (8633),Compute,12654571708,18833
4464,python (8633),Compute,12654766500,18708
4465,python (8633),Compute,12654960250,19000
4466,python (8633),Compute,12655147541,18875
4467,python (8633),Compute,12655338250,18916
4468,python (8633),Compute,12655525250,18541
4469,python (8633),Compute,12655715791,18792
4470,python (8633),Compute,12655911166,18959
4471,python (8633),Compute,12656107541,18917
4472,python (8633),Compute,12656295833,18917
4473,python (8633),Compute,12656486958,18833
4474,python (8633),Compute,12656675750,18916
4475,python (8633),Compute,12656870208,19000
4476,python (8633),Compute,12657063958,18833
4477,python (8633),Compute,12657260083,18750
4478,python (8633),Compute,12657457291,19125
4479,python (8633),Compute,12657653541,18750
4480,python (8633),Compute,12657827250,18500
4481,python (8633),Compute,12658027500,18833
4482,python (8633),Compute,12658223541,18917
4483,python (8633),Compute,12658418500,18791
4484,python (8633),Compute,12658607041,18959
4485,python (8633),Compute,12658798791,18917
4486,python (8633),Compute,12658996125,18791
4487,python (8633),Compute,12659191416,19459
4488,python (8633),Compute,12659384083,19208
4489,python (8633),Compute,12659577666,19334
4490,python (8633),Compute,12659858000,19083
4491,python (8633),Compute,12660051166,18875
4492,python (8633),Compute,12660252333,18917
4493,python (8633),Compute,12660449416,18750
4494,python (8633),Compute,12660644208,18750
4495,python (8633),Compute,12660834333,18875
4496,python (8633),Compute,12661030041,18917
4497,python (8633),Compute,12661219125,19000
4498,python (8633),Compute,12661416208,18917
4499,python (8633),Compute,12661611291,18750
4500,python (8633),Compute,12661800583,18917
4501,python (8633),Compute,12661996708,18875
4502,python (8633),Compute,12662186416,19000
4503,python (8633),Compute,12662381250,18833
4504,python (8633),Compute,12662576083,18833
4505,python (8633),Compute,12662772708,18708
4506,python (8633),Compute,12662973291,18834
4507,python (8633),Compute,12663169291,18875
4508,python (8633),Compute,12663359125,18791
4509,python (8633),Compute,12663554416,18834
4510,python (8633),Compute,12663750666,18834
4511,python (8633),Compute,12663941458,18875
4512,python (8633),Compute,12664134750,19000
4513,python (8633),Compute,12664325125,18666
4514,python (8633),Compute,12664526541,18917
4515,python (8633),Compute,12664721125,18750
4516,python (8633),Compute,12664911250,18916
4517,python (8633),Compute,12665096541,18459
4518,python (8633),Compute,12665285583,18667
4519,python (8633),Compute,12665480041,18834
4520,python (8633),Compute,12665643083,18708
4521,python (8633),Compute,12665808166,18542
4522,python (8633),Compute,12665978875,18833
4523,python (8633),Compute,12666173708,19000
4524,python (8633),Compute,12666360041,18959
4525,python (8633),Compute,12666553333,19125
4526,python (8633),Compute,12666750583,18792
4527,python (8633),Compute,12666946125,18833
4528,python (8633),Compute,12667139750,18916
4529,python (8633),Compute,12667335750,18833
4530,python (8633),Compute,12667530583,18917
4531,python (8633),Compute,12667725041,18875
4532,python (8633),Compute,12667919541,19084
4533,python (8633),Compute,12668193708,18792
4534,python (8633),Compute,12668389291,18875
4535,python (8633),Compute,12668578291,18750
4536,python (8633),Compute,12668759000,18500
4537,python (8633),Compute,12668937250,18625
4538,python (8633),Compute,12669105250,18500
4539,python (8633),Compute,12669262541,18375
4540,python (8633),Compute,12669422041,18584
4541,python (8633),Compute,12669591000,18666
4542,python (8633),Compute,12669769458,18708
4543,python (8633),Compute,12669950458,18792
4544,python (8633),Compute,12670121208,18500
4545,python (8633),Compute,12670294333,18542
4548,python (8633),Compute,12670523541,18792
4549,python (8633),Compute,12670707208,19000
4550,python (8633),Compute,12670875250,18875
4551,python (8633),Compute,12671046541,18792
4552,python (8633),Compute,12671219875,19333
4553,python (8633),Compute,12671403291,18917
4554,python (8633),Compute,12671600541,18834
4555,python (8633),Compute,12671793083,18958
4556,python (8633),Compute,12671984875,19000
4557,python (8633),Compute,12672170125,18541
4558,python (8633),Compute,12672355583,18917
4559,python (8633),Compute,12672550583,18875
4560,python (8633),Compute,12672746041,18834
4561,python (8633),Compute,12672942375,18916
4562,python (8633),Compute,12673133041,18917
4563,python (8633),Compute,12673328291,18917
4564,python (8633),Compute,12673520500,19000
4565,python (8633),Compute,12673715500,18833
4566,python (8633),Compute,12673904166,18500
4567,python (8633),Compute,12674093166,18792
4568,python (8633),Compute,12674282291,18834
4569,python (8633),Compute,12674477250,18875
4570,python (8633),Compute,12674669500,18666
4571,python (8633),Compute,12674858708,18750
4572,python (8633),Compute,12675056166,18917
4573,python (8633),Compute,12675247541,18750
4574,python (8633),Compute,12675438125,19041
4575,python (8633),Compute,12675638666,18750
4576,python (8633),Compute,12675833166,18792
4577,python (8633),Compute,12676029833,18875
4578,python (8633),Compute,12676228833,18833
4579,python (8633),Compute,12676555541,18959
4580,python (8633),Compute,12676751875,18708
4581,python (8633),Compute,12676946708,18792
4582,python (8633),Compute,12677142875,19000
4583,python (8633),Compute,12677336458,18875
4584,python (8633),Compute,12677521250,18875
4585,python (8633),Compute,12677720250,18666
4586,python (8633),Compute,12677908250,18791
4587,python (8633),Compute,12678105458,18917
4588,python (8633),Compute,12678302875,18750
4589,python (8633),Compute,12678501708,18917
4590,python (8633),Compute,12678695875,18833
4591,python (8633),Compute,12678890250,18958
4592,python (8633),Compute,12679078583,18875
4593,python (8633),Compute,12679265000,18875
4594,python (8633),Compute,12679455666,18875
4595,python (8633),Compute,12679642791,18792
4596,python (8633),Compute,12679818916,18792
4597,python (8633),Compute,12680016666,19042
4598,python (8633),Compute,12680213208,18875
4599,python (8633),Compute,12680402583,18958
4600,python (8633),Compute,12680600916,18917
4601,python (8633),Compute,12680795583,18917
4602,python (8633),Compute,12680991000,18666
4603,python (8633),Compute,12681180333,18875
4604,python (8633),Compute,12681377791,18917
4605,python (8633),Compute,12681573375,18750
4606,python (8633),Compute,12681767708,18833
4607,python (8633),Compute,12681957166,18750
4608,python (8633),Compute,12682145750,18875
4609,python (8633),Compute,12682311083,19083
4610,python (8633),Compute,12682500083,18750
4611,python (8633),Compute,12682688458,19042
4612,python (8633),Compute,12682877625,18791
4613,python (8633),Compute,12683069833,19042
4614,python (8633),Compute,12683266375,19083
4615,python (8633),Compute,12683460916,19042
4616,python (8633),Compute,12683657083,19000
4617,python (8633),Compute,12683851583,19000
4618,python (8633),Compute,12684044916,18875
4619,python (8633),Compute,12684236833,19000
4620,python (8633),Compute,12684433666,18917
4621,python (8633),Compute,12684628791,18750
4622,python (8633),Compute,12684983375,18666
4623,python (8633),Compute,12685181083,19042
4624,python (8633),Compute,12685372333,19000
4625,python (8633),Compute,12685564958,18917
4626,python (8633),Compute,12685761083,18875
4627,python (8633),Compute,12685956291,19042
4628,python (8633),Compute,12686153125,18833
4629,python (8633),Compute,12686345666,18834
4630,python (8633),Compute,12686545500,18916
4631,python (8633),Compute,12686740875,18958
4632,python (8633),Compute,12686935000,18958
4633,python (8633),Compute,12687132541,19084
4634,python (8633),Compute,12687325541,19125
4635,python (8633),Compute,12687520291,18750
4636,python (8633),Compute,12687715375,19000
4637,python (8633),Compute,12687908833,19708
4638,python (8633),Compute,12688103500,19500
4639,python (8633),Compute,12688298208,19292
4640,python (8633),Compute,12688480083,18958
4641,python (8633),Compute,12688668750,18958
4642,python (8633),Compute,12688854000,18625
4643,python (8633),Compute,12689035125,18875
4644,python (8633),Compute,12689234000,18958
4645,python (8633),Compute,12689422958,18833
4646,python (8633),Compute,12689615833,19000
4647,python (8633),Compute,12689809041,18917
4648,python (8633),Compute,12690002708,18917
4649,python (8633),Compute,12690194250,19083
4650,python (8633),Compute,12690388666,18834
4651,python (8633),Compute,12690581791,18667
4652,python (8633),Compute,12690771958,19417
4653,python (8633),Compute,12690963333,19125
4654,python (8633),Compute,12691159208,19000
4655,python (8633),Compute,12691348333,19083
4656,python (8633),Compute,12691542916,18917
4657,python (8633),Compute,12691737041,19000
4658,python (8633),Compute,12691931125,19000
4659,python (8633),Compute,12692127333,19167
4660,python (8633),Compute,12692321333,19083
4661,python (8633),Compute,12692514875,18916
4662,python (8633),Compute,12692707791,18917
4663,python (8633),Compute,12692898000,19083
4664,python (8633),Compute,12693225583,18917
4665,python (8633),Compute,12693423458,18917
4666,python (8633),Compute,12693616666,19125
4667,python (8633),Compute,12693810875,18916
4668,python (8633),Compute,12694006750,18958
4669,python (8633),Compute,12694206541,18750
4670,python (8633),Compute,12694402583,19125
4671,python (8633),Compute,12694595833,18750
4672,python (8633),Compute,12694766291,19000
4673,python (8633),Compute,12694956291,18959
4674,python (8633),Compute,12695146791,19042
4675,python (8633),Compute,12695335541,19042
4676,python (8633),Compute,12695525041,18917
4677,python (8633),Compute,12695719958,19000
4678,python (8633),Compute,12695918500,19208
4679,python (8633),Compute,12696110208,19125
4680,python (8633),Compute,12696304875,19083
4681,python (8633),Compute,12696497750,18916
4682,python (8633),Compute,12696693375,18916
4683,python (8633),Compute,12696884333,18917
4684,python (8633),Compute,12697080208,19000
4685,python (8633),Compute,12697268750,18791
4686,python (8633),Compute,12697468250,19083
4687,python (8633),Compute,12697663916,19125
4688,python (8633),Compute,12697857541,18917
4689,python (8633),Compute,12698052375,18875
4690,python (8633),Compute,12698247291,19084
4691,python (8633),Compute,12698443583,18875
4692,python (8633),Compute,12698639250,18958
4693,python (8633),Compute,12698834416,18792
4694,python (8633),Compute,12698989500,18958
4695,python (8633),Compute,12699147125,18500
4696,python (8633),Compute,12699300416,18459
4697,python (8633),Compute,12699473000,18583
4698,python (8633),Compute,12699649708,18583
4699,python (8633),Compute,12699833833,18917
4700,python (8633),Compute,12700024416,18667
4701,python (8633),Compute,12700215250,18791
4702,python (8633),Compute,12700410958,18875
4703,python (8633),Compute,12700606208,18833
4704,python (8633),Compute,12700805000,19041
4705,python (8633),Compute,12700998791,18584
4706,python (8633),Compute,12701169541,18875
4707,python (8633),Compute,12701530958,18875
4708,python (8633),Compute,12701732000,18833
4709,python (8633),Compute,12701925083,18625
4710,python (8633),Compute,12702095250,18583
4711,python (8633),Compute,12702267083,18458
4712,python (8633),Compute,12702438791,18834
4713,python (8633),Compute,12702603458,18667
4714,python (8633),Compute,12702764416,18542
4715,python (8633),Compute,12702927083,18583
4716,python (8633),Compute,12703088500,18708
4717,python (8633),Compute,12703250833,18583
4718,python (8633),Compute,12703409083,18583
4719,python (8633),Compute,12703582125,18625
4724,python (8633),Compute,12703810291,18417
4725,python (8633),Compute,12704033583,18625
4726,python (8633),Compute,12704209375,18875
4727,python (8633),Compute,12704367666,18750
4728,python (8633),Compute,12704529541,18834
4729,python (8633),Compute,12704692166,18792
4730,python (8633),Compute,12704882750,18916
4731,python (8633),Compute,12705079375,19083
4732,python (8633),Compute,12705273958,19167
4733,python (8633),Compute,12705472875,18791
4734,python (8633),Compute,12705659791,18917
4735,python (8633),Compute,12705852125,18875
4736,python (8633),Compute,12706048583,18917
4737,python (8633),Compute,12706238750,19083
4738,python (8633),Compute,12706433375,18958
4739,python (8633),Compute,12706629500,18958
4740,python (8633),Compute,12706823625,18958
4741,python (8633),Compute,12707018916,19042
4742,python (8633),Compute,12707212625,18583
4743,python (8633),Compute,12707375583,18583
4744,python (8633),Compute,12707553250,18833
4745,python (8633),Compute,12707746916,18959
4746,python (8633),Compute,12707935458,18750
4747,python (8633),Compute,12708126958,18917
4748,python (8633),Compute,12708324208,18833
4749,python (8633),Compute,12708522000,19583
4750,python (8633),Compute,12708716333,19333
4751,python (8633),Compute,12708911875,19166
4752,python (8633),Compute,12709103541,19000
4753,python (8633),Compute,12709300291,19000
4754,python (8633),Compute,12709495083,18750
4755,python (8633),Compute,12709867750,18916
4756,python (8633),Compute,12710066500,19083
4757,python (8633),Compute,12710257375,18833
4758,python (8633),Compute,12710454083,18917
4759,python (8633),Compute,12710650208,18958
4760,python (8633),Compute,12710845208,18875
4761,python (8633),Compute,12711039083,18750
4762,python (8633),Compute,12711234416,18875
4763,python (8633),Compute,12711425625,18958
4764,python (8633),Compute,12711623791,18875
4765,python (8633),Compute,12711819791,18875
4766,python (8633),Compute,12712014125,18833
4767,python (8633),Compute,12712204416,18959
4768,python (8633),Compute,12712394041,18667
4769,python (8633),Compute,12712585000,18833
4770,python (8633),Compute,12712784416,18792
4771,python (8633),Compute,12712981166,18750
4772,python (8633),Compute,12713174833,18750
4773,python (8633),Compute,12713365000,18833
4774,python (8633),Compute,12713561375,18750
4775,python (8633),Compute,12713753458,18667
4776,python (8633),Compute,12713938208,18792
4777,python (8633),Compute,12714141208,18792
4778,python (8633),Compute,12714336541,18917
4779,python (8633),Compute,12714529958,18792
4780,python (8633),Compute,12714719416,18875
4781,python (8633),Compute,12714917458,18792
4782,python (8633),Compute,12715112083,18958
4783,python (8633),Compute,12715308958,18875
4784,python (8633),Compute,12715501916,18750
4785,python (8633),Compute,12715669166,18542
4786,python (8633),Compute,12715853125,19000
4787,python (8633),Compute,12716052583,19000
4788,python (8633),Compute,12716253958,18875
4789,python (8633),Compute,12716448875,18958
4790,python (8633),Compute,12716645083,18750
4791,python (8633),Compute,12716835833,18917
4792,python (8633),Compute,12717030333,19000
4793,python (8633),Compute,12717227833,18833
4794,python (8633),Compute,12717422500,19000
4795,python (8633),Compute,12717616000,18958
4796,python (8633),Compute,12717813291,18917
4797,python (8633),Compute,12718160583,18542
4798,python (8633),Compute,12718343666,18542
4799,python (8633),Compute,12718522041,18667
4800,python (8633),Compute,12718702875,18666
4801,python (8633),Compute,12718872500,18625
4802,python (8633),Compute,12719033541,18500
4803,python (8633),Compute,12719203000,18500
4804,python (8633),Compute,12719364875,18583
4805,python (8633),Compute,12719530500,18791
4806,python (8633),Compute,12719690416,18667
4807,python (8633),Compute,12719847833,18667
4808,python (8633),Compute,12720009333,18750
4809,python (8633),Compute,12720170916,18667
4810,python (8633),Compute,12720330666,18792
4811,python (8633),Compute,12720482083,18625
4812,python (8633),Compute,12720658250,18666
4813,python (8633),Compute,12720820250,18791
4814,python (8633),Compute,12720970958,18542
4815,python (8633),Compute,12721152375,18666
4816,python (8633),Compute,12721324000,18666
4817,python (8633),Compute,12721490333,18542
4818,python (8633),Compute,12721645708,18500
4819,python (8633),Compute,12721808708,18833
4820,python (8633),Compute,12721971958,18708
4821,python (8633),Compute,12722156250,18458
4822,python (8633),Compute,12722312541,18500
4823,python (8633),Compute,12722472541,18459
4824,python (8633),Compute,12722785750,18500
4825,python (8633),Compute,12722967416,18584
4826,python (8633),Compute,12723127416,18584
4827,python (8633),Compute,12723287791,18459
4828,python (8633),Compute,12723458000,18583
4829,python (8633),Compute,12723630458,18625
4830,python (8633),Compute,12723811875,18500
4831,python (8633),Compute,12723994125,18583
4832,python (8633),Compute,12724146500,18416
4833,python (8633),Compute,12724305166,18792
4834,python (8633),Compute,12724456000,18500
4835,python (8633),Compute,12724629458,18625
4836,python (8633),Compute,12724801416,18709
4837,python (8633),Compute,12724953333,18542
4838,python (8633),Compute,12725117916,18500
4839,python (8633),Compute,12725275000,18583
4840,python (8633),Compute,12725434958,18708
4841,python (8633),Compute,12725612541,18584
4842,python (8633),Compute,12725786541,18750
4843,python (8633),Compute,12725943958,18833
4844,python (8633),Compute,12726088666,18709
4845,python (8633),Compute,12726247208,18667
4846,python (8633),Compute,12726555875,18541
4847,python (8633),Compute,12726713500,18500
4848,python (8633),Compute,12726860375,18708
4849,python (8633),Compute,12727027500,18625
4850,python (8633),Compute,12727184416,18500
4851,python (8633),Compute,12727327958,18708
4852,python (8633),Compute,12727498958,18417
4853,python (8633),Compute,12727652250,18958
4854,python (8633),Compute,12727804000,18416
4855,python (8633),Compute,12727966208,18708
4856,python (8633),Compute,12728118750,18666
4857,python (8633),Compute,12728276791,18542
4858,python (8633),Compute,12728436958,18542
4859,python (8633),Compute,12728585833,18542
4860,python (8633),Compute,12728735375,18500
4861,python (8633),Compute,12728899583,18625
4862,python (8633),Compute,12729050916,18500
4863,python (8633),Compute,12729191833,18625
4864,python (8633),Compute,12729329541,18584
4865,python (8633),Compute,12729480333,18500
4866,python (8633),Compute,12729691083,18667
4867,python (8633),Compute,12729868208,18500
4868,python (8633),Compute,12730095750,18875
4869,python (8633),Compute,12730261333,18458
4870,python (8633),Compute,12730410291,18500
4871,python (8633),Compute,12730548666,18625
4872,python (8633),Compute,12730690000,18416
4873,python (8633),Compute,12730839500,18416
4874,python (8633),Compute,12730983333,18542
4875,python (8633),Compute,12731132208,18583
4876,python (8633),Compute,12731272666,18542
4877,python (8633),Compute,12731422958,18417
4878,python (8633),Compute,12731570458,18500
4879,python (8633),Compute,12731707583,18292
4880,python (8633),Compute,12731845958,18375
4881,python (8633),Compute,12731995333,18458
4882,python (8633),Compute,12732136875,18500
4883,python (8633),Compute,12732278833,18750
4884,python (8633),Compute,12732413250,18583
4885,python (8633),Compute,12732567458,18583
4886,python (8633),Compute,12732711125,18541
4887,python (8633),Compute,12732854041,18417
4888,python (8633),Compute,12733008916,18459
4889,python (8633),Compute,12733150708,18667
4890,python (8633),Compute,12733296750,18375
4891,python (8633),Compute,12733439208,18583
4892,python (8633),Compute,12733571041,18625
4893,python (8633),Compute,12733717583,18542
4894,python (8633),Compute,12733867125,18416
4895,python (8633),Compute,12734015750,18416
4896,python (8633),Compute,12734164875,18583
4897,python (8633),Compute,12734314583,18625
4898,python (8633),Compute,12734464958,18958
4899,python (8633),Compute,12734613708,18500
4900,python (8633),Compute,12734927875,18833
4901,python (8633),Compute,12735085000,18625
4902,python (8633),Compute,12735231666,18709
4903,python (8633),Compute,12735394541,18667
4904,python (8633),Compute,12735553625,18500
4905,python (8633),Compute,12735702750,18625
4906,python (8633),Compute,12735863208,18542
4907,python (8633),Compute,12736023958,18542
4908,python (8633),Compute,12736184166,18750
4909,python (8633),Compute,12736341333,18667
4910,python (8633),Compute,12736487750,18625
4911,python (8633),Compute,12736636625,18458
4912,python (8633),Compute,12736784041,18584
4913,python (8633),Compute,12736932583,18667
4916,python (8633),Compute,12737133083,18417
4919,python (8633),Compute,12737346458,18708
4920,python (8633),Compute,12737522750,18791
4921,python (8633),Compute,12737667041,18667
4922,python (8633),Compute,12737811166,18542
4923,python (8633),Compute,12737960333,18833
4924,python (8633),Compute,12738121791,18709
4925,python (8633),Compute,12738278208,18875
4926,python (8633),Compute,12738447750,18583
4927,python (8633),Compute,12738597083,18750
4928,python (8633),Compute,12738742750,18708
4929,python (8633),Compute,12738889208,18542
4930,python (8633),Compute,12739045958,18833
4931,python (8633),Compute,12739193833,18750
4932,python (8633),Compute,12739354333,19042
4933,python (8633),Compute,12739525083,18875
4934,python (8633),Compute,12739694125,18625
4935,python (8633),Compute,12739863333,18708
4936,python (8633),Compute,12740032458,18667
4937,python (8633),Compute,12740202333,18833
4938,python (8633),Compute,12740371416,18750
4939,python (8633),Compute,12740540583,18625
4940,python (8633),Compute,12740693791,18584
4941,python (8633),Compute,12740863041,18834
4942,python (8633),Compute,12741034250,18750
4943,python (8633),Compute,12741203916,18709
4944,python (8633),Compute,12741374500,18750
4945,python (8633),Compute,12741530916,18792
4946,python (8633),Compute,12741700083,18750
4947,python (8633),Compute,12741867875,18916
4948,python (8633),Compute,12742036833,18708
4949,python (8633),Compute,12742208291,18667
4950,python (8633),Compute,12742378625,18750
4951,python (8633),Compute,12742547250,18791
4952,python (8633),Compute,12742715791,18792
4953,python (8633),Compute,12742867708,18708
4954,python (8633),Compute,12743178875,18625
4955,python (8633),Compute,12743349041,18792
4956,python (8633),Compute,12743522000,18750
4957,python (8633),Compute,12743691333,18750
4958,python (8633),Compute,12743859750,18791
4959,python (8633),Compute,12744027500,18750
4960,python (8633),Compute,12744197791,18875
4961,python (8633),Compute,12744368541,18667
4962,python (8633),Compute,12744538791,18792
4963,python (8633),Compute,12744707750,18666
4964,python (8633),Compute,12744875416,18584
4965,python (8633),Compute,12745044666,18834
4966,python (8633),Compute,12745217791,18667
4967,python (8633),Compute,12745377041,18834
4968,python (8633),Compute,12745547625,18750
4969,python (8633),Compute,12745717208,18708
4970,python (8633),Compute,12745887041,19042
4971,python (8633),Compute,12746056416,18834
4972,python (8633),Compute,12746227625,19125
4973,python (8633),Compute,12746397916,18750
4974,python (8633),Compute,12746569083,18875
4975,python (8633),Compute,12746737625,18750
4976,python (8633),Compute,12746905958,18875
4977,python (8633),Compute,12747075458,18792
4978,python (8633),Compute,12747245333,18625
4979,python (8633),Compute,12747447708,18958
4980,python (8633),Compute,12747639041,19042
4981,python (8633),Compute,12747835666,19000
4982,python (8633),Compute,12748030291,18917
4983,python (8633),Compute,12748216875,18875
4984,python (8633),Compute,12748418458,19000
4985,python (8633),Compute,12748613916,19042
4986,python (8633),Compute,12748811500,18875
4987,python (8633),Compute,12748977666,18917
4988,python (8633),Compute,12749168833,18833
4989,python (8633),Compute,12749363458,18875
4990,python (8633),Compute,12749553458,18833
4991,python (8633),Compute,12749750333,18792
4992,python (8633),Compute,12749946458,19000
4993,python (8633),Compute,12750142375,18750
4994,python (8633),Compute,12750336458,18542
4995,python (8633),Compute,12750517291,18709
4996,python (8633),Compute,12750689458,18875
4997,python (8633),Compute,12750879208,18917
4998,python (8633),Compute,12751070500,18875
4999,python (8633),Compute,12751264875,19166
5000,python (8633),Compute,12751522583,20708
5001,python (8633),Compute,12751680000,20833
5002,python (8633),Compute,12751871875,20958
5003,python (8633),Compute,12752069333,20917
5004,python (8633),Compute,12752268708,21000
5005,python (8633),Compute,12752468333,20958
5006,python (8633),Compute,12752666000,20875
5007,python (8633),Compute,12752861541,21125
5008,python (8633),Compute,12753059375,21000
5009,python (8633),Compute,12753257208,20833
5010,python (8633),Compute,12753451833,21792
5011,python (8633),Compute,12753646416,21500
5012,python (8633),Compute,12753843500,21625
5013,python (8633),Compute,12754042208,21125
5014,python (8633),Compute,12754241958,20917
5015,python (8633),Compute,12754440875,20916
5016,python (8633),Compute,12754639333,21042
5017,python (8633),Compute,12754834958,21083
5018,python (8633),Compute,12755031791,20959
5019,python (8633),Compute,12755231125,21000
5020,python (8633),Compute,12755428291,20959
5021,python (8633),Compute,12755617583,20958
5022,python (8633),Compute,12755807500,21125
5023,python (8633),Compute,12756002333,20958
5024,python (8633),Compute,12756199791,21125
5025,python (8633),Compute,12756397500,21041
5026,python (8633),Compute,12756596583,21042
5027,python (8633),Compute,12756794875,21166
5028,python (8633),Compute,12756996458,21083
5029,python (8633),Compute,12757187916,20667
5030,python (8633),Compute,12757353416,21084
5031,python (8633),Compute,12757550333,20917
5032,python (8633),Compute,12757747500,21000
5033,python (8633),Compute,12757943791,21000
5034,python (8633),Compute,12758137333,21500
5035,python (8633),Compute,12758324958,21417
5036,python (8633),Compute,12758522916,21584
5037,python (8633),Compute,12758721666,21334
5038,python (8633),Compute,12758969500,19916
5039,python (8633),Compute,12759176083,19833
5040,python (8633),Compute,12759372375,20083
5041,python (8633),Compute,12759567416,20042
5042,python (8633),Compute,12759964708,21208
5043,python (8633),Compute,12760164791,21042
5044,python (8633),Compute,12760360750,20458
5045,python (8633),Compute,12760532708,20750
5046,python (8633),Compute,12760719833,20792
5047,python (8633),Compute,12760909916,20625
5048,python (8633),Compute,12761074333,20708
5049,python (8633),Compute,12761226708,20708
5050,python (8633),Compute,12761378333,20750
5051,python (8633),Compute,12761543208,20583
5052,python (8633),Compute,12761707666,20917
5053,python (8633),Compute,12761874833,20708
5054,python (8633),Compute,12762046875,20583
5055,python (8633),Compute,12762211791,20750
5056,python (8633),Compute,12762374250,20875
5057,python (8633),Compute,12762538791,20917
5058,python (8633),Compute,12762711000,20916
5059,python (8633),Compute,12762876166,21042
5060,python (8633),Compute,12763042625,20958
5061,python (8633),Compute,12763208708,20667
5062,python (8633),Compute,12763371666,20834
5063,python (8633),Compute,12763535125,20583
5064,python (8633),Compute,12763696875,20750
5065,python (8633),Compute,12763848125,20750
5066,python (8633),Compute,12764012583,20917
5067,python (8633),Compute,12764165833,20792
5068,python (8633),Compute,12764319000,20708
5069,python (8633),Compute,12764470208,20708
5070,python (8633),Compute,12764633291,20834
5071,python (8633),Compute,12764796666,20875
5072,python (8633),Compute,12764995291,20959
5073,python (8633),Compute,12765194166,20959
5074,python (8633),Compute,12765389666,20875
5075,python (8633),Compute,12765575333,20583
5076,python (8633),Compute,12765731958,20667
5077,python (8633),Compute,12765893458,20958
5078,python (8633),Compute,12766067500,20833
5079,python (8633),Compute,12766252166,20917
5080,python (8633),Compute,12766437833,20917
5081,python (8633),Compute,12766624041,21000
5082,python (8633),Compute,12766808000,20916
5083,python (8633),Compute,12766991500,21000
5084,python (8633),Compute,12767183750,21250
5085,python (8633),Compute,12767389166,19750
5086,python (8633),Compute,12767574750,19875
5087,python (8633),Compute,12767759125,19875
5088,python (8633),Compute,12767942166,19709
5089,python (8633),Compute,12768284833,18833
5090,python (8633),Compute,12768467166,18792
5091,python (8633),Compute,12768642416,18667
5092,python (8633),Compute,12768812125,18750
5093,python (8633),Compute,12768979416,18542
5094,python (8633),Compute,12769145500,18708
5095,python (8633),Compute,12769315750,18750
5096,python (8633),Compute,12769466000,18416
5097,python (8633),Compute,12769626916,18542
5098,python (8633),Compute,12769796208,18458
5099,python (8633),Compute,12769966000,18458
5102,python (8633),Compute,12770126083,18333
5103,python (8633),Compute,12770329416,18625
5104,python (8633),Compute,12770502250,18833
5105,python (8633),Compute,12770681416,18459
5106,python (8633),Compute,12770852458,18375
5107,python (8633),Compute,12771025000,18541
5108,python (8633),Compute,12771208666,18709
5109,python (8633),Compute,12771393125,18666
5110,python (8633),Compute,12771578875,18541
5111,python (8633),Compute,12771763583,18625
5112,python (8633),Compute,12771949583,18708
5113,python (8633),Compute,12772130333,18667
5114,python (8633),Compute,12772308583,18708
5115,python (8633),Compute,12772492333,18792
5116,python (8633),Compute,12772680041,18834
5117,python (8633),Compute,12772863208,18750
5118,python (8633),Compute,12773048541,18709
5119,python (8633),Compute,12773230708,18708
5120,python (8633),Compute,12773414083,18958
5121,python (8633),Compute,12773601000,18708
5122,python (8633),Compute,12773787041,18750
5123,python (8633),Compute,12773969083,19125
5124,python (8633),Compute,12774155750,18791
5125,python (8633),Compute,12774334958,18500
5126,python (8633),Compute,12774509083,18542
5127,python (8633),Compute,12774690958,18625
5128,python (8633),Compute,12774876291,18834
5129,python (8633),Compute,12775060125,18708
5130,python (8633),Compute,12775246416,18667
5131,python (8633),Compute,12775430708,18750
5132,python (8633),Compute,12775615791,18709
5133,python (8633),Compute,12775802958,18833
5134,python (8633),Compute,12775989500,18875
5135,python (8633),Compute,12776176708,18792
5136,python (8633),Compute,12776517583,19167
5137,python (8633),Compute,12776701500,19041
5138,python (8633),Compute,12776886500,19250
5139,python (8633),Compute,12777070166,19125
5140,python (8633),Compute,12777256291,18584
5141,python (8633),Compute,12777438833,18750
5142,python (8633),Compute,12777624125,18666
5143,python (8633),Compute,12777807500,18791
5144,python (8633),Compute,12777994333,18917
5145,python (8633),Compute,12778182416,18542
5146,python (8633),Compute,12778367625,18625
5147,python (8633),Compute,12778552000,18750
5148,python (8633),Compute,12778738208,18625
5149,python (8633),Compute,12778918625,18833
5150,python (8633),Compute,12779102458,18708
5151,python (8633),Compute,12779285166,18709
5152,python (8633),Compute,12779468541,18667
5153,python (8633),Compute,12779651125,18791
5154,python (8633),Compute,12779834000,18875
5155,python (8633),Compute,12780015041,18667
5156,python (8633),Compute,12780200250,18708
5157,python (8633),Compute,12780384333,18625
5158,python (8633),Compute,12780567375,18500
5159,python (8633),Compute,12780736875,18666
5160,python (8633),Compute,12780922166,18584
5161,python (8633),Compute,12781102750,18666
5162,python (8633),Compute,12781287125,18750
5163,python (8633),Compute,12781469333,18750
5164,python (8633),Compute,12781655291,18792
5165,python (8633),Compute,12781838916,18709
5166,python (8633),Compute,12782026208,18708
5167,python (8633),Compute,12782206541,18500
5168,python (8633),Compute,12782378125,18625
5169,python (8633),Compute,12782559333,18708
5170,python (8633),Compute,12782744833,18667
5171,python (8633),Compute,12782926708,18667
5172,python (8633),Compute,12783112958,18792
5173,python (8633),Compute,12783295041,18625
5174,python (8633),Compute,12783478500,18833
5175,python (8633),Compute,12783659625,18708
5176,python (8633),Compute,12783846875,18750
5177,python (8633),Compute,12784028625,18666
5178,python (8633),Compute,12784212333,18667
5179,python (8633),Compute,12784397625,18750
5180,python (8633),Compute,12784583416,18625
5181,python (8633),Compute,12784842250,18625
5182,python (8633),Compute,12785017000,18750
5183,python (8633),Compute,12785200666,18667
5184,python (8633),Compute,12785383458,18792
5185,python (8633),Compute,12785563583,18667
5186,python (8633),Compute,12785746958,18750
5187,python (8633),Compute,12785928083,18667
5188,python (8633),Compute,12786111500,18583
5189,python (8633),Compute,12786294708,18750
5190,python (8633),Compute,12786478125,18625
5191,python (8633),Compute,12786660583,18625
5192,python (8633),Compute,12786839750,18791
5193,python (8633),Compute,12787016041,18667
5194,python (8633),Compute,12787194958,18833
5195,python (8633),Compute,12787374875,18666
5196,python (8633),Compute,12787559750,18666
5197,python (8633),Compute,12787739208,18792
5198,python (8633),Compute,12787922458,18625
5199,python (8633),Compute,12788101458,18792
5200,python (8633),Compute,12788285125,18791
5201,python (8633),Compute,12788466083,18833
5202,python (8633),Compute,12788649041,18667
5203,python (8633),Compute,12788828208,18500
5204,python (8633),Compute,12789012291,19000
5205,python (8633),Compute,12789197166,19000
5206,python (8633),Compute,12789383750,19208
5207,python (8633),Compute,12789561875,19166
5208,python (8633),Compute,12789743875,19000
5209,python (8633),Compute,12789925250,18625
5210,python (8633),Compute,12790111875,18750
5211,python (8633),Compute,12790292375,18666
5212,python (8633),Compute,12790477083,18750
5213,python (8633),Compute,12790647875,18708
5214,python (8633),Compute,12790834958,18958
5215,python (8633),Compute,12791012291,18709
5216,python (8633),Compute,12791193000,18666
5217,python (8633),Compute,12791380041,18792
5218,python (8633),Compute,12791564875,18791
5219,python (8633),Compute,12791747791,18750
5220,python (8633),Compute,12791932583,18583
5221,python (8633),Compute,12792115375,18875
5222,python (8633),Compute,12792303416,18667
5223,python (8633),Compute,12792485833,18708
5224,python (8633),Compute,12792669958,18750
5225,python (8633),Compute,12792853000,18708
5226,python (8633),Compute,12793175083,18500
5227,python (8633),Compute,12793362458,18667
5228,python (8633),Compute,12793552166,18834
5229,python (8633),Compute,12793736958,18792
5230,python (8633),Compute,12793922541,18625
5231,python (8633),Compute,12794106166,18667
5232,python (8633),Compute,12794291625,18625
5233,python (8633),Compute,12794474916,18625
5234,python (8633),Compute,12794662416,19042
5235,python (8633),Compute,12794848291,18709
5236,python (8633),Compute,12795034166,18625
5237,python (8633),Compute,12795215666,18709
5238,python (8633),Compute,12795393708,18750
5239,python (8633),Compute,12795577583,18625
5240,python (8633),Compute,12795764166,18667
5241,python (8633),Compute,12795948000,18625
5242,python (8633),Compute,12796133791,18667
5243,python (8633),Compute,12796321291,18667
5244,python (8633),Compute,12796508416,18625
5245,python (8633),Compute,12796692416,18542
5246,python (8633),Compute,12796876708,18667
5247,python (8633),Compute,12797059958,18667
5248,python (8633),Compute,12797237750,18541
5249,python (8633),Compute,12797417833,18833
5250,python (8633),Compute,12797605291,18667
5251,python (8633),Compute,12797787625,18791
5252,python (8633),Compute,12797975000,18708
5253,python (8633),Compute,12798158375,18666
5254,python (8633),Compute,12798345583,18833
5255,python (8633),Compute,12798528791,18667
5256,python (8633),Compute,12798714250,18750
5257,python (8633),Compute,12798897958,18500
5258,python (8633),Compute,12799053666,18542
5259,python (8633),Compute,12799214250,18583
5260,python (8633),Compute,12799381875,18583
5261,python (8633),Compute,12799549166,18500
5262,python (8633),Compute,12799717666,18500
5263,python (8633),Compute,12799882416,18542
5264,python (8633),Compute,12800050666,18667
5265,python (8633),Compute,12800221291,18667
5266,python (8633),Compute,12800389833,18833
5267,python (8633),Compute,12800561500,18500
5268,python (8633),Compute,12800719625,18666
5269,python (8633),Compute,12800888041,18667
5270,python (8633),Compute,12801076916,19084
5271,python (8633),Compute,12801265000,19041
5272,python (8633),Compute,12801536666,18500
5273,python (8633),Compute,12801722666,18709
5274,python (8633),Compute,12801904791,18709
5275,python (8633),Compute,12802073916,18334
5276,python (8633),Compute,12802243541,18500
5277,python (8633),Compute,12802410708,18667
5278,python (8633),Compute,12802572291,18584
5279,python (8633),Compute,12802732083,18625
5280,python (8633),Compute,12802901500,18458
5281,python (8633),Compute,12803068208,18583
5282,python (8633),Compute,12803236250,18666
5283,python (8633),Compute,12803405250,18416
5286,python (8633),Compute,12803610541,20125
5287,python (8633),Compute,12803858916,18917
5288,python (8633),Compute,12804055000,18583
5289,python (8633),Compute,12804222416,18584
5290,python (8633),Compute,12804384125,18708
5291,python (8633),Compute,12804563541,19000
5292,python (8633),Compute,12804754833,19000
5293,python (8633),Compute,12804950791,18917
5294,python (8633),Compute,12805145708,18833
5295,python (8633),Compute,12805343000,19458
5296,python (8633),Compute,12805535000,19208
5297,python (8633),Compute,12805705041,18750
5298,python (8633),Compute,12805883791,19209
5299,python (8633),Compute,12806080416,18917
5300,python (8633),Compute,12806271625,18833
5301,python (8633),Compute,12806469541,19584
5302,python (8633),Compute,12806662083,19208
5303,python (8633),Compute,12806859416,18834
5304,python (8633),Compute,12807051375,18958
5305,python (8633),Compute,12807240916,18625
5306,python (8633),Compute,12807429041,18834
5307,python (8633),Compute,12807622291,18750
5308,python (8633),Compute,12807808666,18542
5309,python (8633),Compute,12807996083,18583
5310,python (8633),Compute,12808197833,19042
5311,python (8633),Compute,12808395416,19084
5312,python (8633),Compute,12808589125,18875
5313,python (8633),Compute,12808784541,18792
5314,python (8633),Compute,12808980333,19000
5315,python (8633),Compute,12809176833,18792
5316,python (8633),Compute,12809369750,19000
5317,python (8633),Compute,12809567291,18792
5318,python (8633),Compute,12809913750,18833
5319,python (8633),Compute,12810113000,19000
5320,python (8633),Compute,12810299708,18833
5321,python (8633),Compute,12810496500,18833
5322,python (8633),Compute,12810693541,18750
5323,python (8633),Compute,12810884666,18959
5324,python (8633),Compute,12811076208,18833
5325,python (8633),Compute,12811270041,18959
5326,python (8633),Compute,12811460583,18833
5327,python (8633),Compute,12811657291,19000
5328,python (8633),Compute,12811849041,18834
5329,python (8633),Compute,12812033875,18916
5330,python (8633),Compute,12812222541,18959
5331,python (8633),Compute,12812420250,18958
5332,python (8633),Compute,12812612375,18833
5333,python (8633),Compute,12812808333,18833
5334,python (8633),Compute,12812999750,18875
5335,python (8633),Compute,12813199125,19000
5336,python (8633),Compute,12813393541,18959
5337,python (8633),Compute,12813591625,19000
5338,python (8633),Compute,12813783833,19000
5339,python (8633),Compute,12813975958,18958
5340,python (8633),Compute,12814168500,18875
5341,python (8633),Compute,12814364666,18875
5342,python (8633),Compute,12814555625,18625
5343,python (8633),Compute,12814751958,18917
5344,python (8633),Compute,12814946583,18833
5345,python (8633),Compute,12815142291,19042
5346,python (8633),Compute,12815332875,18791
5347,python (8633),Compute,12815527750,18666
5348,python (8633),Compute,12815710125,18916
5349,python (8633),Compute,12815905333,18792
5350,python (8633),Compute,12816099333,18875
5351,python (8633),Compute,12816296125,18958
5352,python (8633),Compute,12816492333,18833
5353,python (8633),Compute,12816689791,18750
5354,python (8633),Compute,12816877583,18917
5355,python (8633),Compute,12817073250,19208
5356,python (8633),Compute,12817262500,19208
5357,python (8633),Compute,12817453041,19500
5358,python (8633),Compute,12817642291,19375
5359,python (8633),Compute,12817841500,18958
5360,python (8633),Compute,12818171708,18542
5361,python (8633),Compute,12818359791,18625
5362,python (8633),Compute,12818524666,18542
5363,python (8633),Compute,12818687250,18500
5364,python (8633),Compute,12818861416,18459
5365,python (8633),Compute,12819037416,18584
5366,python (8633),Compute,12819199958,18708
5367,python (8633),Compute,12819364583,18542
5368,python (8633),Compute,12819517125,18416
5369,python (8633),Compute,12819678875,18625
5370,python (8633),Compute,12819829666,18667
5371,python (8633),Compute,12819991583,18458
5372,python (8633),Compute,12820158875,18625
5373,python (8633),Compute,12820348583,18583
5374,python (8633),Compute,12820636458,18542
5375,python (8633),Compute,12820800083,18750
5376,python (8633),Compute,12820966958,18542
5377,python (8633),Compute,12821125083,18667
5378,python (8633),Compute,12821268000,18583
5379,python (8633),Compute,12821428083,18500
5380,python (8633),Compute,12821609458,18542
5381,python (8633),Compute,12821765958,18667
5382,python (8633),Compute,12821917291,18459
5383,python (8633),Compute,12822068041,18542
5384,python (8633),Compute,12822215666,18584
5385,python (8633),Compute,12822361750,18500
5386,python (8633),Compute,12822513125,18666
5387,python (8633),Compute,12822665125,18500
5388,python (8633),Compute,12822805666,18834
5389,python (8633),Compute,12822966958,18625
5390,python (8633),Compute,12823122500,18666
5391,python (8633),Compute,12823273875,18958
5392,python (8633),Compute,12823413750,18625
5393,python (8633),Compute,12823565333,18583
5394,python (8633),Compute,12823719625,18750
5395,python (8633),Compute,12823873208,18833
5396,python (8633),Compute,12824094833,18708
5397,python (8633),Compute,12824261083,18583
5398,python (8633),Compute,12824415916,18750
5399,python (8633),Compute,12824582291,18917
5400,python (8633),Compute,12824749750,18666
5401,python (8633),Compute,12824911000,18750
5402,python (8633),Compute,12825080458,18417
5403,python (8633),Compute,12825234333,18458
5404,python (8633),Compute,12825391166,18834
5405,python (8633),Compute,12825546458,18708
5406,python (8633),Compute,12825703875,18708
5407,python (8633),Compute,12825869083,18500
5408,python (8633),Compute,12826045166,18542
5409,python (8633),Compute,12826202916,18750
5410,python (8633),Compute,12826509458,18875
5411,python (8633),Compute,12826686416,18625
5412,python (8633),Compute,12826842125,18541
5413,python (8633),Compute,12827002000,18458
5414,python (8633),Compute,12827160458,18667
5415,python (8633),Compute,12827319708,18583
5416,python (8633),Compute,12827484125,18833
5417,python (8633),Compute,12827637500,18625
5418,python (8633),Compute,12827799750,18708
5419,python (8633),Compute,12827961583,18958
5420,python (8633),Compute,12828114458,18667
5421,python (8633),Compute,12828276708,18833
5422,python (8633),Compute,12828427333,18458
5423,python (8633),Compute,12828590166,18584
5424,python (8633),Compute,12828752500,18666
5425,python (8633),Compute,12829002875,18583
5426,python (8633),Compute,12829188041,18792
5427,python (8633),Compute,12829381041,18542
5428,python (8633),Compute,12829568500,18583
5429,python (8633),Compute,12829732208,18625
5430,python (8633),Compute,12829895500,18708
5431,python (8633),Compute,12830056291,18709
5432,python (8633),Compute,12830215625,18541
5433,python (8633),Compute,12830367583,18792
5434,python (8633),Compute,12830515791,18709
5435,python (8633),Compute,12830674791,18584
5436,python (8633),Compute,12830829625,18833
5437,python (8633),Compute,12830983458,18750
5438,python (8633),Compute,12831137833,18708
5439,python (8633),Compute,12831284333,18917
5440,python (8633),Compute,12831447250,18791
5441,python (8633),Compute,12831617708,18917
5442,python (8633),Compute,12831791250,18750
5443,python (8633),Compute,12831965291,18792
5444,python (8633),Compute,12832138083,18583
5445,python (8633),Compute,12832290500,18583
5446,python (8633),Compute,12832425083,18667
5447,python (8633),Compute,12832566500,18791
5448,python (8633),Compute,12832718541,18542
5449,python (8633),Compute,12832871041,18417
5450,python (8633),Compute,12833031583,18625
5451,python (8633),Compute,12833189083,18667
5452,python (8633),Compute,12833335250,18500
5453,python (8633),Compute,12833479750,18583
5454,python (8633),Compute,12833637375,18583
5455,python (8633),Compute,12833793791,18667
5456,python (8633),Compute,12833945291,18625
5457,python (8633),Compute,12834075916,18542
5458,python (8633),Compute,12834235333,18583
5459,python (8633),Compute,12834385625,18625
5460,python (8633),Compute,12834536708,18708
5461,python (8633),Compute,12834839833,20875
5462,python (8633),Compute,12835011083,20875
5463,python (8633),Compute,12835169125,20791
5464,python (8633),Compute,12835330208,20917
5465,python (8633),Compute,12835487250,20750
5466,python (8633),Compute,12835641958,20750
5467,python (8633),Compute,12835795291,20459
5468,python (8633),Compute,12835957500,20625
5469,python (8633),Compute,12836117791,20625
5470,python (8633),Compute,12836276125,20750
5471,python (8633),Compute,12836438125,20541
5472,python (8633),Compute,12836598416,20625
5473,python (8633),Compute,12836750041,20917
5474,python (8633),Compute,12836912416,20792
5477,python (8633),Compute,12837087500,20791
5478,python (8633),Compute,12837285666,20792
5479,python (8633),Compute,12837434958,20667
5480,python (8633),Compute,12837596166,20584
5481,python (8633),Compute,12837759083,20583
5482,python (8633),Compute,12837922875,20625
5483,python (8633),Compute,12838085500,20791
5484,python (8633),Compute,12838242083,20833
5485,python (8633),Compute,12838397916,21000
5486,python (8633),Compute,12838568041,21000
5487,python (8633),Compute,12838737666,20792
5488,python (8633),Compute,12838908041,20667
5489,python (8633),Compute,12839071250,21000
5490,python (8633),Compute,12839242458,20917
5491,python (8633),Compute,12839412333,20917
5492,python (8633),Compute,12839569916,21084
5493,python (8633),Compute,12839731916,20834
5494,python (8633),Compute,12839895000,20833
5495,python (8633),Compute,12840058291,20667
5496,python (8633),Compute,12840209375,21000
5497,python (8633),Compute,12840368000,20833
5498,python (8633),Compute,12840541666,20834
5499,python (8633),Compute,12840700250,20958
5500,python (8633),Compute,12840859833,20667
5501,python (8633),Compute,12841018666,21000
5502,python (8633),Compute,12841177958,21000
5503,python (8633),Compute,12841336166,20834
5504,python (8633),Compute,12841496625,20791
5505,python (8633),Compute,12841670666,20834
5506,python (8633),Compute,12841841750,20791
5507,python (8633),Compute,12842012583,20958
5508,python (8633),Compute,12842184666,20917
5509,python (8633),Compute,12842357250,20750
5510,python (8633),Compute,12842529291,20875
5511,python (8633),Compute,12842670333,19708
5512,python (8633),Compute,12842841416,19667
5513,python (8633),Compute,12843151708,20542
5514,python (8633),Compute,12843339083,20917
5515,python (8633),Compute,12843511916,20875
5516,python (8633),Compute,12843683791,20834
5517,python (8633),Compute,12843855666,21000
5518,python (8633),Compute,12844028125,20875
5519,python (8633),Compute,12844200333,20708
5520,python (8633),Compute,12844372875,21000
5521,python (8633),Compute,12844545250,20750
5522,python (8633),Compute,12844703500,20666
5523,python (8633),Compute,12844868750,21125
5524,python (8633),Compute,12845028166,20792
5525,python (8633),Compute,12845202166,20875
5526,python (8633),Compute,12845374333,20917
5527,python (8633),Compute,12845545916,20875
5528,python (8633),Compute,12845717250,21041
5529,python (8633),Compute,12845887291,20917
5530,python (8633),Compute,12846058000,20958
5531,python (8633),Compute,12846230458,20958
5532,python (8633),Compute,12846402291,21084
5533,python (8633),Compute,12846574000,20833
5534,python (8633),Compute,12846746083,20875
5535,python (8633),Compute,12846918333,20875
5536,python (8633),Compute,12847090500,20791
5537,python (8633),Compute,12847263625,20958
5538,python (8633),Compute,12847422791,20834
5539,python (8633),Compute,12847577291,20875
5540,python (8633),Compute,12847748958,20708
5541,python (8633),Compute,12847920958,20958
5542,python (8633),Compute,12848092750,20916
5543,python (8633),Compute,12848263916,20917
5544,python (8633),Compute,12848436708,20708
5545,python (8633),Compute,12848609666,20834
5546,python (8633),Compute,12848782875,20791
5547,python (8633),Compute,12848944625,20916
5548,python (8633),Compute,12849114958,20833
5549,python (8633),Compute,12849287333,21292
5550,python (8633),Compute,12849460583,20792
5551,python (8633),Compute,12849633000,20750
5552,python (8633),Compute,12849794166,20875
5553,python (8633),Compute,12849952041,21250
5554,python (8633),Compute,12850123166,20834
5555,python (8633),Compute,12850294458,21083
5556,python (8633),Compute,12850466416,20917
5557,python (8633),Compute,12850641125,20666
5558,python (8633),Compute,12850814416,21084
5559,python (8633),Compute,12851047708,19875
5560,python (8633),Compute,12851217250,19791
5561,python (8633),Compute,12851589750,20791
5562,python (8633),Compute,12851753583,20833
5563,python (8633),Compute,12851925041,21250
5564,python (8633),Compute,12852131791,20917
5565,python (8633),Compute,12852328583,21000
5566,python (8633),Compute,12852528458,21167
5567,python (8633),Compute,12852726666,21084
5568,python (8633),Compute,12852925875,21125
5569,python (8633),Compute,12853121958,21042
5570,python (8633),Compute,12853317708,20958
5571,python (8633),Compute,12853513291,21042
5572,python (8633),Compute,12853711000,21083
5573,python (8633),Compute,12853905833,20875
5574,python (8633),Compute,12854098000,20625
5575,python (8633),Compute,12854267416,20875
5576,python (8633),Compute,12854436958,20750
5577,python (8633),Compute,12854627875,21041
5578,python (8633),Compute,12854825083,21042
5579,python (8633),Compute,12855022250,21125
5580,python (8633),Compute,12855218458,21042
5581,python (8633),Compute,12855409875,20958
5582,python (8633),Compute,12855601375,20625
5583,python (8633),Compute,12855778083,21375
5584,python (8633),Compute,12855974875,20875
5585,python (8633),Compute,12856173750,21041
5586,python (8633),Compute,12856366250,21083
5587,python (8633),Compute,12856562541,21000
5588,python (8633),Compute,12856759291,20959
5589,python (8633),Compute,12856956000,20833
5590,python (8633),Compute,12857153250,21000
5591,python (8633),Compute,12857319333,21333
5592,python (8633),Compute,12857510500,21458
5593,python (8633),Compute,12857709500,21041
5594,python (8633),Compute,12857905958,20917
5595,python (8633),Compute,12858104125,21041
5596,python (8633),Compute,12858299625,21041
5597,python (8633),Compute,12858491833,20667
5598,python (8633),Compute,12858694291,21042
5599,python (8633),Compute,12858894500,21041
5600,python (8633),Compute,12859091708,21042
5601,python (8633),Compute,12859283333,20958
5602,python (8633),Compute,12859496375,19791
5603,python (8633),Compute,12859836291,24209
5604,python (8633),Compute,12860050500,24083
5605,python (8633),Compute,12860257000,24000
5606,python (8633),Compute,12860457416,24042
5607,python (8633),Compute,12860655500,23833
5608,python (8633),Compute,12860843208,24042
5609,python (8633),Compute,12861045375,23833
5610,python (8633),Compute,12861249541,24000
5611,python (8633),Compute,12861482416,24209
5612,python (8633),Compute,12861678000,24041
5613,python (8633),Compute,12861877125,24208
5614,python (8633),Compute,12862076833,24083
5615,python (8633),Compute,12862277125,23875
5616,python (8633),Compute,12862478208,24167
5617,python (8633),Compute,12862676416,23959
5618,python (8633),Compute,12862871583,23958
5619,python (8633),Compute,12863074041,23959
5620,python (8633),Compute,12863280666,24084
5621,python (8633),Compute,12863482625,24083
5622,python (8633),Compute,12863684041,24125
5623,python (8633),Compute,12863882791,24042
5624,python (8633),Compute,12864082291,24000
5625,python (8633),Compute,12864281791,24125
5626,python (8633),Compute,12864481583,24125
5627,python (8633),Compute,12864679541,24084
5628,python (8633),Compute,12864879500,24083
5629,python (8633),Compute,12865076416,23875
5630,python (8633),Compute,12865252250,24000
5631,python (8633),Compute,12865454750,23791
5632,python (8633),Compute,12865634916,23875
5633,python (8633),Compute,12865802083,23708
5634,python (8633),Compute,12865989250,23875
5635,python (8633),Compute,12866191833,24042
5636,python (8633),Compute,12866390625,24041
5637,python (8633),Compute,12866589125,24083
5638,python (8633),Compute,12866788583,24083
5639,python (8633),Compute,12866989708,24042
5640,python (8633),Compute,12867170208,23583
5641,python (8633),Compute,12867370458,23750
5642,python (8633),Compute,12867598375,21875
5643,python (8633),Compute,12867798958,22000
5644,python (8633),Compute,12867995375,21833
5645,python (8633),Compute,12868332541,24167
5646,python (8633),Compute,12868532583,23833
5647,python (8633),Compute,12868699333,23833
5648,python (8633),Compute,12868866083,23833
5649,python (8633),Compute,12869049625,23708
5650,python (8633),Compute,12869224750,23958
5651,python (8633),Compute,12869399041,23834
5652,python (8633),Compute,12869573208,23667
5653,python (8633),Compute,12869760125,23958
5654,python (8633),Compute,12869941916,23959
5655,python (8633),Compute,12870115458,24042
5656,python (8633),Compute,12870290000,23916
5659,python (8633),Compute,12870489166,23667
5660,python (8633),Compute,12870693375,24291
5661,python (8633),Compute,12870905458,23917
5662,python (8633),Compute,12871081833,24042
5663,python (8633),Compute,12871258375,23916
5664,python (8633),Compute,12871455250,23708
5665,python (8633),Compute,12871659333,24208
5666,python (8633),Compute,12871863125,24125
5667,python (8633),Compute,12872061583,24125
5668,python (8633),Compute,12872257208,24000
5669,python (8633),Compute,12872446625,24208
5670,python (8633),Compute,12872646333,24042
5671,python (8633),Compute,12872844500,24375
5672,python (8633),Compute,12873044125,24041
5673,python (8633),Compute,12873241291,24167
5674,python (8633),Compute,12873441583,24458
5675,python (8633),Compute,12873638958,23875
5676,python (8633),Compute,12873836208,23958
5677,python (8633),Compute,12874022916,24417
5678,python (8633),Compute,12874225000,24166
5679,python (8633),Compute,12874423916,24667
5680,python (8633),Compute,12874624041,24750
5681,python (8633),Compute,12874822250,24625
5682,python (8633),Compute,12875024041,24459
5683,python (8633),Compute,12875223500,24291
5684,python (8633),Compute,12875423583,24208
5685,python (8633),Compute,12875622291,24375
5686,python (8633),Compute,12875855833,21750
5687,python (8633),Compute,12876055166,22042
5688,python (8633),Compute,12876256458,21917
5689,python (8633),Compute,12876532541,21000
5690,python (8633),Compute,12876731250,21000
5691,python (8633),Compute,12876929375,20916
5692,python (8633),Compute,12877127708,21083
5693,python (8633),Compute,12877327333,20958
5694,python (8633),Compute,12877523208,21000
5695,python (8633),Compute,12877720625,20958
5696,python (8633),Compute,12877916250,21000
5697,python (8633),Compute,12878107291,20792
5698,python (8633),Compute,12878295333,21042
5699,python (8633),Compute,12878492375,21208
5700,python (8633),Compute,12878691708,21000
5701,python (8633),Compute,12878889000,20791
5702,python (8633),Compute,12879086750,20875
5703,python (8633),Compute,12879281291,20917
5704,python (8633),Compute,12879476416,21042
5705,python (8633),Compute,12879673250,21041
5706,python (8633),Compute,12879869125,20958
5707,python (8633),Compute,12880067416,21042
5708,python (8633),Compute,12880262458,20833
5709,python (8633),Compute,12880460875,20958
5710,python (8633),Compute,12880657291,21167
5711,python (8633),Compute,12880857625,20833
5712,python (8633),Compute,12881054250,21000
5713,python (8633),Compute,12881254166,21042
5714,python (8633),Compute,12881452458,20917
5715,python (8633),Compute,12881649583,21000
5716,python (8633),Compute,12881848291,21000
5717,python (8633),Compute,12882046291,20875
5718,python (8633),Compute,12882279916,20000
5719,python (8633),Compute,12882472541,20042
5720,python (8633),Compute,12882668500,19916
5721,python (8633),Compute,12882869375,19875
5722,python (8633),Compute,12883064875,19791
5723,python (8633),Compute,12883262166,19834
5724,python (8633),Compute,12883459833,20000
5725,python (8633),Compute,12883658416,20209
5726,python (8633),Compute,12883854083,20208
5727,python (8633),Compute,12884050791,20167
5728,python (8633),Compute,12884245625,20000
5729,python (8633),Compute,12884435458,19792
5730,python (8633),Compute,12884616416,19959
5731,python (8633),Compute,12884957416,20584
5732,python (8633),Compute,12885153250,20958
5733,python (8633),Compute,12885351500,20916
5734,python (8633),Compute,12885549833,21000
5735,python (8633),Compute,12885748958,21292
5736,python (8633),Compute,12885944583,20667
5737,python (8633),Compute,12886144291,21000
5738,python (8633),Compute,12886341208,20958
5739,python (8633),Compute,12886537000,20916
5740,python (8633),Compute,12886718708,20958
5741,python (8633),Compute,12886917916,21000
5742,python (8633),Compute,12887114166,21042
5743,python (8633),Compute,12887315916,21000
5744,python (8633),Compute,12887513041,21000
5745,python (8633),Compute,12887709125,20875
5746,python (8633),Compute,12887904375,21000
5747,python (8633),Compute,12888101291,21084
5748,python (8633),Compute,12888297750,21083
5749,python (8633),Compute,12888493208,21042
5750,python (8633),Compute,12888690541,21125
5751,python (8633),Compute,12888878166,20750
5752,python (8633),Compute,12889071416,21042
5753,python (8633),Compute,12889269458,20875
5754,python (8633),Compute,12889468375,20958
5755,python (8633),Compute,12889665291,21209
5756,python (8633),Compute,12889859791,20875
5757,python (8633),Compute,12890056583,20833
5758,python (8633),Compute,12890251958,21083
5759,python (8633),Compute,12890449416,21084
5760,python (8633),Compute,12890649458,20042
5761,python (8633),Compute,12890842500,19583
5762,python (8633),Compute,12891034125,19875
5763,python (8633),Compute,12891229666,20000
5764,python (8633),Compute,12891428250,19791
5765,python (8633),Compute,12891623458,20125
5766,python (8633),Compute,12891818833,19750
5767,python (8633),Compute,12892017583,19708
5768,python (8633),Compute,12892214500,19875
5769,python (8633),Compute,12892408375,19916
5770,python (8633),Compute,12892603958,20000
5771,python (8633),Compute,12892799250,19750
5772,python (8633),Compute,12892991875,19750
5773,python (8633),Compute,12893333833,18917
5774,python (8633),Compute,12893524958,18958
5775,python (8633),Compute,12893721583,18833
5776,python (8633),Compute,12893911125,18958
5777,python (8633),Compute,12894101500,18791
5778,python (8633),Compute,12894296583,19042
5779,python (8633),Compute,12894490416,19250
5780,python (8633),Compute,12894681000,19000
5781,python (8633),Compute,12894869750,18750
5782,python (8633),Compute,12895062875,18750
5783,python (8633),Compute,12895249000,18750
5784,python (8633),Compute,12895444916,18834
5785,python (8633),Compute,12895640958,18833
5786,python (8633),Compute,12895836791,18750
5787,python (8633),Compute,12896031000,18875
5788,python (8633),Compute,12896226500,19250
5789,python (8633),Compute,12896421750,19333
5790,python (8633),Compute,12896615916,19042
5791,python (8633),Compute,12896811291,19084
5792,python (8633),Compute,12897007166,18792
5793,python (8633),Compute,12897200291,18750
5794,python (8633),Compute,12897372750,19000
5795,python (8633),Compute,12897562041,19042
5796,python (8633),Compute,12897757500,18958
5797,python (8633),Compute,12897947416,18959
5798,python (8633),Compute,12898141750,18875
5799,python (8633),Compute,12898335791,18917
5800,python (8633),Compute,12898533458,19042
5801,python (8633),Compute,12898729208,18833
5802,python (8633),Compute,12898921666,18584
5803,python (8633),Compute,12899082291,18625
5804,python (8633),Compute,12899261375,18750
5805,python (8633),Compute,12899445791,18917
5806,python (8633),Compute,12899641250,18833
5807,python (8633),Compute,12899837041,18875
5808,python (8633),Compute,12900030541,18834
5809,python (8633),Compute,12900221125,18958
5810,python (8633),Compute,12900417833,18917
5811,python (8633),Compute,12900613041,18625
5812,python (8633),Compute,12900811541,18792
5813,python (8633),Compute,12901002833,18917
5814,python (8633),Compute,12901201500,18875
5815,python (8633),Compute,12901551375,18833
5816,python (8633),Compute,12901750666,18875
5817,python (8633),Compute,12901937625,18583
5818,python (8633),Compute,12902107708,18583
5819,python (8633),Compute,12902269041,18584
5820,python (8633),Compute,12902445000,18916
5821,python (8633),Compute,12902618166,18375
5822,python (8633),Compute,12902790541,18584
5823,python (8633),Compute,12902966083,18542
5824,python (8633),Compute,12903146250,18708
5825,python (8633),Compute,12903317291,18542
5826,python (8633),Compute,12903490458,18667
5829,python (8633),Compute,12903741500,18541
5830,python (8633),Compute,12903911208,18542
5831,python (8633),Compute,12904085291,18667
5832,python (8633),Compute,12904252041,18792
5833,python (8633),Compute,12904412500,18708
5834,python (8633),Compute,12904593000,18541
5835,python (8633),Compute,12904787625,18833
5836,python (8633),Compute,12904983958,18958
5837,python (8633),Compute,12905181708,18958
5838,python (8633),Compute,12905378916,18792
5839,python (8633),Compute,12905569750,18625
5840,python (8633),Compute,12905762833,18875
5841,python (8633),Compute,12905962250,18916
5842,python (8633),Compute,12906156208,18750
5843,python (8633),Compute,12906350625,18791
5844,python (8633),Compute,12906546708,18833
5845,python (8633),Compute,12906742666,18834
5846,python (8633),Compute,12906937458,19083
5847,python (8633),Compute,12907135666,19042
5848,python (8633),Compute,12907305791,19250
5849,python (8633),Compute,12907503500,18791
5850,python (8633),Compute,12907701125,19000
5851,python (8633),Compute,12907893041,18750
5852,python (8633),Compute,12908077875,18875
5853,python (8633),Compute,12908274250,18833
5854,python (8633),Compute,12908471791,18959
5855,python (8633),Compute,12908669125,18916
5856,python (8633),Compute,12908866708,18833
5857,python (8633),Compute,12909061708,18833
5858,python (8633),Compute,12909259083,18875
5859,python (8633),Compute,12909453833,18750
5860,python (8633),Compute,12909649041,18917
5861,python (8633),Compute,12910001791,18917
5862,python (8633),Compute,12910195625,19083
5863,python (8633),Compute,12910394166,18709
5864,python (8633),Compute,12910588250,18916
5865,python (8633),Compute,12910785625,18916
5866,python (8633),Compute,12910986666,19000
5867,python (8633),Compute,12911185500,18875
5868,python (8633),Compute,12911380833,19042
5869,python (8633),Compute,12911576875,18958
5870,python (8633),Compute,12911773708,18833
5871,python (8633),Compute,12911970708,18875
5872,python (8633),Compute,12912160833,19042
5873,python (8633),Compute,12912355125,18875
5874,python (8633),Compute,12912555833,19083
5875,python (8633),Compute,12912748250,19125
5876,python (8633),Compute,12912947458,19417
5877,python (8633),Compute,12913143666,19334
5878,python (8633),Compute,12913339958,18667
5879,python (8633),Compute,12913536875,18958
5880,python (8633),Compute,12913734125,18833
5881,python (8633),Compute,12913926541,19042
5882,python (8633),Compute,12914120750,19041
5883,python (8633),Compute,12914317666,18917
5884,python (8633),Compute,12914514541,18542
5885,python (8633),Compute,12914709541,18917
5886,python (8633),Compute,12914907250,19083
5887,python (8633),Compute,12915104708,19000
5888,python (8633),Compute,12915300750,18625
5889,python (8633),Compute,12915491375,18708
5890,python (8633),Compute,12915681791,19042
5891,python (8633),Compute,12915879250,18875
5892,python (8633),Compute,12916070625,18916
5893,python (8633),Compute,12916244958,18833
5894,python (8633),Compute,12916433333,18917
5895,python (8633),Compute,12916630291,18959
5896,python (8633),Compute,12916820000,19083
5897,python (8633),Compute,12917016666,18834
5898,python (8633),Compute,12917212000,18875
5899,python (8633),Compute,12917408750,18916
5900,python (8633),Compute,12917604541,18875
5901,python (8633),Compute,12917800541,19000
5902,python (8633),Compute,12917994916,18709
5903,python (8633),Compute,12918314291,18542
5904,python (8633),Compute,12918500416,18584
5905,python (8633),Compute,12918689125,18791
5906,python (8633),Compute,12918852041,18625
5907,python (8633),Compute,12919010333,18542
5908,python (8633),Compute,12919177416,18667
5909,python (8633),Compute,12919340541,18417
5910,python (8633),Compute,12919491666,18709
5911,python (8633),Compute,12919641833,18458
5912,python (8633),Compute,12919792583,18583
5913,python (8633),Compute,12919972750,18541
5914,python (8633),Compute,12920237583,18833
5915,python (8633),Compute,12920397000,18583
5916,python (8633),Compute,12920570750,18541
5917,python (8633),Compute,12920734625,18625
5918,python (8633),Compute,12920889500,18416
5919,python (8633),Compute,12921037833,18583
5920,python (8633),Compute,12921182208,18542
5921,python (8633),Compute,12921346833,18750
5922,python (8633),Compute,12921660791,18542
5923,python (8633),Compute,12921863666,18709
5924,python (8633),Compute,12922156541,18792
5925,python (8633),Compute,12922359416,18709
5926,python (8633),Compute,12922553250,18750
5927,python (8633),Compute,12922725416,18709
5928,python (8633),Compute,12922887125,18625
5929,python (8633),Compute,12923075750,18541
5930,python (8633),Compute,12923264541,18625
5931,python (8633),Compute,12923441750,18541
5932,python (8633),Compute,12923608416,18709
5933,python (8633),Compute,12923778833,18583
5934,python (8633),Compute,12923944166,18667
5935,python (8633),Compute,12924116625,18500
5936,python (8633),Compute,12924287666,18542
5937,python (8633),Compute,12924459541,18667
5938,python (8633),Compute,12924630375,18375
5939,python (8633),Compute,12924796291,18750
5940,python (8633),Compute,12924972833,18458
5941,python (8633),Compute,12925144875,18708
5942,python (8633),Compute,12925327375,18666
5943,python (8633),Compute,12925502791,18917
5944,python (8633),Compute,12925656541,18500
5945,python (8633),Compute,12925803041,18584
5946,python (8633),Compute,12925985250,18583
5947,python (8633),Compute,12926156416,18542
5948,python (8633),Compute,12926312875,18583
5949,python (8633),Compute,12926622958,18583
5950,python (8633),Compute,12926771166,18709
5951,python (8633),Compute,12926927166,18584
5952,python (8633),Compute,12927082041,18875
5953,python (8633),Compute,12927238666,18459
5954,python (8633),Compute,12927393833,18750
5955,python (8633),Compute,12927573000,18625
5956,python (8633),Compute,12927728291,18500
5957,python (8633),Compute,12927872625,18666
5958,python (8633),Compute,12928023583,18625
5959,python (8633),Compute,12928173000,18583
5960,python (8633),Compute,12928321666,18542
5961,python (8633),Compute,12928473333,18833
5962,python (8633),Compute,12928626250,18666
5963,python (8633),Compute,12928777875,18750
5964,python (8633),Compute,12928937125,18625
5965,python (8633),Compute,12929096375,18916
5966,python (8633),Compute,12929236625,18791
5967,python (8633),Compute,12929383541,18875
5968,python (8633),Compute,12929558333,18500
5969,python (8633),Compute,12929731541,18750
5970,python (8633),Compute,12929903791,18709
5971,python (8633),Compute,12930073083,18583
5972,python (8633),Compute,12930238791,18709
5973,python (8633),Compute,12930409041,18792
5974,python (8633),Compute,12930579333,18750
5975,python (8633),Compute,12930752875,18666
5976,python (8633),Compute,12930914625,19041
5977,python (8633),Compute,12931073958,18542
5978,python (8633),Compute,12931225500,18916
5979,python (8633),Compute,12931377250,18791
5980,python (8633),Compute,12931539375,18708
5981,python (8633),Compute,12931709583,18750
5982,python (8633),Compute,12931882166,18750
5983,python (8633),Compute,12932051916,18959
5984,python (8633),Compute,12932222416,18750
5985,python (8633),Compute,12932390333,18792
5986,python (8633),Compute,12932554916,18750
5987,python (8633),Compute,12932702791,18584
5988,python (8633),Compute,12932860041,18584
5989,python (8633),Compute,12933014708,18667
5990,python (8633),Compute,12933162833,18667
5991,python (8633),Compute,12933308375,18666
5992,python (8633),Compute,12933477000,18875
5993,python (8633),Compute,12933646583,18667
5994,python (8633),Compute,12933804583,18708
5995,python (8633),Compute,12933964708,18625
5996,python (8633),Compute,12934114083,18750
5997,python (8633),Compute,12934282833,18625
5998,python (8633),Compute,12934441166,18834
5999,python (8633),Compute,12934610000,18750
6000,python (8633),Compute,12934919500,18666
6001,python (8633),Compute,12935079958,18792
6002,python (8633),Compute,12935248791,18625
6003,python (8633),Compute,12935408500,18458
6004,python (8633),Compute,12935552375,18708
6005,python (8633),Compute,12935712208,18542
6006,python (8633),Compute,12935873625,18500
6007,python (8633),Compute,12936024791,18792
6008,python (8633),Compute,12936176750,18541
6009,python (8633),Compute,12936338541,18959
6010,python (8633),Compute,12936501208,18500
6011,python (8633),Compute,12936660791,18667
6012,python (8633),Compute,12936811416,18584
6015,python (8633),Compute,12937028041,18625
6016,python (8633),Compute,12937218458,18750
6017,python (8633),Compute,12937380833,18583
6018,python (8633),Compute,12937541583,18500
6019,python (8633),Compute,12937702291,18625
6020,python (8633),Compute,12937859583,18792
6021,python (8633),Compute,12938031208,18750
6022,python (8633),Compute,12938202416,18792
6023,python (8633),Compute,12938372625,18750
6024,python (8633),Compute,12938535291,18792
6025,python (8633),Compute,12938703458,18667
6026,python (8633),Compute,12938873333,18542
6027,python (8633),Compute,12939030625,18750
6028,python (8633),Compute,12939200125,18875
6029,python (8633),Compute,12939372041,18834
6030,python (8633),Compute,12939541291,18667
6031,python (8633),Compute,12939711416,18667
6032,python (8633),Compute,12939878958,18708
6033,python (8633),Compute,12940049625,18666
6034,python (8633),Compute,12940220125,18833
6035,python (8633),Compute,12940391625,18791
6036,python (8633),Compute,12940558000,18791
6037,python (8633),Compute,12940728041,18917
6038,python (8633),Compute,12940894958,18708
6039,python (8633),Compute,12941066333,18583
6040,python (8633),Compute,12941222333,18625
6041,python (8633),Compute,12941383416,18750
6042,python (8633),Compute,12941553958,18625
6043,python (8633),Compute,12941723583,18833
6044,python (8633),Compute,12941892166,18584
6045,python (8633),Compute,12942062708,18667
6046,python (8633),Compute,12942232083,18708
6047,python (8633),Compute,12942402666,18709
6048,python (8633),Compute,12942570791,18667
6049,python (8633),Compute,12942740375,19041
6050,python (8633),Compute,12942909583,18583
6051,python (8633),Compute,12943170041,19042
6052,python (8633),Compute,12943345166,19084
6053,python (8633),Compute,12943516208,18833
6054,python (8633),Compute,12943684875,18916
6055,python (8633),Compute,12943854458,18792
6056,python (8633),Compute,12944023833,18708
6057,python (8633),Compute,12944195291,18959
6058,python (8633),Compute,12944365750,18750
6059,python (8633),Compute,12944536416,18709
6060,python (8633),Compute,12944703791,18709
6061,python (8633),Compute,12944872458,18833
6062,python (8633),Compute,12945041416,18917
6063,python (8633),Compute,12945213000,18750
6064,python (8633),Compute,12945369000,18875
6065,python (8633),Compute,12945540458,18625
6066,python (8633),Compute,12945708166,18709
6067,python (8633),Compute,12945877250,18916
6068,python (8633),Compute,12946045291,18625
6069,python (8633),Compute,12946214416,18875
6070,python (8633),Compute,12946385333,18750
6071,python (8633),Compute,12946554916,18709
6072,python (8633),Compute,12946722833,18750
6073,python (8633),Compute,12946892083,19125
6074,python (8633),Compute,12947049250,18791
6075,python (8633),Compute,12947219375,18833
6076,python (8633),Compute,12947382125,18708
6077,python (8633),Compute,12947533750,19000
6078,python (8633),Compute,12947710166,18834
6079,python (8633),Compute,12947896041,18750
6080,python (8633),Compute,12948083541,18834
6081,python (8633),Compute,12948281041,18834
6082,python (8633),Compute,12948476208,18917
6083,python (8633),Compute,12948672583,18917
6084,python (8633),Compute,12948863083,18750
6085,python (8633),Compute,12949030166,18834
6086,python (8633),Compute,12949220250,18791
6087,python (8633),Compute,12949411833,18917
6088,python (8633),Compute,12949602458,18750
6089,python (8633),Compute,12949790875,18916
6090,python (8633),Compute,12949985291,18875
6091,python (8633),Compute,12950182083,18792
6092,python (8633),Compute,12950378416,18917
6093,python (8633),Compute,12950574125,18916
6094,python (8633),Compute,12950767041,18834
6095,python (8633),Compute,12950959375,18833
6096,python (8633),Compute,12951155291,18917
6097,python (8633),Compute,12951502583,18958
6098,python (8633),Compute,12951678375,18666
6099,python (8633),Compute,12951863708,18750
6100,python (8633),Compute,12952059958,18750
6101,python (8633),Compute,12952251625,18916
6102,python (8633),Compute,12952448000,19000
6103,python (8633),Compute,12952645541,18875
6104,python (8633),Compute,12952841375,19333
6105,python (8633),Compute,12953035708,19000
6106,python (8633),Compute,12953228208,18875
6107,python (8633),Compute,12953422708,18792
6108,python (8633),Compute,12953612208,18667
6109,python (8633),Compute,12953783333,19375
6110,python (8633),Compute,12953969041,19584
6111,python (8633),Compute,12954156666,19459
6112,python (8633),Compute,12954349208,18958
6113,python (8633),Compute,12954542541,18917
6114,python (8633),Compute,12954739708,18875
6115,python (8633),Compute,12954935750,18833
6116,python (8633),Compute,12955129583,18875
6117,python (8633),Compute,12955324500,18958
6118,python (8633),Compute,12955516875,18833
6119,python (8633),Compute,12955698791,18959
6120,python (8633),Compute,12955892083,18917
6121,python (8633),Compute,12956086208,18958
6122,python (8633),Compute,12956278541,18834
6123,python (8633),Compute,12956473625,18791
6124,python (8633),Compute,12956667875,18958
6125,python (8633),Compute,12956863125,18791
6126,python (8633),Compute,12957058666,18875
6127,python (8633),Compute,12957252291,18542
6128,python (8633),Compute,12957446791,18875
6129,python (8633),Compute,12957641583,18792
6130,python (8633),Compute,12957834458,18833
6131,python (8633),Compute,12958026458,19042
6132,python (8633),Compute,12958220083,18792
6133,python (8633),Compute,12958413458,18625
6134,python (8633),Compute,12958600833,19083
6135,python (8633),Compute,12958789916,18917
6136,python (8633),Compute,12958984750,18875
6137,python (8633),Compute,12959178625,18833
6138,python (8633),Compute,12959374416,18792
6139,python (8633),Compute,12959568500,18875
6140,python (8633),Compute,12959891375,18833
6141,python (8633),Compute,12960090500,18791
6142,python (8633),Compute,12960283708,18792
6143,python (8633),Compute,12960478291,18792
6144,python (8633),Compute,12960671500,19083
6145,python (8633),Compute,12960872916,18792
6146,python (8633),Compute,12961065958,19000
6147,python (8633),Compute,12961263208,19125
6148,python (8633),Compute,12961428125,18875
6149,python (8633),Compute,12961620666,19042
6150,python (8633),Compute,12961815291,18834
6151,python (8633),Compute,12962005416,18834
6152,python (8633),Compute,12962201166,18959
6153,python (8633),Compute,12962396208,18958
6154,python (8633),Compute,12962589125,19000
6155,python (8633),Compute,12962780458,18917
6156,python (8633),Compute,12962963958,18750
6157,python (8633),Compute,12963160833,19042
6158,python (8633),Compute,12963357666,18792
6159,python (8633),Compute,12963553291,18917
6160,python (8633),Compute,12963751125,18833
6161,python (8633),Compute,12963936625,18750
6162,python (8633),Compute,12964104958,18625
6163,python (8633),Compute,12964276958,18583
6164,python (8633),Compute,12964445833,18708
6165,python (8633),Compute,12964618500,18625
6166,python (8633),Compute,12964794125,18750
6167,python (8633),Compute,12964968083,18667
6168,python (8633),Compute,12965132958,18958
6169,python (8633),Compute,12965323125,18958
6170,python (8633),Compute,12965515916,18667
6171,python (8633),Compute,12965685458,18625
6172,python (8633),Compute,12965868791,18625
6173,python (8633),Compute,12966058041,19167
6174,python (8633),Compute,12966225708,19083
6175,python (8633),Compute,12966410208,18958
6176,python (8633),Compute,12966601250,19041
6177,python (8633),Compute,12966794125,18916
6178,python (8633),Compute,12966989000,18875
6179,python (8633),Compute,12967184708,18958
6180,python (8633),Compute,12967372791,18792
6181,python (8633),Compute,12967569958,18875
6182,python (8633),Compute,12967764583,19042
6183,python (8633),Compute,12967959875,19083
6184,python (8633),Compute,12968329625,19125
6185,python (8633),Compute,12968521208,18667
6186,python (8633),Compute,12968707083,18583
6187,python (8633),Compute,12968876083,18542
6188,python (8633),Compute,12969056125,18708
6189,python (8633),Compute,12969238500,18458
6190,python (8633),Compute,12969406125,18541
6191,python (8633),Compute,12969578291,18459
6192,python (8633),Compute,12969746333,18667
6193,python (8633),Compute,12969907250,19000
6194,python (8633),Compute,12970066166,18709
6195,python (8633),Compute,12970226500,18791
6196,python (8633),Compute,12970394958,18833
6199,python (8633),Compute,12970633041,18834
6200,python (8633),Compute,12970790333,18917
6201,python (8633),Compute,12970968000,18875
6202,python (8633),Compute,12971135333,18750
6203,python (8633),Compute,12971305250,18541
6204,python (8633),Compute,12971477708,19375
6205,python (8633),Compute,12971658666,18959
6206,python (8633),Compute,12971856416,18875
6207,python (8633),Compute,12972052666,18959
6208,python (8633),Compute,12972243625,18958
6209,python (8633),Compute,12972421750,18791
6210,python (8633),Compute,12972610291,19000
6211,python (8633),Compute,12972803166,18917
6212,python (8633),Compute,12972993625,19333
6213,python (8633),Compute,12973189958,19000
6214,python (8633),Compute,12973386291,19000
6215,python (8633),Compute,12973580916,19084
6216,python (8633),Compute,12973767708,18750
6217,python (8633),Compute,12973953416,19084
6218,python (8633),Compute,12974153333,18875
6219,python (8633),Compute,12974349083,19042
6220,python (8633),Compute,12974547583,19000
6221,python (8633),Compute,12974741375,18833
6222,python (8633),Compute,12974930458,18750
6223,python (8633),Compute,12975118500,18958
6224,python (8633),Compute,12975305416,18875
6225,python (8633),Compute,12975491791,18875
6226,python (8633),Compute,12975685166,18959
6227,python (8633),Compute,12975871666,18875
6228,python (8633),Compute,12976067291,19042
6229,python (8633),Compute,12976263791,18917
6230,python (8633),Compute,12976530083,18667
6231,python (8633),Compute,12976721083,19000
6232,python (8633),Compute,12976917500,18875
6233,python (8633),Compute,12977106208,19042
6234,python (8633),Compute,12977303333,18958
6235,python (8633),Compute,12977492291,18959
6236,python (8633),Compute,12977685708,19000
6237,python (8633),Compute,12977882458,18875
6238,python (8633),Compute,12978077083,18625
6239,python (8633),Compute,12978262791,18750
6240,python (8633),Compute,12978442958,18458
6241,python (8633),Compute,12978627166,18834
6242,python (8633),Compute,12978798916,18834
6243,python (8633),Compute,12978983333,19250
6244,python (8633),Compute,12979181541,18959
6245,python (8633),Compute,12979372208,18833
6246,python (8633),Compute,12979554791,19292
6247,python (8633),Compute,12979744291,18959
6248,python (8633),Compute,12979941166,19000
6249,python (8633),Compute,12980131333,18833
6250,python (8633),Compute,12980331666,18875
6251,python (8633),Compute,12980512625,18916
6252,python (8633),Compute,12980685708,18750
6253,python (8633),Compute,12980871291,18959
6254,python (8633),Compute,12981066750,18750
6255,python (8633),Compute,12981260166,18834
6256,python (8633),Compute,12981457666,18834
6257,python (8633),Compute,12981644375,18833
6258,python (8633),Compute,12981840458,18958
6259,python (8633),Compute,12982033000,18875
6260,python (8633),Compute,12982223958,18667
6261,python (8633),Compute,12982411291,18959
6262,python (8633),Compute,12982603458,18583
6263,python (8633),Compute,12982797083,18958
6264,python (8633),Compute,12982995625,18916
6265,python (8633),Compute,12983192041,18834
6266,python (8633),Compute,12983387208,18958
6267,python (8633),Compute,12983580208,18833
6268,python (8633),Compute,12983775541,18875
6269,python (8633),Compute,12983965250,18833
6270,python (8633),Compute,12984161875,19000
6271,python (8633),Compute,12984353833,18875
6272,python (8633),Compute,12984546583,18750
6273,python (8633),Compute,12984881750,18541
6274,python (8633),Compute,12985072833,18958
6275,python (8633),Compute,12985266083,19042
6276,python (8633),Compute,12985462375,18916
6277,python (8633),Compute,12985659416,18750
6278,python (8633),Compute,12985853250,18833
6279,python (8633),Compute,12986044625,18875
6280,python (8633),Compute,12986238416,18834
6281,python (8633),Compute,12986429083,19042
6282,python (8633),Compute,12986624500,18791
6283,python (8633),Compute,12986816458,18833
6284,python (8633),Compute,12987005625,18916
6285,python (8633),Compute,12987200875,18916
6286,python (8633),Compute,12987397000,19000
6287,python (8633),Compute,12987589541,18959
6288,python (8633),Compute,12987783125,18916
6289,python (8633),Compute,12987975458,18833
6290,python (8633),Compute,12988168750,18833
6291,python (8633),Compute,12988361541,18834
6292,python (8633),Compute,12988554583,18875
6293,python (8633),Compute,12988746500,19041
6294,python (8633),Compute,12988937041,18875
6295,python (8633),Compute,12989127666,18709
6296,python (8633),Compute,12989325375,19000
6297,python (8633),Compute,12989520166,19084
6298,python (8633),Compute,12989710375,19208
6299,python (8633),Compute,12989906333,18833
6300,python (8633),Compute,12990086375,18958
6301,python (8633),Compute,12990274583,19167
6302,python (8633),Compute,12990468500,18708
6303,python (8633),Compute,12990653916,18917
6304,python (8633),Compute,12990851583,18958
6305,python (8633),Compute,12991034166,18667
6306,python (8633),Compute,12991231708,19083
6307,python (8633),Compute,12991419291,19250
6308,python (8633),Compute,12991615166,19459
6309,python (8633),Compute,12991807833,19208
6310,python (8633),Compute,12992002625,19333
6311,python (8633),Compute,12992198125,19000
6312,python (8633),Compute,12992391666,18750
6313,python (8633),Compute,12992584958,19000
6314,python (8633),Compute,12992781250,19000
6315,python (8633),Compute,12992971708,18792
6316,python (8633),Compute,12993312500,18958
6317,python (8633),Compute,12993476500,18791
6318,python (8633),Compute,12993647458,18500
6319,python (8633),Compute,12993821500,18916
6320,python (8633),Compute,12994018416,18834
6321,python (8633),Compute,12994212583,19083
6322,python (8633),Compute,12994412041,18959
6323,python (8633),Compute,12994604500,18958
6324,python (8633),Compute,12994800708,18958
6325,python (8633),Compute,12994992791,18917
6326,python (8633),Compute,12995191458,18917
6327,python (8633),Compute,12995385291,18792
6328,python (8633),Compute,12995576333,18792
6329,python (8633),Compute,12995767666,18875
6330,python (8633),Compute,12995965083,18792
6331,python (8633),Compute,12996157250,19083
6332,python (8633),Compute,12996351541,18792
6333,python (8633),Compute,12996545083,18833
6334,python (8633),Compute,12996740875,18916
6335,python (8633),Compute,12996933833,18958
6336,python (8633),Compute,12997130791,19042
6337,python (8633),Compute,12997316583,18667
6338,python (8633),Compute,12997508791,18834
6339,python (8633),Compute,12997703791,18750
6340,python (8633),Compute,12997896666,18667
6341,python (8633),Compute,12998091416,19042
6342,python (8633),Compute,12998287625,18875
6343,python (8633),Compute,12998480666,18750
6344,python (8633),Compute,12998678250,19000
6345,python (8633),Compute,12998868250,18833
6346,python (8633),Compute,12999031083,18625
6347,python (8633),Compute,12999197333,18750
6348,python (8633),Compute,12999385458,18958
6349,python (8633),Compute,12999577750,18875
6350,python (8633),Compute,12999772250,18791
6351,python (8633),Compute,12999965166,18959
6352,python (8633),Compute,13000144958,18833
6353,python (8633),Compute,13000337708,18833
6354,python (8633),Compute,13000537041,18917
6355,python (8633),Compute,13000728791,18834
6356,python (8633),Compute,13000925250,19000
6357,python (8633),Compute,13001117625,18958
6358,python (8633),Compute,13001314458,18917
6359,python (8633),Compute,13001686000,19041
6360,python (8633),Compute,13001880666,18417
6361,python (8633),Compute,13002050375,18708
6362,python (8633),Compute,13002222125,18541
6363,python (8633),Compute,13002382375,18583
6364,python (8633),Compute,13002545625,18750
6365,python (8633),Compute,13002708541,18625
6366,python (8633),Compute,13002878333,18667
6367,python (8633),Compute,13003061875,19000
6368,python (8633),Compute,13003243166,18834
6369,python (8633),Compute,13003416375,18833
6370,python (8633),Compute,13003586708,18958
6373,python (8633),Compute,13003800625,18750
6374,python (8633),Compute,13004005458,18542
6375,python (8633),Compute,13004175250,18666
6376,python (8633),Compute,13004350083,18583
6377,python (8633),Compute,13004522708,18917
6378,python (8633),Compute,13004710833,19000
6379,python (8633),Compute,13004911833,18833
6380,python (8633),Compute,13005099416,18875
6381,python (8633),Compute,13005295125,18833
6382,python (8633),Compute,13005484708,18833
6383,python (8633),Compute,13005671666,18792
6384,python (8633),Compute,13005860458,18917
6385,python (8633),Compute,13006049208,18792
6386,python (8633),Compute,13006237875,18708
6387,python (8633),Compute,13006420208,18917
6388,python (8633),Compute,13006617166,18875
6389,python (8633),Compute,13006815458,18875
6390,python (8633),Compute,13007007416,18750
6391,python (8633),Compute,13007194416,18917
6392,python (8633),Compute,13007352500,19125
6393,python (8633),Compute,13007543000,19333
6394,python (8633),Compute,13007738750,19250
6395,python (8633),Compute,13007933166,19459
6396,python (8633),Compute,13008126291,19417
6397,python (8633),Compute,13008323250,18875
6398,python (8633),Compute,13008514166,18750
6399,python (8633),Compute,13008713333,19000
6400,python (8633),Compute,13008908083,19042
6401,python (8633),Compute,13009104583,19000
6402,python (8633),Compute,13009300375,18833
6403,python (8633),Compute,13009490375,19041
6404,python (8633),Compute,13009844166,18750
6405,python (8633),Compute,13010044625,19083
6406,python (8633),Compute,13010230916,19042
6407,python (8633),Compute,13010427541,19167
6408,python (8633),Compute,13010620375,19083
6409,python (8633),Compute,13010804000,18916
6410,python (8633),Compute,13011002500,18916
6411,python (8633),Compute,13011195041,19209
6412,python (8633),Compute,13011390916,19042
6413,python (8633),Compute,13011578791,19000
6414,python (8633),Compute,13011767916,19000
6415,python (8633),Compute,13011959208,18917
6416,python (8633),Compute,13012152375,18958
6417,python (8633),Compute,13012341875,18958
6418,python (8633),Compute,13012536916,18917
6419,python (8633),Compute,13012726125,19083
6420,python (8633),Compute,13012911833,18750
6421,python (8633),Compute,13013111708,19167
6422,python (8633),Compute,13013306000,18916
6423,python (8633),Compute,13013494041,18917
6424,python (8633),Compute,13013685166,18875
6425,python (8633),Compute,13013877250,18541
6426,python (8633),Compute,13014067000,18875
6427,python (8633),Compute,13014256375,19000
6428,python (8633),Compute,13014445833,18958
6429,python (8633),Compute,13014636250,19000
6430,python (8633),Compute,13014824833,18917
6431,python (8633),Compute,13015012750,18916
6432,python (8633),Compute,13015203791,19042
6433,python (8633),Compute,13015402750,18958
6434,python (8633),Compute,13015594000,18916
6435,python (8633),Compute,13015791750,18916
6436,python (8633),Compute,13015986625,18833
6437,python (8633),Compute,13016168708,18958
6438,python (8633),Compute,13016362416,19084
6439,python (8633),Compute,13016557833,18792
6440,python (8633),Compute,13016747583,18958
6441,python (8633),Compute,13016946333,19042
6442,python (8633),Compute,13017143041,19042
6443,python (8633),Compute,13017333500,19166
6444,python (8633),Compute,13017531458,18917
6445,python (8633),Compute,13017727166,19042
6446,python (8633),Compute,13017926500,18958
6447,python (8633),Compute,13018056666,18625
6448,python (8633),Compute,13018301375,18750
6449,python (8633),Compute,13018469958,18542
6450,python (8633),Compute,13018646375,18541
6451,python (8633),Compute,13018808583,18625
6452,python (8633),Compute,13018973708,18625
6453,python (8633),Compute,13019136541,18625
6454,python (8633),Compute,13019302791,18500
6455,python (8633),Compute,13019466833,18667
6456,python (8633),Compute,13019630875,18500
6457,python (8633),Compute,13019790750,18583
6458,python (8633),Compute,13019967958,18583
6459,python (8633),Compute,13020143791,18542
6460,python (8633),Compute,13020321041,18709
6461,python (8633),Compute,13020493750,18625
6462,python (8633),Compute,13020651625,18708
6463,python (8633),Compute,13020818416,18709
6464,python (8633),Compute,13020987625,18666
6465,python (8633),Compute,13021141083,18625
6466,python (8633),Compute,13021310041,18584
6467,python (8633),Compute,13021484833,18708
6468,python (8633),Compute,13021665458,18542
6469,python (8633),Compute,13021851250,18583
6470,python (8633),Compute,13022162708,18542
6471,python (8633),Compute,13022345166,18542
6472,python (8633),Compute,13022503500,18541
6473,python (8633),Compute,13022658125,18625
6474,python (8633),Compute,13022806958,18667
6475,python (8633),Compute,13022955875,18583
6476,python (8633),Compute,13023106500,18583
6477,python (8633),Compute,13023301375,18708
6478,python (8633),Compute,13023478916,18542
6479,python (8633),Compute,13023629500,18583
6480,python (8633),Compute,13023773333,18500
6481,python (8633),Compute,13023913875,18541
6482,python (8633),Compute,13024056083,18458
6483,python (8633),Compute,13024212083,18417
6484,python (8633),Compute,13024359625,18791
6485,python (8633),Compute,13024542541,18709
6486,python (8633),Compute,13024712500,18750
6487,python (8633),Compute,13024867208,18500
6488,python (8633),Compute,13025026416,18917
6489,python (8633),Compute,13025192083,18667
6490,python (8633),Compute,13025355541,18625
6491,python (8633),Compute,13025535250,18541
6492,python (8633),Compute,13025701375,18458
6493,python (8633),Compute,13025868083,18667
6494,python (8633),Compute,13026022958,18458
6495,python (8633),Compute,13026166041,18500
6496,python (8633),Compute,13026492375,18541
6497,python (8633),Compute,13026637500,18541
6498,python (8633),Compute,13026788458,18542
6499,python (8633),Compute,13026933958,18667
6500,python (8633),Compute,13027078708,18458
6501,python (8633),Compute,13027225333,18625
6502,python (8633),Compute,13027368041,18750
6503,python (8633),Compute,13027516416,18792
6504,python (8633),Compute,13027685041,18625
6505,python (8633),Compute,13027876750,18541
6506,python (8633),Compute,13028048125,18625
6507,python (8633),Compute,13028203041,18584
6508,python (8633),Compute,13028359583,18542
6509,python (8633),Compute,13028503708,18667
6510,python (8633),Compute,13028655750,18541
6511,python (8633),Compute,13028801833,18542
6512,python (8633),Compute,13028993083,18542
6513,python (8633),Compute,13029180250,18541
6514,python (8633),Compute,13029365083,18542
6515,python (8633),Compute,13029533583,18583
6516,python (8633),Compute,13029732416,18542
6517,python (8633),Compute,13029889583,18583
6518,python (8633),Compute,13030034541,18584
6519,python (8633),Compute,13030183916,18584
6520,python (8633),Compute,13030325333,18458
6521,python (8633),Compute,13030462583,18667
6522,python (8633),Compute,13030620583,18708
6523,python (8633),Compute,13030781125,18708
6524,python (8633),Compute,13030938833,18750
6525,python (8633),Compute,13031107375,19000
6526,python (8633),Compute,13031273708,18792
6527,python (8633),Compute,13031441541,19042
6528,python (8633),Compute,13031606791,18542
6529,python (8633),Compute,13031755250,18750
6530,python (8633),Compute,13031914708,18542
6531,python (8633),Compute,13032065291,18834
6532,python (8633),Compute,13032223791,18375
6533,python (8633),Compute,13032380333,18667
6534,python (8633),Compute,13032548541,18709
6535,python (8633),Compute,13032718333,18875
6536,python (8633),Compute,13032875541,18625
6537,python (8633),Compute,13033045083,18792
6538,python (8633),Compute,13033212500,18708
6539,python (8633),Compute,13033381916,18709
6540,python (8633),Compute,13033548916,18792
6541,python (8633),Compute,13033704250,18875
6542,python (8633),Compute,13033873166,18792
6543,python (8633),Compute,13034022250,18625
6544,python (8633),Compute,13034173291,18584
6545,python (8633),Compute,13034322125,18625
6546,python (8633),Compute,13034481083,18833
6547,python (8633),Compute,13034647250,18500
6548,python (8633),Compute,13034959666,18959
6549,python (8633),Compute,13035096875,18791
6550,python (8633),Compute,13035255250,18541
6551,python (8633),Compute,13035410250,18500
6552,python (8633),Compute,13035559291,18375
6553,python (8633),Compute,13035709041,18625
6554,python (8633),Compute,13035861000,18625
6555,python (8633),Compute,13036012625,18666
6556,python (8633),Compute,13036173875,18583
6557,python (8633),Compute,13036334666,18417
6558,python (8633),Compute,13036493041,18750
6559,python (8633),Compute,13036652375,18666
6560,python (8633),Compute,13036812083,18667
6563,python (8633),Compute,13037016916,18667
6564,python (8633),Compute,13037210125,18708
6565,python (8633),Compute,13037359291,18875
6566,python (8633),Compute,13037527500,18541
6567,python (8633),Compute,13037696041,19000
6568,python (8633),Compute,13037846375,18500
6569,python (8633),Compute,13037996291,18667
6570,python (8633),Compute,13038153666,19042
6571,python (8633),Compute,13038301333,18833
6572,python (8633),Compute,13038470958,18708
6573,python (8633),Compute,13038628166,18834
6574,python (8633),Compute,13038785875,18750
6575,python (8633),Compute,13038941041,18542
6576,python (8633),Compute,13039096875,18500
6577,python (8633),Compute,13039242666,18750
6578,python (8633),Compute,13039390000,18791
6579,python (8633),Compute,13039558583,18750
6580,python (8633),Compute,13039725666,18625
6581,python (8633),Compute,13039894333,18833
6582,python (8633),Compute,13040063416,18834
6583,python (8633),Compute,13040221000,18916
6584,python (8633),Compute,13040390833,18792
6585,python (8633),Compute,13040547833,18708
6586,python (8633),Compute,13040704333,18667
6587,python (8633),Compute,13040873125,18666
6588,python (8633),Compute,13041043125,18333
6589,python (8633),Compute,13041203208,18750
6590,python (8633),Compute,13041374875,18583
6591,python (8633),Compute,13041530750,18625
6592,python (8633),Compute,13041680208,18750
6593,python (8633),Compute,13041839458,18625
6594,python (8633),Compute,13041997000,18708
6595,python (8633),Compute,13042153208,18667
6596,python (8633),Compute,13042300625,18875
6597,python (8633),Compute,13042461625,18666
6598,python (8633),Compute,13042630666,18875
6599,python (8633),Compute,13042788541,18667
6600,python (8633),Compute,13042957708,18833
6601,python (8633),Compute,13043298166,18834
6602,python (8633),Compute,13043500875,18791
6603,python (8633),Compute,13043693416,18959
6604,python (8633),Compute,13043888791,18750
6605,python (8633),Compute,13044086416,19000
6606,python (8633),Compute,13044281791,18834
6607,python (8633),Compute,13044473000,19041
6608,python (8633),Compute,13044669625,18875
6609,python (8633),Compute,13044860375,18958
6610,python (8633),Compute,13045053250,18833
6611,python (8633),Compute,13045240125,18625
6612,python (8633),Compute,13045428166,18834
6613,python (8633),Compute,13045620958,19125
6614,python (8633),Compute,13045819166,18792
6615,python (8633),Compute,13046013500,19000
6616,python (8633),Compute,13046209666,18959
6617,python (8633),Compute,13046399750,18916
6618,python (8633),Compute,13046595750,18833
6619,python (8633),Compute,13046787500,18833
6620,python (8633),Compute,13046984875,18875
6621,python (8633),Compute,13047176291,18917
6622,python (8633),Compute,13047347958,18500
6623,python (8633),Compute,13047534250,19083
6624,python (8633),Compute,13047732250,18875
6625,python (8633),Compute,13047925708,18917
6626,python (8633),Compute,13048119833,18750
6627,python (8633),Compute,13048310875,18916
6628,python (8633),Compute,13048507000,18958
6629,python (8633),Compute,13048699291,18834
6630,python (8633),Compute,13048898041,18875
6631,python (8633),Compute,13049080458,19000
6632,python (8633),Compute,13049275333,18958
6633,python (8633),Compute,13049467000,19000
6634,python (8633),Compute,13049662875,18958
6635,python (8633),Compute,13049856583,18917
6636,python (8633),Compute,13050050750,18875
6637,python (8633),Compute,13050244125,18916
6638,python (8633),Compute,13050439916,18834
6639,python (8633),Compute,13050630166,18875
6640,python (8633),Compute,13050828083,18917
6641,python (8633),Compute,13051018791,18917
6642,python (8633),Compute,13051216166,18959
6643,python (8633),Compute,13051536208,19000
6644,python (8633),Compute,13051720958,18750
6645,python (8633),Compute,13051918166,18792
6646,python (8633),Compute,13052117583,18833
6647,python (8633),Compute,13052307916,19000
6648,python (8633),Compute,13052503500,18875
6649,python (8633),Compute,13052697083,18875
6650,python (8633),Compute,13052889875,18875
6651,python (8633),Compute,13053077083,19292
6652,python (8633),Compute,13053273083,19250
6653,python (8633),Compute,13053463583,19333
6654,python (8633),Compute,13053649750,18958
6655,python (8633),Compute,13053832291,18792
6656,python (8633),Compute,13054026250,19000
6657,python (8633),Compute,13054218500,18833
6658,python (8633),Compute,13054414583,18917
6659,python (8633),Compute,13054607708,18917
6660,python (8633),Compute,13054804375,18833
6661,python (8633),Compute,13054993250,18875
6662,python (8633),Compute,13055183958,18750
6663,python (8633),Compute,13055376125,19000
6664,python (8633),Compute,13055561000,18708
6665,python (8633),Compute,13055746000,18958
6666,python (8633),Compute,13055937958,18875
6667,python (8633),Compute,13056131583,18833
6668,python (8633),Compute,13056326208,18875
6669,python (8633),Compute,13056518791,18834
6670,python (8633),Compute,13056713458,18833
6671,python (8633),Compute,13056903708,18667
6672,python (8633),Compute,13057092916,18834
6673,python (8633),Compute,13057282625,19000
6674,python (8633),Compute,13057475791,19084
6675,python (8633),Compute,13057669083,18875
6676,python (8633),Compute,13057855833,18958
6677,python (8633),Compute,13058047625,18541
6678,python (8633),Compute,13058231125,18541
6679,python (8633),Compute,13058400708,18458
6680,python (8633),Compute,13058596041,19000
6681,python (8633),Compute,13058788791,18834
6682,python (8633),Compute,13058983666,18834
6683,python (8633),Compute,13059174708,18750
6684,python (8633),Compute,13059371666,18750
6685,python (8633),Compute,13059563875,18958
6686,python (8633),Compute,13059884083,18958
6687,python (8633),Compute,13060080458,18917
6688,python (8633),Compute,13060278416,18917
6689,python (8633),Compute,13060468166,18792
6690,python (8633),Compute,13060663125,18916
6691,python (8633),Compute,13060853458,18875
6692,python (8633),Compute,13061049375,19000
6693,python (8633),Compute,13061235833,19042
6694,python (8633),Compute,13061432791,18792
6695,python (8633),Compute,13061624875,18833
6696,python (8633),Compute,13061820083,18917
6697,python (8633),Compute,13062009875,18875
6698,python (8633),Compute,13062211500,18791
6699,python (8633),Compute,13062401333,18917
6700,python (8633),Compute,13062596750,19041
6701,python (8633),Compute,13062788875,18750
6702,python (8633),Compute,13062988541,18834
6703,python (8633),Compute,13063179375,18791
6704,python (8633),Compute,13063373041,18667
6705,python (8633),Compute,13063557750,18916
6706,python (8633),Compute,13063754166,18875
6707,python (8633),Compute,13063942250,18625
6708,python (8633),Compute,13064146458,18833
6709,python (8633),Compute,13064341250,18833
6710,python (8633),Compute,13064540166,18834
6711,python (8633),Compute,13064733625,19041
6712,python (8633),Compute,13064929750,18875
6713,python (8633),Compute,13065117750,18750
6714,python (8633),Compute,13065313583,18708
6715,python (8633),Compute,13065505000,19125
6716,python (8633),Compute,13065667625,18625
6717,python (8633),Compute,13065828958,18917
6718,python (8633),Compute,13066011583,19125
6719,python (8633),Compute,13066191875,18875
6720,python (8633),Compute,13066385541,18834
6721,python (8633),Compute,13066578291,19042
6722,python (8633),Compute,13066772375,18833
6723,python (8633),Compute,13066965416,18875
6724,python (8633),Compute,13067161958,18792
6725,python (8633),Compute,13067354333,18875
6726,python (8633),Compute,13067549833,18958
6727,python (8633),Compute,13067743333,18792
6728,python (8633),Compute,13067937041,18792
6729,python (8633),Compute,13068288500,19250
6730,python (8633),Compute,13068483166,19084
6731,python (8633),Compute,13068667500,18666
6732,python (8633),Compute,13068845458,18542
6733,python (8633),Compute,13069026708,18542
6734,python (8633),Compute,13069194250,18500
6735,python (8633),Compute,13069364833,18708
6736,python (8633),Compute,13069533625,18625
6737,python (8633),Compute,13069701458,18625
6738,python (8633),Compute,13069870833,18625
6739,python (8633),Compute,13070026750,18666
6740,python (8633),Compute,13070195750,18708
6743,python (8633),Compute,13070436041,18667
6744,python (8633),Compute,13070656041,18875
6745,python (8633),Compute,13070846375,18791
6746,python (8633),Compute,13071015041,18584
6747,python (8633),Compute,13071187291,18584
6748,python (8633),Compute,13071378708,18917
6749,python (8633),Compute,13071575625,18958
6750,python (8633),Compute,13071769583,18917
6751,python (8633),Compute,13071959166,18875
6752,python (8633),Compute,13072154541,18750
6753,python (8633),Compute,13072337708,18667
6754,python (8633),Compute,13072527958,19042
6755,python (8633),Compute,13072727083,18792
6756,python (8633),Compute,13074080166,20542
