source_row_index,process,category,start_ns,duration_ns
0,python (8660),Command Buffer 0,11370931666,1019667
1,python (8660),Compute Command 0,11371712750,221041
2,python (8660),Command Buffer 0,11371995375,4844083
3,python (8660),Compute Command 0,11376594791,237542
4,python (8660),Command Buffer 0,11376845458,813458
5,python (8660),Compute Command 0,11377618000,36833
6,python (8660),Command Buffer 0,11377662875,403500
7,python (8660),Compute Command 0,11378047708,15417
8,python (8660),Command Buffer 0,11378069958,420333
9,python (8660),Compute Command 0,11378404208,83375
10,python (8660),Command Buffer 0,11378494791,362500
11,python (8660),Compute Command 0,11378840041,14584
12,python (8660),Command Buffer 0,11378860750,385916
13,python (8660),Compute Command 0,11379229625,14500
14,python (8660),Command Buffer 0,11379250041,629917
15,python (8660),Compute Command 0,11379850291,27167
16,python (8660),Command Buffer 0,11379883416,416375
17,python (8660),Compute Command 0,11380283708,13667
18,python (8660),Command Buffer 0,11380303083,367250
19,python (8660),Compute Command 0,11380651041,16875
20,python (8660),Command Buffer 0,11380673750,429583
21,python (8660),Compute Command 0,11381087041,13834
22,python (8660),Command Buffer 0,11381105791,449000
23,python (8660),Compute Command 0,11381537500,15041
24,python (8660),Command Buffer 0,11381558125,373416
25,python (8660),Compute Command 0,11381906375,13666
26,python (8660),Command Buffer 0,11381935166,433000
27,python (8660),Compute Command 0,11382352416,13334
28,python (8660),Command Buffer 0,11382370708,357792
29,python (8660),Compute Command 0,11382712875,13416
30,python (8660),Command Buffer 0,11382730833,437750
31,python (8660),Compute Command 0,11383152791,13375
32,python (8660),Command Buffer 0,11383178583,352792
33,python (8660),Compute Command 0,11383511583,17625
34,python (8660),Command Buffer 0,11383534416,342875
35,python (8660),Compute Command 0,11383861541,13584
36,python (8660),Command Buffer 0,11383887291,412000
37,python (8660),Compute Command 0,11384282875,13875
38,python (8660),Command Buffer 0,11384302166,362375
39,python (8660),Compute Command 0,11384648166,14167
40,python (8660),Command Buffer 0,11384666875,429583
41,python (8660),Compute Command 0,11385080333,13958
42,python (8660),Command Buffer 0,11385098750,360375
43,python (8660),Compute Command 0,11385441750,14875
44,python (8660),Command Buffer 0,11385461708,367833
45,python (8660),Compute Command 0,11385813000,14500
46,python (8660),Command Buffer 0,11385832166,438000
47,python (8660),Compute Command 0,11386251791,16209
48,python (8660),Command Buffer 0,11386273291,354667
49,python (8660),Compute Command 0,11386611000,14791
50,python (8660),Command Buffer 0,11386630750,467083
51,python (8660),Compute Command 0,11387073416,19667
52,python (8660),Command Buffer 0,11387102791,628834
53,python (8660),Compute Command 0,11387710458,17625
54,python (8660),Command Buffer 0,11387735500,432083
55,python (8660),Compute Command 0,11388149458,15458
56,python (8660),Command Buffer 0,11388171125,357208
57,python (8660),Compute Command 0,11388510916,14959
58,python (8660),Command Buffer 0,11388531375,439875
59,python (8660),Compute Command 0,11388953958,14917
60,python (8660),Command Buffer 0,11388974250,358833
61,python (8660),Compute Command 0,11389315500,15333
62,python (8660),Command Buffer 0,11389336000,431583
63,python (8660),Compute Command 0,11389750375,14958
64,python (8660),Command Buffer 0,11389770750,289166
65,python (8660),Compute Command 0,11390044541,13334
66,python (8660),Command Buffer 0,11390062833,283458
67,python (8660),Compute Command 0,11390330125,14166
68,python (8660),Command Buffer 0,11390348791,278500
69,python (8660),Compute Command 0,11390611416,13875
70,python (8660),Command Buffer 0,11390629750,275000
71,python (8660),Compute Command 0,11390888916,13792
72,python (8660),Command Buffer 0,11390907250,274958
73,python (8660),Compute Command 0,11391166250,13791
74,python (8660),Command Buffer 0,11391185333,284042
75,python (8660),Compute Command 0,11391453250,14166
76,python (8660),Command Buffer 0,11391472125,275500
77,python (8660),Compute Command 0,11391729875,15750
78,python (8660),Command Buffer 0,11391750458,320625
79,python (8660),Compute Command 0,11392056166,12875
80,python (8660),Command Buffer 0,11392073708,303417
81,python (8660),Compute Command 0,11392335625,39333
82,python (8660),Command Buffer 0,11392379875,359916
83,python (8660),Compute Command 0,11392721958,15292
84,python (8660),Command Buffer 0,11392742750,284000
85,python (8660),Compute Command 0,11393010666,13875
86,python (8660),Command Buffer 0,11393030083,424375
87,python (8660),Compute Command 0,11393438500,13750
88,python (8660),Command Buffer 0,11393483625,404708
89,python (8660),Compute Command 0,11393870708,15500
90,python (8660),Command Buffer 0,11393891000,365750
91,python (8660),Compute Command 0,11394239916,14709
92,python (8660),Command Buffer 0,11394259541,356084
93,python (8660),Compute Command 0,11394599625,13833
94,python (8660),Command Buffer 0,11394618041,434667
95,python (8660),Compute Command 0,11395036916,13709
96,python (8660),Command Buffer 0,11395055541,363667
97,python (8660),Compute Command 0,11395403208,13917
98,python (8660),Command Buffer 0,11395422166,362209
99,python (8660),Compute Command 0,11395767958,14250
100,python (8660),Command Buffer 0,11395786875,430083
101,python (8660),Compute Command 0,11396199875,14708
102,python (8660),Command Buffer 0,11396219541,359959
103,python (8660),Compute Command 0,11396561000,16375
104,python (8660),Command Buffer 0,11396582083,466500
105,python (8660),Compute Command 0,11397024458,19750
106,python (8660),Command Buffer 0,11397052416,639959
107,python (8660),Compute Command 0,11397674250,15208
108,python (8660),Command Buffer 0,11397695625,447958
109,python (8660),Compute Command 0,11398126041,15042
110,python (8660),Command Buffer 0,11398146333,298417
111,python (8660),Compute Command 0,11398428416,14042
112,python (8660),Command Buffer 0,11398447500,322791
113,python (8660),Compute Command 0,11398746875,19000
114,python (8660),Command Buffer 0,11398774958,331000
115,python (8660),Compute Command 0,11399086708,16292
116,python (8660),Command Buffer 0,11399109166,338584
117,python (8660),Compute Command 0,11399432125,13208
118,python (8660),Command Buffer 0,11399450916,324709
119,python (8660),Compute Command 0,11399761291,12250
120,python (8660),Command Buffer 0,11399778541,325209
121,python (8660),Compute Command 0,11400088083,13583
122,python (8660),Command Buffer 0,11400106500,314333
123,python (8660),Compute Command 0,11400405375,13375
124,python (8660),Command Buffer 0,11400423291,306000
125,python (8660),Compute Command 0,11400714541,12792
126,python (8660),Command Buffer 0,11400731791,296167
127,python (8660),Compute Command 0,11401013291,12792
128,python (8660),Command Buffer 0,11401030583,313958
129,python (8660),Compute Command 0,11401322791,19834
130,python (8660),Command Buffer 0,11401347291,320750
131,python (8660),Compute Command 0,11401654208,11875
132,python (8660),Command Buffer 0,11401670791,306375
133,python (8660),Compute Command 0,11401962250,13000
134,python (8660),Command Buffer 0,11401979875,305000
135,python (8660),Compute Command 0,11402270291,12667
136,python (8660),Command Buffer 0,11402287375,308041
137,python (8660),Compute Command 0,11402580750,12666
138,python (8660),Command Buffer 0,11402598000,306458
139,python (8660),Compute Command 0,11402890041,12500
140,python (8660),Command Buffer 0,11402906916,287209
141,python (8660),Compute Command 0,11403177958,13958
142,python (8660),Command Buffer 0,11403196625,318958
143,python (8660),Compute Command 0,11403501416,12292
144,python (8660),Command Buffer 0,11403518250,289208
145,python (8660),Compute Command 0,11403792750,12833
146,python (8660),Command Buffer 0,11403810208,303042
147,python (8660),Compute Command 0,11404099000,12333
148,python (8660),Command Buffer 0,11404115750,303666
149,python (8660),Compute Command 0,11404404875,12625
150,python (8660),Command Buffer 0,11404421916,305750
151,python (8660),Compute Command 0,11404713208,12542
152,python (8660),Command Buffer 0,11404730208,305958
153,python (8660),Compute Command 0,11405021625,12625
154,python (8660),Command Buffer 0,11405038791,294334
155,python (8660),Compute Command 0,11405319208,11917
156,python (8660),Command Buffer 0,11405335333,319917
157,python (8660),Compute Command 0,11405640041,13292
158,python (8660),Command Buffer 0,11405657666,320250
159,python (8660),Compute Command 0,11405962583,13250
160,python (8660),Command Buffer 0,11405980833,439667
161,python (8660),Compute Command 0,11406405666,12584
162,python (8660),Command Buffer 0,11406423458,310500
163,python (8660),Compute Command 0,11406720083,11958
164,python (8660),Command Buffer 0,11406736583,317042
165,python (8660),Compute Command 0,11407039000,12708
166,python (8660),Command Buffer 0,11407056125,317541
167,python (8660),Compute Command 0,11407358791,12792
168,python (8660),Command Buffer 0,11407375958,302708
169,python (8660),Compute Command 0,11407664000,12708
170,python (8660),Command Buffer 0,11407681291,320042
171,python (8660),Compute Command 0,11407986791,12625
172,python (8660),Command Buffer 0,11408004208,318792
173,python (8660),Compute Command 0,11408308375,12708
174,python (8660),Command Buffer 0,11408325750,323291
175,python (8660),Compute Command 0,11408634250,12833
176,python (8660),Command Buffer 0,11408651625,319416
177,python (8660),Compute Command 0,11408957041,12000
178,python (8660),Command Buffer 0,11408973916,316375
179,python (8660),Compute Command 0,11409275416,12834
180,python (8660),Command Buffer 0,11409293000,287625
181,python (8660),Compute Command 0,11409565958,12708
182,python (8660),Command Buffer 0,11409583333,320875
183,python (8660),Compute Command 0,11409889416,12750
184,python (8660),Command Buffer 0,11409906875,322000
185,python (8660),Compute Command 0,11410214375,12666
186,python (8660),Command Buffer 0,11410231541,320750
187,python (8660),Compute Command 0,11410537541,12750
188,python (8660),Command Buffer 0,11410554791,316209
189,python (8660),Compute Command 0,11410854416,14709
190,python (8660),Command Buffer 0,11410873541,314209
191,python (8660),Compute Command 0,11411171833,12625
192,python (8660),Command Buffer 0,11411190125,318250
193,python (8660),Compute Command 0,11411493458,12917
194,python (8660),Command Buffer 0,11411511458,306125
195,python (8660),Compute Command 0,11411802833,12583
196,python (8660),Command Buffer 0,11411820291,298959
197,python (8660),Compute Command 0,11412104416,12834
198,python (8660),Command Buffer 0,11412122041,327167
199,python (8660),Compute Command 0,11412426125,20333
200,python (8660),Command Buffer 0,11412453958,299458
201,python (8660),Compute Command 0,11412737666,13500
202,python (8660),Command Buffer 0,11412756125,286416
203,python (8660),Compute Command 0,11413027250,13250
204,python (8660),Command Buffer 0,11413044666,290292
205,python (8660),Compute Command 0,11413319750,13208
206,python (8660),Command Buffer 0,11413337583,290167
207,python (8660),Compute Command 0,11413611791,14042
208,python (8660),Command Buffer 0,11413630500,285750
209,python (8660),Compute Command 0,11413900500,13791
210,python (8660),Command Buffer 0,11413918500,286916
211,python (8660),Compute Command 0,11414190625,12875
212,python (8660),Command Buffer 0,11414207875,287041
213,python (8660),Compute Command 0,11414472791,19917
214,python (8660),Command Buffer 0,11414497500,340375
215,python (8660),Compute Command 0,11414821416,14459
216,python (8660),Command Buffer 0,11414840708,288208
217,python (8660),Compute Command 0,11415113375,13583
218,python (8660),Command Buffer 0,11415132041,290667
219,python (8660),Compute Command 0,11415407541,13209
220,python (8660),Command Buffer 0,11415425291,288375
221,python (8660),Compute Command 0,11415698708,13042
222,python (8660),Command Buffer 0,11415715958,284125
223,python (8660),Compute Command 0,11415984916,13125
224,python (8660),Command Buffer 0,11416002208,285208
225,python (8660),Compute Command 0,11416271958,13458
226,python (8660),Command Buffer 0,11416289666,287000
227,python (8660),Compute Command 0,11416561916,12875
228,python (8660),Command Buffer 0,11416579250,287833
229,python (8660),Compute Command 0,11416851458,13500
230,python (8660),Command Buffer 0,11416869250,287416
231,python (8660),Compute Command 0,11417141333,13333
232,python (8660),Command Buffer 0,11417158916,284375
233,python (8660),Compute Command 0,11417428083,13292
234,python (8660),Command Buffer 0,11417445541,285417
235,python (8660),Compute Command 0,11417714833,13833
236,python (8660),Command Buffer 0,11417733208,280083
237,python (8660),Compute Command 0,11417997583,13708
238,python (8660),Command Buffer 0,11418015875,281208
239,python (8660),Compute Command 0,11418279500,15208
240,python (8660),Command Buffer 0,11418299666,277792
241,python (8660),Compute Command 0,11418561083,14333
242,python (8660),Command Buffer 0,11418579625,283666
243,python (8660),Compute Command 0,11418847125,13541
244,python (8660),Command Buffer 0,11418866041,287250
245,python (8660),Compute Command 0,11419136833,14500
246,python (8660),Command Buffer 0,11419155708,284542
247,python (8660),Compute Command 0,11419424583,13708
248,python (8660),Command Buffer 0,11419442250,283291
249,python (8660),Compute Command 0,11419709208,14333
250,python (8660),Command Buffer 0,11419728000,304000
251,python (8660),Compute Command 0,11420008875,18750
252,python (8660),Command Buffer 0,11420036625,382916
253,python (8660),Compute Command 0,11420398333,18208
254,python (8660),Command Buffer 0,11420423166,308709
255,python (8660),Compute Command 0,11420709291,18542
256,python (8660),Command Buffer 0,11420735916,348959
257,python (8660),Compute Command 0,11421068583,13958
258,python (8660),Command Buffer 0,11421088375,304333
259,python (8660),Compute Command 0,11421374583,15167
260,python (8660),Command Buffer 0,11421396875,285083
261,python (8660),Compute Command 0,11421666791,13042
262,python (8660),Command Buffer 0,11421685000,289458
263,python (8660),Compute Command 0,11421954958,16042
264,python (8660),Command Buffer 0,11421981916,283917
265,python (8660),Compute Command 0,11422248333,14750
266,python (8660),Command Buffer 0,11422268833,284292
267,python (8660),Compute Command 0,11422537041,13834
268,python (8660),Command Buffer 0,11422556125,437708
269,python (8660),Compute Command 0,11422978708,13000
270,python (8660),Command Buffer 0,11422996708,279458
271,python (8660),Compute Command 0,11423261458,12583
272,python (8660),Command Buffer 0,11423278958,263208
273,python (8660),Compute Command 0,11423527916,12292
274,python (8660),Command Buffer 0,11423544875,258500
275,python (8660),Compute Command 0,11423789375,12083
276,python (8660),Command Buffer 0,11423806125,258250
277,python (8660),Compute Command 0,11424050500,11791
278,python (8660),Command Buffer 0,11424067458,258042
279,python (8660),Compute Command 0,11424311083,12500
280,python (8660),Command Buffer 0,11424328166,332250
281,python (8660),Compute Command 0,11424646541,11917
282,python (8660),Command Buffer 0,11424663291,280917
283,python (8660),Compute Command 0,11424930583,11792
284,python (8660),Command Buffer 0,11424947000,253041
285,python (8660),Compute Command 0,11425185916,12209
286,python (8660),Command Buffer 0,11425202583,258708
287,python (8660),Compute Command 0,11425447458,11958
288,python (8660),Command Buffer 0,11425464000,281333
289,python (8660),Compute Command 0,11425732000,11416
290,python (8660),Command Buffer 0,11425748291,270542
291,python (8660),Compute Command 0,11426004958,12000
292,python (8660),Command Buffer 0,11426021666,269917
293,python (8660),Compute Command 0,11426278083,11667
294,python (8660),Command Buffer 0,11426293500,261875
295,python (8660),Compute Command 0,11426541666,11750
296,python (8660),Command Buffer 0,11426558083,255542
297,python (8660),Compute Command 0,11426800250,11500
298,python (8660),Command Buffer 0,11426816208,254875
299,python (8660),Compute Command 0,11427057583,11625
300,python (8660),Command Buffer 0,11427073541,271292
301,python (8660),Compute Command 0,11427331250,11666
302,python (8660),Command Buffer 0,11427347500,267375
303,python (8660),Compute Command 0,11427601708,11250
304,python (8660),Command Buffer 0,11427616916,270250
305,python (8660),Compute Command 0,11427873875,11375
306,python (8660),Command Buffer 0,11427889208,268375
307,python (8660),Compute Command 0,11428144541,11125
308,python (8660),Command Buffer 0,11428159750,277875
309,python (8660),Compute Command 0,11428420000,15041
310,python (8660),Command Buffer 0,11428440791,268167
311,python (8660),Compute Command 0,11428693000,13708
312,python (8660),Command Buffer 0,11428711750,270916
313,python (8660),Compute Command 0,11428968666,11959
314,python (8660),Command Buffer 0,11428984750,269541
315,python (8660),Compute Command 0,11429240458,11875
316,python (8660),Command Buffer 0,11429256250,270083
317,python (8660),Compute Command 0,11429509666,14584
318,python (8660),Command Buffer 0,11429529083,277333
319,python (8660),Compute Command 0,11429788000,15875
320,python (8660),Command Buffer 0,11429809458,272417
321,python (8660),Compute Command 0,11430066791,13084
322,python (8660),Command Buffer 0,11430084500,264833
323,python (8660),Compute Command 0,11430335458,11833
324,python (8660),Command Buffer 0,11430351375,291083
325,python (8660),Compute Command 0,11430623333,16083
326,python (8660),Command Buffer 0,11430646333,268917
327,python (8660),Compute Command 0,11430900000,12916
328,python (8660),Command Buffer 0,11430917458,437583
329,python (8660),Compute Command 0,11431336750,15750
330,python (8660),Command Buffer 0,11431358125,275333
331,python (8660),Compute Command 0,11431620125,11458
332,python (8660),Command Buffer 0,11431635541,277417
333,python (8660),Compute Command 0,11431899125,11958
334,python (8660),Command Buffer 0,11431915750,275250
335,python (8660),Compute Command 0,11432176000,13083
336,python (8660),Command Buffer 0,11432193541,280917
337,python (8660),Compute Command 0,11432460541,11959
338,python (8660),Command Buffer 0,11432477000,273833
339,python (8660),Compute Command 0,11432736958,12042
340,python (8660),Command Buffer 0,11432753458,275042
341,python (8660),Compute Command 0,11433014833,11792
342,python (8660),Command Buffer 0,11433031125,273541
343,python (8660),Compute Command 0,11433290833,11750
344,python (8660),Command Buffer 0,11433307291,274875
345,python (8660),Compute Command 0,11433568291,12000
346,python (8660),Command Buffer 0,11433584666,273125
347,python (8660),Compute Command 0,11433843916,12042
348,python (8660),Command Buffer 0,11433860500,272875
349,python (8660),Compute Command 0,11434119500,12000
350,python (8660),Command Buffer 0,11434135875,273708
351,python (8660),Compute Command 0,11434395666,12042
352,python (8660),Command Buffer 0,11434412083,275208
353,python (8660),Compute Command 0,11434673541,11875
354,python (8660),Command Buffer 0,11434690041,268334
355,python (8660),Compute Command 0,11434944583,11958
356,python (8660),Command Buffer 0,11434961000,274625
357,python (8660),Compute Command 0,11435221875,11875
358,python (8660),Command Buffer 0,11435238291,270625
359,python (8660),Compute Command 0,11435495500,11583
360,python (8660),Command Buffer 0,11435511583,274667
361,python (8660),Compute Command 0,11435772500,11833
362,python (8660),Command Buffer 0,11435788958,274500
363,python (8660),Compute Command 0,11436049875,11708
364,python (8660),Command Buffer 0,11436066041,274250
365,python (8660),Compute Command 0,11436326416,12042
366,python (8660),Command Buffer 0,11436343375,274541
367,python (8660),Compute Command 0,11436604291,11792
368,python (8660),Command Buffer 0,11436620500,273875
369,python (8660),Compute Command 0,11436880666,11875
370,python (8660),Command Buffer 0,11436896916,272834
371,python (8660),Compute Command 0,11437154125,13750
372,python (8660),Command Buffer 0,11437172333,271875
373,python (8660),Compute Command 0,11437430416,11959
374,python (8660),Command Buffer 0,11437446916,273667
375,python (8660),Compute Command 0,11437706916,11792
376,python (8660),Command Buffer 0,11437723208,273458
377,python (8660),Compute Command 0,11437982916,11875
378,python (8660),Command Buffer 0,11437999208,271167
379,python (8660),Compute Command 0,11438256875,11666
380,python (8660),Command Buffer 0,11438272916,273834
381,python (8660),Compute Command 0,11438533166,11709
382,python (8660),Command Buffer 0,11438549416,273917
383,python (8660),Compute Command 0,11438809750,11708
384,python (8660),Command Buffer 0,11438825875,272791
385,python (8660),Compute Command 0,11439084791,12042
386,python (8660),Command Buffer 0,11439101166,274084
387,python (8660),Compute Command 0,11439361333,12125
388,python (8660),Command Buffer 0,11439377750,442375
389,python (8660),Compute Command 0,11439806041,12250
390,python (8660),Command Buffer 0,11439822625,328083
391,python (8660),Compute Command 0,11440137416,11500
392,python (8660),Command Buffer 0,11440153250,327166
393,python (8660),Compute Command 0,11440464458,14083
394,python (8660),Command Buffer 0,11440482708,308292
395,python (8660),Compute Command 0,11440774916,14167
396,python (8660),Command Buffer 0,11440793208,291125
397,python (8660),Compute Command 0,11441069250,13208
398,python (8660),Command Buffer 0,11441086625,303625
399,python (8660),Compute Command 0,11441374208,14167
400,python (8660),Command Buffer 0,11441392500,310708
401,python (8660),Compute Command 0,11441688125,13083
402,python (8660),Command Buffer 0,11441705541,309375
403,python (8660),Compute Command 0,11441999583,13458
404,python (8660),Command Buffer 0,11442017333,310917
405,python (8660),Compute Command 0,11442312541,13834
406,python (8660),Command Buffer 0,11442330583,322958
407,python (8660),Compute Command 0,11442638291,13292
408,python (8660),Command Buffer 0,11442655875,317000
409,python (8660),Compute Command 0,11442956916,14084
410,python (8660),Command Buffer 0,11442975208,312292
411,python (8660),Compute Command 0,11443271333,14333
412,python (8660),Command Buffer 0,11443289750,309625
413,python (8660),Compute Command 0,11443584666,12750
414,python (8660),Command Buffer 0,11443601750,308166
415,python (8660),Compute Command 0,11443893916,14167
416,python (8660),Command Buffer 0,11443912125,301375
417,python (8660),Compute Command 0,11444198416,13167
418,python (8660),Command Buffer 0,11444215583,304042
419,python (8660),Compute Command 0,11444505041,12459
420,python (8660),Command Buffer 0,11444521875,313125
421,python (8660),Compute Command 0,11444820041,12875
422,python (8660),Command Buffer 0,11444837416,320709
423,python (8660),Compute Command 0,11445144041,12209
424,python (8660),Command Buffer 0,11445160583,308083
425,python (8660),Compute Command 0,11445453083,13625
426,python (8660),Command Buffer 0,11445471000,316708
427,python (8660),Compute Command 0,11445772500,13333
428,python (8660),Command Buffer 0,11445789958,310292
429,python (8660),Compute Command 0,11446085041,13334
430,python (8660),Command Buffer 0,11446102583,310833
431,python (8660),Compute Command 0,11446398666,12584
432,python (8660),Command Buffer 0,11446415625,313416
433,python (8660),Compute Command 0,11446714125,12833
434,python (8660),Command Buffer 0,11446731291,315292
435,python (8660),Compute Command 0,11447027750,16666
436,python (8660),Command Buffer 0,11447049250,314625
437,python (8660),Compute Command 0,11447348583,13375
438,python (8660),Command Buffer 0,11447366416,302750
439,python (8660),Compute Command 0,11447654750,12500
440,python (8660),Command Buffer 0,11447671791,405959
441,python (8660),Compute Command 0,11448061583,14250
442,python (8660),Command Buffer 0,11448080000,311416
443,python (8660),Compute Command 0,11448375333,14250
444,python (8660),Command Buffer 0,11448393875,309375
445,python (8660),Compute Command 0,11448688291,12792
446,python (8660),Command Buffer 0,11448705583,307125
447,python (8660),Compute Command 0,11448997708,13125
448,python (8660),Command Buffer 0,11449015291,315292
449,python (8660),Compute Command 0,11449315666,12917
450,python (8660),Command Buffer 0,11449332833,315125
451,python (8660),Compute Command 0,11449632875,13166
452,python (8660),Command Buffer 0,11449650291,319084
453,python (8660),Compute Command 0,11449953333,14125
454,python (8660),Command Buffer 0,11449971666,315875
455,python (8660),Compute Command 0,11450271958,13625
456,python (8660),Command Buffer 0,11450290125,321500
457,python (8660),Compute Command 0,11450596666,13084
458,python (8660),Command Buffer 0,11450614375,320583
459,python (8660),Compute Command 0,11450921041,12042
460,python (8660),Command Buffer 0,11450937750,312625
461,python (8660),Compute Command 0,11451235125,13333
462,python (8660),Command Buffer 0,11451253000,319625
463,python (8660),Compute Command 0,11451558500,12166
464,python (8660),Command Buffer 0,11451575375,305041
465,python (8660),Compute Command 0,11451862458,15458
466,python (8660),Command Buffer 0,11451883250,308416
467,python (8660),Compute Command 0,11452173958,15750
468,python (8660),Command Buffer 0,11452194375,316416
469,python (8660),Compute Command 0,11452494416,14417
470,python (8660),Command Buffer 0,11452512958,312833
471,python (8660),Compute Command 0,11452809041,14542
472,python (8660),Command Buffer 0,11452828041,295834
473,python (8660),Compute Command 0,11453105791,16084
474,python (8660),Command Buffer 0,11453126833,336583
475,python (8660),Compute Command 0,11453447875,13583
476,python (8660),Command Buffer 0,11453465875,298250
477,python (8660),Compute Command 0,11453748625,13500
478,python (8660),Command Buffer 0,11453766916,290542
479,python (8660),Compute Command 0,11454042916,12292
480,python (8660),Command Buffer 0,11454059958,303250
481,python (8660),Compute Command 0,11454347750,13500
482,python (8660),Command Buffer 0,11454365791,303459
483,python (8660),Compute Command 0,11454653875,13500
484,python (8660),Command Buffer 0,11454671583,302125
485,python (8660),Compute Command 0,11454957875,13958
486,python (8660),Command Buffer 0,11454976125,311416
487,python (8660),Compute Command 0,11455273375,12208
488,python (8660),Command Buffer 0,11455290250,309416
489,python (8660),Compute Command 0,11455584416,13334
490,python (8660),Command Buffer 0,11455602250,314541
491,python (8660),Compute Command 0,11455898333,16542
492,python (8660),Command Buffer 0,11455919666,481125
493,python (8660),Compute Command 0,11456383916,14709
494,python (8660),Command Buffer 0,11456403416,294000
495,python (8660),Compute Command 0,11456682833,12667
496,python (8660),Command Buffer 0,11456699708,279417
497,python (8660),Compute Command 0,11456964625,12541
498,python (8660),Command Buffer 0,11456981375,284625
499,python (8660),Compute Command 0,11457241958,21875
500,python (8660),Command Buffer 0,11457268333,281833
501,python (8660),Compute Command 0,11457535083,13250
502,python (8660),Command Buffer 0,11457552416,279750
503,python (8660),Compute Command 0,11457817875,12416
504,python (8660),Command Buffer 0,11457834791,281000
505,python (8660),Compute Command 0,11458100750,13125
506,python (8660),Command Buffer 0,11458117958,285875
507,python (8660),Compute Command 0,11458386750,14208
508,python (8660),Command Buffer 0,11458406375,285791
509,python (8660),Compute Command 0,11458676083,14208
510,python (8660),Command Buffer 0,11458694375,281875
511,python (8660),Compute Command 0,11458961125,13250
512,python (8660),Command Buffer 0,11458978500,315333
513,python (8660),Compute Command 0,11459277458,14542
514,python (8660),Command Buffer 0,11459296375,309041
515,python (8660),Compute Command 0,11459590541,13000
516,python (8660),Command Buffer 0,11459607750,322000
517,python (8660),Compute Command 0,11459914791,13042
518,python (8660),Command Buffer 0,11459932375,294833
519,python (8660),Compute Command 0,11460211375,13791
520,python (8660),Command Buffer 0,11460229291,285125
521,python (8660),Compute Command 0,11460499666,12792
522,python (8660),Command Buffer 0,11460516500,296916
523,python (8660),Compute Command 0,11460797208,14250
524,python (8660),Command Buffer 0,11460815666,315875
525,python (8660),Compute Command 0,11461114875,14708
526,python (8660),Command Buffer 0,11461133750,309583
527,python (8660),Compute Command 0,11461426916,14584
528,python (8660),Command Buffer 0,11461445583,310125
529,python (8660),Compute Command 0,11461741000,12833
530,python (8660),Command Buffer 0,11461758083,308917
531,python (8660),Compute Command 0,11462051125,13083
532,python (8660),Command Buffer 0,11462070125,317875
533,python (8660),Compute Command 0,11462372750,13291
534,python (8660),Command Buffer 0,11462390791,323042
535,python (8660),Compute Command 0,11462698916,12959
536,python (8660),Command Buffer 0,11462716416,326000
537,python (8660),Compute Command 0,11463026583,13625
538,python (8660),Command Buffer 0,11463044791,324834
539,python (8660),Compute Command 0,11463353791,13875
540,python (8660),Command Buffer 0,11463372208,312875
541,python (8660),Compute Command 0,11463669500,13625
542,python (8660),Command Buffer 0,11463687250,318208
543,python (8660),Compute Command 0,11463990416,13167
544,python (8660),Command Buffer 0,11464007791,321167
545,python (8660),Compute Command 0,11464315041,11959
546,python (8660),Command Buffer 0,11464331500,421916
547,python (8660),Compute Command 0,11464737833,13667
548,python (8660),Command Buffer 0,11464755916,311834
549,python (8660),Compute Command 0,11465051250,14583
550,python (8660),Command Buffer 0,11465069875,316583
551,python (8660),Compute Command 0,11465364958,19542
552,python (8660),Command Buffer 0,11465389000,330333
553,python (8660),Compute Command 0,11465704750,12625
554,python (8660),Command Buffer 0,11465722000,304625
555,python (8660),Compute Command 0,11466009666,15000
556,python (8660),Command Buffer 0,11466029416,312459
557,python (8660),Compute Command 0,11466325375,14375
558,python (8660),Command Buffer 0,11466344916,303292
559,python (8660),Compute Command 0,11466633375,12958
560,python (8660),Command Buffer 0,11466650666,315042
561,python (8660),Compute Command 0,11466945708,18000
562,python (8660),Command Buffer 0,11466968458,325167
563,python (8660),Compute Command 0,11467278958,12792
564,python (8660),Command Buffer 0,11467296250,312250
565,python (8660),Compute Command 0,11467592583,13750
566,python (8660),Command Buffer 0,11467610750,324416
567,python (8660),Compute Command 0,11467919625,13625
568,python (8660),Command Buffer 0,11467937416,307000
569,python (8660),Compute Command 0,11468228833,13542
570,python (8660),Command Buffer 0,11468246583,326833
571,python (8660),Compute Command 0,11468559916,11542
572,python (8660),Command Buffer 0,11468575791,311209
573,python (8660),Compute Command 0,11468872666,12375
574,python (8660),Command Buffer 0,11468889333,314292
575,python (8660),Compute Command 0,11469181375,20291
576,python (8660),Command Buffer 0,11469205916,319917
577,python (8660),Compute Command 0,11469510833,12958
578,python (8660),Command Buffer 0,11469528416,292334
579,python (8660),Compute Command 0,11469806083,12167
580,python (8660),Command Buffer 0,11469823166,307750
581,python (8660),Compute Command 0,11470116375,12500
582,python (8660),Command Buffer 0,11470133541,322375
583,python (8660),Compute Command 0,11470431958,20458
584,python (8660),Command Buffer 0,11470460291,299959
585,python (8660),Compute Command 0,11470743333,14375
586,python (8660),Command Buffer 0,11470763500,316333
587,python (8660),Compute Command 0,11471064541,12959
588,python (8660),Command Buffer 0,11471082750,323583
589,python (8660),Compute Command 0,11471390541,13709
590,python (8660),Command Buffer 0,11471409208,325750
591,python (8660),Compute Command 0,11471719958,12958
592,python (8660),Command Buffer 0,11471737666,315042
593,python (8660),Compute Command 0,11472037458,13125
594,python (8660),Command Buffer 0,11472055333,315167
595,python (8660),Compute Command 0,11472355166,13125
596,python (8660),Command Buffer 0,11472373291,306000
597,python (8660),Compute Command 0,11472664458,12833
598,python (8660),Command Buffer 0,11472681750,374333
599,python (8660),Compute Command 0,11473040333,13667
600,python (8660),Command Buffer 0,11473058791,318334
601,python (8660),Compute Command 0,11473362083,12958
602,python (8660),Command Buffer 0,11473379833,322292
603,python (8660),Compute Command 0,11473687333,12792
604,python (8660),Command Buffer 0,11473704625,319625
605,python (8660),Compute Command 0,11474010291,11917
606,python (8660),Command Buffer 0,11474026791,324667
607,python (8660),Compute Command 0,11474336458,13000
608,python (8660),Command Buffer 0,11474353666,309125
609,python (8660),Compute Command 0,11474647583,13042
610,python (8660),Command Buffer 0,11474665166,314959
611,python (8660),Compute Command 0,11474965583,12625
612,python (8660),Command Buffer 0,11474982583,317792
613,python (8660),Compute Command 0,11475281333,17083
614,python (8660),Command Buffer 0,11475303208,319167
615,python (8660),Compute Command 0,11475608250,12125
616,python (8660),Command Buffer 0,11475625000,333500
617,python (8660),Compute Command 0,11475944333,12083
618,python (8660),Command Buffer 0,11475960666,319417
619,python (8660),Compute Command 0,11476265458,12667
620,python (8660),Command Buffer 0,11476283000,318375
621,python (8660),Compute Command 0,11476586416,12959
622,python (8660),Command Buffer 0,11476604083,315000
623,python (8660),Compute Command 0,11476903958,12917
624,python (8660),Command Buffer 0,11476921416,295375
625,python (8660),Compute Command 0,11477202250,12666
626,python (8660),Command Buffer 0,11477219000,304083
627,python (8660),Compute Command 0,11477508416,12709
628,python (8660),Command Buffer 0,11477525500,319458
629,python (8660),Compute Command 0,11477830250,12750
630,python (8660),Command Buffer 0,11477847916,322334
631,python (8660),Compute Command 0,11478155458,12375
632,python (8660),Command Buffer 0,11478173041,320792
633,python (8660),Compute Command 0,11478478833,13042
634,python (8660),Command Buffer 0,11478496500,293833
635,python (8660),Compute Command 0,11478775541,12750
636,python (8660),Command Buffer 0,11478793166,301542
637,python (8660),Compute Command 0,11479079291,13417
638,python (8660),Command Buffer 0,11479096833,311333
639,python (8660),Compute Command 0,11479393083,12917
640,python (8660),Command Buffer 0,11479410791,322292
641,python (8660),Compute Command 0,11479718875,12000
642,python (8660),Command Buffer 0,11479735750,322500
643,python (8660),Compute Command 0,11480042791,13292
644,python (8660),Command Buffer 0,11480060583,320500
645,python (8660),Compute Command 0,11480366458,12708
646,python (8660),Command Buffer 0,11480383708,322042
647,python (8660),Compute Command 0,11480690708,13083
648,python (8660),Command Buffer 0,11480708625,327416
649,python (8660),Compute Command 0,11481021291,12750
650,python (8660),Command Buffer 0,11481038958,497333
651,python (8660),Compute Command 0,11481521666,12709
652,python (8660),Command Buffer 0,11481539000,318125
653,python (8660),Compute Command 0,11481843541,11667
654,python (8660),Command Buffer 0,11481859958,325792
655,python (8660),Compute Command 0,11482170708,12917
656,python (8660),Command Buffer 0,11482189666,333167
657,python (8660),Compute Command 0,11482508708,12042
658,python (8660),Command Buffer 0,11482525583,318375
659,python (8660),Compute Command 0,11482829291,12709
660,python (8660),Command Buffer 0,11482846541,325292
661,python (8660),Compute Command 0,11483158041,11834
662,python (8660),Command Buffer 0,11483173875,316250
663,python (8660),Compute Command 0,11483475291,12709
664,python (8660),Command Buffer 0,11483492625,326625
665,python (8660),Compute Command 0,11483804958,12167
666,python (8660),Command Buffer 0,11483821333,344542
667,python (8660),Compute Command 0,11484151791,12000
668,python (8660),Command Buffer 0,11484168583,317167
669,python (8660),Compute Command 0,11484471500,12291
670,python (8660),Command Buffer 0,11484489291,338000
671,python (8660),Compute Command 0,11484812541,12792
672,python (8660),Command Buffer 0,11484838291,304875
673,python (8660),Compute Command 0,11485129250,11916
674,python (8660),Command Buffer 0,11485147291,294250
675,python (8660),Compute Command 0,11485426875,12791
676,python (8660),Command Buffer 0,11485444000,312416
677,python (8660),Compute Command 0,11485741791,12709
678,python (8660),Command Buffer 0,11485759041,314667
679,python (8660),Compute Command 0,11486054458,17250
680,python (8660),Command Buffer 0,11486077208,349417
681,python (8660),Compute Command 0,11486411500,12875
682,python (8660),Command Buffer 0,11486429166,317792
683,python (8660),Compute Command 0,11486733083,11958
684,python (8660),Command Buffer 0,11486749666,289167
685,python (8660),Compute Command 0,11487024208,12417
686,python (8660),Command Buffer 0,11487040875,282000
687,python (8660),Compute Command 0,11487307125,13583
688,python (8660),Command Buffer 0,11487325250,283291
689,python (8660),Compute Command 0,11487592000,14291
690,python (8660),Command Buffer 0,11487611375,287875
691,python (8660),Compute Command 0,11487884000,12916
692,python (8660),Command Buffer 0,11487901958,295542
693,python (8660),Compute Command 0,11488181791,13709
694,python (8660),Command Buffer 0,11488200250,311916
695,python (8660),Compute Command 0,11488493166,16584
696,python (8660),Command Buffer 0,11488515166,316167
697,python (8660),Compute Command 0,11488816333,12792
698,python (8660),Command Buffer 0,11488834000,320333
699,python (8660),Compute Command 0,11489139291,13125
700,python (8660),Command Buffer 0,11489157125,323625
701,python (8660),Compute Command 0,11489466750,11916
702,python (8660),Command Buffer 0,11489483083,393667
703,python (8660),Compute Command 0,11489862041,12709
704,python (8660),Command Buffer 0,11489879083,288083
705,python (8660),Compute Command 0,11490152166,13042
706,python (8660),Command Buffer 0,11490169791,279834
707,python (8660),Compute Command 0,11490434958,12708
708,python (8660),Command Buffer 0,11490451833,300125
709,python (8660),Compute Command 0,11490736458,13125
710,python (8660),Command Buffer 0,11490754625,279333
711,python (8660),Compute Command 0,11491018375,13458
712,python (8660),Command Buffer 0,11491036833,278583
713,python (8660),Compute Command 0,11491300083,13250
714,python (8660),Command Buffer 0,11491318125,272000
715,python (8660),Compute Command 0,11491575000,13041
716,python (8660),Command Buffer 0,11491592875,292875
717,python (8660),Compute Command 0,11491870583,13125
718,python (8660),Command Buffer 0,11491888291,289834
719,python (8660),Compute Command 0,11492162708,13375
720,python (8660),Command Buffer 0,11492180583,277833
721,python (8660),Compute Command 0,11492444083,12208
722,python (8660),Command Buffer 0,11492460625,298083
723,python (8660),Compute Command 0,11492743583,13125
724,python (8660),Command Buffer 0,11492761250,321500
725,python (8660),Compute Command 0,11493067583,13042
726,python (8660),Command Buffer 0,11493085416,324750
727,python (8660),Compute Command 0,11493393875,14208
728,python (8660),Command Buffer 0,11493412375,313875
729,python (8660),Compute Command 0,11493710750,13500
730,python (8660),Command Buffer 0,11493728625,315875
731,python (8660),Compute Command 0,11494029500,13041
732,python (8660),Command Buffer 0,11494046916,314042
733,python (8660),Compute Command 0,11494345958,13042
734,python (8660),Command Buffer 0,11494363333,311750
735,python (8660),Compute Command 0,11494659750,13083
736,python (8660),Command Buffer 0,11494677500,330958
737,python (8660),Compute Command 0,11494993500,12375
738,python (8660),Command Buffer 0,11495012458,326250
739,python (8660),Compute Command 0,11495323166,13542
740,python (8660),Command Buffer 0,11495342000,309333
741,python (8660),Compute Command 0,11495635500,13791
742,python (8660),Command Buffer 0,11495654041,320834
743,python (8660),Compute Command 0,11495959375,13291
744,python (8660),Command Buffer 0,11495977791,323250
745,python (8660),Compute Command 0,11496285375,13625
746,python (8660),Command Buffer 0,11496303666,319375
747,python (8660),Compute Command 0,11496607458,13625
748,python (8660),Command Buffer 0,11496625458,320958
749,python (8660),Compute Command 0,11496930625,13791
750,python (8660),Command Buffer 0,11496948708,320625
751,python (8660),Compute Command 0,11497253583,13708
752,python (8660),Command Buffer 0,11497271541,330459
753,python (8660),Compute Command 0,11497586916,13084
754,python (8660),Command Buffer 0,11497604541,544584
755,python (8660),Compute Command 0,11498133500,13583
756,python (8660),Command Buffer 0,11498151750,320958
757,python (8660),Compute Command 0,11498458208,12500
758,python (8660),Command Buffer 0,11498475208,318500
759,python (8660),Compute Command 0,11498778250,13416
760,python (8660),Command Buffer 0,11498796208,321083
761,python (8660),Compute Command 0,11499102333,13042
762,python (8660),Command Buffer 0,11499119958,317792
763,python (8660),Compute Command 0,11499422333,13417
764,python (8660),Command Buffer 0,11499440583,323000
765,python (8660),Compute Command 0,11499747916,13625
766,python (8660),Command Buffer 0,11499766291,333209
767,python (8660),Compute Command 0,11500084208,13333
768,python (8660),Command Buffer 0,11500102125,323916
769,python (8660),Compute Command 0,11500410541,12834
770,python (8660),Command Buffer 0,11500428333,326500
771,python (8660),Compute Command 0,11500739416,13375
772,python (8660),Command Buffer 0,11500757541,328709
773,python (8660),Compute Command 0,11501071000,13208
774,python (8660),Command Buffer 0,11501088625,314916
775,python (8660),Compute Command 0,11501388541,13000
776,python (8660),Command Buffer 0,11501406041,322500
777,python (8660),Compute Command 0,11501713375,13166
778,python (8660),Command Buffer 0,11501731083,293167
779,python (8660),Compute Command 0,11502009500,12666
780,python (8660),Command Buffer 0,11502027041,318959
781,python (8660),Compute Command 0,11502331625,12291
782,python (8660),Command Buffer 0,11502348333,324625
783,python (8660),Compute Command 0,11502658500,12291
784,python (8660),Command Buffer 0,11502675625,316958
785,python (8660),Compute Command 0,11502976958,13208
786,python (8660),Command Buffer 0,11502995083,315958
787,python (8660),Compute Command 0,11503295666,13334
788,python (8660),Command Buffer 0,11503313625,325375
789,python (8660),Compute Command 0,11503620958,15958
790,python (8660),Command Buffer 0,11503642000,333916
791,python (8660),Compute Command 0,11503960750,13208
792,python (8660),Command Buffer 0,11503978250,322041
793,python (8660),Compute Command 0,11504284250,13791
794,python (8660),Command Buffer 0,11504302750,333166
795,python (8660),Compute Command 0,11504620916,13042
796,python (8660),Command Buffer 0,11504638583,320125
797,python (8660),Compute Command 0,11504943333,13375
798,python (8660),Command Buffer 0,11504961083,313875
799,python (8660),Compute Command 0,11505259625,13250
800,python (8660),Command Buffer 0,11505277166,313167
801,python (8660),Compute Command 0,11505575125,13000
802,python (8660),Command Buffer 0,11505593208,331333
803,python (8660),Compute Command 0,11505909333,12958
804,python (8660),Command Buffer 0,11505928416,486792
805,python (8660),Compute Command 0,11506399833,13208
806,python (8660),Command Buffer 0,11506417583,322542
807,python (8660),Compute Command 0,11506725583,12500
808,python (8660),Command Buffer 0,11506742958,330458
809,python (8660),Compute Command 0,11507058458,12750
810,python (8660),Command Buffer 0,11507076791,323834
811,python (8660),Compute Command 0,11507385041,13542
812,python (8660),Command Buffer 0,11507402875,320750
813,python (8660),Compute Command 0,11507708500,13083
814,python (8660),Command Buffer 0,11507726333,326167
815,python (8660),Compute Command 0,11508037291,13042
816,python (8660),Command Buffer 0,11508055125,319375
817,python (8660),Compute Command 0,11508359416,13125
818,python (8660),Command Buffer 0,11508377458,336292
819,python (8660),Compute Command 0,11508698875,12500
820,python (8660),Command Buffer 0,11508716666,325792
821,python (8660),Compute Command 0,11509028125,12250
822,python (8660),Command Buffer 0,11509045041,325500
823,python (8660),Compute Command 0,11509356166,12292
824,python (8660),Command Buffer 0,11509372625,313791
825,python (8660),Compute Command 0,11509670916,13417
826,python (8660),Command Buffer 0,11509689458,304375
827,python (8660),Compute Command 0,11509978250,13458
828,python (8660),Command Buffer 0,11509996666,305042
829,python (8660),Compute Command 0,11510286416,13250
830,python (8660),Command Buffer 0,11510304291,317917
831,python (8660),Compute Command 0,11510602416,17834
832,python (8660),Command Buffer 0,11510624708,342458
833,python (8660),Compute Command 0,11510948750,15875
834,python (8660),Command Buffer 0,11510969583,319875
835,python (8660),Compute Command 0,11511273833,13583
836,python (8660),Command Buffer 0,11511292041,326125
837,python (8660),Compute Command 0,11511602958,13167
838,python (8660),Command Buffer 0,11511620666,322334
839,python (8660),Compute Command 0,11511927541,13375
840,python (8660),Command Buffer 0,11511945875,309000
841,python (8660),Compute Command 0,11512239791,13125
842,python (8660),Command Buffer 0,11512257250,330708
843,python (8660),Compute Command 0,11512573458,12333
844,python (8660),Command Buffer 0,11512590375,321000
845,python (8660),Compute Command 0,11512896041,13417
846,python (8660),Command Buffer 0,11512913958,335250
847,python (8660),Compute Command 0,11513234791,12209
848,python (8660),Command Buffer 0,11513252458,332042
849,python (8660),Compute Command 0,11513567958,14500
850,python (8660),Command Buffer 0,11513586916,328417
851,python (8660),Compute Command 0,11513899583,13708
852,python (8660),Command Buffer 0,11513917958,313000
853,python (8660),Compute Command 0,11514215458,13417
854,python (8660),Command Buffer 0,11514233083,523042
855,python (8660),Compute Command 0,11514741041,13042
856,python (8660),Command Buffer 0,11514758625,332625
857,python (8660),Compute Command 0,11515076125,13083
858,python (8660),Command Buffer 0,11515093416,321084
859,python (8660),Compute Command 0,11515399333,13125
860,python (8660),Command Buffer 0,11515417125,335958
861,python (8660),Compute Command 0,11515738375,12416
862,python (8660),Command Buffer 0,11515756208,326500
863,python (8660),Compute Command 0,11516067750,12916
864,python (8660),Command Buffer 0,11516085458,318125
865,python (8660),Compute Command 0,11516385750,15625
866,python (8660),Command Buffer 0,11516405833,288750
867,python (8660),Compute Command 0,11516680291,12167
868,python (8660),Command Buffer 0,11516697625,280000
869,python (8660),Compute Command 0,11516962291,13292
870,python (8660),Command Buffer 0,11516980458,329833
871,python (8660),Compute Command 0,11517295833,12333
872,python (8660),Command Buffer 0,11517314041,330709
873,python (8660),Compute Command 0,11517629333,13208
874,python (8660),Command Buffer 0,11517647166,331417
875,python (8660),Compute Command 0,11517963458,13042
876,python (8660),Command Buffer 0,11517982083,326542
877,python (8660),Compute Command 0,11518293375,13250
878,python (8660),Command Buffer 0,11518310916,318000
879,python (8660),Compute Command 0,11518613541,12750
880,python (8660),Command Buffer 0,11518631583,299417
881,python (8660),Compute Command 0,11518914958,14000
882,python (8660),Command Buffer 0,11518933333,298542
883,python (8660),Compute Command 0,11519213500,16125
884,python (8660),Command Buffer 0,11519234125,303833
885,python (8660),Compute Command 0,11519521375,14500
886,python (8660),Command Buffer 0,11519540125,297750
887,python (8660),Compute Command 0,11519821083,14667
888,python (8660),Command Buffer 0,11519840541,286084
889,python (8660),Compute Command 0,11520110416,14042
890,python (8660),Command Buffer 0,11520129333,293583
891,python (8660),Compute Command 0,11520407083,13333
892,python (8660),Command Buffer 0,11520425958,287125
893,python (8660),Compute Command 0,11520694333,15958
894,python (8660),Command Buffer 0,11520717500,278250
895,python (8660),Compute Command 0,11520978708,14708
896,python (8660),Command Buffer 0,11520999291,277000
897,python (8660),Compute Command 0,11521257666,16000
898,python (8660),Command Buffer 0,11521279625,282333
899,python (8660),Compute Command 0,11521545458,14042
900,python (8660),Command Buffer 0,11521564291,290667
901,python (8660),Compute Command 0,11521834125,17291
902,python (8660),Command Buffer 0,11521858458,272792
903,python (8660),Compute Command 0,11522115166,13834
904,python (8660),Command Buffer 0,11522133750,286166
905,python (8660),Compute Command 0,11522403041,14375
906,python (8660),Command Buffer 0,11522423708,295042
907,python (8660),Compute Command 0,11522700875,15458
908,python (8660),Command Buffer 0,11522723875,447666
909,python (8660),Compute Command 0,11523156500,12916
910,python (8660),Command Buffer 0,11523174791,270375
911,python (8660),Compute Command 0,11523428791,14167
912,python (8660),Command Buffer 0,11523447833,260667
913,python (8660),Compute Command 0,11523693500,12875
914,python (8660),Command Buffer 0,11523710541,258417
915,python (8660),Compute Command 0,11523954291,12625
916,python (8660),Command Buffer 0,11523971916,256917
917,python (8660),Compute Command 0,11524214583,12167
918,python (8660),Command Buffer 0,11524231666,304500
919,python (8660),Compute Command 0,11524520833,13208
920,python (8660),Command Buffer 0,11524540125,286250
921,python (8660),Compute Command 0,11524811541,12625
922,python (8660),Command Buffer 0,11524829333,248750
923,python (8660),Compute Command 0,11525063708,12375
924,python (8660),Command Buffer 0,11525080791,255250
925,python (8660),Compute Command 0,11525321708,12042
926,python (8660),Command Buffer 0,11525338833,263583
927,python (8660),Compute Command 0,11525586958,13417
928,python (8660),Command Buffer 0,11525605375,270333
929,python (8660),Compute Command 0,11525861125,12583
930,python (8660),Command Buffer 0,11525878541,258750
931,python (8660),Compute Command 0,11526122958,12333
932,python (8660),Command Buffer 0,11526140208,261125
933,python (8660),Compute Command 0,11526386875,12541
934,python (8660),Command Buffer 0,11526404708,255333
935,python (8660),Compute Command 0,11526646416,11667
936,python (8660),Command Buffer 0,11526662666,260084
937,python (8660),Compute Command 0,11526908125,12500
938,python (8660),Command Buffer 0,11526925708,264250
939,python (8660),Compute Command 0,11527173583,14375
940,python (8660),Command Buffer 0,11527192750,270666
941,python (8660),Compute Command 0,11527446541,14917
942,python (8660),Command Buffer 0,11527469041,286875
943,python (8660),Compute Command 0,11527740833,13125
944,python (8660),Command Buffer 0,11527758083,279375
945,python (8660),Compute Command 0,11528023458,12042
946,python (8660),Command Buffer 0,11528039583,275500
947,python (8660),Compute Command 0,11528300250,12833
948,python (8660),Command Buffer 0,11528317250,289791
949,python (8660),Compute Command 0,11528592291,12792
950,python (8660),Command Buffer 0,11528609291,288667
951,python (8660),Compute Command 0,11528883875,12083
952,python (8660),Command Buffer 0,11528901000,278958
953,python (8660),Compute Command 0,11529165416,12500
954,python (8660),Command Buffer 0,11529182916,272042
955,python (8660),Compute Command 0,11529440416,12542
956,python (8660),Command Buffer 0,11529457000,279458
957,python (8660),Compute Command 0,11529721791,12584
958,python (8660),Command Buffer 0,11529739250,300958
959,python (8660),Compute Command 0,11530025416,12792
960,python (8660),Command Buffer 0,11530042291,286375
961,python (8660),Compute Command 0,11530313208,13417
962,python (8660),Command Buffer 0,11530331416,276625
963,python (8660),Compute Command 0,11530592833,13208
964,python (8660),Command Buffer 0,11530611083,281958
965,python (8660),Compute Command 0,11530879000,11958
966,python (8660),Command Buffer 0,11530895500,412625
967,python (8660),Compute Command 0,11531293875,12125
968,python (8660),Command Buffer 0,11531310916,279875
969,python (8660),Compute Command 0,11531576750,11958
970,python (8660),Command Buffer 0,11531593041,289459
971,python (8660),Compute Command 0,11531868083,12417
972,python (8660),Command Buffer 0,11531885041,278209
973,python (8660),Compute Command 0,11532148458,12833
974,python (8660),Command Buffer 0,11532166083,281292
975,python (8660),Compute Command 0,11532432208,13167
976,python (8660),Command Buffer 0,11532450166,296042
977,python (8660),Compute Command 0,11532724791,19250
978,python (8660),Command Buffer 0,11532748583,298583
979,python (8660),Compute Command 0,11533032291,12875
980,python (8660),Command Buffer 0,11533050166,278292
981,python (8660),Compute Command 0,11533308750,17583
982,python (8660),Command Buffer 0,11533330958,291000
983,python (8660),Compute Command 0,11533607750,12041
984,python (8660),Command Buffer 0,11533624125,314375
985,python (8660),Compute Command 0,11533924083,12292
986,python (8660),Command Buffer 0,11533940666,286959
987,python (8660),Compute Command 0,11534212833,12750
988,python (8660),Command Buffer 0,11534230875,297125
989,python (8660),Compute Command 0,11534511125,14416
990,python (8660),Command Buffer 0,11534531000,326708
991,python (8660),Compute Command 0,11534842166,13125
992,python (8660),Command Buffer 0,11534861166,293459
993,python (8660),Compute Command 0,11535139500,13125
994,python (8660),Command Buffer 0,11535157875,291041
995,python (8660),Compute Command 0,11535434166,12667
996,python (8660),Command Buffer 0,11535451166,296459
997,python (8660),Compute Command 0,11535733125,12500
998,python (8660),Command Buffer 0,11535749666,278542
999,python (8660),Compute Command 0,11536013791,12417
1000,python (8660),Command Buffer 0,11536030125,275125
1001,python (8660),Compute Command 0,11536290791,12292
1002,python (8660),Command Buffer 0,11536307916,328125
1003,python (8660),Compute Command 0,11536621583,12250
1004,python (8660),Command Buffer 0,11536640000,331500
1005,python (8660),Compute Command 0,11536954708,14833
1006,python (8660),Command Buffer 0,11536974291,330375
1007,python (8660),Compute Command 0,11537288833,13833
1008,python (8660),Command Buffer 0,11537307125,322333
1009,python (8660),Compute Command 0,11537614000,13291
1010,python (8660),Command Buffer 0,11537631958,316333
1011,python (8660),Compute Command 0,11537932875,13291
1012,python (8660),Command Buffer 0,11537950708,333708
1013,python (8660),Compute Command 0,11538270041,12292
1014,python (8660),Command Buffer 0,11538287125,287041
1015,python (8660),Compute Command 0,11538558708,13417
1016,python (8660),Command Buffer 0,11538576666,327125
1017,python (8660),Compute Command 0,11538889291,12375
1018,python (8660),Command Buffer 0,11538907666,321417
1019,python (8660),Compute Command 0,11539209958,17083
1020,python (8660),Command Buffer 0,11539231666,520500
1021,python (8660),Compute Command 0,11539736750,13208
1022,python (8660),Command Buffer 0,11539755125,331083
1023,python (8660),Compute Command 0,11540070916,13209
1024,python (8660),Command Buffer 0,11540088666,328542
1025,python (8660),Compute Command 0,11540401666,13459
1026,python (8660),Command Buffer 0,11540419958,307167
1027,python (8660),Compute Command 0,11540711750,13333
1028,python (8660),Command Buffer 0,11540729791,327792
1029,python (8660),Compute Command 0,11541042166,13375
1030,python (8660),Command Buffer 0,11541060041,322209
1031,python (8660),Compute Command 0,11541367250,12750
1032,python (8660),Command Buffer 0,11541384666,330750
1033,python (8660),Compute Command 0,11541697625,15500
1034,python (8660),Command Buffer 0,11541717666,324167
1035,python (8660),Compute Command 0,11542026541,13334
1036,python (8660),Command Buffer 0,11542044416,325417
1037,python (8660),Compute Command 0,11542354333,13458
1038,python (8660),Command Buffer 0,11542372375,313625
1039,python (8660),Compute Command 0,11542670708,13250
1040,python (8660),Command Buffer 0,11542688833,312750
1041,python (8660),Compute Command 0,11542986125,13416
1042,python (8660),Command Buffer 0,11543004125,325125
1043,python (8660),Compute Command 0,11543314416,12917
1044,python (8660),Command Buffer 0,11543331916,321125
1045,python (8660),Compute Command 0,11543637708,13250
1046,python (8660),Command Buffer 0,11543656791,323584
1047,python (8660),Compute Command 0,11543965583,12792
1048,python (8660),Command Buffer 0,11543982833,320250
1049,python (8660),Compute Command 0,11544287625,13541
1050,python (8660),Command Buffer 0,11544305875,320708
1051,python (8660),Compute Command 0,11544612250,12333
1052,python (8660),Command Buffer 0,11544629333,314833
1053,python (8660),Compute Command 0,11544928916,13250
1054,python (8660),Command Buffer 0,11544946458,358167
1055,python (8660),Compute Command 0,11545286708,15417
1056,python (8660),Command Buffer 0,11545307333,341625
1057,python (8660),Compute Command 0,11545633291,13459
1058,python (8660),Command Buffer 0,11545651500,328625
1059,python (8660),Compute Command 0,11545965333,12667
1060,python (8660),Command Buffer 0,11545983291,343584
1061,python (8660),Compute Command 0,11546311458,13417
1062,python (8660),Command Buffer 0,11546329500,364291
1063,python (8660),Compute Command 0,11546678541,13042
1064,python (8660),Command Buffer 0,11546696500,343666
1065,python (8660),Compute Command 0,11547024875,13291
1066,python (8660),Command Buffer 0,11547042833,332750
1067,python (8660),Compute Command 0,11547361333,12042
1068,python (8660),Command Buffer 0,11547378500,339208
1069,python (8660),Compute Command 0,11547702791,12959
1070,python (8660),Command Buffer 0,11547720291,604500
1071,python (8660),Compute Command 0,11548308958,13500
1072,python (8660),Command Buffer 0,11548328875,314750
1073,python (8660),Compute Command 0,11548628541,13042
1074,python (8660),Command Buffer 0,11548647125,388333
1075,python (8660),Compute Command 0,11549019791,13625
1076,python (8660),Command Buffer 0,11549038250,378625
1077,python (8660),Compute Command 0,11549393416,21334
1078,python (8660),Command Buffer 0,11549419250,317500
1079,python (8660),Compute Command 0,11549721416,13292
1080,python (8660),Command Buffer 0,11549739375,368291
1081,python (8660),Compute Command 0,11550093166,12209
1082,python (8660),Command Buffer 0,11550110958,341458
1083,python (8660),Compute Command 0,11550437000,13416
1084,python (8660),Command Buffer 0,11550454958,363333
1085,python (8660),Compute Command 0,11550803333,12833
1086,python (8660),Command Buffer 0,11550821791,324250
1087,python (8660),Compute Command 0,11551130583,13375
1088,python (8660),Command Buffer 0,11551149125,376083
1089,python (8660),Compute Command 0,11551510791,12292
1090,python (8660),Command Buffer 0,11551527750,361000
1091,python (8660),Compute Command 0,11551874208,12458
1092,python (8660),Command Buffer 0,11551891916,377375
1093,python (8660),Compute Command 0,11552254416,12625
1094,python (8660),Command Buffer 0,11552271958,356958
1095,python (8660),Compute Command 0,11552613375,13250
1096,python (8660),Command Buffer 0,11552632083,330750
1097,python (8660),Compute Command 0,11552946666,14125
1098,python (8660),Command Buffer 0,11552965541,382917
1099,python (8660),Compute Command 0,11553333166,13125
1100,python (8660),Command Buffer 0,11553351458,350375
1101,python (8660),Compute Command 0,11553686333,13458
1102,python (8660),Command Buffer 0,11553705000,329625
1103,python (8660),Compute Command 0,11554016291,16209
1104,python (8660),Command Buffer 0,11554037250,324750
1105,python (8660),Compute Command 0,11554346875,12916
1106,python (8660),Command Buffer 0,11554365083,355333
1107,python (8660),Compute Command 0,11554704208,14083
1108,python (8660),Command Buffer 0,11554723166,358584
1109,python (8660),Compute Command 0,11555065541,14000
1110,python (8660),Command Buffer 0,11555084125,351791
1111,python (8660),Compute Command 0,11555419666,14167
1112,python (8660),Command Buffer 0,11555438708,368792
1113,python (8660),Compute Command 0,11555792083,13250
1114,python (8660),Command Buffer 0,11555810625,305750
1115,python (8660),Compute Command 0,11556096291,17625
1116,python (8660),Command Buffer 0,11556119208,527708
1117,python (8660),Compute Command 0,11556627291,17125
1118,python (8660),Command Buffer 0,11556649583,309417
1119,python (8660),Compute Command 0,11556943083,13792
1120,python (8660),Command Buffer 0,11556961416,285000
1121,python (8660),Compute Command 0,11557230291,13750
1122,python (8660),Command Buffer 0,11557249000,330916
1123,python (8660),Compute Command 0,11557564708,13042
1124,python (8660),Command Buffer 0,11557583583,316542
1125,python (8660),Compute Command 0,11557883875,14125
1126,python (8660),Command Buffer 0,11557902875,316791
1127,python (8660),Compute Command 0,11558204458,12917
1128,python (8660),Command Buffer 0,11558223333,331667
1129,python (8660),Compute Command 0,11558539250,13666
1130,python (8660),Command Buffer 0,11558557708,284917
1131,python (8660),Compute Command 0,11558826625,13750
1132,python (8660),Command Buffer 0,11558845125,357708
1133,python (8660),Compute Command 0,11559185916,14875
1134,python (8660),Command Buffer 0,11559205291,323709
1135,python (8660),Compute Command 0,11559512958,14000
1136,python (8660),Command Buffer 0,11559531666,326625
1137,python (8660),Compute Command 0,11559843125,12875
1138,python (8660),Command Buffer 0,11559861500,340291
1139,python (8660),Compute Command 0,11560184875,14708
1140,python (8660),Command Buffer 0,11560204583,342042
1141,python (8660),Compute Command 0,11560531583,12792
1142,python (8660),Command Buffer 0,11560549458,348792
1143,python (8660),Compute Command 0,11560882375,13833
1144,python (8660),Command Buffer 0,11560901041,369917
1145,python (8660),Compute Command 0,11561255333,13333
1146,python (8660),Command Buffer 0,11561273416,329000
1147,python (8660),Compute Command 0,11561587375,12958
1148,python (8660),Command Buffer 0,11561604916,365542
1149,python (8660),Compute Command 0,11561952541,15334
1150,python (8660),Command Buffer 0,11561972833,318083
1151,python (8660),Compute Command 0,11562274916,13875
1152,python (8660),Command Buffer 0,11562293791,388542
1153,python (8660),Compute Command 0,11562666708,13417
1154,python (8660),Command Buffer 0,11562684958,359667
1155,python (8660),Compute Command 0,11563029375,12958
1156,python (8660),Command Buffer 0,11563047791,346625
1157,python (8660),Compute Command 0,11563378916,13250
1158,python (8660),Command Buffer 0,11563397833,360417
1159,python (8660),Compute Command 0,11563742666,13459
1160,python (8660),Command Buffer 0,11563761916,341084
1161,python (8660),Compute Command 0,11564086750,14208
1162,python (8660),Command Buffer 0,11564105583,377750
1163,python (8660),Compute Command 0,11564468000,13208
1164,python (8660),Command Buffer 0,11564486500,374958
1165,python (8660),Compute Command 0,11564845208,14125
1166,python (8660),Command Buffer 0,11564864416,323834
1167,python (8660),Compute Command 0,11565171083,14125
1168,python (8660),Command Buffer 0,11565190625,357958
1169,python (8660),Compute Command 0,11565533041,13209
1170,python (8660),Command Buffer 0,11565551708,344833
1171,python (8660),Compute Command 0,11565880458,14042
1172,python (8660),Command Buffer 0,11565899333,368875
1173,python (8660),Compute Command 0,11566252458,13417
1174,python (8660),Command Buffer 0,11566271166,337125
1175,python (8660),Compute Command 0,11566593041,13042
1176,python (8660),Command Buffer 0,11566610500,355791
1177,python (8660),Compute Command 0,11566951083,13000
1178,python (8660),Command Buffer 0,11566969625,320458
1179,python (8660),Compute Command 0,11567274208,13708
1180,python (8660),Command Buffer 0,11567292500,382666
1181,python (8660),Compute Command 0,11567659833,13167
1182,python (8660),Command Buffer 0,11567678333,319833
1183,python (8660),Compute Command 0,11567983208,12917
1184,python (8660),Command Buffer 0,11568000625,370125
1185,python (8660),Compute Command 0,11568355208,13375
1186,python (8660),Command Buffer 0,11568373791,353792
1187,python (8660),Compute Command 0,11568706458,17792
1188,python (8660),Command Buffer 0,11568731500,365916
1189,python (8660),Compute Command 0,11569080208,14625
1190,python (8660),Command Buffer 0,11569100375,356583
1191,python (8660),Compute Command 0,11569439458,14958
1192,python (8660),Command Buffer 0,11569460250,332541
1193,python (8660),Compute Command 0,11569776000,14583
1194,python (8660),Command Buffer 0,11569795916,374709
1195,python (8660),Compute Command 0,11570154166,14084
1196,python (8660),Command Buffer 0,11570173583,308250
1197,python (8660),Compute Command 0,11570465708,13958
1198,python (8660),Command Buffer 0,11570484541,359542
1199,python (8660),Compute Command 0,11570828291,13375
1200,python (8660),Command Buffer 0,11570847000,320583
1201,python (8660),Compute Command 0,11571151500,13708
1202,python (8660),Command Buffer 0,11571170333,364083
1203,python (8660),Compute Command 0,11571518000,14250
1204,python (8660),Command Buffer 0,11571537625,376875
1205,python (8660),Compute Command 0,11571898458,13833
1206,python (8660),Command Buffer 0,11571917458,355667
1207,python (8660),Compute Command 0,11572252291,18709
1208,python (8660),Command Buffer 0,11572276125,373250
1209,python (8660),Compute Command 0,11572633458,13667
1210,python (8660),Command Buffer 0,11572653166,425959
1211,python (8660),Compute Command 0,11573062500,14083
1212,python (8660),Command Buffer 0,11573081708,321500
1213,python (8660),Compute Command 0,11573385333,15625
1214,python (8660),Command Buffer 0,11573405750,342250
1215,python (8660),Compute Command 0,11573732083,13583
1216,python (8660),Command Buffer 0,11573750708,346000
1217,python (8660),Compute Command 0,11574080791,13709
1218,python (8660),Command Buffer 0,11574099583,376583
1219,python (8660),Compute Command 0,11574459875,14000
1220,python (8660),Command Buffer 0,11574478708,344958
1221,python (8660),Compute Command 0,11574808541,12750
1222,python (8660),Command Buffer 0,11574827083,373292
1223,python (8660),Compute Command 0,11575183375,14916
1224,python (8660),Command Buffer 0,11575203583,342500
1225,python (8660),Compute Command 0,11575530541,13375
1226,python (8660),Command Buffer 0,11575549833,344542
1227,python (8660),Compute Command 0,11575879250,13000
1228,python (8660),Command Buffer 0,11575897375,357666
1229,python (8660),Compute Command 0,11576239541,13375
1230,python (8660),Command Buffer 0,11576258625,326083
1231,python (8660),Compute Command 0,11576568833,13750
1232,python (8660),Command Buffer 0,11576587375,329625
1233,python (8660),Compute Command 0,11576901333,13458
1234,python (8660),Command Buffer 0,11576920708,350000
1235,python (8660),Compute Command 0,11577255541,12834
1236,python (8660),Command Buffer 0,11577273500,358625
1237,python (8660),Compute Command 0,11577616833,13083
1238,python (8660),Command Buffer 0,11577635166,328584
1239,python (8660),Compute Command 0,11577947541,14084
1240,python (8660),Command Buffer 0,11577966541,368584
1241,python (8660),Compute Command 0,11578318875,14041
1242,python (8660),Command Buffer 0,11578338208,413542
1243,python (8660),Compute Command 0,11578732041,17417
1244,python (8660),Command Buffer 0,11578755833,342000
1245,python (8660),Compute Command 0,11579081416,14334
1246,python (8660),Command Buffer 0,11579101125,324708
1247,python (8660),Compute Command 0,11579409541,14000
1248,python (8660),Command Buffer 0,11579428625,311333
1249,python (8660),Compute Command 0,11579723708,13958
1250,python (8660),Command Buffer 0,11579742750,292541
1251,python (8660),Compute Command 0,11580019583,13542
1252,python (8660),Command Buffer 0,11580038416,362625
1253,python (8660),Compute Command 0,11580385375,13375
1254,python (8660),Command Buffer 0,11580403666,270500
1255,python (8660),Compute Command 0,11580657416,14459
1256,python (8660),Command Buffer 0,11580676625,320750
1257,python (8660),Compute Command 0,11580981500,13583
1258,python (8660),Command Buffer 0,11580999791,492792
1259,python (8660),Compute Command 0,11581476500,13875
1260,python (8660),Command Buffer 0,11581495791,318750
1261,python (8660),Compute Command 0,11581798416,13917
1262,python (8660),Command Buffer 0,11581817375,356125
1263,python (8660),Compute Command 0,11582157583,13708
1264,python (8660),Command Buffer 0,11582176958,309958
1265,python (8660),Compute Command 0,11582470666,14167
1266,python (8660),Command Buffer 0,11582489458,357042
1267,python (8660),Compute Command 0,11582829833,14333
1268,python (8660),Command Buffer 0,11582849458,349417
1269,python (8660),Compute Command 0,11583182583,14042
1270,python (8660),Command Buffer 0,11583202958,332292
1271,python (8660),Compute Command 0,11583518916,14000
1272,python (8660),Command Buffer 0,11583539333,349083
1273,python (8660),Compute Command 0,11583871166,14667
1274,python (8660),Command Buffer 0,11583891000,373083
1275,python (8660),Compute Command 0,11584247916,13834
1276,python (8660),Command Buffer 0,11584267583,319667
1277,python (8660),Compute Command 0,11584569958,14792
1278,python (8660),Command Buffer 0,11584589791,355834
1279,python (8660),Compute Command 0,11584928500,14750
1280,python (8660),Command Buffer 0,11584948083,334500
1281,python (8660),Compute Command 0,11585267000,13375
1282,python (8660),Command Buffer 0,11585285875,369166
1283,python (8660),Compute Command 0,11585637583,14667
1284,python (8660),Command Buffer 0,11585657458,348542
1285,python (8660),Compute Command 0,11585989541,14125
1286,python (8660),Command Buffer 0,11586009250,374291
1287,python (8660),Compute Command 0,11586366291,14709
1288,python (8660),Command Buffer 0,11586386166,383709
1289,python (8660),Compute Command 0,11586753000,14541
1290,python (8660),Command Buffer 0,11586771916,333667
1291,python (8660),Compute Command 0,11587088375,14958
1292,python (8660),Command Buffer 0,11587109000,346333
1293,python (8660),Compute Command 0,11587438958,14042
1294,python (8660),Command Buffer 0,11587458208,274958
1295,python (8660),Compute Command 0,11587716958,13917
1296,python (8660),Command Buffer 0,11587735916,333334
1297,python (8660),Compute Command 0,11588050750,16166
1298,python (8660),Command Buffer 0,11588072583,322750
1299,python (8660),Compute Command 0,11588378791,14292
1300,python (8660),Command Buffer 0,11588398291,318167
1301,python (8660),Compute Command 0,11588700125,14083
1302,python (8660),Command Buffer 0,11588719750,311208
1303,python (8660),Compute Command 0,11589013958,14750
1304,python (8660),Command Buffer 0,11589033875,277125
1305,python (8660),Compute Command 0,11589293791,15042
1306,python (8660),Command Buffer 0,11589313708,532292
1307,python (8660),Compute Command 0,11589828750,14750
1308,python (8660),Command Buffer 0,11589849208,261750
1309,python (8660),Compute Command 0,11590093750,14958
1310,python (8660),Command Buffer 0,11590113875,301500
1311,python (8660),Compute Command 0,11590398375,14458
1312,python (8660),Command Buffer 0,11590418125,248416
1313,python (8660),Compute Command 0,11590649458,14583
1314,python (8660),Command Buffer 0,11590669333,254583
1315,python (8660),Compute Command 0,11590907541,14042
1316,python (8660),Command Buffer 0,11590927375,323875
1317,python (8660),Compute Command 0,11591235375,13541
1318,python (8660),Command Buffer 0,11591255041,278042
1319,python (8660),Compute Command 0,11591516291,14625
1320,python (8660),Command Buffer 0,11591535625,243375
1321,python (8660),Compute Command 0,11591762375,14500
1322,python (8660),Command Buffer 0,11591781583,311375
1323,python (8660),Compute Command 0,11592076000,14708
1324,python (8660),Command Buffer 0,11592096083,250458
1325,python (8660),Compute Command 0,11592329875,14500
1326,python (8660),Command Buffer 0,11592349500,245500
1327,python (8660),Compute Command 0,11592577958,14667
1328,python (8660),Command Buffer 0,11592597708,244958
1329,python (8660),Compute Command 0,11592825666,14667
1330,python (8660),Command Buffer 0,11592845166,279792
1331,python (8660),Compute Command 0,11593107958,14542
1332,python (8660),Command Buffer 0,11593127500,286333
1333,python (8660),Compute Command 0,11593397083,14542
1334,python (8660),Command Buffer 0,11593416375,285875
1335,python (8660),Compute Command 0,11593686166,13750
1336,python (8660),Command Buffer 0,11593705208,393583
1337,python (8660),Compute Command 0,11594081625,14708
1338,python (8660),Command Buffer 0,11594101625,345375
1339,python (8660),Compute Command 0,11594430458,14042
1340,python (8660),Command Buffer 0,11594450125,308083
1341,python (8660),Compute Command 0,11594741666,14417
1342,python (8660),Command Buffer 0,11594760750,325000
1343,python (8660),Compute Command 0,11595070041,13375
1344,python (8660),Command Buffer 0,11595088916,324459
1345,python (8660),Compute Command 0,11595392708,17833
1346,python (8660),Command Buffer 0,11595416916,271209
1347,python (8660),Compute Command 0,11595670291,15334
1348,python (8660),Command Buffer 0,11595691000,288958
1349,python (8660),Compute Command 0,11595963375,14083
1350,python (8660),Command Buffer 0,11595982708,388000
1351,python (8660),Compute Command 0,11596353458,14958
1352,python (8660),Command Buffer 0,11596373666,367000
1353,python (8660),Compute Command 0,11596722916,15292
1354,python (8660),Command Buffer 0,11596744708,282167
1355,python (8660),Compute Command 0,11597009541,14834
1356,python (8660),Command Buffer 0,11597029541,256334
1357,python (8660),Compute Command 0,11597268666,15000
1358,python (8660),Command Buffer 0,11597288791,320917
1359,python (8660),Compute Command 0,11597593416,14000
1360,python (8660),Command Buffer 0,11597613250,451250
1361,python (8660),Compute Command 0,11598047708,14583
1362,python (8660),Command Buffer 0,11598068250,284583
1363,python (8660),Compute Command 0,11598335750,14833
1364,python (8660),Command Buffer 0,11598355958,283333
1365,python (8660),Compute Command 0,11598622083,15000
1366,python (8660),Command Buffer 0,11598642416,325542
1367,python (8660),Compute Command 0,11598950083,15625
1368,python (8660),Command Buffer 0,11598971458,318792
1369,python (8660),Compute Command 0,11599272791,15209
1370,python (8660),Command Buffer 0,11599293166,305042
1371,python (8660),Compute Command 0,11599581041,14709
1372,python (8660),Command Buffer 0,11599600916,337167
1373,python (8660),Compute Command 0,11599921500,14208
1374,python (8660),Command Buffer 0,11599941083,295542
1375,python (8660),Compute Command 0,11600219833,14625
1376,python (8660),Command Buffer 0,11600239375,320750
1377,python (8660),Compute Command 0,11600543708,14042
1378,python (8660),Command Buffer 0,11600562916,331209
1379,python (8660),Compute Command 0,11600877333,14625
1380,python (8660),Command Buffer 0,11600896916,340584
1381,python (8660),Compute Command 0,11601221208,13917
1382,python (8660),Command Buffer 0,11601240916,319875
1383,python (8660),Compute Command 0,11601543833,14750
1384,python (8660),Command Buffer 0,11601563708,286625
1385,python (8660),Compute Command 0,11601833416,14584
1386,python (8660),Command Buffer 0,11601852916,308209
1387,python (8660),Compute Command 0,11602145000,13875
1388,python (8660),Command Buffer 0,11602164125,311791
1389,python (8660),Compute Command 0,11602459458,14333
1390,python (8660),Command Buffer 0,11602479958,285125
1391,python (8660),Compute Command 0,11602748250,14625
1392,python (8660),Command Buffer 0,11602767750,334250
1393,python (8660),Compute Command 0,11603085458,14250
1394,python (8660),Command Buffer 0,11603105291,305292
1395,python (8660),Compute Command 0,11603393375,14666
1396,python (8660),Command Buffer 0,11603413458,322583
1397,python (8660),Compute Command 0,11603713958,19000
1398,python (8660),Command Buffer 0,11603739291,327167
1399,python (8660),Compute Command 0,11604049250,14833
1400,python (8660),Command Buffer 0,11604069166,295917
1401,python (8660),Compute Command 0,11604348208,14625
1402,python (8660),Command Buffer 0,11604368083,344792
1403,python (8660),Compute Command 0,11604695750,14750
1404,python (8660),Command Buffer 0,11604716291,347084
1405,python (8660),Compute Command 0,11605046166,14959
1406,python (8660),Command Buffer 0,11605066416,391542
1407,python (8660),Compute Command 0,11605441583,14000
1408,python (8660),Command Buffer 0,11605461375,287666
1409,python (8660),Compute Command 0,11605732291,14542
1410,python (8660),Command Buffer 0,11605752375,385500
1411,python (8660),Compute Command 0,11606121708,13750
1412,python (8660),Command Buffer 0,11606141125,324541
1413,python (8660),Compute Command 0,11606448750,14666
1414,python (8660),Command Buffer 0,11606469166,267209
1415,python (8660),Compute Command 0,11606719416,14750
1416,python (8660),Command Buffer 0,11606739500,271458
1417,python (8660),Compute Command 0,11606993583,15083
1418,python (8660),Command Buffer 0,11607013958,264583
1419,python (8660),Compute Command 0,11607261708,14667
1420,python (8660),Command Buffer 0,11607281625,304541
1421,python (8660),Compute Command 0,11607570000,13750
1422,python (8660),Command Buffer 0,11607589125,370083
1423,python (8660),Compute Command 0,11607942458,14375
1424,python (8660),Command Buffer 0,11607962250,277291
1425,python (8660),Compute Command 0,11608222541,14500
1426,python (8660),Command Buffer 0,11608242541,350917
1427,python (8660),Compute Command 0,11608576708,14292
1428,python (8660),Command Buffer 0,11608596875,267750
1429,python (8660),Compute Command 0,11608847666,14792
1430,python (8660),Command Buffer 0,11608867625,303125
1431,python (8660),Compute Command 0,11609152625,15833
1432,python (8660),Command Buffer 0,11609174041,381292
1433,python (8660),Compute Command 0,11609538875,14208
1434,python (8660),Command Buffer 0,11609558291,292959
1435,python (8660),Compute Command 0,11609833916,15125
1436,python (8660),Command Buffer 0,11609854291,398000
1437,python (8660),Compute Command 0,11610234000,16083
1438,python (8660),Command Buffer 0,11610255250,274208
1439,python (8660),Compute Command 0,11610511958,15042
1440,python (8660),Command Buffer 0,11610532041,284459
1441,python (8660),Compute Command 0,11610799291,14834
1442,python (8660),Command Buffer 0,11610819208,244917
1443,python (8660),Compute Command 0,11611047041,14917
1444,python (8660),Command Buffer 0,11611066791,254334
1445,python (8660),Compute Command 0,11611304250,14625
1446,python (8660),Command Buffer 0,11611323958,259792
1447,python (8660),Compute Command 0,11611566666,14834
1448,python (8660),Command Buffer 0,11611586416,261792
1449,python (8660),Compute Command 0,11611830708,15333
1450,python (8660),Command Buffer 0,11611850625,252875
1451,python (8660),Compute Command 0,11612086083,15167
1452,python (8660),Command Buffer 0,11612106375,292208
1453,python (8660),Compute Command 0,11612381750,14625
1454,python (8660),Command Buffer 0,11612401708,267292
1455,python (8660),Compute Command 0,11612651708,14667
1456,python (8660),Command Buffer 0,11612671875,260833
1457,python (8660),Compute Command 0,11612915208,15083
1458,python (8660),Command Buffer 0,11612935416,252250
1459,python (8660),Compute Command 0,11613170875,13625
1460,python (8660),Command Buffer 0,11613190208,259125
1461,python (8660),Compute Command 0,11613432541,14667
1462,python (8660),Command Buffer 0,11613451958,283792
1463,python (8660),Compute Command 0,11613718416,15125
1464,python (8660),Command Buffer 0,11613738416,281250
1465,python (8660),Compute Command 0,11614002750,14583
1466,python (8660),Command Buffer 0,11614022500,266791
1467,python (8660),Compute Command 0,11614272666,14500
1468,python (8660),Command Buffer 0,11614291916,433042
1469,python (8660),Compute Command 0,11614707750,14708
1470,python (8660),Command Buffer 0,11614728041,271917
1471,python (8660),Compute Command 0,11614983208,14542
1472,python (8660),Command Buffer 0,11615002833,282500
1473,python (8660),Compute Command 0,11615268250,14791
1474,python (8660),Command Buffer 0,11615287875,281333
1475,python (8660),Compute Command 0,11615552500,14541
1476,python (8660),Command Buffer 0,11615571833,296500
1477,python (8660),Compute Command 0,11615851666,14584
1478,python (8660),Command Buffer 0,11615871416,280709
1479,python (8660),Compute Command 0,11616135333,14625
1480,python (8660),Command Buffer 0,11616154750,332125
1481,python (8660),Compute Command 0,11616470500,14000
1482,python (8660),Command Buffer 0,11616490333,307833
1483,python (8660),Compute Command 0,11616780833,14792
1484,python (8660),Command Buffer 0,11616801583,269333
1485,python (8660),Compute Command 0,11617053708,14917
1486,python (8660),Command Buffer 0,11617073625,310791
1487,python (8660),Compute Command 0,11617368000,14166
1488,python (8660),Command Buffer 0,11617387916,303000
1489,python (8660),Compute Command 0,11617674166,14584
1490,python (8660),Command Buffer 0,11617693666,273875
1491,python (8660),Compute Command 0,11617950625,14708
1492,python (8660),Command Buffer 0,11617970541,307125
1493,python (8660),Compute Command 0,11618261041,14209
1494,python (8660),Command Buffer 0,11618280416,414000
1495,python (8660),Compute Command 0,11618672083,20167
1496,python (8660),Command Buffer 0,11618697541,243375
1497,python (8660),Compute Command 0,11618923375,15333
1498,python (8660),Command Buffer 0,11618943750,268541
1499,python (8660),Compute Command 0,11619192791,17209
1500,python (8660),Command Buffer 0,11619215250,244208
1501,python (8660),Compute Command 0,11619442375,14791
1502,python (8660),Command Buffer 0,11619462166,235292
1503,python (8660),Compute Command 0,11619679125,16125
1504,python (8660),Command Buffer 0,11619700166,227375
1505,python (8660),Compute Command 0,11619910583,14375
1506,python (8660),Command Buffer 0,11619929916,227250
1507,python (8660),Compute Command 0,11620139166,15375
1508,python (8660),Command Buffer 0,11620160333,263458
1509,python (8660),Compute Command 0,11620357875,62708
1510,python (8660),Command Buffer 0,11620428166,198875
1511,python (8660),Compute Command 0,11620609083,15417
1512,python (8660),Command Buffer 0,11620631583,243208
1513,python (8660),Compute Command 0,11620855208,16875
1514,python (8660),Command Buffer 0,11620877708,221125
1515,python (8660),Compute Command 0,11621080750,15291
1516,python (8660),Command Buffer 0,11621103791,224292
1517,python (8660),Compute Command 0,11621307875,17291
1518,python (8660),Command Buffer 0,11621331708,231583
1519,python (8660),Compute Command 0,11621542416,17709
1520,python (8660),Command Buffer 0,11621566708,228375
1521,python (8660),Compute Command 0,11621776625,15958
1522,python (8660),Command Buffer 0,11621797958,196500
1523,python (8660),Compute Command 0,11621978625,13458
1524,python (8660),Command Buffer 0,11621996333,247167
1525,python (8660),Compute Command 0,11622223375,17458
1526,python (8660),Command Buffer 0,11622247166,215125
1527,python (8660),Compute Command 0,11622444541,15084
1528,python (8660),Command Buffer 0,11622465750,223416
1529,python (8660),Compute Command 0,11622671833,14958
1530,python (8660),Command Buffer 0,11622693333,389333
1531,python (8660),Compute Command 0,11623064541,15750
1532,python (8660),Command Buffer 0,11623085375,208791
1533,python (8660),Compute Command 0,11623278500,13375
1534,python (8660),Command Buffer 0,11623298041,207292
1535,python (8660),Compute Command 0,11623488583,14292
1536,python (8660),Command Buffer 0,11623508250,227666
1537,python (8660),Compute Command 0,11623717916,15209
1538,python (8660),Command Buffer 0,11623739208,241042
1539,python (8660),Compute Command 0,11623963833,14125
1540,python (8660),Command Buffer 0,11623982833,231583
1541,python (8660),Compute Command 0,11624198000,14208
1542,python (8660),Command Buffer 0,11624217500,194083
1543,python (8660),Compute Command 0,11624396750,12666
1544,python (8660),Command Buffer 0,11624414375,191000
1545,python (8660),Compute Command 0,11624589583,13667
1546,python (8660),Command Buffer 0,11624608125,203375
1547,python (8660),Compute Command 0,11624795916,13375
1548,python (8660),Command Buffer 0,11624814500,257500
1549,python (8660),Compute Command 0,11625057083,12667
1550,python (8660),Command Buffer 0,11625074333,179833
1551,python (8660),Compute Command 0,11625239083,13000
1552,python (8660),Command Buffer 0,11625257583,211167
1553,python (8660),Compute Command 0,11625448625,17958
1554,python (8660),Command Buffer 0,11625471125,214208
1555,python (8660),Compute Command 0,11625666916,16209
1556,python (8660),Command Buffer 0,11625687708,189833
1557,python (8660),Compute Command 0,11625861916,13459
1558,python (8660),Command Buffer 0,11625880583,191250
1559,python (8660),Compute Command 0,11626055083,14667
1560,python (8660),Command Buffer 0,11626075041,191417
1561,python (8660),Compute Command 0,11626250791,13584
1562,python (8660),Command Buffer 0,11626268958,190500
1563,python (8660),Compute Command 0,11626444666,12709
1564,python (8660),Command Buffer 0,11626462000,187416
1565,python (8660),Compute Command 0,11626634750,12541
1566,python (8660),Command Buffer 0,11626651541,199542
1567,python (8660),Compute Command 0,11626835958,12750
1568,python (8660),Command Buffer 0,11626854000,209916
1569,python (8660),Compute Command 0,11627048541,13084
1570,python (8660),Command Buffer 0,11627067000,216958
1571,python (8660),Compute Command 0,11627268166,13542
1572,python (8660),Command Buffer 0,11627287000,215666
1573,python (8660),Compute Command 0,11627487500,13083
1574,python (8660),Command Buffer 0,11627505583,191042
1575,python (8660),Compute Command 0,11627681375,13083
1576,python (8660),Command Buffer 0,11627698833,191875
1577,python (8660),Compute Command 0,11627876125,12458
1578,python (8660),Command Buffer 0,11627893333,184792
1579,python (8660),Compute Command 0,11628063541,12459
1580,python (8660),Command Buffer 0,11628080875,190541
1581,python (8660),Compute Command 0,11628256291,12959
1582,python (8660),Command Buffer 0,11628274291,198167
1583,python (8660),Compute Command 0,11628456958,13333
1584,python (8660),Command Buffer 0,11628475416,240875
1585,python (8660),Compute Command 0,11628701750,12541
1586,python (8660),Command Buffer 0,11628719750,231708
1587,python (8660),Compute Command 0,11628936541,12667
1588,python (8660),Command Buffer 0,11628954541,242375
1589,python (8660),Compute Command 0,11629181083,13792
1590,python (8660),Command Buffer 0,11629199208,271667
1591,python (8660),Compute Command 0,11629456083,12708
1592,python (8660),Command Buffer 0,11629473333,352708
1593,python (8660),Compute Command 0,11629810666,13375
1594,python (8660),Command Buffer 0,11629829000,249708
1595,python (8660),Compute Command 0,11630063000,13708
1596,python (8660),Command Buffer 0,11630081375,277333
1597,python (8660),Compute Command 0,11630343750,12916
1598,python (8660),Command Buffer 0,11630361000,226125
1599,python (8660),Compute Command 0,11630571791,13292
1600,python (8660),Command Buffer 0,11630589708,227458
1601,python (8660),Compute Command 0,11630801916,13209
1602,python (8660),Command Buffer 0,11630820000,236250
1603,python (8660),Compute Command 0,11631039958,13375
1604,python (8660),Command Buffer 0,11631059583,473875
1605,python (8660),Compute Command 0,11631517916,13500
1606,python (8660),Command Buffer 0,11631535750,246708
1607,python (8660),Compute Command 0,11631767041,13417
1608,python (8660),Command Buffer 0,11631785125,248666
1609,python (8660),Compute Command 0,11632018666,13084
1610,python (8660),Command Buffer 0,11632036583,246792
1611,python (8660),Compute Command 0,11632268041,13292
1612,python (8660),Command Buffer 0,11632286250,246791
1613,python (8660),Compute Command 0,11632517375,13625
1614,python (8660),Command Buffer 0,11632536000,250666
1615,python (8660),Compute Command 0,11632772333,12208
1616,python (8660),Command Buffer 0,11632788791,289334
1617,python (8660),Compute Command 0,11633062625,13500
1618,python (8660),Command Buffer 0,11633080583,260042
1619,python (8660),Compute Command 0,11633325125,13458
1620,python (8660),Command Buffer 0,11633343583,242458
1621,python (8660),Compute Command 0,11633570666,13334
1622,python (8660),Command Buffer 0,11633588916,244000
1623,python (8660),Compute Command 0,11633817708,13208
1624,python (8660),Command Buffer 0,11633835458,243292
1625,python (8660),Compute Command 0,11634063416,13209
1626,python (8660),Command Buffer 0,11634081708,248208
1627,python (8660),Compute Command 0,11634314625,13250
1628,python (8660),Command Buffer 0,11634332583,249208
1629,python (8660),Compute Command 0,11634566250,13500
1630,python (8660),Command Buffer 0,11634584666,252250
1631,python (8660),Compute Command 0,11634822416,12375
1632,python (8660),Command Buffer 0,11634838958,271042
1633,python (8660),Compute Command 0,11635095375,12458
1634,python (8660),Command Buffer 0,11635112750,242708
1635,python (8660),Compute Command 0,11635341375,12000
1636,python (8660),Command Buffer 0,11635358166,272000
1637,python (8660),Compute Command 0,11635614125,13708
1638,python (8660),Command Buffer 0,11635632833,245333
1639,python (8660),Compute Command 0,11635863000,13125
1640,python (8660),Command Buffer 0,11635880791,249292
1641,python (8660),Compute Command 0,11636114750,13291
1642,python (8660),Command Buffer 0,11636132791,246292
1643,python (8660),Compute Command 0,11636363583,13500
1644,python (8660),Command Buffer 0,11636381791,245542
1645,python (8660),Compute Command 0,11636611791,13500
1646,python (8660),Command Buffer 0,11636630208,247042
1647,python (8660),Compute Command 0,11636862666,12500
1648,python (8660),Command Buffer 0,11636880333,239167
1649,python (8660),Compute Command 0,11637105208,12208
1650,python (8660),Command Buffer 0,11637122750,253583
1651,python (8660),Compute Command 0,11637360750,13625
1652,python (8660),Command Buffer 0,11637379208,283333
1653,python (8660),Compute Command 0,11637646375,14000
1654,python (8660),Command Buffer 0,11637664958,266708
1655,python (8660),Compute Command 0,11637917541,12000
1656,python (8660),Command Buffer 0,11637933833,240542
1657,python (8660),Compute Command 0,11638159833,12625
1658,python (8660),Command Buffer 0,11638177125,240916
1659,python (8660),Compute Command 0,11638403208,12875
1660,python (8660),Command Buffer 0,11638420875,241041
1661,python (8660),Compute Command 0,11638647000,12916
1662,python (8660),Command Buffer 0,11638665000,236791
1663,python (8660),Compute Command 0,11638886875,13000
1664,python (8660),Command Buffer 0,11638904500,225958
1665,python (8660),Compute Command 0,11639116500,11958
1666,python (8660),Command Buffer 0,11639132833,271083
1667,python (8660),Compute Command 0,11639389791,12000
1668,python (8660),Command Buffer 0,11639406041,402292
1669,python (8660),Compute Command 0,11639793958,12458
1670,python (8660),Command Buffer 0,11639810916,240334
1671,python (8660),Compute Command 0,11640036833,12500
1672,python (8660),Command Buffer 0,11640053750,262916
1673,python (8660),Compute Command 0,11640302000,12708
1674,python (8660),Command Buffer 0,11640319458,266250
1675,python (8660),Compute Command 0,11640570250,13458
1676,python (8660),Command Buffer 0,11640588583,293125
1677,python (8660),Compute Command 0,11640866791,12875
1678,python (8660),Command Buffer 0,11640883875,235500
1679,python (8660),Compute Command 0,11641105583,11875
1680,python (8660),Command Buffer 0,11641121541,228250
1681,python (8660),Compute Command 0,11641335958,11875
1682,python (8660),Command Buffer 0,11641352000,232083
1683,python (8660),Compute Command 0,11641569291,12834
1684,python (8660),Command Buffer 0,11641587208,204458
1685,python (8660),Compute Command 0,11641776916,12792
1686,python (8660),Command Buffer 0,11641794375,202750
1687,python (8660),Compute Command 0,11641983291,11917
1688,python (8660),Command Buffer 0,11641999291,210834
1689,python (8660),Compute Command 0,11642195333,12833
1690,python (8660),Command Buffer 0,11642213083,241917
1691,python (8660),Compute Command 0,11642440958,12125
1692,python (8660),Command Buffer 0,11642457125,229291
1693,python (8660),Compute Command 0,11642671708,12792
1694,python (8660),Command Buffer 0,11642689083,237333
1695,python (8660),Compute Command 0,11642911625,12833
1696,python (8660),Command Buffer 0,11642929416,234709
1697,python (8660),Compute Command 0,11643149125,13041
1698,python (8660),Command Buffer 0,11643167041,232334
1699,python (8660),Compute Command 0,11643385583,11792
1700,python (8660),Command Buffer 0,11643401625,227125
1701,python (8660),Compute Command 0,11643610875,15583
1702,python (8660),Command Buffer 0,11643631500,232375
1703,python (8660),Compute Command 0,11643850000,11916
1704,python (8660),Command Buffer 0,11643866000,211000
1705,python (8660),Compute Command 0,11644062250,12833
1706,python (8660),Command Buffer 0,11644079791,212000
1707,python (8660),Compute Command 0,11644276916,12917
1708,python (8660),Command Buffer 0,11644294375,220208
1709,python (8660),Compute Command 0,11644499875,12708
1710,python (8660),Command Buffer 0,11644517458,231875
1711,python (8660),Compute Command 0,11644734666,12750
1712,python (8660),Command Buffer 0,11644752125,235041
1713,python (8660),Compute Command 0,11644973166,12084
1714,python (8660),Command Buffer 0,11644989416,232667
1715,python (8660),Compute Command 0,11645208166,11917
1716,python (8660),Command Buffer 0,11645224208,214458
1717,python (8660),Compute Command 0,11645422875,13333
1718,python (8660),Command Buffer 0,11645441833,237000
1719,python (8660),Compute Command 0,11645663458,13292
1720,python (8660),Command Buffer 0,11645681708,213375
1721,python (8660),Compute Command 0,11645880000,13041
1722,python (8660),Command Buffer 0,11645897791,223250
1723,python (8660),Compute Command 0,11646105916,13084
1724,python (8660),Command Buffer 0,11646123708,233042
1725,python (8660),Compute Command 0,11646341958,12750
1726,python (8660),Command Buffer 0,11646359500,235250
1727,python (8660),Compute Command 0,11646579875,12833
1728,python (8660),Command Buffer 0,11646597333,235208
1729,python (8660),Compute Command 0,11646817750,12791
1730,python (8660),Command Buffer 0,11646835125,234666
1731,python (8660),Compute Command 0,11647055083,12708
1732,python (8660),Command Buffer 0,11647072625,236541
1733,python (8660),Compute Command 0,11647294208,12917
1734,python (8660),Command Buffer 0,11647311958,236750
1735,python (8660),Compute Command 0,11647533750,12958
1736,python (8660),Command Buffer 0,11647551500,234083
1737,python (8660),Compute Command 0,11647769750,13833
1738,python (8660),Command Buffer 0,11647788166,458917
1739,python (8660),Compute Command 0,11648232125,12791
1740,python (8660),Command Buffer 0,11648249708,235875
1741,python (8660),Compute Command 0,11648470750,12833
1742,python (8660),Command Buffer 0,11648488541,268292
1743,python (8660),Compute Command 0,11648741916,12917
1744,python (8660),Command Buffer 0,11648758958,274958
1745,python (8660),Compute Command 0,11649019000,12916
1746,python (8660),Command Buffer 0,11649036916,288709
1747,python (8660),Compute Command 0,11649310833,12750
1748,python (8660),Command Buffer 0,11649328583,233917
1749,python (8660),Compute Command 0,11649548500,12000
1750,python (8660),Command Buffer 0,11649564708,231208
1751,python (8660),Compute Command 0,11649780708,13167
1752,python (8660),Command Buffer 0,11649798625,233833
1753,python (8660),Compute Command 0,11650018666,11792
1754,python (8660),Command Buffer 0,11650034541,231084
1755,python (8660),Compute Command 0,11650251750,11875
1756,python (8660),Command Buffer 0,11650267708,229875
1757,python (8660),Compute Command 0,11650482625,12958
1758,python (8660),Command Buffer 0,11650499958,237417
1759,python (8660),Compute Command 0,11650722458,12917
1760,python (8660),Command Buffer 0,11650740041,233834
1761,python (8660),Compute Command 0,11650959083,12833
1762,python (8660),Command Buffer 0,11650976291,274625
1763,python (8660),Compute Command 0,11651236291,12625
1764,python (8660),Command Buffer 0,11651253500,275333
1765,python (8660),Compute Command 0,11651513916,12917
1766,python (8660),Command Buffer 0,11651531208,257250
1767,python (8660),Compute Command 0,11651773750,12750
1768,python (8660),Command Buffer 0,11651791000,213666
1769,python (8660),Compute Command 0,11651989583,12667
1770,python (8660),Command Buffer 0,11652008041,228625
1771,python (8660),Compute Command 0,11652221458,13167
1772,python (8660),Command Buffer 0,11652239458,234500
1773,python (8660),Compute Command 0,11652458958,13042
1774,python (8660),Command Buffer 0,11652476250,231500
1775,python (8660),Compute Command 0,11652692708,13000
1776,python (8660),Command Buffer 0,11652710750,235166
1777,python (8660),Compute Command 0,11652931208,12750
1778,python (8660),Command Buffer 0,11652948500,237000
1779,python (8660),Compute Command 0,11653170500,13041
1780,python (8660),Command Buffer 0,11653189041,237625
1781,python (8660),Compute Command 0,11653412041,12667
1782,python (8660),Command Buffer 0,11653429166,233334
1783,python (8660),Compute Command 0,11653647375,13166
1784,python (8660),Command Buffer 0,11653665291,214292
1785,python (8660),Compute Command 0,11653862583,14708
1786,python (8660),Command Buffer 0,11653882250,219000
1787,python (8660),Compute Command 0,11654085083,13792
1788,python (8660),Command Buffer 0,11654104458,231125
1789,python (8660),Compute Command 0,11654320166,13375
1790,python (8660),Command Buffer 0,11654338333,222375
1791,python (8660),Compute Command 0,11654546000,12750
1792,python (8660),Command Buffer 0,11654563416,223500
1793,python (8660),Compute Command 0,11654772333,12625
1794,python (8660),Command Buffer 0,11654789375,226041
1795,python (8660),Compute Command 0,11655000666,12625
1796,python (8660),Command Buffer 0,11655018166,233959
1797,python (8660),Compute Command 0,11655238333,12083
1798,python (8660),Command Buffer 0,11655253916,224959
1799,python (8660),Compute Command 0,11655464833,12333
1800,python (8660),Command Buffer 0,11655480666,229750
1801,python (8660),Compute Command 0,11655696625,12125
1802,python (8660),Command Buffer 0,11655712291,234542
1803,python (8660),Compute Command 0,11655933833,11292
1804,python (8660),Command Buffer 0,11655948625,218250
1805,python (8660),Compute Command 0,11656155208,9750
1806,python (8660),Command Buffer 0,11656169041,280959
1807,python (8660),Compute Command 0,11656436791,11417
1808,python (8660),Command Buffer 0,11656452458,236083
1809,python (8660),Compute Command 0,11656671291,14917
1810,python (8660),Command Buffer 0,11656691291,204417
1811,python (8660),Compute Command 0,11656882750,11250
1812,python (8660),Command Buffer 0,11656897416,199042
1813,python (8660),Compute Command 0,11657082791,11834
1814,python (8660),Command Buffer 0,11657098250,197791
1815,python (8660),Compute Command 0,11657282791,11542
1816,python (8660),Command Buffer 0,11657297833,201542
1817,python (8660),Compute Command 0,11657485625,12083
1818,python (8660),Command Buffer 0,11657501166,200334
1819,python (8660),Compute Command 0,11657688583,11208
1820,python (8660),Command Buffer 0,11657703250,205291
1821,python (8660),Compute Command 0,11657895458,11333
1822,python (8660),Command Buffer 0,11657910375,195041
1823,python (8660),Compute Command 0,11658092333,11417
1824,python (8660),Command Buffer 0,11658107791,196084
1825,python (8660),Compute Command 0,11658290625,11500
1826,python (8660),Command Buffer 0,11658306625,199375
1827,python (8660),Compute Command 0,11658492708,11583
1828,python (8660),Command Buffer 0,11658507916,192334
1829,python (8660),Compute Command 0,11658687041,11459
1830,python (8660),Command Buffer 0,11658701958,265292
1831,python (8660),Compute Command 0,11658953625,11958
1832,python (8660),Command Buffer 0,11658969500,224000
1833,python (8660),Compute Command 0,11659180000,11750
1834,python (8660),Command Buffer 0,11659195916,206709
1835,python (8660),Compute Command 0,11659389833,11125
1836,python (8660),Command Buffer 0,11659404666,203625
1837,python (8660),Compute Command 0,11659594875,11666
1838,python (8660),Command Buffer 0,11659610416,200542
1839,python (8660),Compute Command 0,11659797291,11792
1840,python (8660),Command Buffer 0,11659813083,224375
1841,python (8660),Compute Command 0,11660022750,12916
1842,python (8660),Command Buffer 0,11660039500,218208
1843,python (8660),Compute Command 0,11660244500,11500
1844,python (8660),Command Buffer 0,11660259416,216792
1845,python (8660),Compute Command 0,11660462500,12041
1846,python (8660),Command Buffer 0,11660478250,224583
1847,python (8660),Compute Command 0,11660688666,12375
1848,python (8660),Command Buffer 0,11660705041,218334
1849,python (8660),Compute Command 0,11660908291,13334
1850,python (8660),Command Buffer 0,11660925583,219958
1851,python (8660),Compute Command 0,11661131166,12459
1852,python (8660),Command Buffer 0,11661147333,219042
1853,python (8660),Compute Command 0,11661351375,13208
1854,python (8660),Command Buffer 0,11661368500,237375
1855,python (8660),Compute Command 0,11661592458,11750
1856,python (8660),Command Buffer 0,11661608208,217583
1857,python (8660),Compute Command 0,11661811041,13125
1858,python (8660),Command Buffer 0,11661827958,212875
1859,python (8660),Compute Command 0,11662024708,14333
1860,python (8660),Command Buffer 0,11662043125,200541
1861,python (8660),Compute Command 0,11662230208,11792
1862,python (8660),Command Buffer 0,11662245916,194792
1863,python (8660),Compute Command 0,11662427291,11709
1864,python (8660),Command Buffer 0,11662442750,193916
1865,python (8660),Compute Command 0,11662622500,12416
1866,python (8660),Command Buffer 0,11662638583,230000
1867,python (8660),Compute Command 0,11662854208,12542
1868,python (8660),Command Buffer 0,11662870708,218000
1869,python (8660),Compute Command 0,11663073500,13375
1870,python (8660),Command Buffer 0,11663090750,232916
1871,python (8660),Compute Command 0,11663308583,13292
1872,python (8660),Command Buffer 0,11663325791,224792
1873,python (8660),Compute Command 0,11663536333,12292
1874,python (8660),Command Buffer 0,11663552708,214792
1875,python (8660),Compute Command 0,11663755541,10292
1876,python (8660),Command Buffer 0,11663769583,218375
1877,python (8660),Compute Command 0,11663975250,11083
1878,python (8660),Command Buffer 0,11663990083,217458
1879,python (8660),Compute Command 0,11664195166,10750
1880,python (8660),Command Buffer 0,11664209750,217250
1881,python (8660),Compute Command 0,11664413791,11584
1882,python (8660),Command Buffer 0,11664429000,408166
1883,python (8660),Compute Command 0,11664824583,10917
1884,python (8660),Command Buffer 0,11664839208,215708
1885,python (8660),Compute Command 0,11665041958,11292
1886,python (8660),Command Buffer 0,11665057041,217125
1887,python (8660),Compute Command 0,11665261291,11292
1888,python (8660),Command Buffer 0,11665276208,218458
1889,python (8660),Compute Command 0,11665482833,10208
1890,python (8660),Command Buffer 0,11665496875,215750
1891,python (8660),Compute Command 0,11665699541,11459
1892,python (8660),Command Buffer 0,11665714750,206416
1893,python (8660),Compute Command 0,11665908791,10709
1894,python (8660),Command Buffer 0,11665923458,215917
1895,python (8660),Compute Command 0,11666126375,11416
1896,python (8660),Command Buffer 0,11666141500,215875
1897,python (8660),Compute Command 0,11666344458,11208
1898,python (8660),Command Buffer 0,11666359583,221292
1899,python (8660),Compute Command 0,11666567958,11292
1900,python (8660),Command Buffer 0,11666583000,214000
1901,python (8660),Compute Command 0,11666784291,11084
1902,python (8660),Command Buffer 0,11666799041,216792
1903,python (8660),Compute Command 0,11667002958,11250
1904,python (8660),Command Buffer 0,11667017916,233167
1905,python (8660),Compute Command 0,11667238083,11375
1906,python (8660),Command Buffer 0,11667253125,216250
1907,python (8660),Compute Command 0,11667456666,11125
1908,python (8660),Command Buffer 0,11667471458,219083
1909,python (8660),Compute Command 0,11667677500,11416
1910,python (8660),Command Buffer 0,11667692666,214500
1911,python (8660),Compute Command 0,11667894583,10958
1912,python (8660),Command Buffer 0,11667909250,206166
1913,python (8660),Compute Command 0,11668101833,11958
1914,python (8660),Command Buffer 0,11668117750,218500
1915,python (8660),Compute Command 0,11668323125,11500
1916,python (8660),Command Buffer 0,11668338333,221583
1917,python (8660),Compute Command 0,11668546041,12292
1918,python (8660),Command Buffer 0,11668562041,202125
1919,python (8660),Compute Command 0,11668746000,15541
1920,python (8660),Command Buffer 0,11668767208,201042
1921,python (8660),Compute Command 0,11668951291,14584
1922,python (8660),Command Buffer 0,11668971166,206667
1923,python (8660),Compute Command 0,11669160416,15042
1924,python (8660),Command Buffer 0,11669180583,205833
1925,python (8660),Compute Command 0,11669368458,15625
1926,python (8660),Command Buffer 0,11669389333,208583
1927,python (8660),Compute Command 0,11669580375,15208
1928,python (8660),Command Buffer 0,11669600750,211708
1929,python (8660),Compute Command 0,11669795250,14833
1930,python (8660),Command Buffer 0,11669815000,206291
1931,python (8660),Compute Command 0,11670007166,12500
1932,python (8660),Command Buffer 0,11670023375,207166
1933,python (8660),Compute Command 0,11670216250,12708
1934,python (8660),Command Buffer 0,11670232541,201000
1935,python (8660),Compute Command 0,11670419416,12417
1936,python (8660),Command Buffer 0,11670435833,218750
1937,python (8660),Compute Command 0,11670640500,12375
1938,python (8660),Command Buffer 0,11670657000,198125
1939,python (8660),Compute Command 0,11670841958,11542
1940,python (8660),Command Buffer 0,11670857208,215958
1941,python (8660),Compute Command 0,11671059666,11917
1942,python (8660),Command Buffer 0,11671075250,216875
1943,python (8660),Compute Command 0,11671278500,12000
1944,python (8660),Command Buffer 0,11671294166,225667
1945,python (8660),Compute Command 0,11671505875,12333
1946,python (8660),Command Buffer 0,11671521958,230417
1947,python (8660),Compute Command 0,11671738208,12542
1948,python (8660),Command Buffer 0,11671754500,215708
1949,python (8660),Compute Command 0,11671956291,12000
1950,python (8660),Command Buffer 0,11671972416,224834
1951,python (8660),Compute Command 0,11672183333,12333
1952,python (8660),Command Buffer 0,11672199125,204875
1953,python (8660),Compute Command 0,11672390458,11875
1954,python (8660),Command Buffer 0,11672406583,222708
1955,python (8660),Compute Command 0,11672616291,11375
1956,python (8660),Command Buffer 0,11672631416,376500
1957,python (8660),Compute Command 0,11672994416,11875
1958,python (8660),Command Buffer 0,11673010125,217875
1959,python (8660),Compute Command 0,11673214166,12250
1960,python (8660),Command Buffer 0,11673230041,219417
1961,python (8660),Compute Command 0,11673435583,12250
1962,python (8660),Command Buffer 0,11673451500,215500
1963,python (8660),Compute Command 0,11673652958,12417
1964,python (8660),Command Buffer 0,11673669416,215375
1965,python (8660),Compute Command 0,11673870333,12833
1966,python (8660),Command Buffer 0,11673886833,217625
1967,python (8660),Compute Command 0,11674089583,13208
1968,python (8660),Command Buffer 0,11674106625,215291
1969,python (8660),Compute Command 0,11674307000,13166
1970,python (8660),Command Buffer 0,11674323833,214583
1971,python (8660),Compute Command 0,11674524083,12708
1972,python (8660),Command Buffer 0,11674540541,204667
1973,python (8660),Compute Command 0,11674731666,11917
1974,python (8660),Command Buffer 0,11674747250,217416
1975,python (8660),Compute Command 0,11674950208,12833
1976,python (8660),Command Buffer 0,11674966791,216959
1977,python (8660),Compute Command 0,11675169625,12500
1978,python (8660),Command Buffer 0,11675185708,221125
1979,python (8660),Compute Command 0,11675393166,12042
1980,python (8660),Command Buffer 0,11675408875,226166
1981,python (8660),Compute Command 0,11675621666,11750
1982,python (8660),Command Buffer 0,11675637083,219458
1983,python (8660),Compute Command 0,11675842500,12375
1984,python (8660),Command Buffer 0,11675858583,215833
1985,python (8660),Compute Command 0,11676060791,12000
1986,python (8660),Command Buffer 0,11676076541,225542
1987,python (8660),Compute Command 0,11676287666,12792
1988,python (8660),Command Buffer 0,11676304083,215292
1989,python (8660),Compute Command 0,11676503791,13542
1990,python (8660),Command Buffer 0,11676521750,213375
1991,python (8660),Compute Command 0,11676720958,12542
1992,python (8660),Command Buffer 0,11676737125,202083
1993,python (8660),Compute Command 0,11676927416,10084
1994,python (8660),Command Buffer 0,11676941000,205375
1995,python (8660),Compute Command 0,11677132250,12500
1996,python (8660),Command Buffer 0,11677148458,214750
1997,python (8660),Compute Command 0,11677350125,11458
1998,python (8660),Command Buffer 0,11677365166,220709
1999,python (8660),Compute Command 0,11677571583,12667
2000,python (8660),Command Buffer 0,11677587916,219584
2001,python (8660),Compute Command 0,11677792875,12958
2002,python (8660),Command Buffer 0,11677809500,216583
2003,python (8660),Compute Command 0,11678011625,12875
2004,python (8660),Command Buffer 0,11678028208,214625
2005,python (8660),Compute Command 0,11678228958,12208
2006,python (8660),Command Buffer 0,11678245291,217500
2007,python (8660),Compute Command 0,11678448250,12958
2008,python (8660),Command Buffer 0,11678464833,206500
2009,python (8660),Compute Command 0,11678659708,9875
2010,python (8660),Command Buffer 0,11678674916,221709
2011,python (8660),Compute Command 0,11678882125,12708
2012,python (8660),Command Buffer 0,11678898750,208250
2013,python (8660),Compute Command 0,11679093458,11958
2014,python (8660),Command Buffer 0,11679109208,222125
2015,python (8660),Compute Command 0,11679317625,12041
2016,python (8660),Command Buffer 0,11679333375,220750
2017,python (8660),Compute Command 0,11679539833,12667
2018,python (8660),Command Buffer 0,11679556083,219708
2019,python (8660),Compute Command 0,11679761708,12417
2020,python (8660),Command Buffer 0,11679777875,213791
2021,python (8660),Compute Command 0,11679977625,12416
2022,python (8660),Command Buffer 0,11679993708,220000
2023,python (8660),Compute Command 0,11680199041,13042
2024,python (8660),Command Buffer 0,11680215791,216000
2025,python (8660),Compute Command 0,11680417291,12834
2026,python (8660),Command Buffer 0,11680433833,214708
2027,python (8660),Compute Command 0,11680634166,12792
2028,python (8660),Command Buffer 0,11680650541,219625
2029,python (8660),Compute Command 0,11680856041,12459
2030,python (8660),Command Buffer 0,11680872250,216750
2031,python (8660),Compute Command 0,11681076250,10958
2032,python (8660),Command Buffer 0,11681091375,349625
2033,python (8660),Compute Command 0,11681427166,12167
2034,python (8660),Command Buffer 0,11681443000,220041
2035,python (8660),Compute Command 0,11681648750,12625
2036,python (8660),Command Buffer 0,11681665041,217709
2037,python (8660),Compute Command 0,11681868208,12958
2038,python (8660),Command Buffer 0,11681884833,220333
2039,python (8660),Compute Command 0,11682091041,12459
2040,python (8660),Command Buffer 0,11682107375,222125
2041,python (8660),Compute Command 0,11682315291,12542
2042,python (8660),Command Buffer 0,11682331666,214667
2043,python (8660),Compute Command 0,11682531875,12875
2044,python (8660),Command Buffer 0,11682548333,214917
2045,python (8660),Compute Command 0,11682748750,12791
2046,python (8660),Command Buffer 0,11682765291,216917
2047,python (8660),Compute Command 0,11682967666,12959
2048,python (8660),Command Buffer 0,11682984375,218375
2049,python (8660),Compute Command 0,11683188458,12625
2050,python (8660),Command Buffer 0,11683205041,192959
2051,python (8660),Compute Command 0,11683384250,11541
2052,python (8660),Command Buffer 0,11683400458,225458
2053,python (8660),Compute Command 0,11683611708,12667
2054,python (8660),Command Buffer 0,11683628041,227167
2055,python (8660),Compute Command 0,11683841041,12500
2056,python (8660),Command Buffer 0,11683857291,220000
2057,python (8660),Compute Command 0,11684063833,11833
2058,python (8660),Command Buffer 0,11684079333,218167
2059,python (8660),Compute Command 0,11684283375,12500
2060,python (8660),Command Buffer 0,11684299541,221500
2061,python (8660),Compute Command 0,11684508791,10625
2062,python (8660),Command Buffer 0,11684523208,214167
2063,python (8660),Compute Command 0,11684722708,13042
2064,python (8660),Command Buffer 0,11684739416,218042
2065,python (8660),Compute Command 0,11684942916,12917
2066,python (8660),Command Buffer 0,11684959541,219042
2067,python (8660),Compute Command 0,11685164083,12875
2068,python (8660),Command Buffer 0,11685180750,208375
2069,python (8660),Compute Command 0,11685375250,12250
2070,python (8660),Command Buffer 0,11685391208,214833
2071,python (8660),Compute Command 0,11685591500,12916
2072,python (8660),Command Buffer 0,11685608250,226458
2073,python (8660),Compute Command 0,11685822875,10125
2074,python (8660),Command Buffer 0,11685836958,231417
2075,python (8660),Compute Command 0,11686053916,12875
2076,python (8660),Command Buffer 0,11686070458,231167
2077,python (8660),Compute Command 0,11686287458,12500
2078,python (8660),Command Buffer 0,11686303750,219875
2079,python (8660),Compute Command 0,11686509000,13041
2080,python (8660),Command Buffer 0,11686525666,219250
2081,python (8660),Compute Command 0,11686730041,13000
2082,python (8660),Command Buffer 0,11686747000,195291
2083,python (8660),Compute Command 0,11686928541,12084
2084,python (8660),Command Buffer 0,11686944583,189333
2085,python (8660),Compute Command 0,11687116875,14833
2086,python (8660),Command Buffer 0,11687136250,196791
2087,python (8660),Compute Command 0,11687314750,15500
2088,python (8660),Command Buffer 0,11687335958,215208
2089,python (8660),Compute Command 0,11687536083,13208
2090,python (8660),Command Buffer 0,11687553291,211375
2091,python (8660),Compute Command 0,11687750833,12167
2092,python (8660),Command Buffer 0,11687766750,224125
2093,python (8660),Compute Command 0,11687977583,11625
2094,python (8660),Command Buffer 0,11687993000,223416
2095,python (8660),Compute Command 0,11688202875,11791
2096,python (8660),Command Buffer 0,11688218583,219833
2097,python (8660),Compute Command 0,11688425000,11750
2098,python (8660),Command Buffer 0,11688440416,222250
2099,python (8660),Compute Command 0,11688649791,11250
2100,python (8660),Command Buffer 0,11688664958,218417
2101,python (8660),Compute Command 0,11688869625,12125
2102,python (8660),Command Buffer 0,11688885500,215708
2103,python (8660),Compute Command 0,11689086666,12917
2104,python (8660),Command Buffer 0,11689103291,218417
2105,python (8660),Compute Command 0,11689306958,13042
2106,python (8660),Command Buffer 0,11689323750,399958
2107,python (8660),Compute Command 0,11689709000,13083
2108,python (8660),Command Buffer 0,11689725791,221250
2109,python (8660),Compute Command 0,11689932041,13375
2110,python (8660),Command Buffer 0,11689949208,197208
2111,python (8660),Compute Command 0,11690134625,10166
2112,python (8660),Command Buffer 0,11690148375,190708
2113,python (8660),Compute Command 0,11690325041,12459
2114,python (8660),Command Buffer 0,11690340916,186750
2115,python (8660),Compute Command 0,11690513500,12500
2116,python (8660),Command Buffer 0,11690529708,186792
2117,python (8660),Compute Command 0,11690702458,12333
2118,python (8660),Command Buffer 0,11690718375,186333
2119,python (8660),Compute Command 0,11690890416,12625
2120,python (8660),Command Buffer 0,11690906500,199166
2121,python (8660),Compute Command 0,11691090875,12750
2122,python (8660),Command Buffer 0,11691108083,227625
2123,python (8660),Compute Command 0,11691321625,12208
2124,python (8660),Command Buffer 0,11691337625,194875
2125,python (8660),Compute Command 0,11691518875,12041
2126,python (8660),Command Buffer 0,11691534458,191458
2127,python (8660),Compute Command 0,11691710916,13334
2128,python (8660),Command Buffer 0,11691727958,216500
2129,python (8660),Compute Command 0,11691929833,13042
2130,python (8660),Command Buffer 0,11691946416,220417
2131,python (8660),Compute Command 0,11692152291,12542
2132,python (8660),Command Buffer 0,11692169500,228750
2133,python (8660),Compute Command 0,11692384875,11708
2134,python (8660),Command Buffer 0,11692400416,224750
2135,python (8660),Compute Command 0,11692610708,12708
2136,python (8660),Command Buffer 0,11692627291,221542
2137,python (8660),Compute Command 0,11692834708,12417
2138,python (8660),Command Buffer 0,11692850916,222459
2139,python (8660),Compute Command 0,11693059125,12666
2140,python (8660),Command Buffer 0,11693075416,217417
2141,python (8660),Compute Command 0,11693278958,12208
2142,python (8660),Command Buffer 0,11693294958,217500
2143,python (8660),Compute Command 0,11693497625,12916
2144,python (8660),Command Buffer 0,11693514708,209250
2145,python (8660),Compute Command 0,11693709000,13333
2146,python (8660),Command Buffer 0,11693725958,218917
2147,python (8660),Compute Command 0,11693930041,13000
2148,python (8660),Command Buffer 0,11693946833,218208
2149,python (8660),Compute Command 0,11694150458,12875
2150,python (8660),Command Buffer 0,11694167125,211000
2151,python (8660),Compute Command 0,11694363875,12666
2152,python (8660),Command Buffer 0,11694380166,222417
2153,python (8660),Compute Command 0,11694588875,12000
2154,python (8660),Command Buffer 0,11694604708,219167
2155,python (8660),Compute Command 0,11694809916,12292
2156,python (8660),Command Buffer 0,11694826125,221833
2157,python (8660),Compute Command 0,11695033750,12541
2158,python (8660),Command Buffer 0,11695050208,219125
2159,python (8660),Compute Command 0,11695254958,12708
2160,python (8660),Command Buffer 0,11695271500,207333
2161,python (8660),Compute Command 0,11695464000,13208
2162,python (8660),Command Buffer 0,11695480875,216166
2163,python (8660),Compute Command 0,11695682291,13125
2164,python (8660),Command Buffer 0,11695699166,204250
2165,python (8660),Compute Command 0,11695889291,12500
2166,python (8660),Command Buffer 0,11695905666,218750
2167,python (8660),Compute Command 0,11696109791,13000
2168,python (8660),Command Buffer 0,11696126500,222708
2169,python (8660),Compute Command 0,11696334416,13125
2170,python (8660),Command Buffer 0,11696351333,211875
2171,python (8660),Compute Command 0,11696548750,12791
2172,python (8660),Command Buffer 0,11696565375,218208
2173,python (8660),Compute Command 0,11696769125,12833
2174,python (8660),Command Buffer 0,11696785791,231459
2175,python (8660),Compute Command 0,11697002791,12917
2176,python (8660),Command Buffer 0,11697019416,225834
2177,python (8660),Compute Command 0,11697231125,12458
2178,python (8660),Command Buffer 0,11697247375,225583
2179,python (8660),Compute Command 0,11697459291,12000
2180,python (8660),Command Buffer 0,11697475041,218709
2181,python (8660),Compute Command 0,11697679500,12666
2182,python (8660),Command Buffer 0,11697695833,395375
2183,python (8660),Compute Command 0,11698076375,13000
2184,python (8660),Command Buffer 0,11698093208,218000
2185,python (8660),Compute Command 0,11698296416,12959
2186,python (8660),Command Buffer 0,11698313291,217375
2187,python (8660),Compute Command 0,11698516041,13042
2188,python (8660),Command Buffer 0,11698532750,211416
2189,python (8660),Compute Command 0,11698730291,12250
2190,python (8660),Command Buffer 0,11698746291,220375
2191,python (8660),Compute Command 0,11698952541,12500
2192,python (8660),Command Buffer 0,11698968583,223667
2193,python (8660),Compute Command 0,11699177208,13375
2194,python (8660),Command Buffer 0,11699194416,220792
2195,python (8660),Compute Command 0,11699401000,12541
2196,python (8660),Command Buffer 0,11699417208,222375
2197,python (8660),Compute Command 0,11699626458,11500
2198,python (8660),Command Buffer 0,11699641666,219417
2199,python (8660),Compute Command 0,11699846125,13041
2200,python (8660),Command Buffer 0,11699863083,217542
2201,python (8660),Compute Command 0,11700065875,12958
2202,python (8660),Command Buffer 0,11700082916,217209
2203,python (8660),Compute Command 0,11700286166,12292
2204,python (8660),Command Buffer 0,11700302291,217917
2205,python (8660),Compute Command 0,11700505708,12875
2206,python (8660),Command Buffer 0,11700522250,219000
2207,python (8660),Compute Command 0,11700726375,13125
2208,python (8660),Command Buffer 0,11700743333,209958
2209,python (8660),Compute Command 0,11700939708,12000
2210,python (8660),Command Buffer 0,11700955250,219208
2211,python (8660),Compute Command 0,11701160083,12792
2212,python (8660),Command Buffer 0,11701176583,222417
2213,python (8660),Compute Command 0,11701384666,12709
2214,python (8660),Command Buffer 0,11701401000,218541
2215,python (8660),Compute Command 0,11701605291,12625
2216,python (8660),Command Buffer 0,11701621708,221333
2217,python (8660),Compute Command 0,11701828916,12459
2218,python (8660),Command Buffer 0,11701845166,195209
2219,python (8660),Compute Command 0,11702026583,12208
2220,python (8660),Command Buffer 0,11702042583,219042
2221,python (8660),Compute Command 0,11702246875,13125
2222,python (8660),Command Buffer 0,11702263625,220125
2223,python (8660),Compute Command 0,11702469000,12958
2224,python (8660),Command Buffer 0,11702485791,226500
2225,python (8660),Compute Command 0,11702697625,12958
2226,python (8660),Command Buffer 0,11702714458,229750
2227,python (8660),Compute Command 0,11702929625,13000
2228,python (8660),Command Buffer 0,11702946291,203084
2229,python (8660),Compute Command 0,11703135833,11917
2230,python (8660),Command Buffer 0,11703151500,218208
2231,python (8660),Compute Command 0,11703355125,12833
2232,python (8660),Command Buffer 0,11703371750,220333
2233,python (8660),Compute Command 0,11703577875,12583
2234,python (8660),Command Buffer 0,11703594125,213333
2235,python (8660),Compute Command 0,11703793083,12792
2236,python (8660),Command Buffer 0,11703809583,218792
2237,python (8660),Compute Command 0,11704013791,12959
2238,python (8660),Command Buffer 0,11704030458,223917
2239,python (8660),Compute Command 0,11704239458,13292
2240,python (8660),Command Buffer 0,11704256458,218042
2241,python (8660),Compute Command 0,11704459833,13042
2242,python (8660),Command Buffer 0,11704476625,224666
2243,python (8660),Compute Command 0,11704686666,12875
2244,python (8660),Command Buffer 0,11704703333,228500
2245,python (8660),Compute Command 0,11704917000,12958
2246,python (8660),Command Buffer 0,11704933875,216958
2247,python (8660),Compute Command 0,11705136166,13000
2248,python (8660),Command Buffer 0,11705152916,211875
2249,python (8660),Compute Command 0,11705350958,11958
2250,python (8660),Command Buffer 0,11705367208,218750
2251,python (8660),Compute Command 0,11705571750,12500
2252,python (8660),Command Buffer 0,11705588166,217250
2253,python (8660),Compute Command 0,11705792250,11541
2254,python (8660),Command Buffer 0,11705807458,220750
2255,python (8660),Compute Command 0,11706013458,13083
2256,python (8660),Command Buffer 0,11706030250,370666
2257,python (8660),Compute Command 0,11706386791,12542
2258,python (8660),Command Buffer 0,11706402833,220625
2259,python (8660),Compute Command 0,11706608500,13333
2260,python (8660),Command Buffer 0,11706625625,217583
2261,python (8660),Compute Command 0,11706828458,13000
2262,python (8660),Command Buffer 0,11706845291,217667
2263,python (8660),Compute Command 0,11707048041,13125
2264,python (8660),Command Buffer 0,11707065125,226416
2265,python (8660),Compute Command 0,11707277625,12250
2266,python (8660),Command Buffer 0,11707293666,211834
2267,python (8660),Compute Command 0,11707491625,12125
2268,python (8660),Command Buffer 0,11707507625,229500
2269,python (8660),Compute Command 0,11707723125,12416
2270,python (8660),Command Buffer 0,11707739333,224875
2271,python (8660),Compute Command 0,11707950916,11625
2272,python (8660),Command Buffer 0,11707966208,223417
2273,python (8660),Compute Command 0,11708175666,12292
2274,python (8660),Command Buffer 0,11708191791,208542
2275,python (8660),Compute Command 0,11708386750,11916
2276,python (8660),Command Buffer 0,11708402375,217875
2277,python (8660),Compute Command 0,11708606583,12042
2278,python (8660),Command Buffer 0,11708622458,218708
2279,python (8660),Compute Command 0,11708826291,13209
2280,python (8660),Command Buffer 0,11708843250,218041
2281,python (8660),Compute Command 0,11709047291,12334
2282,python (8660),Command Buffer 0,11709063583,227958
2283,python (8660),Compute Command 0,11709276708,13000
2284,python (8660),Command Buffer 0,11709293750,216916
2285,python (8660),Compute Command 0,11709496708,12333
2286,python (8660),Command Buffer 0,11709512833,209500
2287,python (8660),Compute Command 0,11709707666,13042
2288,python (8660),Command Buffer 0,11709724458,230583
2289,python (8660),Compute Command 0,11709941041,12334
2290,python (8660),Command Buffer 0,11709957166,222417
2291,python (8660),Compute Command 0,11710165458,12500
2292,python (8660),Command Buffer 0,11710181583,213417
2293,python (8660),Compute Command 0,11710383250,10083
2294,python (8660),Command Buffer 0,11710396958,231667
2295,python (8660),Compute Command 0,11710614583,12458
2296,python (8660),Command Buffer 0,11710630708,220375
2297,python (8660),Compute Command 0,11710836208,13250
2298,python (8660),Command Buffer 0,11710853291,219834
2299,python (8660),Compute Command 0,11711058625,12875
2300,python (8660),Command Buffer 0,11711075250,215708
2301,python (8660),Compute Command 0,11711276625,12708
2302,python (8660),Command Buffer 0,11711293125,221458
2303,python (8660),Compute Command 0,11711499958,13000
2304,python (8660),Command Buffer 0,11711516750,217750
2305,python (8660),Compute Command 0,11711719833,13000
2306,python (8660),Command Buffer 0,11711736791,195917
2307,python (8660),Compute Command 0,11711917875,12541
2308,python (8660),Command Buffer 0,11711935416,209334
2309,python (8660),Compute Command 0,11712130000,12916
2310,python (8660),Command Buffer 0,11712146916,225834
2311,python (8660),Compute Command 0,11712358458,12667
2312,python (8660),Command Buffer 0,11712374875,218791
2313,python (8660),Compute Command 0,11712579250,12833
2314,python (8660),Command Buffer 0,11712595875,218458
2315,python (8660),Compute Command 0,11712799708,12958
2316,python (8660),Command Buffer 0,11712816375,214208
2317,python (8660),Compute Command 0,11713016500,12416
2318,python (8660),Command Buffer 0,11713033125,217875
2319,python (8660),Compute Command 0,11713236125,13083
2320,python (8660),Command Buffer 0,11713253041,221000
2321,python (8660),Compute Command 0,11713459500,12750
2322,python (8660),Command Buffer 0,11713476000,217666
2323,python (8660),Compute Command 0,11713678875,13166
2324,python (8660),Command Buffer 0,11713695666,218292
2325,python (8660),Compute Command 0,11713899250,13041
2326,python (8660),Command Buffer 0,11713916000,194625
2327,python (8660),Compute Command 0,11714096000,12958
2328,python (8660),Command Buffer 0,11714112625,231041
2329,python (8660),Compute Command 0,11714329458,12542
2330,python (8660),Command Buffer 0,11714345708,389042
2331,python (8660),Compute Command 0,11714720708,12417
2332,python (8660),Command Buffer 0,11714736750,235125
2333,python (8660),Compute Command 0,11714957583,12625
2334,python (8660),Command Buffer 0,11714974041,229584
2335,python (8660),Compute Command 0,11715189333,12625
2336,python (8660),Command Buffer 0,11715205750,218916
2337,python (8660),Compute Command 0,11715410916,12125
2338,python (8660),Command Buffer 0,11715426916,230209
2339,python (8660),Compute Command 0,11715642500,12833
2340,python (8660),Command Buffer 0,11715659208,217250
2341,python (8660),Compute Command 0,11715861750,13041
2342,python (8660),Command Buffer 0,11715878583,220083
2343,python (8660),Compute Command 0,11716083833,13208
2344,python (8660),Command Buffer 0,11716100708,204667
2345,python (8660),Compute Command 0,11716291791,11959
2346,python (8660),Command Buffer 0,11716307500,222583
2347,python (8660),Compute Command 0,11716515458,13000
2348,python (8660),Command Buffer 0,11716532041,218709
2349,python (8660),Compute Command 0,11716736458,12667
2350,python (8660),Command Buffer 0,11716752791,221584
2351,python (8660),Compute Command 0,11716960125,12625
2352,python (8660),Command Buffer 0,11716976458,224000
2353,python (8660),Compute Command 0,11717185583,13292
2354,python (8660),Command Buffer 0,11717202541,220209
2355,python (8660),Compute Command 0,11717408208,12917
2356,python (8660),Command Buffer 0,11717424916,216209
2357,python (8660),Compute Command 0,11717626458,12875
2358,python (8660),Command Buffer 0,11717643291,217750
2359,python (8660),Compute Command 0,11717846250,13166
2360,python (8660),Command Buffer 0,11717863125,218166
2361,python (8660),Compute Command 0,11718066708,13000
2362,python (8660),Command Buffer 0,11718083375,219750
2363,python (8660),Compute Command 0,11718288458,13042
2364,python (8660),Command Buffer 0,11718305250,197750
2365,python (8660),Compute Command 0,11718488500,12375
2366,python (8660),Command Buffer 0,11718505500,201500
2367,python (8660),Compute Command 0,11718688375,16083
2368,python (8660),Command Buffer 0,11718709833,217333
2369,python (8660),Compute Command 0,11718909375,15375
2370,python (8660),Command Buffer 0,11718929916,213667
2371,python (8660),Compute Command 0,11719126458,14750
2372,python (8660),Command Buffer 0,11719146416,212834
2373,python (8660),Compute Command 0,11719341250,15666
2374,python (8660),Command Buffer 0,11719362000,204000
2375,python (8660),Compute Command 0,11719548625,15041
2376,python (8660),Command Buffer 0,11719568833,206083
2377,python (8660),Compute Command 0,11719758375,14208
2378,python (8660),Command Buffer 0,11719778250,221208
2379,python (8660),Compute Command 0,11719980125,16666
2380,python (8660),Command Buffer 0,11720002125,204916
2381,python (8660),Compute Command 0,11720188541,15917
2382,python (8660),Command Buffer 0,11720210125,206250
2383,python (8660),Compute Command 0,11720399416,14959
2384,python (8660),Command Buffer 0,11720418958,207958
2385,python (8660),Compute Command 0,11720609250,15375
2386,python (8660),Command Buffer 0,11720629500,194125
2387,python (8660),Compute Command 0,11720806958,14292
2388,python (8660),Command Buffer 0,11720826958,209708
2389,python (8660),Compute Command 0,11721019083,15208
2390,python (8660),Command Buffer 0,11721039333,204458
2391,python (8660),Compute Command 0,11721221291,19959
2392,python (8660),Command Buffer 0,11721246166,203042
2393,python (8660),Compute Command 0,11721431791,15125
2394,python (8660),Command Buffer 0,11721451916,208917
2395,python (8660),Compute Command 0,11721643625,14916
2396,python (8660),Command Buffer 0,11721664041,202667
2397,python (8660),Compute Command 0,11721850625,13708
2398,python (8660),Command Buffer 0,11721869791,202375
2399,python (8660),Compute Command 0,11722055041,14875
2400,python (8660),Command Buffer 0,11722075250,203250
2401,python (8660),Compute Command 0,11722261083,15000
2402,python (8660),Command Buffer 0,11722281458,206292
2403,python (8660),Compute Command 0,11722470250,15291
2404,python (8660),Command Buffer 0,11722490541,208750
2405,python (8660),Compute Command 0,11722681958,15042
2406,python (8660),Command Buffer 0,11722702375,368375
2407,python (8660),Compute Command 0,11723054250,14166
2408,python (8660),Command Buffer 0,11723073333,207167
2409,python (8660),Compute Command 0,11723264416,13667
2410,python (8660),Command Buffer 0,11723283416,192417
2411,python (8660),Compute Command 0,11723458541,15125
2412,python (8660),Command Buffer 0,11723478583,186375
2413,python (8660),Compute Command 0,11723648708,14292
2414,python (8660),Command Buffer 0,11723667166,192084
2415,python (8660),Compute Command 0,11723844291,13000
2416,python (8660),Command Buffer 0,11723862666,196959
2417,python (8660),Compute Command 0,11724042833,14833
2418,python (8660),Command Buffer 0,11724062666,204209
2419,python (8660),Compute Command 0,11724249708,14333
2420,python (8660),Command Buffer 0,11724270416,193334
2421,python (8660),Compute Command 0,11724447875,13708
2422,python (8660),Command Buffer 0,11724466958,181250
2423,python (8660),Compute Command 0,11724633375,12833
2424,python (8660),Command Buffer 0,11724650750,185625
2425,python (8660),Compute Command 0,11724820458,13958
2426,python (8660),Command Buffer 0,11724838791,186834
2427,python (8660),Compute Command 0,11725008625,15083
2428,python (8660),Command Buffer 0,11725028666,185292
2429,python (8660),Compute Command 0,11725199000,12916
2430,python (8660),Command Buffer 0,11725216541,191209
2431,python (8660),Compute Command 0,11725391458,13958
2432,python (8660),Command Buffer 0,11725410625,182416
2433,python (8660),Compute Command 0,11725577958,12792
2434,python (8660),Command Buffer 0,11725596458,190125
2435,python (8660),Compute Command 0,11725770708,13958
2436,python (8660),Command Buffer 0,11725789500,191833
2437,python (8660),Compute Command 0,11725966125,13125
2438,python (8660),Command Buffer 0,11725985083,191333
2439,python (8660),Compute Command 0,11726161583,12667
2440,python (8660),Command Buffer 0,11726179208,191208
2441,python (8660),Compute Command 0,11726355791,12584
2442,python (8660),Command Buffer 0,11726373125,191958
2443,python (8660),Compute Command 0,11726549791,13167
2444,python (8660),Command Buffer 0,11726568000,184541
2445,python (8660),Compute Command 0,11726738125,12375
2446,python (8660),Command Buffer 0,11726754541,187250
2447,python (8660),Compute Command 0,11726924166,15542
2448,python (8660),Command Buffer 0,11726944333,179875
2449,python (8660),Compute Command 0,11727109500,12625
2450,python (8660),Command Buffer 0,11727126583,189000
2451,python (8660),Compute Command 0,11727299708,13583
2452,python (8660),Command Buffer 0,11727319333,185375
2453,python (8660),Compute Command 0,11727489583,13000
2454,python (8660),Command Buffer 0,11727507208,185125
2455,python (8660),Compute Command 0,11727677375,12916
2456,python (8660),Command Buffer 0,11727694958,199792
2457,python (8660),Compute Command 0,11727879333,13333
2458,python (8660),Command Buffer 0,11727897541,200417
2459,python (8660),Compute Command 0,11728083208,12500
2460,python (8660),Command Buffer 0,11728103958,191750
2461,python (8660),Compute Command 0,11728278166,15334
2462,python (8660),Command Buffer 0,11728298708,194167
2463,python (8660),Compute Command 0,11728478541,12417
2464,python (8660),Command Buffer 0,11728495250,191833
2465,python (8660),Compute Command 0,11728666541,17334
2466,python (8660),Command Buffer 0,11728690583,219458
2467,python (8660),Compute Command 0,11728887791,19292
2468,python (8660),Command Buffer 0,11728913958,206333
2469,python (8660),Compute Command 0,11729103208,14792
2470,python (8660),Command Buffer 0,11729123166,188292
2471,python (8660),Compute Command 0,11729296041,13250
2472,python (8660),Command Buffer 0,11729314375,184916
2473,python (8660),Compute Command 0,11729483333,13833
2474,python (8660),Command Buffer 0,11729501958,190708
2475,python (8660),Compute Command 0,11729677416,13250
2476,python (8660),Command Buffer 0,11729695791,206167
2477,python (8660),Compute Command 0,11729886666,13084
2478,python (8660),Command Buffer 0,11729904750,194041
2479,python (8660),Compute Command 0,11730082916,13667
2480,python (8660),Command Buffer 0,11730101208,195708
2481,python (8660),Compute Command 0,11730282500,12375
2482,python (8660),Command Buffer 0,11730299458,187167
2483,python (8660),Compute Command 0,11730471416,13084
2484,python (8660),Command Buffer 0,11730489125,197708
2485,python (8660),Compute Command 0,11730669583,14917
2486,python (8660),Command Buffer 0,11730690041,203459
2487,python (8660),Compute Command 0,11730876291,15167
2488,python (8660),Command Buffer 0,11730896083,202542
2489,python (8660),Compute Command 0,11731083750,12833
2490,python (8660),Command Buffer 0,11731101458,317833
2491,python (8660),Compute Command 0,11731403750,13291
2492,python (8660),Command Buffer 0,11731422250,194083
2493,python (8660),Compute Command 0,11731600958,13292
2494,python (8660),Command Buffer 0,11731619416,196292
2495,python (8660),Compute Command 0,11731801041,12709
2496,python (8660),Command Buffer 0,11731818333,188500
2497,python (8660),Compute Command 0,11731991916,12792
2498,python (8660),Command Buffer 0,11732009708,194250
2499,python (8660),Compute Command 0,11732189000,12916
2500,python (8660),Command Buffer 0,11732206458,192792
2501,python (8660),Compute Command 0,11732384666,12667
2502,python (8660),Command Buffer 0,11732401416,188167
2503,python (8660),Compute Command 0,11732574750,12833
2504,python (8660),Command Buffer 0,11732591666,241417
2505,python (8660),Compute Command 0,11732817083,13708
2506,python (8660),Command Buffer 0,11732836208,205292
2507,python (8660),Compute Command 0,11733026833,12708
2508,python (8660),Command Buffer 0,11733043666,192417
2509,python (8660),Compute Command 0,11733221291,12792
2510,python (8660),Command Buffer 0,11733238666,192334
2511,python (8660),Compute Command 0,11733415125,13708
2512,python (8660),Command Buffer 0,11733433625,185166
2513,python (8660),Compute Command 0,11733604875,11791
2514,python (8660),Command Buffer 0,11733620875,184708
2515,python (8660),Compute Command 0,11733791166,12250
2516,python (8660),Command Buffer 0,11733808458,176083
2517,python (8660),Compute Command 0,11733969791,12792
2518,python (8660),Command Buffer 0,11733987333,180083
2519,python (8660),Compute Command 0,11734153125,12333
2520,python (8660),Command Buffer 0,11734170333,178875
2521,python (8660),Compute Command 0,11734334958,12333
2522,python (8660),Command Buffer 0,11734351958,199792
2523,python (8660),Compute Command 0,11734538375,11500
2524,python (8660),Command Buffer 0,11734554250,186458
2525,python (8660),Compute Command 0,11734727541,11209
2526,python (8660),Command Buffer 0,11734742916,196667
2527,python (8660),Compute Command 0,11734925625,12041
2528,python (8660),Command Buffer 0,11734941541,201417
2529,python (8660),Compute Command 0,11735127875,13041
2530,python (8660),Command Buffer 0,11735145541,183542
2531,python (8660),Compute Command 0,11735315416,11625
2532,python (8660),Command Buffer 0,11735331625,205250
2533,python (8660),Compute Command 0,11735522291,12709
2534,python (8660),Command Buffer 0,11735539583,200167
2535,python (8660),Compute Command 0,11735725916,12000
2536,python (8660),Command Buffer 0,11735742208,193000
2537,python (8660),Compute Command 0,11735921583,11833
2538,python (8660),Command Buffer 0,11735937666,195209
2539,python (8660),Compute Command 0,11736119333,11667
2540,python (8660),Command Buffer 0,11736135375,197500
2541,python (8660),Compute Command 0,11736319541,11500
2542,python (8660),Command Buffer 0,11736335333,195083
2543,python (8660),Compute Command 0,11736516791,11834
2544,python (8660),Command Buffer 0,11736532791,196875
2545,python (8660),Compute Command 0,11736716250,11166
2546,python (8660),Command Buffer 0,11736731625,194291
2547,python (8660),Compute Command 0,11736912125,11916
2548,python (8660),Command Buffer 0,11736928750,195000
2549,python (8660),Compute Command 0,11737109625,12291
2550,python (8660),Command Buffer 0,11737126375,192250
2551,python (8660),Compute Command 0,11737305500,11291
2552,python (8660),Command Buffer 0,11737321083,200083
2553,python (8660),Compute Command 0,11737507416,12000
2554,python (8660),Command Buffer 0,11737523791,195375
2555,python (8660),Compute Command 0,11737706208,11125
2556,python (8660),Command Buffer 0,11737722000,200583
2557,python (8660),Compute Command 0,11737909375,11375
2558,python (8660),Command Buffer 0,11737924583,198167
2559,python (8660),Compute Command 0,11738109000,11958
2560,python (8660),Command Buffer 0,11738125291,193834
2561,python (8660),Compute Command 0,11738305291,12042
2562,python (8660),Command Buffer 0,11738321708,199958
2563,python (8660),Compute Command 0,11738508041,11834
2564,python (8660),Command Buffer 0,11738524375,201875
2565,python (8660),Compute Command 0,11738712541,11959
2566,python (8660),Command Buffer 0,11738728875,197250
2567,python (8660),Compute Command 0,11738912166,12084
2568,python (8660),Command Buffer 0,11738928833,197208
2569,python (8660),Compute Command 0,11739111458,12625
2570,python (8660),Command Buffer 0,11739128750,191875
2571,python (8660),Compute Command 0,11739307250,11375
2572,python (8660),Command Buffer 0,11739323208,343708
2573,python (8660),Compute Command 0,11739653166,11625
2574,python (8660),Command Buffer 0,11739669250,189208
2575,python (8660),Compute Command 0,11739844208,12417
2576,python (8660),Command Buffer 0,11739861000,192166
2577,python (8660),Compute Command 0,11740040291,11042
2578,python (8660),Command Buffer 0,11740055666,184709
2579,python (8660),Compute Command 0,11740227250,11208
2580,python (8660),Command Buffer 0,11740242166,176917
2581,python (8660),Compute Command 0,11740405791,11375
2582,python (8660),Command Buffer 0,11740421375,192083
2583,python (8660),Compute Command 0,11740599666,11959
2584,python (8660),Command Buffer 0,11740615916,191042
2585,python (8660),Compute Command 0,11740794208,10875
2586,python (8660),Command Buffer 0,11740809375,189041
2587,python (8660),Compute Command 0,11740985125,11500
2588,python (8660),Command Buffer 0,11741000333,195708
2589,python (8660),Compute Command 0,11741182208,12042
2590,python (8660),Command Buffer 0,11741198708,192458
2591,python (8660),Compute Command 0,11741378541,10792
2592,python (8660),Command Buffer 0,11741393750,186250
2593,python (8660),Compute Command 0,11741567000,11166
2594,python (8660),Command Buffer 0,11741581833,192208
2595,python (8660),Compute Command 0,11741761000,11208
2596,python (8660),Command Buffer 0,11741776041,186834
2597,python (8660),Compute Command 0,11741950041,11000
2598,python (8660),Command Buffer 0,11741964750,185833
2599,python (8660),Compute Command 0,11742137708,11042
2600,python (8660),Command Buffer 0,11742152416,192042
2601,python (8660),Compute Command 0,11742331625,11000
2602,python (8660),Command Buffer 0,11742347000,180375
2603,python (8660),Compute Command 0,11742514625,10875
2604,python (8660),Command Buffer 0,11742530083,192958
2605,python (8660),Compute Command 0,11742709500,11750
2606,python (8660),Command Buffer 0,11742725541,195542
2607,python (8660),Compute Command 0,11742907458,11792
2608,python (8660),Command Buffer 0,11742923708,197833
2609,python (8660),Compute Command 0,11743107750,12000
2610,python (8660),Command Buffer 0,11743124166,185250
2611,python (8660),Compute Command 0,11743296208,11333
2612,python (8660),Command Buffer 0,11743311250,191833
2613,python (8660),Compute Command 0,11743489958,11333
2614,python (8660),Command Buffer 0,11743505458,188625
2615,python (8660),Compute Command 0,11743681250,10958
2616,python (8660),Command Buffer 0,11743696125,188375
2617,python (8660),Compute Command 0,11743871708,10958
2618,python (8660),Command Buffer 0,11743886625,190375
2619,python (8660),Compute Command 0,11744064291,10792
2620,python (8660),Command Buffer 0,11744079333,194583
2621,python (8660),Compute Command 0,11744261125,10958
2622,python (8660),Command Buffer 0,11744276541,189292
2623,python (8660),Compute Command 0,11744453125,10875
2624,python (8660),Command Buffer 0,11744468375,191208
2625,python (8660),Compute Command 0,11744646750,11041
2626,python (8660),Command Buffer 0,11744661541,191500
2627,python (8660),Compute Command 0,11744840125,11125
2628,python (8660),Command Buffer 0,11744855333,206458
2629,python (8660),Compute Command 0,11745046625,13166
2630,python (8660),Command Buffer 0,11745064125,199000
2631,python (8660),Compute Command 0,11745248541,12625
2632,python (8660),Command Buffer 0,11745265958,199833
2633,python (8660),Compute Command 0,11745451791,12125
2634,python (8660),Command Buffer 0,11745468541,201667
2635,python (8660),Compute Command 0,11745656208,12125
2636,python (8660),Command Buffer 0,11745672958,191583
2637,python (8660),Compute Command 0,11745851125,11458
2638,python (8660),Command Buffer 0,11745866625,192416
2639,python (8660),Compute Command 0,11746045833,11333
2640,python (8660),Command Buffer 0,11746061041,189042
2641,python (8660),Compute Command 0,11746237208,11042
2642,python (8660),Command Buffer 0,11746252000,190916
2643,python (8660),Compute Command 0,11746429833,11250
2644,python (8660),Command Buffer 0,11746444833,189250
2645,python (8660),Compute Command 0,11746621208,11000
2646,python (8660),Command Buffer 0,11746636166,193917
2647,python (8660),Compute Command 0,11746817166,11084
2648,python (8660),Command Buffer 0,11746832041,190459
2649,python (8660),Compute Command 0,11747007791,12709
2650,python (8660),Command Buffer 0,11747025083,156917
2651,python (8660),Compute Command 0,11747168375,11750
2652,python (8660),Command Buffer 0,11747184416,175667
2653,python (8660),Compute Command 0,11747347000,11041
2654,python (8660),Command Buffer 0,11747362541,194542
2655,python (8660),Compute Command 0,11747540958,13667
2656,python (8660),Command Buffer 0,11747559750,158958
2657,python (8660),Compute Command 0,11747704750,11916
2658,python (8660),Command Buffer 0,11747720958,334250
2659,python (8660),Compute Command 0,11748040833,12417
2660,python (8660),Command Buffer 0,11748057625,156458
2661,python (8660),Compute Command 0,11748200541,11209
2662,python (8660),Command Buffer 0,11748216291,181000
2663,python (8660),Compute Command 0,11748383875,11291
2664,python (8660),Command Buffer 0,11748399458,176500
2665,python (8660),Compute Command 0,11748561916,12167
2666,python (8660),Command Buffer 0,11748578041,174500
2667,python (8660),Compute Command 0,11748739708,10833
2668,python (8660),Command Buffer 0,11748754875,182541
2669,python (8660),Compute Command 0,11748924166,11250
2670,python (8660),Command Buffer 0,11748939583,170708
2671,python (8660),Compute Command 0,11749097041,11250
2672,python (8660),Command Buffer 0,11749112250,184625
2673,python (8660),Compute Command 0,11749282666,12292
2674,python (8660),Command Buffer 0,11749299250,150208
2675,python (8660),Compute Command 0,11749436250,11333
2676,python (8660),Command Buffer 0,11749451791,154375
2677,python (8660),Compute Command 0,11749592916,11292
2678,python (8660),Command Buffer 0,11749608583,172792
2679,python (8660),Compute Command 0,11749767416,12084
2680,python (8660),Command Buffer 0,11749783708,156042
2681,python (8660),Compute Command 0,11749926791,11042
2682,python (8660),Command Buffer 0,11749942083,172083
2683,python (8660),Compute Command 0,11750101125,11166
2684,python (8660),Command Buffer 0,11750116375,161000
2685,python (8660),Compute Command 0,11750264541,10959
2686,python (8660),Command Buffer 0,11750279750,174375
2687,python (8660),Compute Command 0,11750440125,12166
2688,python (8660),Command Buffer 0,11750456125,175166
2689,python (8660),Compute Command 0,11750616083,13250
2690,python (8660),Command Buffer 0,11750633625,168166
2691,python (8660),Compute Command 0,11750788166,11375
2692,python (8660),Command Buffer 0,11750804000,172083
2693,python (8660),Compute Command 0,11750962416,11750
2694,python (8660),Command Buffer 0,11750978333,161250
2695,python (8660),Compute Command 0,11751125833,11542
2696,python (8660),Command Buffer 0,11751141708,172167
2697,python (8660),Compute Command 0,11751300166,11750
2698,python (8660),Command Buffer 0,11751315791,206292
2699,python (8660),Compute Command 0,11751506333,13333
2700,python (8660),Command Buffer 0,11751524541,196834
2701,python (8660),Compute Command 0,11751705666,13417
2702,python (8660),Command Buffer 0,11751723666,193875
2703,python (8660),Compute Command 0,11751901125,14125
2704,python (8660),Command Buffer 0,11751920333,198292
2705,python (8660),Compute Command 0,11752103250,13125
2706,python (8660),Command Buffer 0,11752120916,198375
2707,python (8660),Compute Command 0,11752303666,13292
2708,python (8660),Command Buffer 0,11752321500,193958
2709,python (8660),Compute Command 0,11752499916,13292
2710,python (8660),Command Buffer 0,11752517666,192959
2711,python (8660),Compute Command 0,11752695208,13083
2712,python (8660),Command Buffer 0,11752712833,193250
2713,python (8660),Compute Command 0,11752890708,13125
2714,python (8660),Command Buffer 0,11752908291,184459
2715,python (8660),Compute Command 0,11753076958,13458
2716,python (8660),Command Buffer 0,11753095041,185000
2717,python (8660),Compute Command 0,11753264458,13292
2718,python (8660),Command Buffer 0,11753282375,193875
2719,python (8660),Compute Command 0,11753460666,13292
2720,python (8660),Command Buffer 0,11753478500,188750
2721,python (8660),Compute Command 0,11753651208,13500
2722,python (8660),Command Buffer 0,11753669750,173333
2723,python (8660),Compute Command 0,11753826500,14208
2724,python (8660),Command Buffer 0,11753845625,154125
2725,python (8660),Compute Command 0,11753983166,14125
2726,python (8660),Command Buffer 0,11754002250,150500
2727,python (8660),Compute Command 0,11754136125,14416
2728,python (8660),Command Buffer 0,11754155083,156708
2729,python (8660),Compute Command 0,11754296208,13292
2730,python (8660),Command Buffer 0,11754314625,186708
2731,python (8660),Compute Command 0,11754485958,13083
2732,python (8660),Command Buffer 0,11754503458,195958
2733,python (8660),Compute Command 0,11754683958,13125
2734,python (8660),Command Buffer 0,11754701583,197625
2735,python (8660),Compute Command 0,11754883958,12958
2736,python (8660),Command Buffer 0,11754901333,187542
2737,python (8660),Compute Command 0,11755073291,13375
2738,python (8660),Command Buffer 0,11755091083,193375
2739,python (8660),Compute Command 0,11755268666,13417
2740,python (8660),Command Buffer 0,11755286666,192500
2741,python (8660),Compute Command 0,11755464125,12833
2742,python (8660),Command Buffer 0,11755481333,197250
2743,python (8660),Compute Command 0,11755662958,13208
2744,python (8660),Command Buffer 0,11755680791,186792
2745,python (8660),Compute Command 0,11755852291,13084
2746,python (8660),Command Buffer 0,11755869750,194458
2747,python (8660),Compute Command 0,11756048833,13125
2748,python (8660),Command Buffer 0,11756066416,355834
2749,python (8660),Compute Command 0,11756405916,13709
2750,python (8660),Command Buffer 0,11756424625,199958
2751,python (8660),Compute Command 0,11756607750,14416
2752,python (8660),Command Buffer 0,11756627666,179292
2753,python (8660),Compute Command 0,11756789166,15334
2754,python (8660),Command Buffer 0,11756809333,169500
2755,python (8660),Compute Command 0,11756962291,14042
2756,python (8660),Command Buffer 0,11756981458,158333
2757,python (8660),Compute Command 0,11757122541,14625
2758,python (8660),Command Buffer 0,11757142250,157666
2759,python (8660),Compute Command 0,11757284041,13500
2760,python (8660),Command Buffer 0,11757302583,167417
2761,python (8660),Compute Command 0,11757452166,15375
2762,python (8660),Command Buffer 0,11757473000,154333
2763,python (8660),Compute Command 0,11757608458,16333
2764,python (8660),Command Buffer 0,11757629708,178125
2765,python (8660),Compute Command 0,11757788875,16625
2766,python (8660),Command Buffer 0,11757810375,255291
2767,python (8660),Compute Command 0,11758049625,13666
2768,python (8660),Command Buffer 0,11758068000,178000
2769,python (8660),Compute Command 0,11758228625,15041
2770,python (8660),Command Buffer 0,11758248333,163875
2771,python (8660),Compute Command 0,11758395291,14500
2772,python (8660),Command Buffer 0,11758414875,181166
2773,python (8660),Compute Command 0,11758580833,12958
2774,python (8660),Command Buffer 0,11758598333,174292
2775,python (8660),Compute Command 0,11758757000,13333
2776,python (8660),Command Buffer 0,11758774958,181000
2777,python (8660),Compute Command 0,11758940208,13500
2778,python (8660),Command Buffer 0,11758961375,184000
2779,python (8660),Compute Command 0,11759130083,12958
2780,python (8660),Command Buffer 0,11759147625,187208
2781,python (8660),Compute Command 0,11759319458,13083
2782,python (8660),Command Buffer 0,11759337041,193209
2783,python (8660),Compute Command 0,11759514750,13208
2784,python (8660),Command Buffer 0,11759532458,192792
2785,python (8660),Compute Command 0,11759709666,13292
2786,python (8660),Command Buffer 0,11759727458,195167
2787,python (8660),Compute Command 0,11759906791,13500
2788,python (8660),Command Buffer 0,11759924875,194083
2789,python (8660),Compute Command 0,11760103375,13291
2790,python (8660),Command Buffer 0,11760121750,184375
2791,python (8660),Compute Command 0,11760290208,13417
2792,python (8660),Command Buffer 0,11760308916,195209
2793,python (8660),Compute Command 0,11760488291,13584
2794,python (8660),Command Buffer 0,11760506291,192875
2795,python (8660),Compute Command 0,11760683583,13250
2796,python (8660),Command Buffer 0,11760701416,182959
2797,python (8660),Compute Command 0,11760868791,13292
2798,python (8660),Command Buffer 0,11760886583,190000
2799,python (8660),Compute Command 0,11761061041,13292
2800,python (8660),Command Buffer 0,11761078833,194625
2801,python (8660),Compute Command 0,11761255041,16167
2802,python (8660),Command Buffer 0,11761275625,191750
2803,python (8660),Compute Command 0,11761451666,13375
2804,python (8660),Command Buffer 0,11761469583,195542
2805,python (8660),Compute Command 0,11761649708,13125
2806,python (8660),Command Buffer 0,11761667458,195583
2807,python (8660),Compute Command 0,11761847625,13166
2808,python (8660),Command Buffer 0,11761865291,177042
2809,python (8660),Compute Command 0,11762025333,14667
2810,python (8660),Command Buffer 0,11762045750,188375
2811,python (8660),Compute Command 0,11762217041,14375
2812,python (8660),Command Buffer 0,11762236708,197250
2813,python (8660),Compute Command 0,11762416833,14500
2814,python (8660),Command Buffer 0,11762436458,196875
2815,python (8660),Compute Command 0,11762617458,13500
2816,python (8660),Command Buffer 0,11762635833,193292
2817,python (8660),Compute Command 0,11762813333,13417
2818,python (8660),Command Buffer 0,11762831458,196125
2819,python (8660),Compute Command 0,11763011791,13417
2820,python (8660),Command Buffer 0,11763030041,195084
2821,python (8660),Compute Command 0,11763209166,13584
2822,python (8660),Command Buffer 0,11763227458,193708
2823,python (8660),Compute Command 0,11763404958,13875
2824,python (8660),Command Buffer 0,11763423500,193333
2825,python (8660),Compute Command 0,11763601166,13375
2826,python (8660),Command Buffer 0,11763619041,190959
2827,python (8660),Compute Command 0,11763794250,13458
2828,python (8660),Command Buffer 0,11763812458,192417
2829,python (8660),Compute Command 0,11763989375,13208
2830,python (8660),Command Buffer 0,11764007208,194750
2831,python (8660),Compute Command 0,11764185416,14250
2832,python (8660),Command Buffer 0,11764204333,193333
2833,python (8660),Compute Command 0,11764382166,13209
2834,python (8660),Command Buffer 0,11764400083,349875
2835,python (8660),Compute Command 0,11764734291,13375
2836,python (8660),Command Buffer 0,11764752375,190791
2837,python (8660),Compute Command 0,11764927541,13334
2838,python (8660),Command Buffer 0,11764945416,192459
2839,python (8660),Compute Command 0,11765122125,13416
2840,python (8660),Command Buffer 0,11765140125,191375
2841,python (8660),Compute Command 0,11765316083,13083
2842,python (8660),Command Buffer 0,11765333708,195292
2843,python (8660),Compute Command 0,11765513583,13125
2844,python (8660),Command Buffer 0,11765531208,191750
2845,python (8660),Compute Command 0,11765707250,13375
2846,python (8660),Command Buffer 0,11765725166,194125
2847,python (8660),Compute Command 0,11765903666,13292
2848,python (8660),Command Buffer 0,11765921500,191583
2849,python (8660),Compute Command 0,11766097625,13166
2850,python (8660),Command Buffer 0,11766115291,189042
2851,python (8660),Compute Command 0,11766288625,13375
2852,python (8660),Command Buffer 0,11766306666,190750
2853,python (8660),Compute Command 0,11766481875,13208
2854,python (8660),Command Buffer 0,11766499625,194416
2855,python (8660),Compute Command 0,11766678375,13333
2856,python (8660),Command Buffer 0,11766696875,165000
2857,python (8660),Compute Command 0,11766846375,13166
2858,python (8660),Command Buffer 0,11766864375,192125
2859,python (8660),Compute Command 0,11767040750,13333
2860,python (8660),Command Buffer 0,11767059083,184000
2861,python (8660),Compute Command 0,11767227541,13292
2862,python (8660),Command Buffer 0,11767245375,186333
2863,python (8660),Compute Command 0,11767416166,13167
2864,python (8660),Command Buffer 0,11767433875,192125
2865,python (8660),Compute Command 0,11767610458,13208
2866,python (8660),Command Buffer 0,11767628166,194125
2867,python (8660),Compute Command 0,11767806750,13208
2868,python (8660),Command Buffer 0,11767824583,189125
2869,python (8660),Compute Command 0,11767998291,13042
2870,python (8660),Command Buffer 0,11768016166,187084
2871,python (8660),Compute Command 0,11768183750,17208
2872,python (8660),Command Buffer 0,11768205458,170792
2873,python (8660),Compute Command 0,11768359583,14083
2874,python (8660),Command Buffer 0,11768378666,191292
2875,python (8660),Compute Command 0,11768551500,16208
2876,python (8660),Command Buffer 0,11768572291,169000
2877,python (8660),Compute Command 0,11768724666,14334
2878,python (8660),Command Buffer 0,11768743333,153417
2879,python (8660),Compute Command 0,11768879375,14875
2880,python (8660),Command Buffer 0,11768898791,153000
2881,python (8660),Compute Command 0,11769035125,14458
2882,python (8660),Command Buffer 0,11769054000,167375
2883,python (8660),Compute Command 0,11769205291,13750
2884,python (8660),Command Buffer 0,11769223791,173667
2885,python (8660),Compute Command 0,11769380791,14834
2886,python (8660),Command Buffer 0,11769399375,165125
2887,python (8660),Compute Command 0,11769547750,14458
2888,python (8660),Command Buffer 0,11769566416,177167
2889,python (8660),Compute Command 0,11769728250,13083
2890,python (8660),Command Buffer 0,11769746541,191625
2891,python (8660),Compute Command 0,11769922458,13375
2892,python (8660),Command Buffer 0,11769940625,192625
2893,python (8660),Compute Command 0,11770117916,13042
2894,python (8660),Command Buffer 0,11770135625,196666
2895,python (8660),Compute Command 0,11770317916,12500
2896,python (8660),Command Buffer 0,11770334708,196250
2897,python (8660),Compute Command 0,11770515250,13375
2898,python (8660),Command Buffer 0,11770533208,193792
2899,python (8660),Compute Command 0,11770711541,13167
2900,python (8660),Command Buffer 0,11770729291,195000
2901,python (8660),Compute Command 0,11770908625,13333
2902,python (8660),Command Buffer 0,11770926541,189250
2903,python (8660),Compute Command 0,11771100083,13458
2904,python (8660),Command Buffer 0,11771118125,196083
2905,python (8660),Compute Command 0,11771298458,13417
2906,python (8660),Command Buffer 0,11771316500,196750
2907,python (8660),Compute Command 0,11771497958,13000
2908,python (8660),Command Buffer 0,11771515541,198084
2909,python (8660),Compute Command 0,11771698083,13250
2910,python (8660),Command Buffer 0,11771715875,196041
2911,python (8660),Compute Command 0,11771896833,12833
2912,python (8660),Command Buffer 0,11771914208,195667
2913,python (8660),Compute Command 0,11772094458,13167
2914,python (8660),Command Buffer 0,11772112166,195500
2915,python (8660),Compute Command 0,11772292250,13208
2916,python (8660),Command Buffer 0,11772309875,193625
2917,python (8660),Compute Command 0,11772488041,13209
2918,python (8660),Command Buffer 0,11772505875,194291
2919,python (8660),Compute Command 0,11772684791,13084
2920,python (8660),Command Buffer 0,11772702375,335083
2921,python (8660),Compute Command 0,11773021000,13958
2922,python (8660),Command Buffer 0,11773040125,190416
2923,python (8660),Compute Command 0,11773214375,13833
2924,python (8660),Command Buffer 0,11773233000,196333
2925,python (8660),Compute Command 0,11773413708,13292
2926,python (8660),Command Buffer 0,11773431750,200333
2927,python (8660),Compute Command 0,11773616500,13250
2928,python (8660),Command Buffer 0,11773634416,195875
2929,python (8660),Compute Command 0,11773814750,13250
2930,python (8660),Command Buffer 0,11773832625,195750
2931,python (8660),Compute Command 0,11774012916,13167
2932,python (8660),Command Buffer 0,11774030625,195916
2933,python (8660),Compute Command 0,11774211125,13208
2934,python (8660),Command Buffer 0,11774228875,193875
2935,python (8660),Compute Command 0,11774407625,12875
2936,python (8660),Command Buffer 0,11774424875,195541
2937,python (8660),Compute Command 0,11774604583,13500
2938,python (8660),Command Buffer 0,11774622666,188917
2939,python (8660),Compute Command 0,11774795875,13333
2940,python (8660),Command Buffer 0,11774813750,194125
2941,python (8660),Compute Command 0,11774992333,13333
2942,python (8660),Command Buffer 0,11775010125,196875
2943,python (8660),Compute Command 0,11775191500,13208
2944,python (8660),Command Buffer 0,11775209375,194666
2945,python (8660),Compute Command 0,11775388625,13208
2946,python (8660),Command Buffer 0,11775406250,197166
2947,python (8660),Compute Command 0,11775588166,13000
2948,python (8660),Command Buffer 0,11775605583,194333
2949,python (8660),Compute Command 0,11775784541,13125
2950,python (8660),Command Buffer 0,11775802208,195333
2951,python (8660),Compute Command 0,11775982083,13125
2952,python (8660),Command Buffer 0,11775999708,197208
2953,python (8660),Compute Command 0,11776180125,14541
2954,python (8660),Command Buffer 0,11776199166,196625
2955,python (8660),Compute Command 0,11776380125,13375
2956,python (8660),Command Buffer 0,11776398041,192500
2957,python (8660),Compute Command 0,11776575000,13333
2958,python (8660),Command Buffer 0,11776592791,192959
2959,python (8660),Compute Command 0,11776770583,12917
2960,python (8660),Command Buffer 0,11776787875,190416
2961,python (8660),Compute Command 0,11776962916,13000
2962,python (8660),Command Buffer 0,11776981208,194667
2963,python (8660),Compute Command 0,11777160375,13208
2964,python (8660),Command Buffer 0,11777178083,197000
2965,python (8660),Compute Command 0,11777359833,13000
2966,python (8660),Command Buffer 0,11777377208,191333
2967,python (8660),Compute Command 0,11777553125,13166
2968,python (8660),Command Buffer 0,11777570750,182500
2969,python (8660),Compute Command 0,11777738083,12917
2970,python (8660),Command Buffer 0,11777755375,195541
2971,python (8660),Compute Command 0,11777935541,13084
2972,python (8660),Command Buffer 0,11777953041,193750
2973,python (8660),Compute Command 0,11778131458,13083
2974,python (8660),Command Buffer 0,11778148958,196458
2975,python (8660),Compute Command 0,11778330208,13000
2976,python (8660),Command Buffer 0,11778347541,195750
2977,python (8660),Compute Command 0,11778527916,13125
2978,python (8660),Command Buffer 0,11778545416,175542
2979,python (8660),Compute Command 0,11778706750,11916
2980,python (8660),Command Buffer 0,11778723291,195250
2981,python (8660),Compute Command 0,11778902541,13584
2982,python (8660),Command Buffer 0,11778920916,196375
2983,python (8660),Compute Command 0,11779101375,13541
2984,python (8660),Command Buffer 0,11779119583,195875
2985,python (8660),Compute Command 0,11779299791,13292
2986,python (8660),Command Buffer 0,11779317708,193000
2987,python (8660),Compute Command 0,11779495125,13166
2988,python (8660),Command Buffer 0,11779513041,196084
2989,python (8660),Compute Command 0,11779693333,13417
2990,python (8660),Command Buffer 0,11779711375,190166
2991,python (8660),Compute Command 0,11779885833,13375
2992,python (8660),Command Buffer 0,11779903791,197459
2993,python (8660),Compute Command 0,11780085791,13125
2994,python (8660),Command Buffer 0,11780103416,197000
2995,python (8660),Compute Command 0,11780284833,13250
2996,python (8660),Command Buffer 0,11780302666,195459
2997,python (8660),Compute Command 0,11780482541,13334
2998,python (8660),Command Buffer 0,11780500375,196291
2999,python (8660),Compute Command 0,11780681000,13333
3000,python (8660),Command Buffer 0,11780699041,196917
3001,python (8660),Compute Command 0,11780877833,13042
3002,python (8660),Command Buffer 0,11780898208,179250
3003,python (8660),Compute Command 0,11781061458,13500
3004,python (8660),Command Buffer 0,11781079916,352959
3005,python (8660),Compute Command 0,11781417250,13333
3006,python (8660),Command Buffer 0,11781435166,195792
3007,python (8660),Compute Command 0,11781615333,13208
3008,python (8660),Command Buffer 0,11781633166,195834
3009,python (8660),Compute Command 0,11781813458,13167
3010,python (8660),Command Buffer 0,11781831125,192375
3011,python (8660),Compute Command 0,11782007958,13250
3012,python (8660),Command Buffer 0,11782025750,192375
3013,python (8660),Compute Command 0,11782202375,13416
3014,python (8660),Command Buffer 0,11782220416,195167
3015,python (8660),Compute Command 0,11782399708,13500
3016,python (8660),Command Buffer 0,11782417791,197125
3017,python (8660),Compute Command 0,11782599625,13000
3018,python (8660),Command Buffer 0,11782617125,197291
3019,python (8660),Compute Command 0,11782799041,13084
3020,python (8660),Command Buffer 0,11782816666,194959
3021,python (8660),Compute Command 0,11782996208,13083
3022,python (8660),Command Buffer 0,11783013833,196542
3023,python (8660),Compute Command 0,11783194916,13167
3024,python (8660),Command Buffer 0,11783212541,195042
3025,python (8660),Compute Command 0,11783391791,13459
3026,python (8660),Command Buffer 0,11783409791,192959
3027,python (8660),Compute Command 0,11783587166,13209
3028,python (8660),Command Buffer 0,11783604958,195083
3029,python (8660),Compute Command 0,11783784416,13292
3030,python (8660),Command Buffer 0,11783802208,195958
3031,python (8660),Compute Command 0,11783982875,13000
3032,python (8660),Command Buffer 0,11784000375,195333
3033,python (8660),Compute Command 0,11784179000,14416
3034,python (8660),Command Buffer 0,11784198208,194417
3035,python (8660),Compute Command 0,11784377291,13000
3036,python (8660),Command Buffer 0,11784394833,195875
3037,python (8660),Compute Command 0,11784575250,13166
3038,python (8660),Command Buffer 0,11784592875,195291
3039,python (8660),Compute Command 0,11784772541,13292
3040,python (8660),Command Buffer 0,11784790333,195417
3041,python (8660),Compute Command 0,11784970333,13042
3042,python (8660),Command Buffer 0,11784987916,197834
3043,python (8660),Compute Command 0,11785169875,13541
3044,python (8660),Command Buffer 0,11785192958,179875
3045,python (8660),Compute Command 0,11785357500,13000
3046,python (8660),Command Buffer 0,11785375083,196042
3047,python (8660),Compute Command 0,11785555541,13250
3048,python (8660),Command Buffer 0,11785573375,195916
3049,python (8660),Compute Command 0,11785753875,13083
3050,python (8660),Command Buffer 0,11785771541,194084
3051,python (8660),Compute Command 0,11785950416,12917
3052,python (8660),Command Buffer 0,11785967833,194458
3053,python (8660),Compute Command 0,11786146875,13083
3054,python (8660),Command Buffer 0,11786164500,197041
3055,python (8660),Compute Command 0,11786346041,13167
3056,python (8660),Command Buffer 0,11786363791,185834
3057,python (8660),Compute Command 0,11786533541,13667
3058,python (8660),Command Buffer 0,11786552041,199709
3059,python (8660),Compute Command 0,11786736375,13041
3060,python (8660),Command Buffer 0,11786753958,196000
3061,python (8660),Compute Command 0,11786934458,13208
3062,python (8660),Command Buffer 0,11786952166,168750
3063,python (8660),Compute Command 0,11787104375,14166
3064,python (8660),Command Buffer 0,11787123208,165417
3065,python (8660),Compute Command 0,11787271375,14416
3066,python (8660),Command Buffer 0,11787291125,173708
3067,python (8660),Compute Command 0,11787448625,13708
3068,python (8660),Command Buffer 0,11787467625,194041
3069,python (8660),Compute Command 0,11787645583,13708
3070,python (8660),Command Buffer 0,11787664125,193541
3071,python (8660),Compute Command 0,11787841833,13500
3072,python (8660),Command Buffer 0,11787859875,191083
3073,python (8660),Compute Command 0,11788035416,13292
3074,python (8660),Command Buffer 0,11788053208,190750
3075,python (8660),Compute Command 0,11788228375,13291
3076,python (8660),Command Buffer 0,11788246208,192417
3077,python (8660),Compute Command 0,11788422916,13459
3078,python (8660),Command Buffer 0,11788440833,191958
3079,python (8660),Compute Command 0,11788617250,13250
3080,python (8660),Command Buffer 0,11788634958,181583
3081,python (8660),Compute Command 0,11788800958,13250
3082,python (8660),Command Buffer 0,11788818750,171916
3083,python (8660),Compute Command 0,11788973291,15125
3084,python (8660),Command Buffer 0,11788992916,184334
3085,python (8660),Compute Command 0,11789161791,13125
3086,python (8660),Command Buffer 0,11789179541,170584
3087,python (8660),Compute Command 0,11789333875,13916
3088,python (8660),Command Buffer 0,11789352916,310834
3089,python (8660),Compute Command 0,11789646250,15208
3090,python (8660),Command Buffer 0,11789666000,156458
3091,python (8660),Compute Command 0,11789805791,14167
3092,python (8660),Command Buffer 0,11789825250,174916
3093,python (8660),Compute Command 0,11789979416,18250
3094,python (8660),Command Buffer 0,11790002541,176542
3095,python (8660),Compute Command 0,11790163333,13458
3096,python (8660),Command Buffer 0,11790181458,168542
3097,python (8660),Compute Command 0,11790334541,13167
3098,python (8660),Command Buffer 0,11790352208,160917
3099,python (8660),Compute Command 0,11790497750,13125
3100,python (8660),Command Buffer 0,11790515333,166750
3101,python (8660),Compute Command 0,11790666250,13500
3102,python (8660),Command Buffer 0,11790684333,166542
3103,python (8660),Compute Command 0,11790835208,13292
3104,python (8660),Command Buffer 0,11790853625,149750
3105,python (8660),Compute Command 0,11790987666,13459
3106,python (8660),Command Buffer 0,11791005666,159917
3107,python (8660),Compute Command 0,11791148958,14292
3108,python (8660),Command Buffer 0,11791167875,162541
3109,python (8660),Compute Command 0,11791314416,13584
3110,python (8660),Command Buffer 0,11791332875,159583
3111,python (8660),Compute Command 0,11791476125,13958
3112,python (8660),Command Buffer 0,11791494750,183958
3113,python (8660),Compute Command 0,11791662416,13959
3114,python (8660),Command Buffer 0,11791681000,216333
3115,python (8660),Compute Command 0,11791880583,14208
3116,python (8660),Command Buffer 0,11791899416,164792
3117,python (8660),Compute Command 0,11792048125,13750
3118,python (8660),Command Buffer 0,11792066416,158917
3119,python (8660),Compute Command 0,11792209125,13875
3120,python (8660),Command Buffer 0,11792227666,159667
3121,python (8660),Compute Command 0,11792370500,14500
3122,python (8660),Command Buffer 0,11792389666,156000
3123,python (8660),Compute Command 0,11792529333,14542
3124,python (8660),Command Buffer 0,11792547500,155750
3125,python (8660),Compute Command 0,11792686375,14458
3126,python (8660),Command Buffer 0,11792705583,171208
3127,python (8660),Compute Command 0,11792861375,13125
3128,python (8660),Command Buffer 0,11792878958,180833
3129,python (8660),Compute Command 0,11793044250,13166
3130,python (8660),Command Buffer 0,11793062333,186458
3131,python (8660),Compute Command 0,11793233500,12958
3132,python (8660),Command Buffer 0,11793250958,183708
3133,python (8660),Compute Command 0,11793419291,13125
3134,python (8660),Command Buffer 0,11793436833,186833
3135,python (8660),Compute Command 0,11793608041,13292
3136,python (8660),Command Buffer 0,11793626625,176791
3137,python (8660),Compute Command 0,11793788000,13125
3138,python (8660),Command Buffer 0,11793805666,186042
3139,python (8660),Compute Command 0,11793976333,13042
3140,python (8660),Command Buffer 0,11793993875,183625
3141,python (8660),Compute Command 0,11794162125,13083
3142,python (8660),Command Buffer 0,11794179666,182042
3143,python (8660),Compute Command 0,11794346291,13125
3144,python (8660),Command Buffer 0,11794363875,182375
3145,python (8660),Compute Command 0,11794530791,13209
3146,python (8660),Command Buffer 0,11794548416,187375
3147,python (8660),Compute Command 0,11794717416,16042
3148,python (8660),Command Buffer 0,11794737958,182500
3149,python (8660),Compute Command 0,11794905166,13000
3150,python (8660),Command Buffer 0,11794922583,184083
3151,python (8660),Compute Command 0,11795091416,13000
3152,python (8660),Command Buffer 0,11795108833,172917
3153,python (8660),Compute Command 0,11795269291,10750
3154,python (8660),Command Buffer 0,11795283375,171875
3155,python (8660),Compute Command 0,11795437958,14875
3156,python (8660),Command Buffer 0,11795457416,176209
3157,python (8660),Compute Command 0,11795617916,13375
3158,python (8660),Command Buffer 0,11795636041,189459
3159,python (8660),Compute Command 0,11795809833,13292
3160,python (8660),Command Buffer 0,11795828083,184958
3161,python (8660),Compute Command 0,11795997458,13292
3162,python (8660),Command Buffer 0,11796015375,193250
3163,python (8660),Compute Command 0,11796193166,13209
3164,python (8660),Command Buffer 0,11796210875,193916
3165,python (8660),Compute Command 0,11796389458,13042
3166,python (8660),Command Buffer 0,11796407208,190417
3167,python (8660),Compute Command 0,11796582041,13292
3168,python (8660),Command Buffer 0,11796602750,189958
3169,python (8660),Compute Command 0,11796777416,13042
3170,python (8660),Command Buffer 0,11796794916,197167
3171,python (8660),Compute Command 0,11796976875,12958
3172,python (8660),Command Buffer 0,11796994375,193250
3173,python (8660),Compute Command 0,11797171333,13083
3174,python (8660),Command Buffer 0,11797189833,193375
3175,python (8660),Compute Command 0,11797368041,12917
3176,python (8660),Command Buffer 0,11797385416,192875
3177,python (8660),Compute Command 0,11797563083,12958
3178,python (8660),Command Buffer 0,11797580500,196916
3179,python (8660),Compute Command 0,11797761583,13458
3180,python (8660),Command Buffer 0,11797779833,353333
3181,python (8660),Compute Command 0,11798117666,13209
3182,python (8660),Command Buffer 0,11798135458,198208
3183,python (8660),Compute Command 0,11798315125,16250
3184,python (8660),Command Buffer 0,11798335833,190917
3185,python (8660),Compute Command 0,11798511583,12917
3186,python (8660),Command Buffer 0,11798529000,191833
3187,python (8660),Compute Command 0,11798705375,13208
3188,python (8660),Command Buffer 0,11798723125,194125
3189,python (8660),Compute Command 0,11798902000,12916
3190,python (8660),Command Buffer 0,11798919541,193292
3191,python (8660),Compute Command 0,11799097041,13292
3192,python (8660),Command Buffer 0,11799115250,191416
3193,python (8660),Compute Command 0,11799290791,13584
3194,python (8660),Command Buffer 0,11799309000,192750
3195,python (8660),Compute Command 0,11799486416,13084
3196,python (8660),Command Buffer 0,11799504166,182125
3197,python (8660),Compute Command 0,11799668458,15542
3198,python (8660),Command Buffer 0,11799688625,190333
3199,python (8660),Compute Command 0,11799863583,13083
3200,python (8660),Command Buffer 0,11799881333,167625
3201,python (8660),Compute Command 0,11800033666,13000
3202,python (8660),Command Buffer 0,11800051166,185125
3203,python (8660),Compute Command 0,11800220916,13084
3204,python (8660),Command Buffer 0,11800238541,185375
3205,python (8660),Compute Command 0,11800408500,13125
3206,python (8660),Command Buffer 0,11800426083,188208
3207,python (8660),Compute Command 0,11800598916,13042
3208,python (8660),Command Buffer 0,11800616583,185083
3209,python (8660),Compute Command 0,11800786416,12959
3210,python (8660),Command Buffer 0,11800803833,182917
3211,python (8660),Compute Command 0,11800971625,12875
3212,python (8660),Command Buffer 0,11800988958,188292
3213,python (8660),Compute Command 0,11801161958,12958
3214,python (8660),Command Buffer 0,11801179500,187625
3215,python (8660),Compute Command 0,11801351875,13000
3216,python (8660),Command Buffer 0,11801369375,182625
3217,python (8660),Compute Command 0,11801537958,12375
3218,python (8660),Command Buffer 0,11801553708,184833
3219,python (8660),Compute Command 0,11801723375,12875
3220,python (8660),Command Buffer 0,11801740708,180417
3221,python (8660),Compute Command 0,11801905958,12917
3222,python (8660),Command Buffer 0,11801923333,188375
3223,python (8660),Compute Command 0,11802096416,13000
3224,python (8660),Command Buffer 0,11802113875,185583
3225,python (8660),Compute Command 0,11802284041,13125
3226,python (8660),Command Buffer 0,11802301583,188417
3227,python (8660),Compute Command 0,11802474250,13458
3228,python (8660),Command Buffer 0,11802492250,184416
3229,python (8660),Compute Command 0,11802661291,13125
3230,python (8660),Command Buffer 0,11802678833,184417
3231,python (8660),Compute Command 0,11802848208,12750
3232,python (8660),Command Buffer 0,11802865500,186833
3233,python (8660),Compute Command 0,11803036916,13167
3234,python (8660),Command Buffer 0,11803054541,184584
3235,python (8660),Compute Command 0,11803223875,12958
3236,python (8660),Command Buffer 0,11803241333,184458
3237,python (8660),Compute Command 0,11803410708,12875
3238,python (8660),Command Buffer 0,11803427958,182292
3239,python (8660),Compute Command 0,11803595000,13000
3240,python (8660),Command Buffer 0,11803612458,159125
3241,python (8660),Compute Command 0,11803756083,13583
3242,python (8660),Command Buffer 0,11803774041,188750
3243,python (8660),Compute Command 0,11803946250,14166
3244,python (8660),Command Buffer 0,11803964958,182708
3245,python (8660),Compute Command 0,11804131958,13417
3246,python (8660),Command Buffer 0,11804149916,185334
3247,python (8660),Compute Command 0,11804319958,13042
3248,python (8660),Command Buffer 0,11804337458,185042
3249,python (8660),Compute Command 0,11804506500,13750
3250,python (8660),Command Buffer 0,11804524625,185666
3251,python (8660),Compute Command 0,11804694958,13042
3252,python (8660),Command Buffer 0,11804712375,187625
3253,python (8660),Compute Command 0,11804884541,13209
3254,python (8660),Command Buffer 0,11804902125,184125
3255,python (8660),Compute Command 0,11805071041,12875
3256,python (8660),Command Buffer 0,11805088375,186875
3257,python (8660),Compute Command 0,11805259875,13083
3258,python (8660),Command Buffer 0,11805277416,185500
3259,python (8660),Compute Command 0,11805447708,12875
3260,python (8660),Command Buffer 0,11805465000,185458
3261,python (8660),Compute Command 0,11805635250,12916
3262,python (8660),Command Buffer 0,11805652708,182667
3263,python (8660),Compute Command 0,11805820166,12959
3264,python (8660),Command Buffer 0,11805837541,185334
3265,python (8660),Compute Command 0,11806007375,13166
3266,python (8660),Command Buffer 0,11806025041,340125
3267,python (8660),Compute Command 0,11806349083,13625
3268,python (8660),Command Buffer 0,11806367916,172959
3269,python (8660),Compute Command 0,11806524916,13500
3270,python (8660),Command Buffer 0,11806543583,186750
3271,python (8660),Compute Command 0,11806714875,13166
3272,python (8660),Command Buffer 0,11806732541,185542
3273,python (8660),Compute Command 0,11806902750,13125
3274,python (8660),Command Buffer 0,11806920250,186125
3275,python (8660),Compute Command 0,11807090875,13250
3276,python (8660),Command Buffer 0,11807108541,183125
3277,python (8660),Compute Command 0,11807276291,13125
3278,python (8660),Command Buffer 0,11807293791,183042
3279,python (8660),Compute Command 0,11807461458,13125
3280,python (8660),Command Buffer 0,11807479083,185542
3281,python (8660),Compute Command 0,11807649291,13084
3282,python (8660),Command Buffer 0,11807666708,182583
3283,python (8660),Compute Command 0,11807833958,13083
3284,python (8660),Command Buffer 0,11807851458,185292
3285,python (8660),Compute Command 0,11808021208,13167
3286,python (8660),Command Buffer 0,11808039041,190125
3287,python (8660),Compute Command 0,11808213666,13250
3288,python (8660),Command Buffer 0,11808231250,188708
3289,python (8660),Compute Command 0,11808404458,13208
3290,python (8660),Command Buffer 0,11808422333,184042
3291,python (8660),Compute Command 0,11808591083,13042
3292,python (8660),Command Buffer 0,11808608625,184541
3293,python (8660),Compute Command 0,11808777833,13083
3294,python (8660),Command Buffer 0,11808795250,182416
3295,python (8660),Compute Command 0,11808962458,12958
3296,python (8660),Command Buffer 0,11808979750,186000
3297,python (8660),Compute Command 0,11809150333,13167
3298,python (8660),Command Buffer 0,11809167916,179334
3299,python (8660),Compute Command 0,11809335625,10041
3300,python (8660),Command Buffer 0,11809348875,179791
3301,python (8660),Compute Command 0,11809513541,12875
3302,python (8660),Command Buffer 0,11809530708,184917
3303,python (8660),Compute Command 0,11809700250,13125
3304,python (8660),Command Buffer 0,11809717750,185333
3305,python (8660),Compute Command 0,11809887750,13000
3306,python (8660),Command Buffer 0,11809905208,185458
3307,python (8660),Compute Command 0,11810075416,13042
3308,python (8660),Command Buffer 0,11810092791,195667
3309,python (8660),Compute Command 0,11810267416,18667
3310,python (8660),Command Buffer 0,11810291083,184542
3311,python (8660),Compute Command 0,11810460291,13084
3312,python (8660),Command Buffer 0,11810477750,178125
3313,python (8660),Compute Command 0,11810640583,13083
3314,python (8660),Command Buffer 0,11810658000,182375
3315,python (8660),Compute Command 0,11810825000,13125
3316,python (8660),Command Buffer 0,11810842500,183250
3317,python (8660),Compute Command 0,11811010375,13166
3318,python (8660),Command Buffer 0,11811027916,185375
3319,python (8660),Compute Command 0,11811197708,13292
3320,python (8660),Command Buffer 0,11811215500,184500
3321,python (8660),Compute Command 0,11811384708,13000
3322,python (8660),Command Buffer 0,11811402125,184166
3323,python (8660),Compute Command 0,11811570875,13166
3324,python (8660),Command Buffer 0,11811588416,185625
3325,python (8660),Compute Command 0,11811758958,12875
3326,python (8660),Command Buffer 0,11811776166,184125
3327,python (8660),Compute Command 0,11811944791,13209
3328,python (8660),Command Buffer 0,11811962416,171292
3329,python (8660),Compute Command 0,11812115541,15792
3330,python (8660),Command Buffer 0,11812135833,184542
3331,python (8660),Compute Command 0,11812305041,13084
3332,python (8660),Command Buffer 0,11812322541,183375
3333,python (8660),Compute Command 0,11812490000,13583
3334,python (8660),Command Buffer 0,11812508458,172833
3335,python (8660),Compute Command 0,11812666083,12958
3336,python (8660),Command Buffer 0,11812683458,177958
3337,python (8660),Compute Command 0,11812845666,13209
3338,python (8660),Command Buffer 0,11812864125,189708
3339,python (8660),Compute Command 0,11813038333,13250
3340,python (8660),Command Buffer 0,11813056000,185583
3341,python (8660),Compute Command 0,11813225125,14125
3342,python (8660),Command Buffer 0,11813244333,185917
3343,python (8660),Compute Command 0,11813414833,13167
3344,python (8660),Command Buffer 0,11813432750,180958
3345,python (8660),Compute Command 0,11813598250,13166
3346,python (8660),Command Buffer 0,11813616000,185083
3347,python (8660),Compute Command 0,11813785583,13208
3348,python (8660),Command Buffer 0,11813803416,184000
3349,python (8660),Compute Command 0,11813972125,13000
3350,python (8660),Command Buffer 0,11813989708,184000
3351,python (8660),Compute Command 0,11814158250,13250
3352,python (8660),Command Buffer 0,11814176041,187542
3353,python (8660),Compute Command 0,11814348333,13000
3354,python (8660),Command Buffer 0,11814365875,341666
3355,python (8660),Compute Command 0,11814691541,13584
3356,python (8660),Command Buffer 0,11814710041,187500
3357,python (8660),Compute Command 0,11814882333,13000
3358,python (8660),Command Buffer 0,11814899875,180000
3359,python (8660),Compute Command 0,11815064625,12958
3360,python (8660),Command Buffer 0,11815082166,183875
3361,python (8660),Compute Command 0,11815250833,12958
3362,python (8660),Command Buffer 0,11815268291,185459
3363,python (8660),Compute Command 0,11815435291,16084
3364,python (8660),Command Buffer 0,11815456041,185167
3365,python (8660),Compute Command 0,11815625791,13084
3366,python (8660),Command Buffer 0,11815643458,181250
3367,python (8660),Compute Command 0,11815809541,12917
3368,python (8660),Command Buffer 0,11815827041,185709
3369,python (8660),Compute Command 0,11815997291,13167
3370,python (8660),Command Buffer 0,11816015083,186208
3371,python (8660),Compute Command 0,11816184625,14375
3372,python (8660),Command Buffer 0,11816203583,186333
3373,python (8660),Compute Command 0,11816374583,13083
3374,python (8660),Command Buffer 0,11816392083,185792
3375,python (8660),Compute Command 0,11816562458,13083
3376,python (8660),Command Buffer 0,11816580000,186125
3377,python (8660),Compute Command 0,11816750791,13084
3378,python (8660),Command Buffer 0,11816768208,184125
3379,python (8660),Compute Command 0,11816936875,13208
3380,python (8660),Command Buffer 0,11816954500,183166
3381,python (8660),Compute Command 0,11817122416,12959
3382,python (8660),Command Buffer 0,11817139791,179792
3383,python (8660),Compute Command 0,11817304125,13125
3384,python (8660),Command Buffer 0,11817321750,188333
3385,python (8660),Compute Command 0,11817494833,13042
3386,python (8660),Command Buffer 0,11817512250,181500
3387,python (8660),Compute Command 0,11817678291,13209
3388,python (8660),Command Buffer 0,11817695916,189667
3389,python (8660),Compute Command 0,11817870208,13125
3390,python (8660),Command Buffer 0,11817887708,187500
3391,python (8660),Compute Command 0,11818059833,13083
3392,python (8660),Command Buffer 0,11818077291,185917
3393,python (8660),Compute Command 0,11818247708,13250
3394,python (8660),Command Buffer 0,11818265375,184416
3395,python (8660),Compute Command 0,11818434375,13166
3396,python (8660),Command Buffer 0,11818452000,184708
3397,python (8660),Compute Command 0,11818621875,13041
3398,python (8660),Command Buffer 0,11818638958,166583
3399,python (8660),Compute Command 0,11818790500,12541
3400,python (8660),Command Buffer 0,11818808416,160667
3401,python (8660),Compute Command 0,11818952083,14458
3402,python (8660),Command Buffer 0,11818972291,157375
3403,python (8660),Compute Command 0,11819113333,13917
3404,python (8660),Command Buffer 0,11819132750,150708
3405,python (8660),Compute Command 0,11819266000,15500
3406,python (8660),Command Buffer 0,11819285291,162000
3407,python (8660),Compute Command 0,11819429625,15291
3408,python (8660),Command Buffer 0,11819449625,153458
3409,python (8660),Compute Command 0,11819586333,14458
3410,python (8660),Command Buffer 0,11819605083,169500
3411,python (8660),Compute Command 0,11819757333,14708
3412,python (8660),Command Buffer 0,11819781916,156459
3413,python (8660),Compute Command 0,11819922541,13750
3414,python (8660),Command Buffer 0,11819941125,159458
3415,python (8660),Compute Command 0,11820085416,13167
3416,python (8660),Command Buffer 0,11820103416,153542
3417,python (8660),Compute Command 0,11820242916,11959
3418,python (8660),Command Buffer 0,11820260291,154334
3419,python (8660),Compute Command 0,11820399458,12917
3420,python (8660),Command Buffer 0,11820419916,154042
3421,python (8660),Compute Command 0,11820556708,15250
3422,python (8660),Command Buffer 0,11820576166,156500
3423,python (8660),Compute Command 0,11820711541,19000
3424,python (8660),Command Buffer 0,11820736083,175917
3425,python (8660),Compute Command 0,11820872875,36791
3426,python (8660),Command Buffer 0,11820914416,155250
3427,python (8660),Compute Command 0,11821054583,12958
3428,python (8660),Command Buffer 0,11821071791,150209
3429,python (8660),Compute Command 0,11821207583,12292
3430,python (8660),Command Buffer 0,11821225791,154500
3431,python (8660),Compute Command 0,11821365333,13000
3432,python (8660),Command Buffer 0,11821382791,157500
3433,python (8660),Compute Command 0,11821525375,12916
3434,python (8660),Command Buffer 0,11821544041,167959
3435,python (8660),Compute Command 0,11821687875,21791
3436,python (8660),Command Buffer 0,11821714333,174542
3437,python (8660),Compute Command 0,11821872333,14542
3438,python (8660),Command Buffer 0,11821891916,152417
3439,python (8660),Compute Command 0,11822030166,12000
3440,python (8660),Command Buffer 0,11822046041,162334
3441,python (8660),Compute Command 0,11822193833,12375
3442,python (8660),Command Buffer 0,11822211125,166541
3443,python (8660),Compute Command 0,11822360125,15166
3444,python (8660),Command Buffer 0,11822380416,152000
3445,python (8660),Compute Command 0,11822514041,15084
3446,python (8660),Command Buffer 0,11822535708,159542
3447,python (8660),Compute Command 0,11822677875,14916
3448,python (8660),Command Buffer 0,11822697708,389208
3449,python (8660),Compute Command 0,11823052833,24917
3450,python (8660),Command Buffer 0,11823094875,168583
3451,python (8660),Compute Command 0,11823247375,13916
3452,python (8660),Command Buffer 0,11823266208,160292
3453,python (8660),Compute Command 0,11823411291,13042
3454,python (8660),Command Buffer 0,11823429041,160417
3455,python (8660),Compute Command 0,11823572208,14750
3456,python (8660),Command Buffer 0,11823593666,159709
3457,python (8660),Compute Command 0,11823735000,15583
3458,python (8660),Command Buffer 0,11823758250,216458
3459,python (8660),Compute Command 0,11823956083,16583
3460,python (8660),Command Buffer 0,11823977791,168459
3461,python (8660),Compute Command 0,11824123333,19750
3462,python (8660),Command Buffer 0,11824150541,157292
3463,python (8660),Compute Command 0,11824290291,15417
3464,python (8660),Command Buffer 0,11824312000,152916
3465,python (8660),Compute Command 0,11824450000,12833
3466,python (8660),Command Buffer 0,11824467541,144709
3467,python (8660),Compute Command 0,11824597750,12541
3468,python (8660),Command Buffer 0,11824614500,148583
3469,python (8660),Compute Command 0,11824745708,15250
3470,python (8660),Command Buffer 0,11824765666,155375
3471,python (8660),Compute Command 0,11824905583,13375
3472,python (8660),Command Buffer 0,11824923833,171917
3473,python (8660),Compute Command 0,11825075000,18708
3474,python (8660),Command Buffer 0,11825101666,190250
3475,python (8660),Compute Command 0,11825272833,16917
3476,python (8660),Command Buffer 0,11825295583,158625
3477,python (8660),Compute Command 0,11825433916,17500
3478,python (8660),Command Buffer 0,11825457500,156125
3479,python (8660),Compute Command 0,11825597875,13791
3480,python (8660),Command Buffer 0,11825616875,153833
3481,python (8660),Compute Command 0,11825754416,13917
3482,python (8660),Command Buffer 0,11825773958,188917
3483,python (8660),Compute Command 0,11825936958,22000
3484,python (8660),Command Buffer 0,11825968375,165666
3485,python (8660),Compute Command 0,11826116500,15458
3486,python (8660),Command Buffer 0,11826136916,152834
3487,python (8660),Compute Command 0,11826269791,17375
3488,python (8660),Command Buffer 0,11826293541,162667
3489,python (8660),Compute Command 0,11826440333,13875
3490,python (8660),Command Buffer 0,11826458708,155458
3491,python (8660),Compute Command 0,11826598500,13208
3492,python (8660),Command Buffer 0,11826617208,152292
3493,python (8660),Compute Command 0,11826755000,12166
3494,python (8660),Command Buffer 0,11826771625,151208
3495,python (8660),Compute Command 0,11826905333,15250
3496,python (8660),Command Buffer 0,11826926041,155000
3497,python (8660),Compute Command 0,11827064708,14375
3498,python (8660),Command Buffer 0,11827083708,155833
3499,python (8660),Compute Command 0,11827225458,12042
3500,python (8660),Command Buffer 0,11827242000,152000
3501,python (8660),Compute Command 0,11827379250,12750
3502,python (8660),Command Buffer 0,11827396291,143209
3503,python (8660),Compute Command 0,11827525291,12209
3504,python (8660),Command Buffer 0,11827541875,150916
3505,python (8660),Compute Command 0,11827678208,12458
3506,python (8660),Command Buffer 0,11827695250,143291
3507,python (8660),Compute Command 0,11827824208,12250
3508,python (8660),Command Buffer 0,11827840583,164542
3509,python (8660),Compute Command 0,11827983666,19125
3510,python (8660),Command Buffer 0,11828010166,166625
3511,python (8660),Compute Command 0,11828159416,15084
3512,python (8660),Command Buffer 0,11828179833,157208
3513,python (8660),Compute Command 0,11828322666,12292
3514,python (8660),Command Buffer 0,11828339666,154750
3515,python (8660),Compute Command 0,11828480541,11875
3516,python (8660),Command Buffer 0,11828496625,145583
3517,python (8660),Compute Command 0,11828629000,11333
3518,python (8660),Command Buffer 0,11828644458,146958
3519,python (8660),Compute Command 0,11828778416,11167
3520,python (8660),Command Buffer 0,11828793583,151583
3521,python (8660),Compute Command 0,11828931083,12167
3522,python (8660),Command Buffer 0,11828947458,142208
3523,python (8660),Compute Command 0,11829076333,11417
3524,python (8660),Command Buffer 0,11829091875,150041
3525,python (8660),Compute Command 0,11829228708,11333
3526,python (8660),Command Buffer 0,11829244083,149833
3527,python (8660),Compute Command 0,11829380791,11209
3528,python (8660),Command Buffer 0,11829396250,149208
3529,python (8660),Compute Command 0,11829531083,12417
3530,python (8660),Command Buffer 0,11829547750,148083
3531,python (8660),Compute Command 0,11829682750,11208
3532,python (8660),Command Buffer 0,11829698083,147833
3533,python (8660),Compute Command 0,11829832458,11625
3534,python (8660),Command Buffer 0,11829848125,145833
3535,python (8660),Compute Command 0,11829981041,11042
3536,python (8660),Command Buffer 0,11829995958,152375
3537,python (8660),Compute Command 0,11830135041,11459
3538,python (8660),Command Buffer 0,11830150583,150167
3539,python (8660),Compute Command 0,11830287541,11292
3540,python (8660),Command Buffer 0,11830302708,153625
3541,python (8660),Compute Command 0,11830438541,15875
3542,python (8660),Command Buffer 0,11830458708,143625
3543,python (8660),Compute Command 0,11830588000,12375
3544,python (8660),Command Buffer 0,11830604708,144167
3545,python (8660),Compute Command 0,11830734083,12708
3546,python (8660),Command Buffer 0,11830751291,136500
3547,python (8660),Compute Command 0,11830873666,12167
3548,python (8660),Command Buffer 0,11830890083,147667
3549,python (8660),Compute Command 0,11831023750,12125
3550,python (8660),Command Buffer 0,11831040000,283625
3551,python (8660),Compute Command 0,11831309708,12042
3552,python (8660),Command Buffer 0,11831326125,140791
3553,python (8660),Compute Command 0,11831453041,12042
3554,python (8660),Command Buffer 0,11831469041,155375
3555,python (8660),Compute Command 0,11831610625,12000
3556,python (8660),Command Buffer 0,11831626500,146083
3557,python (8660),Compute Command 0,11831758666,12084
3558,python (8660),Command Buffer 0,11831774750,154791
3559,python (8660),Compute Command 0,11831916000,11750
3560,python (8660),Command Buffer 0,11831931666,145584
3561,python (8660),Compute Command 0,11832063375,12041
3562,python (8660),Command Buffer 0,11832079375,158458
3563,python (8660),Compute Command 0,11832224250,11791
3564,python (8660),Command Buffer 0,11832240000,146791
3565,python (8660),Compute Command 0,11832371958,12750
3566,python (8660),Command Buffer 0,11832389250,152875
3567,python (8660),Compute Command 0,11832528500,11708
3568,python (8660),Command Buffer 0,11832544291,162750
3569,python (8660),Compute Command 0,11832692875,12291
3570,python (8660),Command Buffer 0,11832709250,148458
3571,python (8660),Compute Command 0,11832844250,11583
3572,python (8660),Command Buffer 0,11832860000,157500
3573,python (8660),Compute Command 0,11833004041,11584
3574,python (8660),Command Buffer 0,11833019875,158291
3575,python (8660),Compute Command 0,11833164916,11417
3576,python (8660),Command Buffer 0,11833180375,142875
3577,python (8660),Compute Command 0,11833310375,10958
3578,python (8660),Command Buffer 0,11833325250,158416
3579,python (8660),Compute Command 0,11833470583,11167
3580,python (8660),Command Buffer 0,11833485791,156042
3581,python (8660),Compute Command 0,11833628625,11333
3582,python (8660),Command Buffer 0,11833644083,154500
3583,python (8660),Compute Command 0,11833785708,11000
3584,python (8660),Command Buffer 0,11833800541,156625
3585,python (8660),Compute Command 0,11833944125,11125
3586,python (8660),Command Buffer 0,11833959166,154709
3587,python (8660),Compute Command 0,11834100791,11209
3588,python (8660),Command Buffer 0,11834115833,156417
3589,python (8660),Compute Command 0,11834259083,11250
3590,python (8660),Command Buffer 0,11834274083,156958
3591,python (8660),Compute Command 0,11834417208,12000
3592,python (8660),Command Buffer 0,11834435875,151125
3593,python (8660),Compute Command 0,11834574166,11000
3594,python (8660),Command Buffer 0,11834589291,155042
3595,python (8660),Compute Command 0,11834731333,11250
3596,python (8660),Command Buffer 0,11834746625,167250
3597,python (8660),Compute Command 0,11834900333,11750
3598,python (8660),Command Buffer 0,11834916208,154833
3599,python (8660),Compute Command 0,11835056708,12375
3600,python (8660),Command Buffer 0,11835073333,138958
3601,python (8660),Compute Command 0,11835199000,11375
3602,python (8660),Command Buffer 0,11835214583,171917
3603,python (8660),Compute Command 0,11835372875,11791
3604,python (8660),Command Buffer 0,11835388708,164208
3605,python (8660),Compute Command 0,11835539708,11250
3606,python (8660),Command Buffer 0,11835555083,170667
3607,python (8660),Compute Command 0,11835712583,11292
3608,python (8660),Command Buffer 0,11835728000,168416
3609,python (8660),Compute Command 0,11835883500,10875
3610,python (8660),Command Buffer 0,11835898708,168625
3611,python (8660),Compute Command 0,11836054458,10792
3612,python (8660),Command Buffer 0,11836069416,171792
3613,python (8660),Compute Command 0,11836225416,13667
3614,python (8660),Command Buffer 0,11836243333,167625
3615,python (8660),Compute Command 0,11836397625,11416
3616,python (8660),Command Buffer 0,11836413125,167500
3617,python (8660),Compute Command 0,11836567791,10917
3618,python (8660),Command Buffer 0,11836582791,169500
3619,python (8660),Compute Command 0,11836739333,11000
3620,python (8660),Command Buffer 0,11836754458,170083
3621,python (8660),Compute Command 0,11836911583,11083
3622,python (8660),Command Buffer 0,11836926833,178875
3623,python (8660),Compute Command 0,11837092083,11792
3624,python (8660),Command Buffer 0,11837107875,162291
3625,python (8660),Compute Command 0,11837257041,11250
3626,python (8660),Command Buffer 0,11837272125,172083
3627,python (8660),Compute Command 0,11837430750,11541
3628,python (8660),Command Buffer 0,11837446333,179042
3629,python (8660),Compute Command 0,11837612125,11291
3630,python (8660),Command Buffer 0,11837627666,160417
3631,python (8660),Compute Command 0,11837774416,11834
3632,python (8660),Command Buffer 0,11837790291,158042
3633,python (8660),Compute Command 0,11837930708,15750
3634,python (8660),Command Buffer 0,11837950500,166625
3635,python (8660),Compute Command 0,11838103541,11667
3636,python (8660),Command Buffer 0,11838119416,173334
3637,python (8660),Compute Command 0,11838275250,15583
3638,python (8660),Command Buffer 0,11838294875,166458
3639,python (8660),Compute Command 0,11838447916,11542
3640,python (8660),Command Buffer 0,11838463416,170834
3641,python (8660),Compute Command 0,11838620875,11541
3642,python (8660),Command Buffer 0,11838636416,175000
3643,python (8660),Compute Command 0,11838793833,15750
3644,python (8660),Command Buffer 0,11838813708,155583
3645,python (8660),Compute Command 0,11838955958,11542
3646,python (8660),Command Buffer 0,11838971500,170750
3647,python (8660),Compute Command 0,11839128458,11833
3648,python (8660),Command Buffer 0,11839144541,157417
3649,python (8660),Compute Command 0,11839287916,12125
3650,python (8660),Command Buffer 0,11839304208,152125
3651,python (8660),Compute Command 0,11839443375,11041
3652,python (8660),Command Buffer 0,11839458916,261167
3653,python (8660),Compute Command 0,11839705333,12875
3654,python (8660),Command Buffer 0,11839722416,163792
3655,python (8660),Compute Command 0,11839872625,11791
3656,python (8660),Command Buffer 0,11839888541,165209
3657,python (8660),Compute Command 0,11840036000,15791
3658,python (8660),Command Buffer 0,11840056041,166334
3659,python (8660),Compute Command 0,11840205291,15167
3660,python (8660),Command Buffer 0,11840224541,164459
3661,python (8660),Compute Command 0,11840375958,11083
3662,python (8660),Command Buffer 0,11840391125,169458
3663,python (8660),Compute Command 0,11840547875,10833
3664,python (8660),Command Buffer 0,11840563041,158667
3665,python (8660),Compute Command 0,11840708458,11333
3666,python (8660),Command Buffer 0,11840723916,169000
3667,python (8660),Compute Command 0,11840878666,12375
3668,python (8660),Command Buffer 0,11840894875,167125
3669,python (8660),Compute Command 0,11841049208,10750
3670,python (8660),Command Buffer 0,11841064208,168042
3671,python (8660),Compute Command 0,11841219458,10958
3672,python (8660),Command Buffer 0,11841234166,170750
3673,python (8660),Compute Command 0,11841391791,11250
3674,python (8660),Command Buffer 0,11841407083,167708
3675,python (8660),Compute Command 0,11841561833,11083
3676,python (8660),Command Buffer 0,11841576708,157750
3677,python (8660),Compute Command 0,11841721750,10916
3678,python (8660),Command Buffer 0,11841736583,170583
3679,python (8660),Compute Command 0,11841894041,11292
3680,python (8660),Command Buffer 0,11841909083,173250
3681,python (8660),Compute Command 0,11842065208,15292
3682,python (8660),Command Buffer 0,11842084625,162958
3683,python (8660),Compute Command 0,11842235041,10542
3684,python (8660),Command Buffer 0,11842250000,153666
3685,python (8660),Compute Command 0,11842390750,11000
3686,python (8660),Command Buffer 0,11842406208,177125
3687,python (8660),Compute Command 0,11842564416,17042
3688,python (8660),Command Buffer 0,11842585583,152708
3689,python (8660),Compute Command 0,11842723375,12958
3690,python (8660),Command Buffer 0,11842740541,171417
3691,python (8660),Compute Command 0,11842898541,11584
3692,python (8660),Command Buffer 0,11842914291,166625
3693,python (8660),Compute Command 0,11843067875,11000
3694,python (8660),Command Buffer 0,11843082875,167541
3695,python (8660),Compute Command 0,11843237416,11167
3696,python (8660),Command Buffer 0,11843252500,169083
3697,python (8660),Compute Command 0,11843408541,11167
3698,python (8660),Command Buffer 0,11843424000,200291
3699,python (8660),Compute Command 0,11843608916,13084
3700,python (8660),Command Buffer 0,11843626750,183166
3701,python (8660),Compute Command 0,11843793666,13875
3702,python (8660),Command Buffer 0,11843815000,197708
3703,python (8660),Compute Command 0,11843996791,13584
3704,python (8660),Command Buffer 0,11844014916,191834
3705,python (8660),Compute Command 0,11844190875,13541
3706,python (8660),Command Buffer 0,11844209000,194458
3707,python (8660),Compute Command 0,11844387708,13417
3708,python (8660),Command Buffer 0,11844405708,192500
3709,python (8660),Compute Command 0,11844582333,13542
3710,python (8660),Command Buffer 0,11844600541,194875
3711,python (8660),Compute Command 0,11844779583,13500
3712,python (8660),Command Buffer 0,11844797750,199000
3713,python (8660),Compute Command 0,11844975666,18834
3714,python (8660),Command Buffer 0,11844999083,197083
3715,python (8660),Compute Command 0,11845179958,13875
3716,python (8660),Command Buffer 0,11845198458,171625
3717,python (8660),Compute Command 0,11845351708,15667
3718,python (8660),Command Buffer 0,11845372500,189250
3719,python (8660),Compute Command 0,11845545416,13750
3720,python (8660),Command Buffer 0,11845564166,189209
3721,python (8660),Compute Command 0,11845737500,13500
3722,python (8660),Command Buffer 0,11845756125,197666
3723,python (8660),Compute Command 0,11845937958,13500
3724,python (8660),Command Buffer 0,11845956041,192292
3725,python (8660),Compute Command 0,11846132375,13625
3726,python (8660),Command Buffer 0,11846150458,195583
3727,python (8660),Compute Command 0,11846330500,13250
3728,python (8660),Command Buffer 0,11846348208,192708
3729,python (8660),Compute Command 0,11846525291,13334
3730,python (8660),Command Buffer 0,11846543125,197750
3731,python (8660),Compute Command 0,11846722833,12958
3732,python (8660),Command Buffer 0,11846743083,191583
3733,python (8660),Compute Command 0,11846919291,13084
3734,python (8660),Command Buffer 0,11846936875,192958
3735,python (8660),Compute Command 0,11847114291,13250
3736,python (8660),Command Buffer 0,11847132000,189875
3737,python (8660),Compute Command 0,11847306333,13292
3738,python (8660),Command Buffer 0,11847324083,195833
3739,python (8660),Compute Command 0,11847504708,12917
3740,python (8660),Command Buffer 0,11847522208,192958
3741,python (8660),Compute Command 0,11847699416,13500
3742,python (8660),Command Buffer 0,11847717458,328083
3743,python (8660),Compute Command 0,11848029875,13375
3744,python (8660),Command Buffer 0,11848047958,194208
3745,python (8660),Compute Command 0,11848226791,13125
3746,python (8660),Command Buffer 0,11848244416,194459
3747,python (8660),Compute Command 0,11848423583,13000
3748,python (8660),Command Buffer 0,11848441083,193250
3749,python (8660),Compute Command 0,11848618666,13375
3750,python (8660),Command Buffer 0,11848636500,195500
3751,python (8660),Compute Command 0,11848816458,13250
3752,python (8660),Command Buffer 0,11848834166,191709
3753,python (8660),Compute Command 0,11849010458,13208
3754,python (8660),Command Buffer 0,11849028041,194625
3755,python (8660),Compute Command 0,11849207208,13208
3756,python (8660),Command Buffer 0,11849224958,191583
3757,python (8660),Compute Command 0,11849401083,13208
3758,python (8660),Command Buffer 0,11849418708,195417
3759,python (8660),Compute Command 0,11849598750,13125
3760,python (8660),Command Buffer 0,11849616375,189875
3761,python (8660),Compute Command 0,11849790583,13375
3762,python (8660),Command Buffer 0,11849808416,196709
3763,python (8660),Compute Command 0,11849988833,13875
3764,python (8660),Command Buffer 0,11850007458,190375
3765,python (8660),Compute Command 0,11850178458,17167
3766,python (8660),Command Buffer 0,11850200166,199292
3767,python (8660),Compute Command 0,11850383625,13541
3768,python (8660),Command Buffer 0,11850401666,193000
3769,python (8660),Compute Command 0,11850578916,13459
3770,python (8660),Command Buffer 0,11850596833,197250
3771,python (8660),Compute Command 0,11850778416,13375
3772,python (8660),Command Buffer 0,11850796375,192250
3773,python (8660),Compute Command 0,11850972750,13541
3774,python (8660),Command Buffer 0,11850990833,198875
3775,python (8660),Compute Command 0,11851173125,14291
3776,python (8660),Command Buffer 0,11851191875,192833
3777,python (8660),Compute Command 0,11851369041,13375
3778,python (8660),Command Buffer 0,11851386916,196875
3779,python (8660),Compute Command 0,11851568083,13417
3780,python (8660),Command Buffer 0,11851585958,190875
3781,python (8660),Compute Command 0,11851761250,13291
3782,python (8660),Command Buffer 0,11851778958,192875
3783,python (8660),Compute Command 0,11851956000,13291
3784,python (8660),Command Buffer 0,11851974625,193916
3785,python (8660),Compute Command 0,11852153166,13125
3786,python (8660),Command Buffer 0,11852170750,189208
3787,python (8660),Compute Command 0,11852344291,13417
3788,python (8660),Command Buffer 0,11852367541,195875
3789,python (8660),Compute Command 0,11852548083,13042
3790,python (8660),Command Buffer 0,11852565625,192708
3791,python (8660),Compute Command 0,11852742958,13042
3792,python (8660),Command Buffer 0,11852760958,193875
3793,python (8660),Compute Command 0,11852936625,15958
3794,python (8660),Command Buffer 0,11852960791,194667
3795,python (8660),Compute Command 0,11853140166,13042
3796,python (8660),Command Buffer 0,11853157708,190125
3797,python (8660),Compute Command 0,11853332541,13042
3798,python (8660),Command Buffer 0,11853350000,194791
3799,python (8660),Compute Command 0,11853529541,13000
3800,python (8660),Command Buffer 0,11853547041,170667
3801,python (8660),Compute Command 0,11853700208,14958
3802,python (8660),Command Buffer 0,11853720291,161917
3803,python (8660),Compute Command 0,11853862250,17416
3804,python (8660),Command Buffer 0,11853884750,170500
3805,python (8660),Compute Command 0,11854037583,15542
3806,python (8660),Command Buffer 0,11854057875,158958
3807,python (8660),Compute Command 0,11854198875,15541
3808,python (8660),Command Buffer 0,11854219708,192292
3809,python (8660),Compute Command 0,11854396083,13417
3810,python (8660),Command Buffer 0,11854414375,192250
3811,python (8660),Compute Command 0,11854591291,13000
3812,python (8660),Command Buffer 0,11854612041,191334
3813,python (8660),Compute Command 0,11854788041,13084
3814,python (8660),Command Buffer 0,11854805708,203750
3815,python (8660),Compute Command 0,11854994208,13042
3816,python (8660),Command Buffer 0,11855011791,194375
3817,python (8660),Compute Command 0,11855190708,13208
3818,python (8660),Command Buffer 0,11855208541,200750
3819,python (8660),Compute Command 0,11855393833,13208
3820,python (8660),Command Buffer 0,11855414333,193000
3821,python (8660),Compute Command 0,11855591916,13125
3822,python (8660),Command Buffer 0,11855609583,195500
3823,python (8660),Compute Command 0,11855789458,13333
3824,python (8660),Command Buffer 0,11855807458,191625
3825,python (8660),Compute Command 0,11855983458,13375
3826,python (8660),Command Buffer 0,11856003916,328542
3827,python (8660),Compute Command 0,11856316166,13875
3828,python (8660),Command Buffer 0,11856334833,196042
3829,python (8660),Compute Command 0,11856515416,13167
3830,python (8660),Command Buffer 0,11856533083,186917
3831,python (8660),Compute Command 0,11856699750,17875
3832,python (8660),Command Buffer 0,11856722833,178250
3833,python (8660),Compute Command 0,11856885708,13125
3834,python (8660),Command Buffer 0,11856903291,167334
3835,python (8660),Compute Command 0,11857055208,13125
3836,python (8660),Command Buffer 0,11857072875,167083
3837,python (8660),Compute Command 0,11857224416,13250
3838,python (8660),Command Buffer 0,11857242291,173584
3839,python (8660),Compute Command 0,11857400500,13125
3840,python (8660),Command Buffer 0,11857418208,167542
3841,python (8660),Compute Command 0,11857569625,13750
3842,python (8660),Command Buffer 0,11857587958,169333
3843,python (8660),Compute Command 0,11857741583,13375
3844,python (8660),Command Buffer 0,11857759750,179875
3845,python (8660),Compute Command 0,11857922708,14583
3846,python (8660),Command Buffer 0,11857942458,177042
3847,python (8660),Compute Command 0,11858103750,13541
3848,python (8660),Command Buffer 0,11858121750,164583
3849,python (8660),Compute Command 0,11858270666,13417
3850,python (8660),Command Buffer 0,11858288541,166750
3851,python (8660),Compute Command 0,11858439958,13042
3852,python (8660),Command Buffer 0,11858457458,168000
3853,python (8660),Compute Command 0,11858610083,13125
3854,python (8660),Command Buffer 0,11858627625,229041
3855,python (8660),Compute Command 0,11858840500,13833
3856,python (8660),Command Buffer 0,11858859375,185541
3857,python (8660),Compute Command 0,11859029125,13416
3858,python (8660),Command Buffer 0,11859047250,171083
3859,python (8660),Compute Command 0,11859202666,13459
3860,python (8660),Command Buffer 0,11859220500,173791
3861,python (8660),Compute Command 0,11859378958,13083
3862,python (8660),Command Buffer 0,11859396583,173708
3863,python (8660),Compute Command 0,11859553958,13833
3864,python (8660),Command Buffer 0,11859572791,171875
3865,python (8660),Compute Command 0,11859729250,13125
3866,python (8660),Command Buffer 0,11859746916,195834
3867,python (8660),Compute Command 0,11859927333,13125
3868,python (8660),Command Buffer 0,11859945000,195916
3869,python (8660),Compute Command 0,11860125500,13208
3870,python (8660),Command Buffer 0,11860143125,184750
3871,python (8660),Compute Command 0,11860312125,13250
3872,python (8660),Command Buffer 0,11860330666,195500
3873,python (8660),Compute Command 0,11860510708,13208
3874,python (8660),Command Buffer 0,11860528333,192583
3875,python (8660),Compute Command 0,11860705708,12917
3876,python (8660),Command Buffer 0,11860723041,194084
3877,python (8660),Compute Command 0,11860901583,13292
3878,python (8660),Command Buffer 0,11860919250,195625
3879,python (8660),Compute Command 0,11861099541,12959
3880,python (8660),Command Buffer 0,11861117625,196875
3881,python (8660),Compute Command 0,11861299166,13084
3882,python (8660),Command Buffer 0,11861316583,194000
3883,python (8660),Compute Command 0,11861495333,13000
3884,python (8660),Command Buffer 0,11861512750,197375
3885,python (8660),Compute Command 0,11861694375,13541
3886,python (8660),Command Buffer 0,11861712291,197125
3887,python (8660),Compute Command 0,11861894083,13083
3888,python (8660),Command Buffer 0,11861911500,170333
3889,python (8660),Compute Command 0,11862064750,14833
3890,python (8660),Command Buffer 0,11862083708,189583
3891,python (8660),Compute Command 0,11862256833,13917
3892,python (8660),Command Buffer 0,11862275791,214959
3893,python (8660),Compute Command 0,11862469375,17833
3894,python (8660),Command Buffer 0,11862494291,183959
3895,python (8660),Compute Command 0,11862662333,13458
3896,python (8660),Command Buffer 0,11862680791,196042
3897,python (8660),Compute Command 0,11862861208,13292
3898,python (8660),Command Buffer 0,11862879166,195459
3899,python (8660),Compute Command 0,11863058750,13500
3900,python (8660),Command Buffer 0,11863077000,197125
3901,python (8660),Compute Command 0,11863258208,13542
3902,python (8660),Command Buffer 0,11863276458,197208
3903,python (8660),Compute Command 0,11863455000,16250
3904,python (8660),Command Buffer 0,11863476041,197709
3905,python (8660),Compute Command 0,11863658125,13291
3906,python (8660),Command Buffer 0,11863676041,194334
3907,python (8660),Compute Command 0,11863854708,13375
3908,python (8660),Command Buffer 0,11863872666,193709
3909,python (8660),Compute Command 0,11864050916,13209
3910,python (8660),Command Buffer 0,11864068625,187875
3911,python (8660),Compute Command 0,11864241125,13083
3912,python (8660),Command Buffer 0,11864258875,166500
3913,python (8660),Compute Command 0,11864408375,14458
3914,python (8660),Command Buffer 0,11864428625,305541
3915,python (8660),Compute Command 0,11864717958,13917
3916,python (8660),Command Buffer 0,11864736333,177125
3917,python (8660),Compute Command 0,11864897250,13708
3918,python (8660),Command Buffer 0,11864915666,200250
3919,python (8660),Compute Command 0,11865100000,13583
3920,python (8660),Command Buffer 0,11865118125,194958
3921,python (8660),Compute Command 0,11865297333,13458
3922,python (8660),Command Buffer 0,11865315375,192166
3923,python (8660),Compute Command 0,11865492125,13125
3924,python (8660),Command Buffer 0,11865510291,198709
3925,python (8660),Compute Command 0,11865693375,13375
3926,python (8660),Command Buffer 0,11865711333,197250
3927,python (8660),Compute Command 0,11865892791,13542
3928,python (8660),Command Buffer 0,11865910833,195917
3929,python (8660),Compute Command 0,11866091208,13292
3930,python (8660),Command Buffer 0,11866108958,193792
3931,python (8660),Compute Command 0,11866287375,13125
3932,python (8660),Command Buffer 0,11866305000,193791
3933,python (8660),Compute Command 0,11866483500,13041
3934,python (8660),Command Buffer 0,11866500958,195417
3935,python (8660),Compute Command 0,11866680875,13250
3936,python (8660),Command Buffer 0,11866698583,195042
3937,python (8660),Compute Command 0,11866877833,13500
3938,python (8660),Command Buffer 0,11866895875,194916
3939,python (8660),Compute Command 0,11867075375,13125
3940,python (8660),Command Buffer 0,11867092916,194625
3941,python (8660),Compute Command 0,11867272083,13167
3942,python (8660),Command Buffer 0,11867289666,195750
3943,python (8660),Compute Command 0,11867470166,13042
3944,python (8660),Command Buffer 0,11867487541,195542
3945,python (8660),Compute Command 0,11867667750,13041
3946,python (8660),Command Buffer 0,11867685208,194083
3947,python (8660),Compute Command 0,11867863916,13125
3948,python (8660),Command Buffer 0,11867881458,197333
3949,python (8660),Compute Command 0,11868063166,13417
3950,python (8660),Command Buffer 0,11868081000,193833
3951,python (8660),Compute Command 0,11868259208,13375
3952,python (8660),Command Buffer 0,11868277000,194375
3953,python (8660),Compute Command 0,11868456208,12917
3954,python (8660),Command Buffer 0,11868473541,189167
3955,python (8660),Compute Command 0,11868646958,13458
3956,python (8660),Command Buffer 0,11868664916,168167
3957,python (8660),Compute Command 0,11868816250,14583
3958,python (8660),Command Buffer 0,11868835000,154791
3959,python (8660),Compute Command 0,11868972916,14875
3960,python (8660),Command Buffer 0,11868991708,147292
3961,python (8660),Compute Command 0,11869121958,14625
3962,python (8660),Command Buffer 0,11869141708,147917
3963,python (8660),Compute Command 0,11869272958,14167
3964,python (8660),Command Buffer 0,11869291833,149583
3965,python (8660),Compute Command 0,11869424791,14084
3966,python (8660),Command Buffer 0,11869444000,163583
3967,python (8660),Compute Command 0,11869590541,14125
3968,python (8660),Command Buffer 0,11869610166,198750
3969,python (8660),Compute Command 0,11869793083,13500
3970,python (8660),Command Buffer 0,11869811333,189458
3971,python (8660),Compute Command 0,11869985291,13167
3972,python (8660),Command Buffer 0,11870003166,202125
3973,python (8660),Compute Command 0,11870189708,13333
3974,python (8660),Command Buffer 0,11870207833,174125
3975,python (8660),Compute Command 0,11870365375,14166
3976,python (8660),Command Buffer 0,11870384750,186541
3977,python (8660),Compute Command 0,11870555083,13875
3978,python (8660),Command Buffer 0,11870573750,197000
3979,python (8660),Compute Command 0,11870755250,13166
3980,python (8660),Command Buffer 0,11870773000,194000
3981,python (8660),Compute Command 0,11870951333,13333
3982,python (8660),Command Buffer 0,11870969250,193750
3983,python (8660),Compute Command 0,11871147625,13083
3984,python (8660),Command Buffer 0,11871165166,194959
3985,python (8660),Compute Command 0,11871344458,13375
3986,python (8660),Command Buffer 0,11871362458,192458
3987,python (8660),Compute Command 0,11871539375,13250
3988,python (8660),Command Buffer 0,11871557041,193625
3989,python (8660),Compute Command 0,11871735375,13041
3990,python (8660),Command Buffer 0,11871752875,192958
3991,python (8660),Compute Command 0,11871930458,13125
3992,python (8660),Command Buffer 0,11871947958,185542
3993,python (8660),Compute Command 0,11872118000,13250
3994,python (8660),Command Buffer 0,11872135625,197041
3995,python (8660),Compute Command 0,11872316833,13500
3996,python (8660),Command Buffer 0,11872335083,199625
3997,python (8660),Compute Command 0,11872518833,13542
3998,python (8660),Command Buffer 0,11872536958,190542
3999,python (8660),Compute Command 0,11872711625,13458
4000,python (8660),Command Buffer 0,11872730250,327958
4001,python (8660),Compute Command 0,11873042375,13416
4002,python (8660),Command Buffer 0,11873060875,181833
4003,python (8660),Compute Command 0,11873225333,14875
4004,python (8660),Command Buffer 0,11873245083,195417
4005,python (8660),Compute Command 0,11873424583,13542
4006,python (8660),Command Buffer 0,11873442750,195541
4007,python (8660),Compute Command 0,11873622333,13667
4008,python (8660),Command Buffer 0,11873640500,193666
4009,python (8660),Compute Command 0,11873818583,13333
4010,python (8660),Command Buffer 0,11873836291,192584
4011,python (8660),Compute Command 0,11874013500,13125
4012,python (8660),Command Buffer 0,11874031041,195834
4013,python (8660),Compute Command 0,11874211416,13125
4014,python (8660),Command Buffer 0,11874228916,187917
4015,python (8660),Compute Command 0,11874401541,13084
4016,python (8660),Command Buffer 0,11874419000,194541
4017,python (8660),Compute Command 0,11874598166,13125
4018,python (8660),Command Buffer 0,11874615666,193500
4019,python (8660),Compute Command 0,11874793791,13167
4020,python (8660),Command Buffer 0,11874811291,194959
4021,python (8660),Compute Command 0,11874990666,13334
4022,python (8660),Command Buffer 0,11875008500,191291
4023,python (8660),Compute Command 0,11875179750,17791
4024,python (8660),Command Buffer 0,11875201916,195000
4025,python (8660),Compute Command 0,11875381333,13292
4026,python (8660),Command Buffer 0,11875399083,194083
4027,python (8660),Compute Command 0,11875577708,13208
4028,python (8660),Command Buffer 0,11875595250,194916
4029,python (8660),Compute Command 0,11875774791,13084
4030,python (8660),Command Buffer 0,11875792250,193625
4031,python (8660),Compute Command 0,11875970000,13666
4032,python (8660),Command Buffer 0,11875988083,193833
4033,python (8660),Compute Command 0,11876166666,13000
4034,python (8660),Command Buffer 0,11876184000,195333
4035,python (8660),Compute Command 0,11876363625,13458
4036,python (8660),Command Buffer 0,11876381500,184541
4037,python (8660),Compute Command 0,11876550250,13458
4038,python (8660),Command Buffer 0,11876568333,197083
4039,python (8660),Compute Command 0,11876749791,13375
4040,python (8660),Command Buffer 0,11876767625,204083
4041,python (8660),Compute Command 0,11876953958,14875
4042,python (8660),Command Buffer 0,11876974875,197583
4043,python (8660),Compute Command 0,11877157000,13166
4044,python (8660),Command Buffer 0,11877174583,196708
4045,python (8660),Compute Command 0,11877355833,13208
4046,python (8660),Command Buffer 0,11877373416,193417
4047,python (8660),Compute Command 0,11877551500,13083
4048,python (8660),Command Buffer 0,11877568958,193667
4049,python (8660),Compute Command 0,11877747375,13041
4050,python (8660),Command Buffer 0,11877764833,193375
4051,python (8660),Compute Command 0,11877942958,12917
4052,python (8660),Command Buffer 0,11877960333,194042
4053,python (8660),Compute Command 0,11878138791,13334
4054,python (8660),Command Buffer 0,11878156583,197625
4055,python (8660),Compute Command 0,11878338541,13375
4056,python (8660),Command Buffer 0,11878356375,194625
4057,python (8660),Compute Command 0,11878535625,13125
4058,python (8660),Command Buffer 0,11878553166,180709
4059,python (8660),Compute Command 0,11878718208,13333
4060,python (8660),Command Buffer 0,11878736250,187000
4061,python (8660),Compute Command 0,11878907958,13083
4062,python (8660),Command Buffer 0,11878925375,182708
4063,python (8660),Compute Command 0,11879092625,13208
4064,python (8660),Command Buffer 0,11879110166,199125
4065,python (8660),Compute Command 0,11879290708,16333
4066,python (8660),Command Buffer 0,11879311375,194208
4067,python (8660),Compute Command 0,11879490250,13083
4068,python (8660),Command Buffer 0,11879507791,195917
4069,python (8660),Compute Command 0,11879688166,13292
4070,python (8660),Command Buffer 0,11879705916,187042
4071,python (8660),Compute Command 0,11879877625,13083
4072,python (8660),Command Buffer 0,11879895125,193916
4073,python (8660),Compute Command 0,11880073583,13208
4074,python (8660),Command Buffer 0,11880091166,194292
4075,python (8660),Compute Command 0,11880270291,12917
4076,python (8660),Command Buffer 0,11880287625,195208
4077,python (8660),Compute Command 0,11880467375,13208
4078,python (8660),Command Buffer 0,11880485000,194416
4079,python (8660),Compute Command 0,11880664083,13042
4080,python (8660),Command Buffer 0,11880681500,189666
4081,python (8660),Compute Command 0,11880855958,12917
4082,python (8660),Command Buffer 0,11880873875,195666
4083,python (8660),Compute Command 0,11881054291,13042
4084,python (8660),Command Buffer 0,11881071666,340792
4085,python (8660),Compute Command 0,11881396708,13375
4086,python (8660),Command Buffer 0,11881414875,197416
4087,python (8660),Compute Command 0,11881596708,13375
4088,python (8660),Command Buffer 0,11881614458,194250
4089,python (8660),Compute Command 0,11881793208,13208
4090,python (8660),Command Buffer 0,11881810791,195209
4091,python (8660),Compute Command 0,11881990541,13250
4092,python (8660),Command Buffer 0,11882008083,197458
4093,python (8660),Compute Command 0,11882184916,18417
4094,python (8660),Command Buffer 0,11882207708,199500
4095,python (8660),Compute Command 0,11882388833,13375
4096,python (8660),Command Buffer 0,11882409458,194375
4097,python (8660),Compute Command 0,11882588500,13083
4098,python (8660),Command Buffer 0,11882605916,194917
4099,python (8660),Compute Command 0,11882785541,13042
4100,python (8660),Command Buffer 0,11882802958,196083
4101,python (8660),Compute Command 0,11882983541,13167
4102,python (8660),Command Buffer 0,11883001125,194666
4103,python (8660),Compute Command 0,11883176041,17500
4104,python (8660),Command Buffer 0,11883197875,195000
4105,python (8660),Compute Command 0,11883377125,13500
4106,python (8660),Command Buffer 0,11883395000,196291
4107,python (8660),Compute Command 0,11883575833,13250
4108,python (8660),Command Buffer 0,11883593458,195375
4109,python (8660),Compute Command 0,11883773458,13000
4110,python (8660),Command Buffer 0,11883791125,193875
4111,python (8660),Compute Command 0,11883969375,13375
4112,python (8660),Command Buffer 0,11883987250,191875
4113,python (8660),Compute Command 0,11884163625,13250
4114,python (8660),Command Buffer 0,11884181166,195375
4115,python (8660),Compute Command 0,11884361166,13084
4116,python (8660),Command Buffer 0,11884378750,194958
4117,python (8660),Compute Command 0,11884558333,13083
4118,python (8660),Command Buffer 0,11884575833,193667
4119,python (8660),Compute Command 0,11884754333,12917
4120,python (8660),Command Buffer 0,11884771583,194750
4121,python (8660),Compute Command 0,11884951000,13000
4122,python (8660),Command Buffer 0,11884968500,196458
4123,python (8660),Compute Command 0,11885149583,13125
4124,python (8660),Command Buffer 0,11885167083,178792
4125,python (8660),Compute Command 0,11885330166,13375
4126,python (8660),Command Buffer 0,11885348250,188375
4127,python (8660),Compute Command 0,11885521208,13167
4128,python (8660),Command Buffer 0,11885538750,195708
4129,python (8660),Compute Command 0,11885719125,13083
4130,python (8660),Command Buffer 0,11885736583,194250
4131,python (8660),Compute Command 0,11885915708,12917
4132,python (8660),Command Buffer 0,11885933000,197083
4133,python (8660),Compute Command 0,11886114625,13208
4134,python (8660),Command Buffer 0,11886132250,198375
4135,python (8660),Compute Command 0,11886312333,16042
4136,python (8660),Command Buffer 0,11886332750,193958
4137,python (8660),Compute Command 0,11886511500,13000
4138,python (8660),Command Buffer 0,11886528875,193916
4139,python (8660),Compute Command 0,11886707625,12958
4140,python (8660),Command Buffer 0,11886724875,196208
4141,python (8660),Compute Command 0,11886905666,13167
4142,python (8660),Command Buffer 0,11886923250,169750
4143,python (8660),Compute Command 0,11887075375,15166
4144,python (8660),Command Buffer 0,11887094916,149500
4145,python (8660),Compute Command 0,11887227500,14416
4146,python (8660),Command Buffer 0,11887246791,176834
4147,python (8660),Compute Command 0,11887407791,13542
4148,python (8660),Command Buffer 0,11887426208,193333
4149,python (8660),Compute Command 0,11887603750,13541
4150,python (8660),Command Buffer 0,11887621916,200542
4151,python (8660),Compute Command 0,11887804041,15542
4152,python (8660),Command Buffer 0,11887825291,199625
4153,python (8660),Compute Command 0,11888007916,14459
4154,python (8660),Command Buffer 0,11888027416,197000
4155,python (8660),Compute Command 0,11888207333,14583
4156,python (8660),Command Buffer 0,11888226875,199458
4157,python (8660),Compute Command 0,11888410083,13875
4158,python (8660),Command Buffer 0,11888428666,194459
4159,python (8660),Compute Command 0,11888607083,13708
4160,python (8660),Command Buffer 0,11888625458,198708
4161,python (8660),Compute Command 0,11888808333,13583
4162,python (8660),Command Buffer 0,11888829416,195834
4163,python (8660),Compute Command 0,11889009458,13458
4164,python (8660),Command Buffer 0,11889027666,197834
4165,python (8660),Compute Command 0,11889209916,13250
4166,python (8660),Command Buffer 0,11889227916,192834
4167,python (8660),Compute Command 0,11889404708,13750
4168,python (8660),Command Buffer 0,11889423125,361833
4169,python (8660),Compute Command 0,11889768833,13750
4170,python (8660),Command Buffer 0,11889787291,196125
4171,python (8660),Compute Command 0,11889967125,13958
4172,python (8660),Command Buffer 0,11889985750,182458
4173,python (8660),Compute Command 0,11890152125,13708
4174,python (8660),Command Buffer 0,11890170375,172750
4175,python (8660),Compute Command 0,11890327625,13166
4176,python (8660),Command Buffer 0,11890345500,171583
4177,python (8660),Compute Command 0,11890501291,13500
4178,python (8660),Command Buffer 0,11890519375,164916
4179,python (8660),Compute Command 0,11890668041,13750
4180,python (8660),Command Buffer 0,11890686875,178000
4181,python (8660),Compute Command 0,11890849083,13417
4182,python (8660),Command Buffer 0,11890867250,166500
4183,python (8660),Compute Command 0,11891018250,13166
4184,python (8660),Command Buffer 0,11891035958,169167
4185,python (8660),Compute Command 0,11891189875,13041
4186,python (8660),Command Buffer 0,11891207333,167917
4187,python (8660),Compute Command 0,11891359333,13542
4188,python (8660),Command Buffer 0,11891377541,174292
4189,python (8660),Compute Command 0,11891536416,13125
4190,python (8660),Command Buffer 0,11891554166,165875
4191,python (8660),Compute Command 0,11891704291,13417
4192,python (8660),Command Buffer 0,11891722500,171416
4193,python (8660),Compute Command 0,11891877125,14791
4194,python (8660),Command Buffer 0,11891895916,234417
4195,python (8660),Compute Command 0,11892114458,13458
4196,python (8660),Command Buffer 0,11892132833,184667
4197,python (8660),Compute Command 0,11892301750,13333
4198,python (8660),Command Buffer 0,11892320250,182500
4199,python (8660),Compute Command 0,11892487041,13375
4200,python (8660),Command Buffer 0,11892507666,175209
4201,python (8660),Compute Command 0,11892666958,13583
4202,python (8660),Command Buffer 0,11892685250,172125
4203,python (8660),Compute Command 0,11892842083,13042
4204,python (8660),Command Buffer 0,11892859708,171208
4205,python (8660),Compute Command 0,11893015291,13334
4206,python (8660),Command Buffer 0,11893033666,178542
4207,python (8660),Compute Command 0,11893196833,13083
4208,python (8660),Command Buffer 0,11893214375,197875
4209,python (8660),Compute Command 0,11893396500,13416
4210,python (8660),Command Buffer 0,11893414458,205500
4211,python (8660),Compute Command 0,11893598000,19666
4212,python (8660),Command Buffer 0,11893622291,177417
4213,python (8660),Compute Command 0,11893784250,13208
4214,python (8660),Command Buffer 0,11893801958,189375
4215,python (8660),Compute Command 0,11893975833,13208
4216,python (8660),Command Buffer 0,11893993833,196583
4217,python (8660),Compute Command 0,11894171416,13084
4218,python (8660),Command Buffer 0,11894192666,195750
4219,python (8660),Compute Command 0,11894373250,12916
4220,python (8660),Command Buffer 0,11894390625,193250
4221,python (8660),Compute Command 0,11894568583,13000
4222,python (8660),Command Buffer 0,11894586000,195333
4223,python (8660),Compute Command 0,11894765625,13375
4224,python (8660),Command Buffer 0,11894783541,195125
4225,python (8660),Compute Command 0,11894962958,13417
4226,python (8660),Command Buffer 0,11894980833,198917
4227,python (8660),Compute Command 0,11895164291,13167
4228,python (8660),Command Buffer 0,11895182125,197500
4229,python (8660),Compute Command 0,11895363791,13542
4230,python (8660),Command Buffer 0,11895382666,203875
4231,python (8660),Compute Command 0,11895571000,13291
4232,python (8660),Command Buffer 0,11895588791,193125
4233,python (8660),Compute Command 0,11895766208,13333
4234,python (8660),Command Buffer 0,11895784125,196208
4235,python (8660),Compute Command 0,11895964875,13166
4236,python (8660),Command Buffer 0,11895985291,197834
4237,python (8660),Compute Command 0,11896167583,13292
4238,python (8660),Command Buffer 0,11896185291,197167
4239,python (8660),Compute Command 0,11896367208,13000
4240,python (8660),Command Buffer 0,11896387333,194542
4241,python (8660),Compute Command 0,11896566375,13208
4242,python (8660),Command Buffer 0,11896584166,197292
4243,python (8660),Compute Command 0,11896766041,13125
4244,python (8660),Command Buffer 0,11896783875,194708
4245,python (8660),Compute Command 0,11896963125,13125
4246,python (8660),Command Buffer 0,11896980958,200292
4247,python (8660),Compute Command 0,11897165666,13334
4248,python (8660),Command Buffer 0,11897183583,196208
4249,python (8660),Compute Command 0,11897364458,13083
4250,python (8660),Command Buffer 0,11897382125,196250
4251,python (8660),Compute Command 0,11897562791,13334
4252,python (8660),Command Buffer 0,11897580708,188083
4253,python (8660),Compute Command 0,11897752833,13542
4254,python (8660),Command Buffer 0,11897771166,345792
4255,python (8660),Compute Command 0,11898101583,13125
4256,python (8660),Command Buffer 0,11898119208,195625
4257,python (8660),Compute Command 0,11898299375,13166
4258,python (8660),Command Buffer 0,11898317166,195500
4259,python (8660),Compute Command 0,11898493708,16667
4260,python (8660),Command Buffer 0,11898515083,194583
4261,python (8660),Compute Command 0,11898694125,13291
4262,python (8660),Command Buffer 0,11898711916,195292
4263,python (8660),Compute Command 0,11898891958,13000
4264,python (8660),Command Buffer 0,11898909625,197375
4265,python (8660),Compute Command 0,11899091541,13209
4266,python (8660),Command Buffer 0,11899109333,197667
4267,python (8660),Compute Command 0,11899291833,12958
4268,python (8660),Command Buffer 0,11899309333,195750
4269,python (8660),Compute Command 0,11899489250,13416
4270,python (8660),Command Buffer 0,11899507416,195584
4271,python (8660),Compute Command 0,11899687750,13000
4272,python (8660),Command Buffer 0,11899705333,196375
4273,python (8660),Compute Command 0,11899886291,13167
4274,python (8660),Command Buffer 0,11899903875,176333
4275,python (8660),Compute Command 0,11900064666,13292
4276,python (8660),Command Buffer 0,11900082416,187459
4277,python (8660),Compute Command 0,11900254250,13333
4278,python (8660),Command Buffer 0,11900272000,197791
4279,python (8660),Compute Command 0,11900454458,13042
4280,python (8660),Command Buffer 0,11900471916,190417
4281,python (8660),Compute Command 0,11900647125,13000
4282,python (8660),Command Buffer 0,11900664500,196500
4283,python (8660),Compute Command 0,11900845500,13208
4284,python (8660),Command Buffer 0,11900863333,180792
4285,python (8660),Compute Command 0,11901027875,13875
4286,python (8660),Command Buffer 0,11901046583,163083
4287,python (8660),Compute Command 0,11901190625,16541
4288,python (8660),Command Buffer 0,11901212125,169125
4289,python (8660),Compute Command 0,11901364750,14125
4290,python (8660),Command Buffer 0,11901383625,177083
4291,python (8660),Compute Command 0,11901544666,13667
4292,python (8660),Command Buffer 0,11901563083,161125
4293,python (8660),Compute Command 0,11901707625,14250
4294,python (8660),Command Buffer 0,11901727291,163125
4295,python (8660),Compute Command 0,11901874083,13833
4296,python (8660),Command Buffer 0,11901892916,195875
4297,python (8660),Compute Command 0,11902065708,20750
4298,python (8660),Command Buffer 0,11902091250,196791
4299,python (8660),Compute Command 0,11902272416,13334
4300,python (8660),Command Buffer 0,11902290416,195417
4301,python (8660),Compute Command 0,11902470458,13125
4302,python (8660),Command Buffer 0,11902488083,194708
4303,python (8660),Compute Command 0,11902667416,13125
4304,python (8660),Command Buffer 0,11902685083,186875
4305,python (8660),Compute Command 0,11902856250,13458
4306,python (8660),Command Buffer 0,11902874166,195292
4307,python (8660),Compute Command 0,11903058000,9833
4308,python (8660),Command Buffer 0,11903071083,197042
4309,python (8660),Compute Command 0,11903252708,13125
4310,python (8660),Command Buffer 0,11903270291,198459
4311,python (8660),Compute Command 0,11903453333,13125
4312,python (8660),Command Buffer 0,11903471000,191750
4313,python (8660),Compute Command 0,11903648375,12375
4314,python (8660),Command Buffer 0,11903665250,192666
4315,python (8660),Compute Command 0,11903842333,13292
4316,python (8660),Command Buffer 0,11903860125,195083
4317,python (8660),Compute Command 0,11904039708,13250
4318,python (8660),Command Buffer 0,11904057500,195000
4319,python (8660),Compute Command 0,11904237208,13000
4320,python (8660),Command Buffer 0,11904254666,196834
4321,python (8660),Compute Command 0,11904433208,13375
4322,python (8660),Command Buffer 0,11904453750,194625
4323,python (8660),Compute Command 0,11904633125,12958
4324,python (8660),Command Buffer 0,11904650625,194041
4325,python (8660),Compute Command 0,11904829458,12958
4326,python (8660),Command Buffer 0,11904846916,187292
4327,python (8660),Compute Command 0,11905018833,13083
4328,python (8660),Command Buffer 0,11905036916,172334
4329,python (8660),Compute Command 0,11905195666,11584
4330,python (8660),Command Buffer 0,11905211666,162792
4331,python (8660),Compute Command 0,11905354166,17959
4332,python (8660),Command Buffer 0,11905376875,160708
4333,python (8660),Compute Command 0,11905522291,13000
4334,python (8660),Command Buffer 0,11905540041,150500
4335,python (8660),Compute Command 0,11905676708,11833
4336,python (8660),Command Buffer 0,11905693041,167292
4337,python (8660),Compute Command 0,11905846875,11458
4338,python (8660),Command Buffer 0,11905862375,173375
4339,python (8660),Compute Command 0,11906017791,15959
4340,python (8660),Command Buffer 0,11906038041,279625
4341,python (8660),Compute Command 0,11906303333,12000
4342,python (8660),Command Buffer 0,11906320125,172708
4343,python (8660),Compute Command 0,11906478791,12125
4344,python (8660),Command Buffer 0,11906495125,142833
4345,python (8660),Compute Command 0,11906623791,12209
4346,python (8660),Command Buffer 0,11906640375,152666
4347,python (8660),Compute Command 0,11906779750,11333
4348,python (8660),Command Buffer 0,11906795250,167333
4349,python (8660),Compute Command 0,11906949083,11583
4350,python (8660),Command Buffer 0,11906964416,167917
4351,python (8660),Compute Command 0,11907119458,10917
4352,python (8660),Command Buffer 0,11907134666,178959
4353,python (8660),Compute Command 0,11907299375,12291
4354,python (8660),Command Buffer 0,11907315791,148709
4355,python (8660),Compute Command 0,11907451333,11250
4356,python (8660),Command Buffer 0,11907466583,168083
4357,python (8660),Compute Command 0,11907621333,11375
4358,python (8660),Command Buffer 0,11907637375,165833
4359,python (8660),Compute Command 0,11907790125,11125
4360,python (8660),Command Buffer 0,11907805333,168542
4361,python (8660),Compute Command 0,11907960625,11375
4362,python (8660),Command Buffer 0,11907975750,169833
4363,python (8660),Compute Command 0,11908132666,11042
4364,python (8660),Command Buffer 0,11908147958,171917
4365,python (8660),Compute Command 0,11908306166,11750
4366,python (8660),Command Buffer 0,11908322250,168166
4367,python (8660),Compute Command 0,11908477000,11458
4368,python (8660),Command Buffer 0,11908492500,167708
4369,python (8660),Compute Command 0,11908646708,11583
4370,python (8660),Command Buffer 0,11908662166,169334
4371,python (8660),Compute Command 0,11908816625,12875
4372,python (8660),Command Buffer 0,11908833666,166750
4373,python (8660),Compute Command 0,11908987833,10667
4374,python (8660),Command Buffer 0,11909002666,168875
4375,python (8660),Compute Command 0,11909158541,11084
4376,python (8660),Command Buffer 0,11909173958,168250
4377,python (8660),Compute Command 0,11909329291,11084
4378,python (8660),Command Buffer 0,11909344041,207875
4379,python (8660),Compute Command 0,11909532833,16792
4380,python (8660),Command Buffer 0,11909554166,198292
4381,python (8660),Compute Command 0,11909737083,13125
4382,python (8660),Command Buffer 0,11909754666,197375
4383,python (8660),Compute Command 0,11909936583,13208
4384,python (8660),Command Buffer 0,11909954250,197500
4385,python (8660),Compute Command 0,11910136083,13375
4386,python (8660),Command Buffer 0,11910153916,182709
4387,python (8660),Compute Command 0,11910321250,13125
4388,python (8660),Command Buffer 0,11910338833,195625
4389,python (8660),Compute Command 0,11910519000,13125
4390,python (8660),Command Buffer 0,11910536666,194875
4391,python (8660),Compute Command 0,11910716291,12959
4392,python (8660),Command Buffer 0,11910733666,190667
4393,python (8660),Compute Command 0,11910913083,9667
4394,python (8660),Command Buffer 0,11910926041,195917
4395,python (8660),Compute Command 0,11911106291,13375
4396,python (8660),Command Buffer 0,11911124166,195042
4397,python (8660),Compute Command 0,11911303625,13291
4398,python (8660),Command Buffer 0,11911321458,193292
4399,python (8660),Compute Command 0,11911499041,13417
4400,python (8660),Command Buffer 0,11911516916,185084
4401,python (8660),Compute Command 0,11911686000,13625
4402,python (8660),Command Buffer 0,11911704291,196709
4403,python (8660),Compute Command 0,11911885625,13125
4404,python (8660),Command Buffer 0,11911903166,169709
4405,python (8660),Compute Command 0,11912052625,18250
4406,python (8660),Command Buffer 0,11912075583,189125
4407,python (8660),Compute Command 0,11912248541,13917
4408,python (8660),Command Buffer 0,11912266875,190416
4409,python (8660),Compute Command 0,11912440708,14042
4410,python (8660),Command Buffer 0,11912459875,177958
4411,python (8660),Compute Command 0,11912621833,13583
4412,python (8660),Command Buffer 0,11912640916,173459
4413,python (8660),Compute Command 0,11912801750,10791
4414,python (8660),Command Buffer 0,11912816333,189708
4415,python (8660),Compute Command 0,11912990083,13625
4416,python (8660),Command Buffer 0,11913008416,197209
4417,python (8660),Compute Command 0,11913189791,13459
4418,python (8660),Command Buffer 0,11913208000,195083
4419,python (8660),Compute Command 0,11913387458,13333
4420,python (8660),Command Buffer 0,11913405416,192917
4421,python (8660),Compute Command 0,11913582708,13333
4422,python (8660),Command Buffer 0,11913600458,194292
4423,python (8660),Compute Command 0,11913779166,13250
4424,python (8660),Command Buffer 0,11913796916,194334
4425,python (8660),Compute Command 0,11913975916,13042
4426,python (8660),Command Buffer 0,11913993375,199208
4427,python (8660),Compute Command 0,11914173583,16750
4428,python (8660),Command Buffer 0,11914194791,193125
4429,python (8660),Compute Command 0,11914372458,13167
4430,python (8660),Command Buffer 0,11914390083,357333
4431,python (8660),Compute Command 0,11914731625,13500
4432,python (8660),Command Buffer 0,11914749666,194750
4433,python (8660),Compute Command 0,11914928958,13083
4434,python (8660),Command Buffer 0,11914946708,189167
4435,python (8660),Compute Command 0,11915120375,13166
4436,python (8660),Command Buffer 0,11915138041,194375
4437,python (8660),Compute Command 0,11915316916,13167
4438,python (8660),Command Buffer 0,11915334750,194625
4439,python (8660),Compute Command 0,11915513708,13333
4440,python (8660),Command Buffer 0,11915531583,196833
4441,python (8660),Compute Command 0,11915712833,13292
4442,python (8660),Command Buffer 0,11915730708,192708
4443,python (8660),Compute Command 0,11915908083,13000
4444,python (8660),Command Buffer 0,11915925625,191916
4445,python (8660),Compute Command 0,11916099333,13125
4446,python (8660),Command Buffer 0,11916119666,196375
4447,python (8660),Compute Command 0,11916300666,13084
4448,python (8660),Command Buffer 0,11916318208,196125
4449,python (8660),Compute Command 0,11916499083,13042
4450,python (8660),Command Buffer 0,11916516458,195875
4451,python (8660),Compute Command 0,11916696916,13125
4452,python (8660),Command Buffer 0,11916714541,197875
4453,python (8660),Compute Command 0,11916897125,13041
4454,python (8660),Command Buffer 0,11916914625,197625
4455,python (8660),Compute Command 0,11917096666,13334
4456,python (8660),Command Buffer 0,11917114416,195834
4457,python (8660),Compute Command 0,11917294916,13042
4458,python (8660),Command Buffer 0,11917312416,194167
4459,python (8660),Compute Command 0,11917491375,13000
4460,python (8660),Command Buffer 0,11917508750,194833
4461,python (8660),Compute Command 0,11917688000,13250
4462,python (8660),Command Buffer 0,11917705750,194833
4463,python (8660),Compute Command 0,11917885000,13250
4464,python (8660),Command Buffer 0,11917902708,192792
4465,python (8660),Compute Command 0,11918080125,13041
4466,python (8660),Command Buffer 0,11918097625,188958
4467,python (8660),Compute Command 0,11918271166,13125
4468,python (8660),Command Buffer 0,11918288708,198458
4469,python (8660),Compute Command 0,11918471541,13292
4470,python (8660),Command Buffer 0,11918489291,175792
4471,python (8660),Compute Command 0,11918647333,15042
4472,python (8660),Command Buffer 0,11918669000,165916
4473,python (8660),Compute Command 0,11918816666,15959
4474,python (8660),Command Buffer 0,11918837250,174333
4475,python (8660),Compute Command 0,11918992708,16375
4476,python (8660),Command Buffer 0,11919014166,170500
4477,python (8660),Compute Command 0,11919166833,15917
4478,python (8660),Command Buffer 0,11919188125,159041
4479,python (8660),Compute Command 0,11919328708,15667
4480,python (8660),Command Buffer 0,11919349916,168625
4481,python (8660),Compute Command 0,11919501666,14375
4482,python (8660),Command Buffer 0,11919521125,161833
4483,python (8660),Compute Command 0,11919666208,14375
4484,python (8660),Command Buffer 0,11919685708,161250
4485,python (8660),Compute Command 0,11919829916,14500
4486,python (8660),Command Buffer 0,11919849541,164292
4487,python (8660),Compute Command 0,11919997625,14250
4488,python (8660),Command Buffer 0,11920015916,155542
4489,python (8660),Compute Command 0,11920152875,16041
4490,python (8660),Command Buffer 0,11920174083,159875
4491,python (8660),Compute Command 0,11920316458,14875
4492,python (8660),Command Buffer 0,11920336541,163167
4493,python (8660),Compute Command 0,11920482125,15583
4494,python (8660),Command Buffer 0,11920502041,165625
4495,python (8660),Compute Command 0,11920642333,23292
4496,python (8660),Command Buffer 0,11920670375,160208
4497,python (8660),Compute Command 0,11920814458,14250
4498,python (8660),Command Buffer 0,11920832458,165625
4499,python (8660),Compute Command 0,11920981041,14959
4500,python (8660),Command Buffer 0,11921001166,175167
4501,python (8660),Compute Command 0,11921146333,27542
4502,python (8660),Command Buffer 0,11921181250,165000
4503,python (8660),Compute Command 0,11921330833,13333
4504,python (8660),Command Buffer 0,11921349750,156083
4505,python (8660),Compute Command 0,11921491000,12791
4506,python (8660),Command Buffer 0,11921509166,164209
4507,python (8660),Compute Command 0,11921657000,14208
4508,python (8660),Command Buffer 0,11921675916,163792
4509,python (8660),Compute Command 0,11921822750,14750
4510,python (8660),Command Buffer 0,11921842750,147291
4511,python (8660),Compute Command 0,11921975416,12667
4512,python (8660),Command Buffer 0,11921992250,157250
4513,python (8660),Compute Command 0,11922134458,12875
4514,python (8660),Command Buffer 0,11922152458,168625
4515,python (8660),Compute Command 0,11922301541,16875
4516,python (8660),Command Buffer 0,11922327583,175750
4517,python (8660),Compute Command 0,11922484333,16833
4518,python (8660),Command Buffer 0,11922505958,165458
4519,python (8660),Compute Command 0,11922657625,11750
4520,python (8660),Command Buffer 0,11922673458,293167
4521,python (8660),Compute Command 0,11922952041,12709
4522,python (8660),Command Buffer 0,11922968791,150792
4523,python (8660),Compute Command 0,11923104083,13375
4524,python (8660),Command Buffer 0,11923122375,149416
4525,python (8660),Compute Command 0,11923257500,12333
4526,python (8660),Command Buffer 0,11923274375,157875
4527,python (8660),Compute Command 0,11923417208,12708
4528,python (8660),Command Buffer 0,11923436083,165375
4529,python (8660),Compute Command 0,11923585333,13625
4530,python (8660),Command Buffer 0,11923604750,145916
4531,python (8660),Compute Command 0,11923736875,11625
4532,python (8660),Command Buffer 0,11923753166,155334
4533,python (8660),Compute Command 0,11923893125,13333
4534,python (8660),Command Buffer 0,11923911000,156791
4535,python (8660),Compute Command 0,11924052583,13208
4536,python (8660),Command Buffer 0,11924070208,151958
4537,python (8660),Compute Command 0,11924207416,12709
4538,python (8660),Command Buffer 0,11924224750,145750
4539,python (8660),Compute Command 0,11924357083,11542
4540,python (8660),Command Buffer 0,11924374416,164584
4541,python (8660),Compute Command 0,11924514916,22042
4542,python (8660),Command Buffer 0,11924541375,164250
4543,python (8660),Compute Command 0,11924691000,12666
4544,python (8660),Command Buffer 0,11924707916,164292
4545,python (8660),Compute Command 0,11924857208,12875
4546,python (8660),Command Buffer 0,11924875250,162250
4547,python (8660),Compute Command 0,11925023500,11916
4548,python (8660),Command Buffer 0,11925039750,169041
4549,python (8660),Compute Command 0,11925193208,13333
4550,python (8660),Command Buffer 0,11925212458,179042
4551,python (8660),Compute Command 0,11925376041,13417
4552,python (8660),Command Buffer 0,11925394791,226084
4553,python (8660),Compute Command 0,11925605250,13583
4554,python (8660),Command Buffer 0,11925623875,162416
4555,python (8660),Compute Command 0,11925772000,12208
4556,python (8660),Command Buffer 0,11925788833,150208
4557,python (8660),Compute Command 0,11925925250,11791
4558,python (8660),Command Buffer 0,11925941791,167667
4559,python (8660),Compute Command 0,11926096041,11459
4560,python (8660),Command Buffer 0,11926112291,163125
4561,python (8660),Compute Command 0,11926260583,12750
4562,python (8660),Command Buffer 0,11926279125,153000
4563,python (8660),Compute Command 0,11926418125,11916
4564,python (8660),Command Buffer 0,11926434250,156750
4565,python (8660),Compute Command 0,11926576750,12291
4566,python (8660),Command Buffer 0,11926593333,149792
4567,python (8660),Compute Command 0,11926729041,12042
4568,python (8660),Command Buffer 0,11926745666,236709
4569,python (8660),Compute Command 0,11926959333,21042
4570,python (8660),Command Buffer 0,11926985708,157417
4571,python (8660),Compute Command 0,11927127916,12834
4572,python (8660),Command Buffer 0,11927145958,150292
4573,python (8660),Compute Command 0,11927278791,15542
4574,python (8660),Command Buffer 0,11927298375,149833
4575,python (8660),Compute Command 0,11927434125,12041
4576,python (8660),Command Buffer 0,11927450833,143167
4577,python (8660),Compute Command 0,11927579333,12667
4578,python (8660),Command Buffer 0,11927596708,133375
4579,python (8660),Compute Command 0,11927716333,11833
4580,python (8660),Command Buffer 0,11927732583,149125
4581,python (8660),Compute Command 0,11927868458,11208
4582,python (8660),Command Buffer 0,11927884708,153583
4583,python (8660),Compute Command 0,11928023583,12583
4584,python (8660),Command Buffer 0,11928040916,139792
4585,python (8660),Compute Command 0,11928165666,12917
4586,python (8660),Command Buffer 0,11928183083,141875
4587,python (8660),Compute Command 0,11928310458,12417
4588,python (8660),Command Buffer 0,11928327375,149041
4589,python (8660),Compute Command 0,11928461208,13000
4590,python (8660),Command Buffer 0,11928479791,143834
4591,python (8660),Compute Command 0,11928608958,12625
4592,python (8660),Command Buffer 0,11928626000,145916
4593,python (8660),Compute Command 0,11928756875,12666
4594,python (8660),Command Buffer 0,11928775583,142625
4595,python (8660),Compute Command 0,11928899125,17083
4596,python (8660),Command Buffer 0,11928921333,153792
4597,python (8660),Compute Command 0,11929060833,12250
4598,python (8660),Command Buffer 0,11929077458,147958
4599,python (8660),Compute Command 0,11929210375,13000
4600,python (8660),Command Buffer 0,11929227833,148042
4601,python (8660),Compute Command 0,11929360791,13125
4602,python (8660),Command Buffer 0,11929378375,145500
4603,python (8660),Compute Command 0,11929509666,12167
4604,python (8660),Command Buffer 0,11929526958,162500
4605,python (8660),Compute Command 0,11929665958,20417
4606,python (8660),Command Buffer 0,11929693416,251375
4607,python (8660),Compute Command 0,11929908000,30791
4608,python (8660),Command Buffer 0,11929952375,161833
4609,python (8660),Compute Command 0,11930097166,15000
4610,python (8660),Command Buffer 0,11930116666,158209
4611,python (8660),Compute Command 0,11930258458,14417
4612,python (8660),Command Buffer 0,11930278291,242292
4613,python (8660),Compute Command 0,11930498083,19333
4614,python (8660),Command Buffer 0,11930525291,168084
4615,python (8660),Compute Command 0,11930676291,14917
4616,python (8660),Command Buffer 0,11930696083,154500
4617,python (8660),Compute Command 0,11930835250,13208
4618,python (8660),Command Buffer 0,11930853250,151416
4619,python (8660),Compute Command 0,11930989708,12917
4620,python (8660),Command Buffer 0,11931007166,280959
4621,python (8660),Compute Command 0,11931273458,12542
4622,python (8660),Command Buffer 0,11931290750,155083
4623,python (8660),Compute Command 0,11931430333,13333
4624,python (8660),Command Buffer 0,11931448458,151000
4625,python (8660),Compute Command 0,11931585375,12041
4626,python (8660),Command Buffer 0,11931602083,158125
4627,python (8660),Compute Command 0,11931745875,12333
4628,python (8660),Command Buffer 0,11931762250,166375
4629,python (8660),Compute Command 0,11931914375,12333
4630,python (8660),Command Buffer 0,11931930875,153750
4631,python (8660),Compute Command 0,11932071083,11583
4632,python (8660),Command Buffer 0,11932086875,160583
4633,python (8660),Compute Command 0,11932234000,11458
4634,python (8660),Command Buffer 0,11932249375,152291
4635,python (8660),Compute Command 0,11932388333,11458
4636,python (8660),Command Buffer 0,11932404041,153000
4637,python (8660),Compute Command 0,11932542166,13042
4638,python (8660),Command Buffer 0,11932558916,148875
4639,python (8660),Compute Command 0,11932694666,11209
4640,python (8660),Command Buffer 0,11932710083,148458
4641,python (8660),Compute Command 0,11932845583,11042
4642,python (8660),Command Buffer 0,11932860791,141375
4643,python (8660),Compute Command 0,11932988958,11292
4644,python (8660),Command Buffer 0,11933004375,140791
4645,python (8660),Compute Command 0,11933130125,13125
4646,python (8660),Command Buffer 0,11933147583,157500
4647,python (8660),Compute Command 0,11933290291,12834
4648,python (8660),Command Buffer 0,11933307583,160583
4649,python (8660),Compute Command 0,11933455041,11209
4650,python (8660),Command Buffer 0,11933470458,157708
4651,python (8660),Compute Command 0,11933614500,11875
4652,python (8660),Command Buffer 0,11933630500,155416
4653,python (8660),Compute Command 0,11933772750,11375
4654,python (8660),Command Buffer 0,11933788166,158542
4655,python (8660),Compute Command 0,11933933125,11708
4656,python (8660),Command Buffer 0,11933948875,152083
4657,python (8660),Compute Command 0,11934087541,11292
4658,python (8660),Command Buffer 0,11934103500,153416
4659,python (8660),Compute Command 0,11934241708,13042
4660,python (8660),Command Buffer 0,11934259166,141917
4661,python (8660),Compute Command 0,11934388041,11084
4662,python (8660),Command Buffer 0,11934403208,149833
4663,python (8660),Compute Command 0,11934539833,11375
4664,python (8660),Command Buffer 0,11934555250,156000
4665,python (8660),Compute Command 0,11934696791,12334
4666,python (8660),Command Buffer 0,11934713666,156500
4667,python (8660),Compute Command 0,11934856708,11500
4668,python (8660),Command Buffer 0,11934872250,161583
4669,python (8660),Compute Command 0,11935020583,11333
4670,python (8660),Command Buffer 0,11935036125,154000
4671,python (8660),Compute Command 0,11935174166,13917
4672,python (8660),Command Buffer 0,11935192375,161500
4673,python (8660),Compute Command 0,11935340208,11708
4674,python (8660),Command Buffer 0,11935355833,151125
4675,python (8660),Compute Command 0,11935491791,13292
4676,python (8660),Command Buffer 0,11935508958,151750
4677,python (8660),Compute Command 0,11935647791,10834
4678,python (8660),Command Buffer 0,11935663000,155083
4679,python (8660),Compute Command 0,11935805083,11083
4680,python (8660),Command Buffer 0,11935820583,152500
4681,python (8660),Compute Command 0,11935958625,12583
4682,python (8660),Command Buffer 0,11935975750,147791
4683,python (8660),Compute Command 0,11936109458,12208
4684,python (8660),Command Buffer 0,11936125833,168875
4685,python (8660),Compute Command 0,11936281041,11750
4686,python (8660),Command Buffer 0,11936296875,170708
4687,python (8660),Compute Command 0,11936454458,11208
4688,python (8660),Command Buffer 0,11936469833,175042
4689,python (8660),Compute Command 0,11936630666,12334
4690,python (8660),Command Buffer 0,11936647333,169917
4691,python (8660),Compute Command 0,11936802416,12750
4692,python (8660),Command Buffer 0,11936819500,160708
4693,python (8660),Compute Command 0,11936966833,11417
4694,python (8660),Command Buffer 0,11936982083,165625
4695,python (8660),Compute Command 0,11937134166,11584
4696,python (8660),Command Buffer 0,11937149791,171042
4697,python (8660),Compute Command 0,11937307458,11500
4698,python (8660),Command Buffer 0,11937323125,156000
4699,python (8660),Compute Command 0,11937465833,11417
4700,python (8660),Command Buffer 0,11937481375,171875
4701,python (8660),Compute Command 0,11937639833,11417
4702,python (8660),Command Buffer 0,11937655666,155584
4703,python (8660),Compute Command 0,11937796208,12833
4704,python (8660),Command Buffer 0,11937813500,167041
4705,python (8660),Compute Command 0,11937968041,10625
4706,python (8660),Command Buffer 0,11937982041,159375
4707,python (8660),Compute Command 0,11938127333,12250
4708,python (8660),Command Buffer 0,11938143916,162084
4709,python (8660),Compute Command 0,11938292875,11250
4710,python (8660),Command Buffer 0,11938307958,158292
4711,python (8660),Compute Command 0,11938452833,11500
4712,python (8660),Command Buffer 0,11938468416,171000
4713,python (8660),Compute Command 0,11938626500,11083
4714,python (8660),Command Buffer 0,11938642333,158542
4715,python (8660),Compute Command 0,11938787375,11541
4716,python (8660),Command Buffer 0,11938803083,172292
4717,python (8660),Compute Command 0,11938957708,15625
4718,python (8660),Command Buffer 0,11938977500,165458
4719,python (8660),Compute Command 0,11939129750,11291
4720,python (8660),Command Buffer 0,11939144833,171542
4721,python (8660),Compute Command 0,11939303333,11208
4722,python (8660),Command Buffer 0,11939318333,325417
4723,python (8660),Compute Command 0,11939628750,13083
4724,python (8660),Command Buffer 0,11939646333,181667
4725,python (8660),Compute Command 0,11939813458,12667
4726,python (8660),Command Buffer 0,11939830416,149167
4727,python (8660),Compute Command 0,11939966583,11083
4728,python (8660),Command Buffer 0,11939981625,170791
4729,python (8660),Compute Command 0,11940139291,11167
4730,python (8660),Command Buffer 0,11940155250,163708
4731,python (8660),Compute Command 0,11940305208,11958
4732,python (8660),Command Buffer 0,11940321166,151084
4733,python (8660),Compute Command 0,11940459333,11000
4734,python (8660),Command Buffer 0,11940474166,158084
4735,python (8660),Compute Command 0,11940619666,10709
4736,python (8660),Command Buffer 0,11940634583,172958
4737,python (8660),Compute Command 0,11940794458,11250
4738,python (8660),Command Buffer 0,11940809750,157166
4739,python (8660),Compute Command 0,11940954041,11042
4740,python (8660),Command Buffer 0,11940968875,169750
4741,python (8660),Compute Command 0,11941125666,11167
4742,python (8660),Command Buffer 0,11941140541,170084
4743,python (8660),Compute Command 0,11941297875,11000
4744,python (8660),Command Buffer 0,11941312666,171667
4745,python (8660),Compute Command 0,11941470916,11542
4746,python (8660),Command Buffer 0,11941486291,170834
4747,python (8660),Compute Command 0,11941644208,11083
4748,python (8660),Command Buffer 0,11941659208,180583
4749,python (8660),Compute Command 0,11941825916,12042
4750,python (8660),Command Buffer 0,11941842041,158292
4751,python (8660),Compute Command 0,11941986625,11958
4752,python (8660),Command Buffer 0,11942002625,153375
4753,python (8660),Compute Command 0,11942143583,10500
4754,python (8660),Command Buffer 0,11942158458,163917
4755,python (8660),Compute Command 0,11942309250,11125
4756,python (8660),Command Buffer 0,11942324708,178250
4757,python (8660),Compute Command 0,11942489416,11750
4758,python (8660),Command Buffer 0,11942505291,151834
4759,python (8660),Compute Command 0,11942644333,10917
4760,python (8660),Command Buffer 0,11942659166,177084
4761,python (8660),Compute Command 0,11942822666,11750
4762,python (8660),Command Buffer 0,11942838416,151917
4763,python (8660),Compute Command 0,11942971625,16875
4764,python (8660),Command Buffer 0,11942992541,166500
4765,python (8660),Compute Command 0,11943146125,10833
4766,python (8660),Command Buffer 0,11943161250,174791
4767,python (8660),Compute Command 0,11943318458,15667
4768,python (8660),Command Buffer 0,11943338250,152333
4769,python (8660),Compute Command 0,11943477750,11041
4770,python (8660),Command Buffer 0,11943492916,181625
4771,python (8660),Compute Command 0,11943660958,11750
4772,python (8660),Command Buffer 0,11943676916,161250
4773,python (8660),Compute Command 0,11943824458,11833
4774,python (8660),Command Buffer 0,11943840416,165167
4775,python (8660),Compute Command 0,11943992500,11250
4776,python (8660),Command Buffer 0,11944007791,167917
4777,python (8660),Compute Command 0,11944162916,10959
4778,python (8660),Command Buffer 0,11944177708,174458
4779,python (8660),Compute Command 0,11944335791,14459
4780,python (8660),Command Buffer 0,11944354083,166583
4781,python (8660),Compute Command 0,11944507958,10875
4782,python (8660),Command Buffer 0,11944522916,166000
4783,python (8660),Compute Command 0,11944675375,11750
4784,python (8660),Command Buffer 0,11944691208,151333
4785,python (8660),Compute Command 0,11944829875,10833
4786,python (8660),Command Buffer 0,11944844916,172750
4787,python (8660),Compute Command 0,11945003333,11958
4788,python (8660),Command Buffer 0,11945020333,158542
4789,python (8660),Compute Command 0,11945158875,18041
4790,python (8660),Command Buffer 0,11945181208,151167
4791,python (8660),Compute Command 0,11945319333,10917
4792,python (8660),Command Buffer 0,11945334541,166625
4793,python (8660),Compute Command 0,11945488541,10750
4794,python (8660),Command Buffer 0,11945503333,174708
4795,python (8660),Compute Command 0,11945664500,11666
4796,python (8660),Command Buffer 0,11945679916,172667
4797,python (8660),Compute Command 0,11945839666,11084
4798,python (8660),Command Buffer 0,11945854500,172416
4799,python (8660),Compute Command 0,11946013250,11791
4800,python (8660),Command Buffer 0,11946029291,169459
4801,python (8660),Compute Command 0,11946185375,11541
4802,python (8660),Command Buffer 0,11946201125,169208
4803,python (8660),Compute Command 0,11946357166,11334
4804,python (8660),Command Buffer 0,11946372625,174541
4805,python (8660),Compute Command 0,11946530291,15000
4806,python (8660),Command Buffer 0,11946549458,168917
4807,python (8660),Compute Command 0,11946705000,11583
4808,python (8660),Command Buffer 0,11946720583,180208
4809,python (8660),Compute Command 0,11946884666,14250
4810,python (8660),Command Buffer 0,11946903333,152125
4811,python (8660),Compute Command 0,11947041916,11625
4812,python (8660),Command Buffer 0,11947057791,169709
4813,python (8660),Compute Command 0,11947214250,11375
4814,python (8660),Command Buffer 0,11947229666,178834
4815,python (8660),Compute Command 0,11947395583,11000
4816,python (8660),Command Buffer 0,11947410916,127209
4817,python (8660),Compute Command 0,11947525375,10833
4818,python (8660),Command Buffer 0,11947540583,170958
4819,python (8660),Compute Command 0,11947697916,11750
4820,python (8660),Command Buffer 0,11947713583,323417
4821,python (8660),Compute Command 0,11948023041,12167
4822,python (8660),Command Buffer 0,11948039250,156833
4823,python (8660),Compute Command 0,11948180875,13125
4824,python (8660),Command Buffer 0,11948198500,170041
4825,python (8660),Compute Command 0,11948355291,11459
4826,python (8660),Command Buffer 0,11948370833,169917
4827,python (8660),Compute Command 0,11948527458,11417
4828,python (8660),Command Buffer 0,11948542916,170500
4829,python (8660),Compute Command 0,11948699458,12083
4830,python (8660),Command Buffer 0,11948715750,172458
4831,python (8660),Compute Command 0,11948874875,11458
4832,python (8660),Command Buffer 0,11948890375,219250
4833,python (8660),Compute Command 0,11949092916,14250
4834,python (8660),Command Buffer 0,11949112083,193208
4835,python (8660),Compute Command 0,11949289333,13542
4836,python (8660),Command Buffer 0,11949307500,196291
4837,python (8660),Compute Command 0,11949488208,13250
4838,python (8660),Command Buffer 0,11949506000,190916
4839,python (8660),Compute Command 0,11949681166,13459
4840,python (8660),Command Buffer 0,11949699125,197791
4841,python (8660),Compute Command 0,11949881291,13334
4842,python (8660),Command Buffer 0,11949899083,179583
4843,python (8660),Compute Command 0,11950062666,13542
4844,python (8660),Command Buffer 0,11950081041,188209
4845,python (8660),Compute Command 0,11950253666,13250
4846,python (8660),Command Buffer 0,11950271500,194041
4847,python (8660),Compute Command 0,11950450083,13125
4848,python (8660),Command Buffer 0,11950467791,198334
4849,python (8660),Compute Command 0,11950650375,13416
4850,python (8660),Command Buffer 0,11950668416,191917
4851,python (8660),Compute Command 0,11950845000,13083
4852,python (8660),Command Buffer 0,11950862500,196666
4853,python (8660),Compute Command 0,11951043583,13333
4854,python (8660),Command Buffer 0,11951061458,195208
4855,python (8660),Compute Command 0,11951241208,13208
4856,python (8660),Command Buffer 0,11951258833,195875
4857,python (8660),Compute Command 0,11951439250,13166
4858,python (8660),Command Buffer 0,11951456875,191541
4859,python (8660),Compute Command 0,11951632791,13375
4860,python (8660),Command Buffer 0,11951650625,193291
4861,python (8660),Compute Command 0,11951828375,13250
4862,python (8660),Command Buffer 0,11951846083,181250
4863,python (8660),Compute Command 0,11952011500,13583
4864,python (8660),Command Buffer 0,11952029625,205375
4865,python (8660),Compute Command 0,11952209333,23292
4866,python (8660),Command Buffer 0,11952237208,202333
4867,python (8660),Compute Command 0,11952421583,15583
4868,python (8660),Command Buffer 0,11952441916,197709
4869,python (8660),Compute Command 0,11952623833,13458
4870,python (8660),Command Buffer 0,11952641833,194542
4871,python (8660),Compute Command 0,11952820750,13333
4872,python (8660),Command Buffer 0,11952838500,195916
4873,python (8660),Compute Command 0,11953018875,13208
4874,python (8660),Command Buffer 0,11953036541,193875
4875,python (8660),Compute Command 0,11953215000,13208
4876,python (8660),Command Buffer 0,11953232583,190250
4877,python (8660),Compute Command 0,11953405208,14833
4878,python (8660),Command Buffer 0,11953425625,195875
4879,python (8660),Compute Command 0,11953605666,13542
4880,python (8660),Command Buffer 0,11953623666,171709
4881,python (8660),Compute Command 0,11953778875,14625
4882,python (8660),Command Buffer 0,11953797208,157417
4883,python (8660),Compute Command 0,11953937750,14291
4884,python (8660),Command Buffer 0,11953958166,169917
4885,python (8660),Compute Command 0,11954112125,13833
4886,python (8660),Command Buffer 0,11954130666,185417
4887,python (8660),Compute Command 0,11954299250,14333
4888,python (8660),Command Buffer 0,11954318458,196625
4889,python (8660),Compute Command 0,11954498958,13708
4890,python (8660),Command Buffer 0,11954517416,191500
4891,python (8660),Compute Command 0,11954693125,13500
4892,python (8660),Command Buffer 0,11954711166,195917
4893,python (8660),Compute Command 0,11954891541,13167
4894,python (8660),Command Buffer 0,11954909291,189417
4895,python (8660),Compute Command 0,11955083333,13042
4896,python (8660),Command Buffer 0,11955100958,191875
4897,python (8660),Compute Command 0,11955277541,13000
4898,python (8660),Command Buffer 0,11955295166,192167
4899,python (8660),Compute Command 0,11955471875,13083
4900,python (8660),Command Buffer 0,11955489625,198458
4901,python (8660),Compute Command 0,11955672666,13084
4902,python (8660),Command Buffer 0,11955690333,229667
4903,python (8660),Compute Command 0,11955904041,13584
4904,python (8660),Command Buffer 0,11955922458,203333
4905,python (8660),Compute Command 0,11956109791,13667
4906,python (8660),Command Buffer 0,11956128458,380458
4907,python (8660),Compute Command 0,11956492541,13792
4908,python (8660),Command Buffer 0,11956511333,192375
4909,python (8660),Compute Command 0,11956681875,19458
4910,python (8660),Command Buffer 0,11956705875,176500
4911,python (8660),Compute Command 0,11956866541,13417
4912,python (8660),Command Buffer 0,11956884750,170791
4913,python (8660),Compute Command 0,11957039625,13541
4914,python (8660),Command Buffer 0,11957057833,167708
4915,python (8660),Compute Command 0,11957209625,13375
4916,python (8660),Command Buffer 0,11957227875,172041
4917,python (8660),Compute Command 0,11957384458,13125
4918,python (8660),Command Buffer 0,11957402208,167667
4919,python (8660),Compute Command 0,11957554208,13375
4920,python (8660),Command Buffer 0,11957572083,169167
4921,python (8660),Compute Command 0,11957725500,13458
4922,python (8660),Command Buffer 0,11957743500,169958
4923,python (8660),Compute Command 0,11957897708,13375
4924,python (8660),Command Buffer 0,11957915750,165875
4925,python (8660),Compute Command 0,11958065791,13500
4926,python (8660),Command Buffer 0,11958083875,172125
4927,python (8660),Compute Command 0,11958240291,13250
4928,python (8660),Command Buffer 0,11958258333,166833
4929,python (8660),Compute Command 0,11958409833,13042
4930,python (8660),Command Buffer 0,11958427500,290791
4931,python (8660),Compute Command 0,11958699541,16750
4932,python (8660),Command Buffer 0,11958721333,191958
4933,python (8660),Compute Command 0,11958897583,13333
4934,python (8660),Command Buffer 0,11958915500,171166
4935,python (8660),Compute Command 0,11959069291,14959
4936,python (8660),Command Buffer 0,11959088833,171500
4937,python (8660),Compute Command 0,11959244666,13209
4938,python (8660),Command Buffer 0,11959262625,172291
4939,python (8660),Compute Command 0,11959419500,13166
4940,python (8660),Command Buffer 0,11959437291,186042
4941,python (8660),Compute Command 0,11959607708,13250
4942,python (8660),Command Buffer 0,11959625625,197375
4943,python (8660),Compute Command 0,11959807458,13250
4944,python (8660),Command Buffer 0,11959825208,179375
4945,python (8660),Compute Command 0,11959988958,13375
4946,python (8660),Command Buffer 0,11960006791,177917
4947,python (8660),Compute Command 0,11960169208,13208
4948,python (8660),Command Buffer 0,11960188041,167375
4949,python (8660),Compute Command 0,11960340083,13042
4950,python (8660),Command Buffer 0,11960357666,167584
4951,python (8660),Compute Command 0,11960508500,14250
4952,python (8660),Command Buffer 0,11960527958,160417
4953,python (8660),Compute Command 0,11960672666,13334
4954,python (8660),Command Buffer 0,11960690666,169709
4955,python (8660),Compute Command 0,11960844708,13375
4956,python (8660),Command Buffer 0,11960862583,181708
4957,python (8660),Compute Command 0,11961028791,13125
4958,python (8660),Command Buffer 0,11961046541,200542
4959,python (8660),Compute Command 0,11961231208,13542
4960,python (8660),Command Buffer 0,11961249500,194666
4961,python (8660),Compute Command 0,11961428750,13125
4962,python (8660),Command Buffer 0,11961446583,196917
4963,python (8660),Compute Command 0,11961628125,13083
4964,python (8660),Command Buffer 0,11961645791,196167
4965,python (8660),Compute Command 0,11961826416,13209
4966,python (8660),Command Buffer 0,11961844375,192708
4967,python (8660),Compute Command 0,11962020250,14375
4968,python (8660),Command Buffer 0,11962039625,193541
4969,python (8660),Compute Command 0,11962217708,13167
4970,python (8660),Command Buffer 0,11962235458,195875
4971,python (8660),Compute Command 0,11962416041,13000
4972,python (8660),Command Buffer 0,11962433750,175750
4973,python (8660),Compute Command 0,11962594208,12958
4974,python (8660),Command Buffer 0,11962611791,189917
4975,python (8660),Compute Command 0,11962786333,13125
4976,python (8660),Command Buffer 0,11962804000,199166
4977,python (8660),Compute Command 0,11962985125,15791
4978,python (8660),Command Buffer 0,11963005458,197667
4979,python (8660),Compute Command 0,11963187708,13042
4980,python (8660),Command Buffer 0,11963205333,193875
4981,python (8660),Compute Command 0,11963384000,12916
4982,python (8660),Command Buffer 0,11963401416,196792
4983,python (8660),Compute Command 0,11963582791,13125
4984,python (8660),Command Buffer 0,11963600375,194083
4985,python (8660),Compute Command 0,11963779083,13125
4986,python (8660),Command Buffer 0,11963796666,193375
4987,python (8660),Compute Command 0,11963974625,13125
4988,python (8660),Command Buffer 0,11963992208,195542
4989,python (8660),Compute Command 0,11964171416,13084
4990,python (8660),Command Buffer 0,11964190000,185500
4991,python (8660),Compute Command 0,11964360166,13042
4992,python (8660),Command Buffer 0,11964377750,319791
4993,python (8660),Compute Command 0,11964681666,13584
4994,python (8660),Command Buffer 0,11964699833,186708
4995,python (8660),Compute Command 0,11964870833,13333
4996,python (8660),Command Buffer 0,11964888875,196000
4997,python (8660),Compute Command 0,11965069125,13375
4998,python (8660),Command Buffer 0,11965087041,195542
4999,python (8660),Compute Command 0,11965266833,13500
5000,python (8660),Command Buffer 0,11965284750,193750
5001,python (8660),Compute Command 0,11965462958,13292
5002,python (8660),Command Buffer 0,11965480666,193042
5003,python (8660),Compute Command 0,11965659750,11916
5004,python (8660),Command Buffer 0,11965675625,191250
5005,python (8660),Compute Command 0,11965851500,13125
5006,python (8660),Command Buffer 0,11965869125,193916
5007,python (8660),Compute Command 0,11966047791,13042
5008,python (8660),Command Buffer 0,11966065208,195792
5009,python (8660),Compute Command 0,11966245583,13125
5010,python (8660),Command Buffer 0,11966263166,198750
5011,python (8660),Compute Command 0,11966446500,13125
5012,python (8660),Command Buffer 0,11966464083,188125
5013,python (8660),Compute Command 0,11966637083,12875
5014,python (8660),Command Buffer 0,11966654333,197708
5015,python (8660),Compute Command 0,11966836583,13167
5016,python (8660),Command Buffer 0,11966854250,197833
5017,python (8660),Compute Command 0,11967036750,13041
5018,python (8660),Command Buffer 0,11967054291,195625
5019,python (8660),Compute Command 0,11967234583,13083
5020,python (8660),Command Buffer 0,11967254916,194042
5021,python (8660),Compute Command 0,11967433791,12917
5022,python (8660),Command Buffer 0,11967451125,193250
5023,python (8660),Compute Command 0,11967629250,12875
5024,python (8660),Command Buffer 0,11967646583,193292
5025,python (8660),Compute Command 0,11967824458,13083
5026,python (8660),Command Buffer 0,11967841958,195833
5027,python (8660),Compute Command 0,11968022291,13292
5028,python (8660),Command Buffer 0,11968039916,193834
5029,python (8660),Compute Command 0,11968218000,13500
5030,python (8660),Command Buffer 0,11968235875,194041
5031,python (8660),Compute Command 0,11968414458,13167
5032,python (8660),Command Buffer 0,11968432041,195750
5033,python (8660),Compute Command 0,11968612750,13166
5034,python (8660),Command Buffer 0,11968630166,165125
5035,python (8660),Compute Command 0,11968779000,13666
5036,python (8660),Command Buffer 0,11968798083,156042
5037,python (8660),Compute Command 0,11968936250,15500
5038,python (8660),Command Buffer 0,11968956458,161250
5039,python (8660),Compute Command 0,11969100833,14417
5040,python (8660),Command Buffer 0,11969120375,180708
5041,python (8660),Compute Command 0,11969284750,13958
5042,python (8660),Command Buffer 0,11969303541,170917
5043,python (8660),Compute Command 0,11969455625,16791
5044,python (8660),Command Buffer 0,11969476458,183167
5045,python (8660),Compute Command 0,11969641041,16209
5046,python (8660),Command Buffer 0,11969661875,194083
5047,python (8660),Compute Command 0,11969840458,13208
5048,python (8660),Command Buffer 0,11969858208,196542
5049,python (8660),Compute Command 0,11970039208,13292
5050,python (8660),Command Buffer 0,11970057041,196459
5051,python (8660),Compute Command 0,11970238125,13125
5052,python (8660),Command Buffer 0,11970255833,173833
5053,python (8660),Compute Command 0,11970412000,15416
5054,python (8660),Command Buffer 0,11970431916,185000
5055,python (8660),Compute Command 0,11970601125,13416
5056,python (8660),Command Buffer 0,11970619208,199458
5057,python (8660),Compute Command 0,11970800125,13333
5058,python (8660),Command Buffer 0,11970820916,187625
5059,python (8660),Compute Command 0,11970992791,13459
5060,python (8660),Command Buffer 0,11971010875,200291
5061,python (8660),Compute Command 0,11971195750,13083
5062,python (8660),Command Buffer 0,11971213375,196125
5063,python (8660),Compute Command 0,11971394166,13042
5064,python (8660),Command Buffer 0,11971414375,197625
5065,python (8660),Compute Command 0,11971596333,13375
5066,python (8660),Command Buffer 0,11971614333,198792
5067,python (8660),Compute Command 0,11971794541,16250
5068,python (8660),Command Buffer 0,11971815375,194083
5069,python (8660),Compute Command 0,11971994166,13000
5070,python (8660),Command Buffer 0,11972011666,193084
5071,python (8660),Compute Command 0,11972189333,13125
5072,python (8660),Command Buffer 0,11972207208,184958
5073,python (8660),Compute Command 0,11972376833,13083
5074,python (8660),Command Buffer 0,11972394500,194000
5075,python (8660),Compute Command 0,11972573166,13042
5076,python (8660),Command Buffer 0,11972590750,197791
5077,python (8660),Compute Command 0,11972773250,12958
5078,python (8660),Command Buffer 0,11972791125,330583
5079,python (8660),Compute Command 0,11973104875,14208
5080,python (8660),Command Buffer 0,11973124791,167834
5081,python (8660),Compute Command 0,11973277166,13125
5082,python (8660),Command Buffer 0,11973294791,173250
5083,python (8660),Compute Command 0,11973452250,13458
5084,python (8660),Command Buffer 0,11973470375,174250
5085,python (8660),Compute Command 0,11973629083,13250
5086,python (8660),Command Buffer 0,11973646833,169250
5087,python (8660),Compute Command 0,11973800208,13458
5088,python (8660),Command Buffer 0,11973818375,168125
5089,python (8660),Compute Command 0,11973970625,13541
5090,python (8660),Command Buffer 0,11973988833,186792
5091,python (8660),Compute Command 0,11974159875,13375
5092,python (8660),Command Buffer 0,11974177958,193708
5093,python (8660),Compute Command 0,11974356000,13291
5094,python (8660),Command Buffer 0,11974373833,195500
5095,python (8660),Compute Command 0,11974553708,13375
5096,python (8660),Command Buffer 0,11974571625,192625
5097,python (8660),Compute Command 0,11974748833,13125
5098,python (8660),Command Buffer 0,11974766375,196791
5099,python (8660),Compute Command 0,11974947875,13000
5100,python (8660),Command Buffer 0,11974965625,182666
5101,python (8660),Compute Command 0,11975132458,13500
5102,python (8660),Command Buffer 0,11975150500,179250
5103,python (8660),Compute Command 0,11975314041,13209
5104,python (8660),Command Buffer 0,11975332791,197125
5105,python (8660),Compute Command 0,11975514250,13333
5106,python (8660),Command Buffer 0,11975532208,198125
5107,python (8660),Compute Command 0,11975714958,13083
5108,python (8660),Command Buffer 0,11975732500,192416
5109,python (8660),Compute Command 0,11975909500,13125
5110,python (8660),Command Buffer 0,11975927250,196625
5111,python (8660),Compute Command 0,11976108000,13541
5112,python (8660),Command Buffer 0,11976126208,192167
5113,python (8660),Compute Command 0,11976302916,13209
5114,python (8660),Command Buffer 0,11976320791,193084
5115,python (8660),Compute Command 0,11976498125,13416
5116,python (8660),Command Buffer 0,11976516250,194208
5117,python (8660),Compute Command 0,11976694958,13167
5118,python (8660),Command Buffer 0,11976712708,195625
5119,python (8660),Compute Command 0,11976893041,13000
5120,python (8660),Command Buffer 0,11976910625,182916
5121,python (8660),Compute Command 0,11977078250,13000
5122,python (8660),Command Buffer 0,11977095833,195208
5123,python (8660),Compute Command 0,11977275583,13167
5124,python (8660),Command Buffer 0,11977293333,194292
5125,python (8660),Compute Command 0,11977472375,13000
5126,python (8660),Command Buffer 0,11977490208,194208
5127,python (8660),Compute Command 0,11977669083,13042
5128,python (8660),Command Buffer 0,11977686708,192625
5129,python (8660),Compute Command 0,11977863708,13333
5130,python (8660),Command Buffer 0,11977881583,195458
5131,python (8660),Compute Command 0,11978061750,12958
5132,python (8660),Command Buffer 0,11978079166,193792
5133,python (8660),Compute Command 0,11978257541,13125
5134,python (8660),Command Buffer 0,11978275125,197416
5135,python (8660),Compute Command 0,11978457125,13083
5136,python (8660),Command Buffer 0,11978474666,196834
5137,python (8660),Compute Command 0,11978655583,13708
5138,python (8660),Command Buffer 0,11978675000,191708
5139,python (8660),Compute Command 0,11978851375,13041
5140,python (8660),Command Buffer 0,11978868875,192458
5141,python (8660),Compute Command 0,11979045708,13333
5142,python (8660),Command Buffer 0,11979063583,194792
5143,python (8660),Compute Command 0,11979242666,13417
5144,python (8660),Command Buffer 0,11979260625,193041
5145,python (8660),Compute Command 0,11979438041,13209
5146,python (8660),Command Buffer 0,11979455916,186875
5147,python (8660),Compute Command 0,11979626541,13792
5148,python (8660),Command Buffer 0,11979645500,162458
5149,python (8660),Compute Command 0,11979790041,15584
5150,python (8660),Command Buffer 0,11979810250,165875
5151,python (8660),Compute Command 0,11979959666,14584
5152,python (8660),Command Buffer 0,11979978083,187750
5153,python (8660),Compute Command 0,11980150000,13583
5154,python (8660),Command Buffer 0,11980168291,198084
5155,python (8660),Compute Command 0,11980350833,13208
5156,python (8660),Command Buffer 0,11980368708,191167
5157,python (8660),Compute Command 0,11980544208,13458
5158,python (8660),Command Buffer 0,11980562250,188250
5159,python (8660),Compute Command 0,11980735000,13208
5160,python (8660),Command Buffer 0,11980752791,193917
5161,python (8660),Compute Command 0,11980931375,13041
5162,python (8660),Command Buffer 0,11980948875,190875
5163,python (8660),Compute Command 0,11981124000,13375
5164,python (8660),Command Buffer 0,11981142458,263708
5165,python (8660),Compute Command 0,11981390791,13042
5166,python (8660),Command Buffer 0,11981408291,196834
5167,python (8660),Compute Command 0,11981589500,13333
5168,python (8660),Command Buffer 0,11981607291,195084
5169,python (8660),Compute Command 0,11981786791,13334
5170,python (8660),Command Buffer 0,11981804500,170833
5171,python (8660),Compute Command 0,11981958416,15042
5172,python (8660),Command Buffer 0,11981977333,168375
5173,python (8660),Compute Command 0,11982129875,13541
5174,python (8660),Command Buffer 0,11982147958,178958
5175,python (8660),Compute Command 0,11982311583,13083
5176,python (8660),Command Buffer 0,11982329125,196208
5177,python (8660),Compute Command 0,11982509916,13125
5178,python (8660),Command Buffer 0,11982527541,197167
5179,python (8660),Compute Command 0,11982709125,13250
5180,python (8660),Command Buffer 0,11982726916,193959
5181,python (8660),Compute Command 0,11982905541,13042
5182,python (8660),Command Buffer 0,11982923208,195875
5183,python (8660),Compute Command 0,11983103416,13417
5184,python (8660),Command Buffer 0,11983121208,194708
5185,python (8660),Compute Command 0,11983300625,13000
5186,python (8660),Command Buffer 0,11983318083,195292
5187,python (8660),Compute Command 0,11983497875,13250
5188,python (8660),Command Buffer 0,11983515500,193666
5189,python (8660),Compute Command 0,11983693916,13000
5190,python (8660),Command Buffer 0,11983711333,193375
5191,python (8660),Compute Command 0,11983889250,13208
5192,python (8660),Command Buffer 0,11983907000,188625
5193,python (8660),Compute Command 0,11984080375,12958
5194,python (8660),Command Buffer 0,11984098125,195291
5195,python (8660),Compute Command 0,11984278125,13000
5196,python (8660),Command Buffer 0,11984295541,195917
5197,python (8660),Compute Command 0,11984476125,13083
5198,python (8660),Command Buffer 0,11984493583,195875
5199,python (8660),Compute Command 0,11984674000,13125
5200,python (8660),Command Buffer 0,11984691625,194833
5201,python (8660),Compute Command 0,11984871375,12875
5202,python (8660),Command Buffer 0,11984888625,193208
5203,python (8660),Compute Command 0,11985066500,13083
5204,python (8660),Command Buffer 0,11985084041,199167
5205,python (8660),Compute Command 0,11985266208,14417
5206,python (8660),Command Buffer 0,11985286208,196000
5207,python (8660),Compute Command 0,11985466625,13375
5208,python (8660),Command Buffer 0,11985484458,192583
5209,python (8660),Compute Command 0,11985661666,13084
5210,python (8660),Command Buffer 0,11985679208,196292
5211,python (8660),Compute Command 0,11985859750,13416
5212,python (8660),Command Buffer 0,11985877750,194875
5213,python (8660),Compute Command 0,11986057208,13167
5214,python (8660),Command Buffer 0,11986074833,197833
5215,python (8660),Compute Command 0,11986256791,13667
5216,python (8660),Command Buffer 0,11986275125,196083
5217,python (8660),Compute Command 0,11986456083,12875
5218,python (8660),Command Buffer 0,11986473333,195375
5219,python (8660),Compute Command 0,11986653291,13125
5220,python (8660),Command Buffer 0,11986670916,194292
5221,python (8660),Compute Command 0,11986849625,13291
5222,python (8660),Command Buffer 0,11986867375,174458
5223,python (8660),Compute Command 0,11987028708,11208
5224,python (8660),Command Buffer 0,11987043791,170125
5225,python (8660),Compute Command 0,11987196625,14958
5226,python (8660),Command Buffer 0,11987216208,161792
5227,python (8660),Compute Command 0,11987361791,13709
5228,python (8660),Command Buffer 0,11987381083,171875
5229,python (8660),Compute Command 0,11987535750,14708
5230,python (8660),Command Buffer 0,11987555541,181334
5231,python (8660),Compute Command 0,11987720916,13584
5232,python (8660),Command Buffer 0,11987739250,194708
5233,python (8660),Compute Command 0,11987918083,13542
5234,python (8660),Command Buffer 0,11987936208,191417
5235,python (8660),Compute Command 0,11988111875,13375
5236,python (8660),Command Buffer 0,11988129916,191959
5237,python (8660),Compute Command 0,11988306333,13250
5238,python (8660),Command Buffer 0,11988324208,184583
5239,python (8660),Compute Command 0,11988493208,13292
5240,python (8660),Command Buffer 0,11988511416,173209
5241,python (8660),Compute Command 0,11988669208,13042
5242,python (8660),Command Buffer 0,11988686875,172958
5243,python (8660),Compute Command 0,11988844041,13500
5244,python (8660),Command Buffer 0,11988862125,173166
5245,python (8660),Compute Command 0,11989019416,13500
5246,python (8660),Command Buffer 0,11989037583,182667
5247,python (8660),Compute Command 0,11989208208,10375
5248,python (8660),Command Buffer 0,11989221916,194750
5249,python (8660),Compute Command 0,11989401250,13125
5250,python (8660),Command Buffer 0,11989418916,354209
5251,python (8660),Compute Command 0,11989757583,13250
5252,python (8660),Command Buffer 0,11989775416,194834
5253,python (8660),Compute Command 0,11989950541,13250
5254,python (8660),Command Buffer 0,11989972375,175500
5255,python (8660),Compute Command 0,11990131958,13583
5256,python (8660),Command Buffer 0,11990150125,172666
5257,python (8660),Compute Command 0,11990307416,13125
5258,python (8660),Command Buffer 0,11990325083,167458
5259,python (8660),Compute Command 0,11990477166,13084
5260,python (8660),Command Buffer 0,11990494791,173834
5261,python (8660),Compute Command 0,11990653041,13334
5262,python (8660),Command Buffer 0,11990671166,171875
5263,python (8660),Compute Command 0,11990827416,13292
5264,python (8660),Command Buffer 0,11990845375,175041
5265,python (8660),Compute Command 0,11991004458,13583
5266,python (8660),Command Buffer 0,11991022666,170917
5267,python (8660),Compute Command 0,11991177333,14000
5268,python (8660),Command Buffer 0,11991195791,171917
5269,python (8660),Compute Command 0,11991351875,13541
5270,python (8660),Command Buffer 0,11991369916,173125
5271,python (8660),Compute Command 0,11991527500,13250
5272,python (8660),Command Buffer 0,11991545250,174416
5273,python (8660),Compute Command 0,11991703958,13417
5274,python (8660),Command Buffer 0,11991721875,195166
5275,python (8660),Compute Command 0,11991901000,13750
5276,python (8660),Command Buffer 0,11991919250,263541
5277,python (8660),Compute Command 0,11992165958,14250
5278,python (8660),Command Buffer 0,11992185250,201875
5279,python (8660),Compute Command 0,11992369375,15416
5280,python (8660),Command Buffer 0,11992389458,181667
5281,python (8660),Compute Command 0,11992555666,13167
5282,python (8660),Command Buffer 0,11992573375,172500
5283,python (8660),Compute Command 0,11992730458,13125
5284,python (8660),Command Buffer 0,11992748083,178292
5285,python (8660),Compute Command 0,11992911000,13125
5286,python (8660),Command Buffer 0,11992929166,197167
5287,python (8660),Compute Command 0,11993110791,13209
5288,python (8660),Command Buffer 0,11993128583,196583
5289,python (8660),Compute Command 0,11993309708,13125
5290,python (8660),Command Buffer 0,11993327500,195083
5291,python (8660),Compute Command 0,11993507125,13166
5292,python (8660),Command Buffer 0,11993525083,176875
5293,python (8660),Compute Command 0,11993686625,13083
5294,python (8660),Command Buffer 0,11993704125,185833
5295,python (8660),Compute Command 0,11993874666,13000
5296,python (8660),Command Buffer 0,11993892208,198167
5297,python (8660),Compute Command 0,11994074916,13209
5298,python (8660),Command Buffer 0,11994092625,196125
5299,python (8660),Compute Command 0,11994273416,13042
5300,python (8660),Command Buffer 0,11994291083,197000
5301,python (8660),Compute Command 0,11994472791,13000
5302,python (8660),Command Buffer 0,11994490458,193542
5303,python (8660),Compute Command 0,11994668791,12875
5304,python (8660),Command Buffer 0,11994686250,199458
5305,python (8660),Compute Command 0,11994870166,13250
5306,python (8660),Command Buffer 0,11994888000,192208
5307,python (8660),Compute Command 0,11995064791,13125
5308,python (8660),Command Buffer 0,11995083166,196250
5309,python (8660),Compute Command 0,11995264166,13000
5310,python (8660),Command Buffer 0,11995281541,187292
5311,python (8660),Compute Command 0,11995453541,13042
5312,python (8660),Command Buffer 0,11995471083,198208
5313,python (8660),Compute Command 0,11995654000,13041
5314,python (8660),Command Buffer 0,11995671500,195041
5315,python (8660),Compute Command 0,11995850541,13584
5316,python (8660),Command Buffer 0,11995868750,195833
5317,python (8660),Compute Command 0,11996049375,12916
5318,python (8660),Command Buffer 0,11996066791,194709
5319,python (8660),Compute Command 0,11996246083,13125
5320,python (8660),Command Buffer 0,11996263708,196417
5321,python (8660),Compute Command 0,11996444916,12875
5322,python (8660),Command Buffer 0,11996462291,195750
5323,python (8660),Compute Command 0,11996642708,13042
5324,python (8660),Command Buffer 0,11996660208,189000
5325,python (8660),Compute Command 0,11996837666,9875
5326,python (8660),Command Buffer 0,11996850833,194458
5327,python (8660),Compute Command 0,11997030041,12959
5328,python (8660),Command Buffer 0,11997047458,195333
5329,python (8660),Compute Command 0,11997227416,13084
5330,python (8660),Command Buffer 0,11997245000,198166
5331,python (8660),Compute Command 0,11997427958,12917
5332,python (8660),Command Buffer 0,11997445375,200791
5333,python (8660),Compute Command 0,11997630875,13000
5334,python (8660),Command Buffer 0,11997648375,359375
5335,python (8660),Compute Command 0,11997992000,13500
5336,python (8660),Command Buffer 0,11998010000,198541
5337,python (8660),Compute Command 0,11998193083,13167
5338,python (8660),Command Buffer 0,11998210708,196958
5339,python (8660),Compute Command 0,11998392375,13041
5340,python (8660),Command Buffer 0,11998409791,196875
5341,python (8660),Compute Command 0,11998591375,13041
5342,python (8660),Command Buffer 0,11998608833,196625
5343,python (8660),Compute Command 0,11998790333,12792
5344,python (8660),Command Buffer 0,11998807625,196833
5345,python (8660),Compute Command 0,11998988791,13417
5346,python (8660),Command Buffer 0,11999006625,195583
5347,python (8660),Compute Command 0,11999185875,14041
5348,python (8660),Command Buffer 0,11999204333,194417
5349,python (8660),Compute Command 0,11999383416,13084
5350,python (8660),Command Buffer 0,11999400958,190500
5351,python (8660),Compute Command 0,11999576125,13041
5352,python (8660),Command Buffer 0,11999593666,194167
5353,python (8660),Compute Command 0,11999772208,13333
5354,python (8660),Command Buffer 0,11999789958,200375
5355,python (8660),Compute Command 0,11999974375,13583
5356,python (8660),Command Buffer 0,11999992708,189042
5357,python (8660),Compute Command 0,12000161583,17875
5358,python (8660),Command Buffer 0,12000183875,197583
5359,python (8660),Compute Command 0,12000365625,13500
5360,python (8660),Command Buffer 0,12000383625,199333
5361,python (8660),Compute Command 0,12000567166,13459
5362,python (8660),Command Buffer 0,12000585125,197333
5363,python (8660),Compute Command 0,12000766875,13250
5364,python (8660),Command Buffer 0,12000784666,195625
5365,python (8660),Compute Command 0,12000964750,13291
5366,python (8660),Command Buffer 0,12000982375,200125
5367,python (8660),Compute Command 0,12001163458,16833
5368,python (8660),Command Buffer 0,12001184625,192541
5369,python (8660),Compute Command 0,12001361416,13459
5370,python (8660),Command Buffer 0,12001379291,196334
5371,python (8660),Compute Command 0,12001560208,13125
5372,python (8660),Command Buffer 0,12001577750,189500
5373,python (8660),Compute Command 0,12001752041,12917
5374,python (8660),Command Buffer 0,12001769375,199708
5375,python (8660),Compute Command 0,12001953375,13375
5376,python (8660),Command Buffer 0,12001971708,197125
5377,python (8660),Compute Command 0,12002153333,13208
5378,python (8660),Command Buffer 0,12002170958,199125
5379,python (8660),Compute Command 0,12002354666,13125
5380,python (8660),Command Buffer 0,12002372166,194209
5381,python (8660),Compute Command 0,12002551000,13083
5382,python (8660),Command Buffer 0,12002568541,193834
5383,python (8660),Compute Command 0,12002747083,13042
5384,python (8660),Command Buffer 0,12002764541,194959
5385,python (8660),Compute Command 0,12002944208,13042
5386,python (8660),Command Buffer 0,12002961666,193959
5387,python (8660),Compute Command 0,12003140250,13125
5388,python (8660),Command Buffer 0,12003157750,199250
5389,python (8660),Compute Command 0,12003341625,13125
5390,python (8660),Command Buffer 0,12003359166,193667
5391,python (8660),Compute Command 0,12003537041,13542
5392,python (8660),Command Buffer 0,12003554916,174000
5393,python (8660),Compute Command 0,12003711375,15166
5394,python (8660),Command Buffer 0,12003731583,184833
5395,python (8660),Compute Command 0,12003900208,13792
5396,python (8660),Command Buffer 0,12003918666,189917
5397,python (8660),Compute Command 0,12004093000,13291
5398,python (8660),Command Buffer 0,12004110833,195833
5399,python (8660),Compute Command 0,12004291041,13292
5400,python (8660),Command Buffer 0,12004308916,195792
5401,python (8660),Compute Command 0,12004489333,13125
5402,python (8660),Command Buffer 0,12004507083,194792
5403,python (8660),Compute Command 0,12004686500,13041
5404,python (8660),Command Buffer 0,12004704250,194416
5405,python (8660),Compute Command 0,12004883500,12916
5406,python (8660),Command Buffer 0,12004900916,195125
5407,python (8660),Compute Command 0,12005080708,13042
5408,python (8660),Command Buffer 0,12005098333,195667
5409,python (8660),Compute Command 0,12005278750,12958
5410,python (8660),Command Buffer 0,12005296208,196625
5411,python (8660),Compute Command 0,12005477375,13166
5412,python (8660),Command Buffer 0,12005495041,198209
5413,python (8660),Compute Command 0,12005677208,13625
5414,python (8660),Command Buffer 0,12005695625,195541
5415,python (8660),Compute Command 0,12005875541,13292
5416,python (8660),Command Buffer 0,12005893375,195541
5417,python (8660),Compute Command 0,12006073333,13208
5418,python (8660),Command Buffer 0,12006091750,331791
5419,python (8660),Compute Command 0,12006407208,14042
5420,python (8660),Command Buffer 0,12006426375,185750
5421,python (8660),Compute Command 0,12006596708,13125
5422,python (8660),Command Buffer 0,12006614375,194458
5423,python (8660),Compute Command 0,12006793416,13125
5424,python (8660),Command Buffer 0,12006811083,194750
5425,python (8660),Compute Command 0,12006990166,13417
5426,python (8660),Command Buffer 0,12007008166,196917
5427,python (8660),Compute Command 0,12007189791,13000
5428,python (8660),Command Buffer 0,12007207333,196000
5429,python (8660),Compute Command 0,12007387791,13292
5430,python (8660),Command Buffer 0,12007405583,195625
5431,python (8660),Compute Command 0,12007585666,13209
5432,python (8660),Command Buffer 0,12007603416,186917
5433,python (8660),Compute Command 0,12007774750,13250
5434,python (8660),Command Buffer 0,12007792791,195584
5435,python (8660),Compute Command 0,12007973083,13000
5436,python (8660),Command Buffer 0,12007990625,193416
5437,python (8660),Compute Command 0,12008168583,13167
5438,python (8660),Command Buffer 0,12008186208,193833
5439,python (8660),Compute Command 0,12008364750,13041
5440,python (8660),Command Buffer 0,12008382250,198416
5441,python (8660),Compute Command 0,12008565333,13083
5442,python (8660),Command Buffer 0,12008582875,194625
5443,python (8660),Compute Command 0,12008761958,13208
5444,python (8660),Command Buffer 0,12008779625,197625
5445,python (8660),Compute Command 0,12008961916,13084
5446,python (8660),Command Buffer 0,12008979500,199041
5447,python (8660),Compute Command 0,12009163000,13291
5448,python (8660),Command Buffer 0,12009180708,197167
5449,python (8660),Compute Command 0,12009362666,12959
5450,python (8660),Command Buffer 0,12009380166,194834
5451,python (8660),Compute Command 0,12009559541,13167
5452,python (8660),Command Buffer 0,12009577125,194458
5453,python (8660),Compute Command 0,12009756208,13083
5454,python (8660),Command Buffer 0,12009773666,194334
5455,python (8660),Compute Command 0,12009952583,13125
5456,python (8660),Command Buffer 0,12009970208,198542
5457,python (8660),Compute Command 0,12010153416,13042
5458,python (8660),Command Buffer 0,12010170958,178125
5459,python (8660),Compute Command 0,12010333666,13167
5460,python (8660),Command Buffer 0,12010351708,175708
5461,python (8660),Compute Command 0,12010512000,13166
5462,python (8660),Command Buffer 0,12010529583,196833
5463,python (8660),Compute Command 0,12010711291,12834
5464,python (8660),Command Buffer 0,12010728541,194209
5465,python (8660),Compute Command 0,12010907500,13041
5466,python (8660),Command Buffer 0,12010924958,198208
5467,python (8660),Compute Command 0,12011107791,13125
5468,python (8660),Command Buffer 0,12011125333,180792
5469,python (8660),Compute Command 0,12011290583,13250
5470,python (8660),Command Buffer 0,12011308333,171750
5471,python (8660),Compute Command 0,12011464625,13166
5472,python (8660),Command Buffer 0,12011482333,170000
5473,python (8660),Compute Command 0,12011636750,13291
5474,python (8660),Command Buffer 0,12011655208,183583
5475,python (8660),Compute Command 0,12011823416,13167
5476,python (8660),Command Buffer 0,12011841041,194292
5477,python (8660),Compute Command 0,12012019041,13959
5478,python (8660),Command Buffer 0,12012037583,197000
5479,python (8660),Compute Command 0,12012219333,13000
5480,python (8660),Command Buffer 0,12012236958,199375
5481,python (8660),Compute Command 0,12012420083,13917
5482,python (8660),Command Buffer 0,12012439208,181750
5483,python (8660),Compute Command 0,12012605250,13333
5484,python (8660),Command Buffer 0,12012623625,186375
5485,python (8660),Compute Command 0,12012794500,13208
5486,python (8660),Command Buffer 0,12012812416,193167
5487,python (8660),Compute Command 0,12012991958,11625
5488,python (8660),Command Buffer 0,12013007500,201333
5489,python (8660),Compute Command 0,12013193333,13292
5490,python (8660),Command Buffer 0,12013211041,195125
5491,python (8660),Compute Command 0,12013390833,13042
5492,python (8660),Command Buffer 0,12013408333,195833
5493,python (8660),Compute Command 0,12013588666,13250
5494,python (8660),Command Buffer 0,12013606333,196500
5495,python (8660),Compute Command 0,12013787333,13250
5496,python (8660),Command Buffer 0,12013805000,196916
5497,python (8660),Compute Command 0,12013986458,13167
5498,python (8660),Command Buffer 0,12014004125,196375
5499,python (8660),Compute Command 0,12014184291,13959
5500,python (8660),Command Buffer 0,12014202708,196292
5501,python (8660),Compute Command 0,12014383250,13500
5502,python (8660),Command Buffer 0,12014401208,360167
5503,python (8660),Compute Command 0,12014745750,13291
5504,python (8660),Command Buffer 0,12014763666,191500
5505,python (8660),Compute Command 0,12014939791,13084
5506,python (8660),Command Buffer 0,12014957500,197958
5507,python (8660),Compute Command 0,12015140000,13166
5508,python (8660),Command Buffer 0,12015157791,195250
5509,python (8660),Compute Command 0,12015337458,13333
5510,python (8660),Command Buffer 0,12015355208,194917
5511,python (8660),Compute Command 0,12015534791,13084
5512,python (8660),Command Buffer 0,12015552291,199834
5513,python (8660),Compute Command 0,12015733708,13333
5514,python (8660),Command Buffer 0,12015754291,195375
5515,python (8660),Compute Command 0,12015934291,13042
5516,python (8660),Command Buffer 0,12015951875,193666
5517,python (8660),Compute Command 0,12016130125,13125
5518,python (8660),Command Buffer 0,12016147750,194750
5519,python (8660),Compute Command 0,12016326958,13208
5520,python (8660),Command Buffer 0,12016344666,194625
5521,python (8660),Compute Command 0,12016524125,12916
5522,python (8660),Command Buffer 0,12016541458,199583
5523,python (8660),Compute Command 0,12016722958,15750
5524,python (8660),Command Buffer 0,12016743208,195417
5525,python (8660),Compute Command 0,12016923083,13333
5526,python (8660),Command Buffer 0,12016940791,180209
5527,python (8660),Compute Command 0,12017105583,13167
5528,python (8660),Command Buffer 0,12017123625,169916
5529,python (8660),Compute Command 0,12017278125,13166
5530,python (8660),Command Buffer 0,12017296166,168875
5531,python (8660),Compute Command 0,12017449708,12958
5532,python (8660),Command Buffer 0,12017468125,191541
5533,python (8660),Compute Command 0,12017644500,12916
5534,python (8660),Command Buffer 0,12017661833,195250
5535,python (8660),Compute Command 0,12017841500,13375
5536,python (8660),Command Buffer 0,12017859250,193416
5537,python (8660),Compute Command 0,12018037458,12917
5538,python (8660),Command Buffer 0,12018054833,196333
5539,python (8660),Compute Command 0,12018235750,13125
5540,python (8660),Command Buffer 0,12018253333,195125
5541,python (8660),Compute Command 0,12018433250,12958
5542,python (8660),Command Buffer 0,12018450625,193625
5543,python (8660),Compute Command 0,12018628166,13750
5544,python (8660),Command Buffer 0,12018647041,169875
5545,python (8660),Compute Command 0,12018800333,14167
5546,python (8660),Command Buffer 0,12018819708,152333
5547,python (8660),Compute Command 0,12018954916,14959
5548,python (8660),Command Buffer 0,12018974083,167625
5549,python (8660),Compute Command 0,12019123333,15750
5550,python (8660),Command Buffer 0,12019144416,178542
5551,python (8660),Compute Command 0,12019307083,13542
5552,python (8660),Command Buffer 0,12019325250,171750
5553,python (8660),Compute Command 0,12019478333,16333
5554,python (8660),Command Buffer 0,12019499250,159250
5555,python (8660),Compute Command 0,12019642000,14083
5556,python (8660),Command Buffer 0,12019661708,168708
5557,python (8660),Compute Command 0,12019805958,22417
5558,python (8660),Command Buffer 0,12019832500,170500
5559,python (8660),Compute Command 0,12019984875,15833
5560,python (8660),Command Buffer 0,12020005458,172917
5561,python (8660),Compute Command 0,12020159458,16417
5562,python (8660),Command Buffer 0,12020181375,173208
5563,python (8660),Compute Command 0,12020337250,15458
5564,python (8660),Command Buffer 0,12020356583,157667
5565,python (8660),Compute Command 0,12020497750,14625
5566,python (8660),Command Buffer 0,12020516291,176125
5567,python (8660),Compute Command 0,12020676333,14042
5568,python (8660),Command Buffer 0,12020696375,153208
5569,python (8660),Compute Command 0,12020835875,11541
5570,python (8660),Command Buffer 0,12020856708,169958
5571,python (8660),Compute Command 0,12021011708,13000
5572,python (8660),Command Buffer 0,12021028916,170334
5573,python (8660),Compute Command 0,12021180833,15958
5574,python (8660),Command Buffer 0,12021202916,157917
5575,python (8660),Compute Command 0,12021346041,12792
5576,python (8660),Command Buffer 0,12021363958,160500
5577,python (8660),Compute Command 0,12021505958,15750
5578,python (8660),Command Buffer 0,12021527250,164625
5579,python (8660),Compute Command 0,12021677541,12417
5580,python (8660),Command Buffer 0,12021694708,181292
5581,python (8660),Compute Command 0,12021861208,12458
5582,python (8660),Command Buffer 0,12021878500,167541
5583,python (8660),Compute Command 0,12022029500,14250
5584,python (8660),Command Buffer 0,12022048500,162541
5585,python (8660),Compute Command 0,12022196750,12333
5586,python (8660),Command Buffer 0,12022214041,165792
5587,python (8660),Compute Command 0,12022364583,13167
5588,python (8660),Command Buffer 0,12022383250,178333
5589,python (8660),Compute Command 0,12022545333,14042
5590,python (8660),Command Buffer 0,12022564833,171875
5591,python (8660),Compute Command 0,12022715625,19083
5592,python (8660),Command Buffer 0,12022738791,321667
5593,python (8660),Compute Command 0,12023041916,16042
5594,python (8660),Command Buffer 0,12023063000,173083
5595,python (8660),Compute Command 0,12023218083,15250
5596,python (8660),Command Buffer 0,12023238916,174167
5597,python (8660),Compute Command 0,12023396083,14375
5598,python (8660),Command Buffer 0,12023416875,184416
5599,python (8660),Compute Command 0,12023582833,15792
5600,python (8660),Command Buffer 0,12023604916,168334
5601,python (8660),Compute Command 0,12023759083,12167
5602,python (8660),Command Buffer 0,12023775958,158417
5603,python (8660),Compute Command 0,12023915416,16500
5604,python (8660),Command Buffer 0,12023938208,153750
5605,python (8660),Compute Command 0,12024075375,14583
5606,python (8660),Command Buffer 0,12024094666,166084
5607,python (8660),Compute Command 0,12024244541,13792
5608,python (8660),Command Buffer 0,12024263250,150833
5609,python (8660),Compute Command 0,12024399875,12208
5610,python (8660),Command Buffer 0,12024416375,156416
5611,python (8660),Compute Command 0,12024558791,12000
5612,python (8660),Command Buffer 0,12024575000,158500
5613,python (8660),Compute Command 0,12024718958,12625
5614,python (8660),Command Buffer 0,12024735791,238750
5615,python (8660),Compute Command 0,12024940083,28583
5616,python (8660),Command Buffer 0,12024982125,190291
5617,python (8660),Compute Command 0,12025154750,15583
5618,python (8660),Command Buffer 0,12025175916,192875
5619,python (8660),Compute Command 0,12025352333,14375
5620,python (8660),Command Buffer 0,12025371916,241459
5621,python (8660),Compute Command 0,12025595375,16041
5622,python (8660),Command Buffer 0,12025616125,163625
5623,python (8660),Compute Command 0,12025764250,13458
5624,python (8660),Command Buffer 0,12025783583,169542
5625,python (8660),Compute Command 0,12025931000,18416
5626,python (8660),Command Buffer 0,12025958291,229792
5627,python (8660),Compute Command 0,12026167041,16625
5628,python (8660),Command Buffer 0,12026192250,179875
5629,python (8660),Compute Command 0,12026353208,16208
5630,python (8660),Command Buffer 0,12026377791,170084
5631,python (8660),Compute Command 0,12026530625,14958
5632,python (8660),Command Buffer 0,12026550666,168834
5633,python (8660),Compute Command 0,12026698958,17458
5634,python (8660),Command Buffer 0,12026723375,190166
5635,python (8660),Compute Command 0,12026888958,21875
5636,python (8660),Command Buffer 0,12026917666,166500
5637,python (8660),Compute Command 0,12027067791,14375
5638,python (8660),Command Buffer 0,12027086541,156000
5639,python (8660),Compute Command 0,12027228125,12250
5640,python (8660),Command Buffer 0,12027244583,152667
5641,python (8660),Compute Command 0,12027382708,12250
5642,python (8660),Command Buffer 0,12027399375,158291
5643,python (8660),Compute Command 0,12027543833,11792
5644,python (8660),Command Buffer 0,12027560000,154500
5645,python (8660),Compute Command 0,12027700500,11958
5646,python (8660),Command Buffer 0,12027716958,155167
5647,python (8660),Compute Command 0,12027857041,13042
5648,python (8660),Command Buffer 0,12027874791,160792
5649,python (8660),Compute Command 0,12028020791,12834
5650,python (8660),Command Buffer 0,12028038458,159958
5651,python (8660),Compute Command 0,12028183458,12958
5652,python (8660),Command Buffer 0,12028200416,152750
5653,python (8660),Compute Command 0,12028338125,13000
5654,python (8660),Command Buffer 0,12028356041,155125
5655,python (8660),Compute Command 0,12028497250,11583
5656,python (8660),Command Buffer 0,12028513625,149500
5657,python (8660),Compute Command 0,12028647875,13000
5658,python (8660),Command Buffer 0,12028665541,142917
5659,python (8660),Compute Command 0,12028791916,14500
5660,python (8660),Command Buffer 0,12028810708,158375
5661,python (8660),Compute Command 0,12028955125,11875
5662,python (8660),Command Buffer 0,12028972000,168791
5663,python (8660),Compute Command 0,12029123791,14917
5664,python (8660),Command Buffer 0,12029143833,158292
5665,python (8660),Compute Command 0,12029288291,11875
5666,python (8660),Command Buffer 0,12029304208,150333
5667,python (8660),Compute Command 0,12029439833,12542
5668,python (8660),Command Buffer 0,12029461125,139791
5669,python (8660),Compute Command 0,12029585291,13625
5670,python (8660),Command Buffer 0,12029603208,154583
5671,python (8660),Compute Command 0,12029742291,13542
5672,python (8660),Command Buffer 0,12029761000,151541
5673,python (8660),Compute Command 0,12029896583,13833
5674,python (8660),Command Buffer 0,12029916875,286916
5675,python (8660),Compute Command 0,12030159250,37875
5676,python (8660),Command Buffer 0,12030213375,177875
5677,python (8660),Compute Command 0,12030372583,16375
5678,python (8660),Command Buffer 0,12030394041,155500
5679,python (8660),Compute Command 0,12030533916,13417
5680,python (8660),Command Buffer 0,12030552208,162125
5681,python (8660),Compute Command 0,12030693083,19292
5682,python (8660),Command Buffer 0,12030716333,159625
5683,python (8660),Compute Command 0,12030861583,12375
5684,python (8660),Command Buffer 0,12030878750,153875
5685,python (8660),Compute Command 0,12031017875,12541
5686,python (8660),Command Buffer 0,12031035500,296541
5687,python (8660),Compute Command 0,12031315916,14167
5688,python (8660),Command Buffer 0,12031334375,174375
5689,python (8660),Compute Command 0,12031488916,16875
5690,python (8660),Command Buffer 0,12031513583,169083
5691,python (8660),Compute Command 0,12031665708,14792
5692,python (8660),Command Buffer 0,12031685416,155625
5693,python (8660),Compute Command 0,12031826541,12542
5694,python (8660),Command Buffer 0,12031843333,155458
5695,python (8660),Compute Command 0,12031985416,11459
5696,python (8660),Command Buffer 0,12032001000,147291
5697,python (8660),Compute Command 0,12032135250,11083
5698,python (8660),Command Buffer 0,12032150458,164833
5699,python (8660),Compute Command 0,12032302250,11166
5700,python (8660),Command Buffer 0,12032317541,178709
5701,python (8660),Compute Command 0,12032482083,12333
5702,python (8660),Command Buffer 0,12032498500,155041
5703,python (8660),Compute Command 0,12032640416,11292
5704,python (8660),Command Buffer 0,12032655708,151125
5705,python (8660),Compute Command 0,12032793000,11875
5706,python (8660),Command Buffer 0,12032808916,148625
5707,python (8660),Compute Command 0,12032944541,10959
5708,python (8660),Command Buffer 0,12032959375,149541
5709,python (8660),Compute Command 0,12033095750,10916
5710,python (8660),Command Buffer 0,12033111541,163042
5711,python (8660),Compute Command 0,12033261666,11084
5712,python (8660),Command Buffer 0,12033277166,163750
5713,python (8660),Compute Command 0,12033426791,12292
5714,python (8660),Command Buffer 0,12033443083,163458
5715,python (8660),Compute Command 0,12033593458,11292
5716,python (8660),Command Buffer 0,12033608916,149084
5717,python (8660),Compute Command 0,12033745458,10667
5718,python (8660),Command Buffer 0,12033760166,162167
5719,python (8660),Compute Command 0,12033908875,11583
5720,python (8660),Command Buffer 0,12033924500,151000
5721,python (8660),Compute Command 0,12034062000,11583
5722,python (8660),Command Buffer 0,12034077833,155375
5723,python (8660),Compute Command 0,12034219541,11875
5724,python (8660),Command Buffer 0,12034235458,159417
5725,python (8660),Compute Command 0,12034382208,10625
5726,python (8660),Command Buffer 0,12034397291,151417
5727,python (8660),Compute Command 0,12034535750,11083
5728,python (8660),Command Buffer 0,12034551041,150542
5729,python (8660),Compute Command 0,12034686791,12750
5730,python (8660),Command Buffer 0,12034704125,148166
5731,python (8660),Compute Command 0,12034838958,11417
5732,python (8660),Command Buffer 0,12034854500,151375
5733,python (8660),Compute Command 0,12034990833,13000
5734,python (8660),Command Buffer 0,12035008083,158375
5735,python (8660),Compute Command 0,12035153375,11000
5736,python (8660),Command Buffer 0,12035168708,139500
5737,python (8660),Compute Command 0,12035295041,11167
5738,python (8660),Command Buffer 0,12035310458,154083
5739,python (8660),Compute Command 0,12035450750,11958
5740,python (8660),Command Buffer 0,12035466791,164625
5741,python (8660),Compute Command 0,12035618166,11375
5742,python (8660),Command Buffer 0,12035633625,151291
5743,python (8660),Compute Command 0,12035771958,11000
5744,python (8660),Command Buffer 0,12035787125,141750
5745,python (8660),Compute Command 0,12035915708,11333
5746,python (8660),Command Buffer 0,12035931083,147542
5747,python (8660),Compute Command 0,12036065333,11375
5748,python (8660),Command Buffer 0,12036080583,149708
5749,python (8660),Compute Command 0,12036217291,10875
5750,python (8660),Command Buffer 0,12036232583,150292
5751,python (8660),Compute Command 0,12036370125,10708
5752,python (8660),Command Buffer 0,12036385083,142333
5753,python (8660),Compute Command 0,12036514125,11375
5754,python (8660),Command Buffer 0,12036529750,154541
5755,python (8660),Compute Command 0,12036669208,13000
5756,python (8660),Command Buffer 0,12036686625,148208
5757,python (8660),Compute Command 0,12036820791,12125
5758,python (8660),Command Buffer 0,12036837416,166542
5759,python (8660),Compute Command 0,12036988958,12917
5760,python (8660),Command Buffer 0,12037006250,157916
5761,python (8660),Compute Command 0,12037150500,11625
5762,python (8660),Command Buffer 0,12037166500,168625
5763,python (8660),Compute Command 0,12037321625,11500
5764,python (8660),Command Buffer 0,12037337625,174291
5765,python (8660),Compute Command 0,12037498291,11709
5766,python (8660),Command Buffer 0,12037514375,143750
5767,python (8660),Compute Command 0,12037644666,11584
5768,python (8660),Command Buffer 0,12037660333,167875
5769,python (8660),Compute Command 0,12037813208,12958
5770,python (8660),Command Buffer 0,12037830583,147917
5771,python (8660),Compute Command 0,12037964166,12459
5772,python (8660),Command Buffer 0,12037980875,152041
5773,python (8660),Compute Command 0,12038119583,11500
5774,python (8660),Command Buffer 0,12038135041,178209
5775,python (8660),Compute Command 0,12038298541,12834
5776,python (8660),Command Buffer 0,12038315625,171291
5777,python (8660),Compute Command 0,12038472916,12084
5778,python (8660),Command Buffer 0,12038489125,155541
5779,python (8660),Compute Command 0,12038630708,12125
5780,python (8660),Command Buffer 0,12038647000,159166
5781,python (8660),Compute Command 0,12038792083,12208
5782,python (8660),Command Buffer 0,12038808458,156000
5783,python (8660),Compute Command 0,12038950375,12250
5784,python (8660),Command Buffer 0,12038967083,160875
5785,python (8660),Compute Command 0,12039114416,11667
5786,python (8660),Command Buffer 0,12039130208,168458
5787,python (8660),Compute Command 0,12039284958,11833
5788,python (8660),Command Buffer 0,12039300791,168250
5789,python (8660),Compute Command 0,12039456250,10833
5790,python (8660),Command Buffer 0,12039471458,258375
5791,python (8660),Compute Command 0,12039716041,11834
5792,python (8660),Command Buffer 0,12039732083,156917
5793,python (8660),Compute Command 0,12039875666,11500
5794,python (8660),Command Buffer 0,12039891333,150750
5795,python (8660),Compute Command 0,12040028250,11833
5796,python (8660),Command Buffer 0,12040044541,171000
5797,python (8660),Compute Command 0,12040201416,12250
5798,python (8660),Command Buffer 0,12040217791,163750
5799,python (8660),Compute Command 0,12040368375,11208
5800,python (8660),Command Buffer 0,12040383791,171167
5801,python (8660),Compute Command 0,12040541666,11417
5802,python (8660),Command Buffer 0,12040557000,169875
5803,python (8660),Compute Command 0,12040713875,11041
5804,python (8660),Command Buffer 0,12040729041,180000
5805,python (8660),Compute Command 0,12040895041,12084
5806,python (8660),Command Buffer 0,12040911458,149500
5807,python (8660),Compute Command 0,12041047458,11542
5808,python (8660),Command Buffer 0,12041062958,169917
5809,python (8660),Compute Command 0,12041219541,11417
5810,python (8660),Command Buffer 0,12041235083,156458
5811,python (8660),Compute Command 0,12041378083,11625
5812,python (8660),Command Buffer 0,12041393833,172833
5813,python (8660),Compute Command 0,12041552958,11917
5814,python (8660),Command Buffer 0,12041568875,152416
5815,python (8660),Compute Command 0,12041708250,11208
5816,python (8660),Command Buffer 0,12041723416,169959
5817,python (8660),Compute Command 0,12041880541,11000
5818,python (8660),Command Buffer 0,12041895458,170292
5819,python (8660),Compute Command 0,12042051416,12292
5820,python (8660),Command Buffer 0,12042067666,167709
5821,python (8660),Compute Command 0,12042222458,10875
5822,python (8660),Command Buffer 0,12042237625,167708
5823,python (8660),Compute Command 0,12042392250,11250
5824,python (8660),Command Buffer 0,12042407291,169167
5825,python (8660),Compute Command 0,12042563791,10834
5826,python (8660),Command Buffer 0,12042578666,171167
5827,python (8660),Compute Command 0,12042736750,11250
5828,python (8660),Command Buffer 0,12042751958,172792
5829,python (8660),Compute Command 0,12042910166,12250
5830,python (8660),Command Buffer 0,12042928125,171666
5831,python (8660),Compute Command 0,12043084916,12917
5832,python (8660),Command Buffer 0,12043102166,153084
5833,python (8660),Compute Command 0,12043241541,11709
5834,python (8660),Command Buffer 0,12043257541,178000
5835,python (8660),Compute Command 0,12043421208,12250
5836,python (8660),Command Buffer 0,12043438083,158292
5837,python (8660),Compute Command 0,12043582166,12334
5838,python (8660),Command Buffer 0,12043598583,152208
5839,python (8660),Compute Command 0,12043737375,11458
5840,python (8660),Command Buffer 0,12043752666,151292
5841,python (8660),Compute Command 0,12043890583,11375
5842,python (8660),Command Buffer 0,12043906625,167708
5843,python (8660),Compute Command 0,12044061250,11041
5844,python (8660),Command Buffer 0,12044076666,174959
5845,python (8660),Compute Command 0,12044233833,15792
5846,python (8660),Command Buffer 0,12044254125,150958
5847,python (8660),Compute Command 0,12044391500,11708
5848,python (8660),Command Buffer 0,12044407291,158042
5849,python (8660),Compute Command 0,12044551916,11459
5850,python (8660),Command Buffer 0,12044568125,168958
5851,python (8660),Compute Command 0,12044723541,11584
5852,python (8660),Command Buffer 0,12044742291,168084
5853,python (8660),Compute Command 0,12044897125,11291
5854,python (8660),Command Buffer 0,12044912416,168209
5855,python (8660),Compute Command 0,12045067458,11292
5856,python (8660),Command Buffer 0,12045082916,158250
5857,python (8660),Compute Command 0,12045227750,11333
5858,python (8660),Command Buffer 0,12045243875,167125
5859,python (8660),Compute Command 0,12045397750,11208
5860,python (8660),Command Buffer 0,12045413583,168167
5861,python (8660),Compute Command 0,12045569125,10750
5862,python (8660),Command Buffer 0,12045584041,185084
5863,python (8660),Compute Command 0,12045741416,25250
5864,python (8660),Command Buffer 0,12045771541,193792
5865,python (8660),Compute Command 0,12045949416,13584
5866,python (8660),Command Buffer 0,12045967625,195083
5867,python (8660),Compute Command 0,12046147333,13042
5868,python (8660),Command Buffer 0,12046165000,192916
5869,python (8660),Compute Command 0,12046342625,12958
5870,python (8660),Command Buffer 0,12046360208,195500
5871,python (8660),Compute Command 0,12046540208,13167
5872,python (8660),Command Buffer 0,12046558041,191667
5873,python (8660),Compute Command 0,12046734500,12875
5874,python (8660),Command Buffer 0,12046752041,193709
5875,python (8660),Compute Command 0,12046930541,12959
5876,python (8660),Command Buffer 0,12046948041,180084
5877,python (8660),Compute Command 0,12047112458,13167
5878,python (8660),Command Buffer 0,12047130958,194792
5879,python (8660),Compute Command 0,12047310291,13167
5880,python (8660),Command Buffer 0,12047328166,193500
5881,python (8660),Compute Command 0,12047506291,13000
5882,python (8660),Command Buffer 0,12047526625,196708
5883,python (8660),Compute Command 0,12047707958,13042
5884,python (8660),Command Buffer 0,12047725750,363500
5885,python (8660),Compute Command 0,12048073416,13459
5886,python (8660),Command Buffer 0,12048091708,199125
5887,python (8660),Compute Command 0,12048275458,13125
5888,python (8660),Command Buffer 0,12048293208,196208
5889,python (8660),Compute Command 0,12048474166,13000
5890,python (8660),Command Buffer 0,12048491833,199125
5891,python (8660),Compute Command 0,12048675625,13083
5892,python (8660),Command Buffer 0,12048693333,192875
5893,python (8660),Compute Command 0,12048870833,13083
5894,python (8660),Command Buffer 0,12048888583,198875
5895,python (8660),Compute Command 0,12049071833,13292
5896,python (8660),Command Buffer 0,12049089750,194833
5897,python (8660),Compute Command 0,12049269166,13084
5898,python (8660),Command Buffer 0,12049286791,196792
5899,python (8660),Compute Command 0,12049468291,13042
5900,python (8660),Command Buffer 0,12049485791,198500
5901,python (8660),Compute Command 0,12049668833,13125
5902,python (8660),Command Buffer 0,12049686500,197708
5903,python (8660),Compute Command 0,12049869000,12958
5904,python (8660),Command Buffer 0,12049886416,179042
5905,python (8660),Compute Command 0,12050049791,13292
5906,python (8660),Command Buffer 0,12050067708,186208
5907,python (8660),Compute Command 0,12050238500,13125
5908,python (8660),Command Buffer 0,12050256083,197042
5909,python (8660),Compute Command 0,12050437750,13041
5910,python (8660),Command Buffer 0,12050455291,198042
5911,python (8660),Compute Command 0,12050637708,13292
5912,python (8660),Command Buffer 0,12050655583,194500
5913,python (8660),Compute Command 0,12050834833,12958
5914,python (8660),Command Buffer 0,12050852333,195042
5915,python (8660),Compute Command 0,12051031958,13042
5916,python (8660),Command Buffer 0,12051049625,195416
5917,python (8660),Compute Command 0,12051229625,13083
5918,python (8660),Command Buffer 0,12051247291,194250
5919,python (8660),Compute Command 0,12051426250,12958
5920,python (8660),Command Buffer 0,12051443708,192708
5921,python (8660),Compute Command 0,12051621000,13125
5922,python (8660),Command Buffer 0,12051638625,195750
5923,python (8660),Compute Command 0,12051819041,13042
5924,python (8660),Command Buffer 0,12051836541,169459
5925,python (8660),Compute Command 0,12051991208,12458
5926,python (8660),Command Buffer 0,12052008541,186542
5927,python (8660),Compute Command 0,12052177958,14792
5928,python (8660),Command Buffer 0,12052197375,201250
5929,python (8660),Compute Command 0,12052383125,13250
5930,python (8660),Command Buffer 0,12052400833,196333
5931,python (8660),Compute Command 0,12052581750,13083
5932,python (8660),Command Buffer 0,12052599375,197250
5933,python (8660),Compute Command 0,12052781375,12958
5934,python (8660),Command Buffer 0,12052798791,191250
5935,python (8660),Compute Command 0,12052974750,13000
5936,python (8660),Command Buffer 0,12052995041,198542
5937,python (8660),Compute Command 0,12053174625,16708
5938,python (8660),Command Buffer 0,12053195833,194542
5939,python (8660),Compute Command 0,12053374958,13125
5940,python (8660),Command Buffer 0,12053392625,195333
5941,python (8660),Compute Command 0,12053572125,13500
5942,python (8660),Command Buffer 0,12053590125,177666
5943,python (8660),Compute Command 0,12053752416,13000
5944,python (8660),Command Buffer 0,12053770083,166458
5945,python (8660),Compute Command 0,12053919583,14625
5946,python (8660),Command Buffer 0,12053938875,163833
5947,python (8660),Compute Command 0,12054086291,14417
5948,python (8660),Command Buffer 0,12054105041,166167
5949,python (8660),Compute Command 0,12054254083,14833
5950,python (8660),Command Buffer 0,12054273583,183583
5951,python (8660),Compute Command 0,12054440625,14041
5952,python (8660),Command Buffer 0,12054459500,196375
5953,python (8660),Compute Command 0,12054639833,13667
5954,python (8660),Command Buffer 0,12054658083,196167
5955,python (8660),Compute Command 0,12054838291,13417
5956,python (8660),Command Buffer 0,12054856916,197167
5957,python (8660),Compute Command 0,12055038500,13291
5958,python (8660),Command Buffer 0,12055056250,194833
5959,python (8660),Compute Command 0,12055235291,13542
5960,python (8660),Command Buffer 0,12055253250,198416
5961,python (8660),Compute Command 0,12055435750,13625
5962,python (8660),Command Buffer 0,12055453958,196083
5963,python (8660),Compute Command 0,12055634333,13375
5964,python (8660),Command Buffer 0,12055652208,211708
5965,python (8660),Compute Command 0,12055848625,13041
5966,python (8660),Command Buffer 0,12055866083,194792
5967,python (8660),Compute Command 0,12056044583,13833
5968,python (8660),Command Buffer 0,12056063083,341042
5969,python (8660),Compute Command 0,12056388166,13625
5970,python (8660),Command Buffer 0,12056410333,192167
5971,python (8660),Compute Command 0,12056586708,13458
5972,python (8660),Command Buffer 0,12056604875,177333
5973,python (8660),Compute Command 0,12056766416,13459
5974,python (8660),Command Buffer 0,12056784291,170792
5975,python (8660),Compute Command 0,12056939625,13208
5976,python (8660),Command Buffer 0,12056957166,170500
5977,python (8660),Compute Command 0,12057112333,13083
5978,python (8660),Command Buffer 0,12057129750,174958
5979,python (8660),Compute Command 0,12057288791,13542
5980,python (8660),Command Buffer 0,12057306958,169750
5981,python (8660),Compute Command 0,12057461416,13042
5982,python (8660),Command Buffer 0,12057478875,172208
5983,python (8660),Compute Command 0,12057635583,13167
5984,python (8660),Command Buffer 0,12057653416,166459
5985,python (8660),Compute Command 0,12057804333,13167
5986,python (8660),Command Buffer 0,12057822166,167375
5987,python (8660),Compute Command 0,12057973833,13458
5988,python (8660),Command Buffer 0,12057991750,174541
5989,python (8660),Compute Command 0,12058150000,13958
5990,python (8660),Command Buffer 0,12058168583,172833
5991,python (8660),Compute Command 0,12058325875,13208
5992,python (8660),Command Buffer 0,12058343708,203792
5993,python (8660),Compute Command 0,12058526125,19083
5994,python (8660),Command Buffer 0,12058549541,183417
5995,python (8660),Compute Command 0,12058716625,14458
5996,python (8660),Command Buffer 0,12058734916,176500
5997,python (8660),Compute Command 0,12058895333,13667
5998,python (8660),Command Buffer 0,12058913666,172417
5999,python (8660),Compute Command 0,12059070250,13541
6000,python (8660),Command Buffer 0,12059088250,177333
6001,python (8660),Compute Command 0,12059249875,13416
6002,python (8660),Command Buffer 0,12059267875,191041
6003,python (8660),Compute Command 0,12059443416,13250
6004,python (8660),Command Buffer 0,12059461041,192042
6005,python (8660),Compute Command 0,12059637666,13167
6006,python (8660),Command Buffer 0,12059655250,196541
6007,python (8660),Compute Command 0,12059836458,13083
6008,python (8660),Command Buffer 0,12059854041,195875
6009,python (8660),Compute Command 0,12060034125,13500
6010,python (8660),Command Buffer 0,12060052166,197667
6011,python (8660),Compute Command 0,12060233708,13833
6012,python (8660),Command Buffer 0,12060252541,191959
6013,python (8660),Compute Command 0,12060429125,13083
6014,python (8660),Command Buffer 0,12060446625,195583
6015,python (8660),Compute Command 0,12060626833,13125
6016,python (8660),Command Buffer 0,12060644416,193792
6017,python (8660),Compute Command 0,12060822875,13041
6018,python (8660),Command Buffer 0,12060840458,186708
6019,python (8660),Compute Command 0,12061009125,13041
6020,python (8660),Command Buffer 0,12061029291,197917
6021,python (8660),Compute Command 0,12061211958,12958
6022,python (8660),Command Buffer 0,12061229333,196000
6023,python (8660),Compute Command 0,12061410125,12916
6024,python (8660),Command Buffer 0,12061427583,196042
6025,python (8660),Compute Command 0,12061608375,12958
6026,python (8660),Command Buffer 0,12061625791,196834
6027,python (8660),Compute Command 0,12061807208,13125
6028,python (8660),Command Buffer 0,12061824791,178125
6029,python (8660),Compute Command 0,12061985625,14958
6030,python (8660),Command Buffer 0,12062005458,167250
6031,python (8660),Compute Command 0,12062156041,14334
6032,python (8660),Command Buffer 0,12062174708,165667
6033,python (8660),Compute Command 0,12062323625,14916
6034,python (8660),Command Buffer 0,12062342375,158166
6035,python (8660),Compute Command 0,12062484208,13875
6036,python (8660),Command Buffer 0,12062503083,168125
6037,python (8660),Compute Command 0,12062654291,14792
6038,python (8660),Command Buffer 0,12062673208,158208
6039,python (8660),Compute Command 0,12062814833,14208
6040,python (8660),Command Buffer 0,12062834208,166417
6041,python (8660),Compute Command 0,12062983750,15000
6042,python (8660),Command Buffer 0,12063002625,165125
6043,python (8660),Compute Command 0,12063151083,14708
6044,python (8660),Command Buffer 0,12063169708,159417
6045,python (8660),Compute Command 0,12063312375,14166
6046,python (8660),Command Buffer 0,12063331208,165792
6047,python (8660),Compute Command 0,12063480208,14958
6048,python (8660),Command Buffer 0,12063498916,158334
6049,python (8660),Compute Command 0,12063640666,14084
6050,python (8660),Command Buffer 0,12063660125,167041
6051,python (8660),Compute Command 0,12063810500,14791
6052,python (8660),Command Buffer 0,12063829041,161334
6053,python (8660),Compute Command 0,12063973833,14625
6054,python (8660),Command Buffer 0,12063992250,168875
6055,python (8660),Compute Command 0,12064143791,14667
6056,python (8660),Command Buffer 0,12064163375,159833
6057,python (8660),Compute Command 0,12064306500,14416
6058,python (8660),Command Buffer 0,12064325666,188875
6059,python (8660),Compute Command 0,12064489500,20541
6060,python (8660),Command Buffer 0,12064518583,192583
6061,python (8660),Compute Command 0,12064693750,14750
6062,python (8660),Command Buffer 0,12064713666,186792
6063,python (8660),Compute Command 0,12064884791,13334
6064,python (8660),Command Buffer 0,12064902875,183750
6065,python (8660),Compute Command 0,12065071125,13250
6066,python (8660),Command Buffer 0,12065089208,174042
6067,python (8660),Compute Command 0,12065248000,12958
6068,python (8660),Command Buffer 0,12065265458,191208
6069,python (8660),Compute Command 0,12065444666,10209
6070,python (8660),Command Buffer 0,12065458500,183916
6071,python (8660),Compute Command 0,12065626458,13583
6072,python (8660),Command Buffer 0,12065645041,184834
6073,python (8660),Compute Command 0,12065813833,13583
6074,python (8660),Command Buffer 0,12065832375,188833
6075,python (8660),Compute Command 0,12066005208,13625
6076,python (8660),Command Buffer 0,12066023541,195875
6077,python (8660),Compute Command 0,12066203708,13292
6078,python (8660),Command Buffer 0,12066222041,180959
6079,python (8660),Compute Command 0,12066387375,13250
6080,python (8660),Command Buffer 0,12066405333,169333
6081,python (8660),Compute Command 0,12066558958,13333
6082,python (8660),Command Buffer 0,12066576958,169542
6083,python (8660),Compute Command 0,12066730666,13459
6084,python (8660),Command Buffer 0,12066748833,170792
6085,python (8660),Compute Command 0,12066904041,13250
6086,python (8660),Command Buffer 0,12066922375,195250
6087,python (8660),Compute Command 0,12067102041,13292
6088,python (8660),Command Buffer 0,12067119875,197666
6089,python (8660),Compute Command 0,12067302000,13208
6090,python (8660),Command Buffer 0,12067319750,196041
6091,python (8660),Compute Command 0,12067500208,13333
6092,python (8660),Command Buffer 0,12067518000,192125
6093,python (8660),Compute Command 0,12067694833,13000
6094,python (8660),Command Buffer 0,12067712458,196875
6095,python (8660),Compute Command 0,12067893958,13125
6096,python (8660),Command Buffer 0,12067911416,197750
6097,python (8660),Compute Command 0,12068093875,13000
6098,python (8660),Command Buffer 0,12068111250,201291
6099,python (8660),Compute Command 0,12068296958,13292
6100,python (8660),Command Buffer 0,12068317416,177375
6101,python (8660),Compute Command 0,12068478708,13583
6102,python (8660),Command Buffer 0,12068497166,171459
6103,python (8660),Compute Command 0,12068648333,17542
6104,python (8660),Command Buffer 0,12068671666,160209
6105,python (8660),Compute Command 0,12068813250,16500
6106,python (8660),Command Buffer 0,12068833916,148000
6107,python (8660),Compute Command 0,12068967000,12500
6108,python (8660),Command Buffer 0,12068983916,157209
6109,python (8660),Compute Command 0,12069122250,16625
6110,python (8660),Command Buffer 0,12069143041,189750
6111,python (8660),Compute Command 0,12069316583,13833
6112,python (8660),Command Buffer 0,12069335208,188333
6113,python (8660),Compute Command 0,12069507625,13583
6114,python (8660),Command Buffer 0,12069525791,186375
6115,python (8660),Compute Command 0,12069696916,13000
6116,python (8660),Command Buffer 0,12069714375,194875
6117,python (8660),Compute Command 0,12069893833,13167
6118,python (8660),Command Buffer 0,12069911625,196166
6119,python (8660),Compute Command 0,12070092291,13209
6120,python (8660),Command Buffer 0,12070110125,197750
6121,python (8660),Compute Command 0,12070292208,13375
6122,python (8660),Command Buffer 0,12070310125,166541
6123,python (8660),Compute Command 0,12070459166,15167
6124,python (8660),Command Buffer 0,12070481375,158375
6125,python (8660),Compute Command 0,12070622375,14916
6126,python (8660),Command Buffer 0,12070642375,152166
6127,python (8660),Compute Command 0,12070777833,14292
6128,python (8660),Command Buffer 0,12070797166,156792
6129,python (8660),Compute Command 0,12070937041,14500
6130,python (8660),Command Buffer 0,12070956458,255792
6131,python (8660),Compute Command 0,12071194916,14500
6132,python (8660),Command Buffer 0,12071214833,201167
6133,python (8660),Compute Command 0,12071399916,13667
6134,python (8660),Command Buffer 0,12071418333,196458
6135,python (8660),Compute Command 0,12071598958,13583
6136,python (8660),Command Buffer 0,12071617083,196500
6137,python (8660),Compute Command 0,12071798333,12958
6138,python (8660),Command Buffer 0,12071815708,184833
6139,python (8660),Compute Command 0,12071985083,13167
6140,python (8660),Command Buffer 0,12072003041,170584
6141,python (8660),Compute Command 0,12072158375,13000
6142,python (8660),Command Buffer 0,12072175708,185750
6143,python (8660),Compute Command 0,12072346000,13166
6144,python (8660),Command Buffer 0,12072363708,196792
6145,python (8660),Compute Command 0,12072544791,13417
6146,python (8660),Command Buffer 0,12072562583,196917
6147,python (8660),Compute Command 0,12072743916,13334
6148,python (8660),Command Buffer 0,12072761583,342583
6149,python (8660),Compute Command 0,12073087666,14209
6150,python (8660),Command Buffer 0,12073107041,186625
6151,python (8660),Compute Command 0,12073278083,13250
6152,python (8660),Command Buffer 0,12073295833,196750
6153,python (8660),Compute Command 0,12073477250,13041
6154,python (8660),Command Buffer 0,12073494750,195041
6155,python (8660),Compute Command 0,12073674250,13291
6156,python (8660),Command Buffer 0,12073694625,194041
6157,python (8660),Compute Command 0,12073873333,13083
6158,python (8660),Command Buffer 0,12073890833,193500
6159,python (8660),Compute Command 0,12074069000,13125
6160,python (8660),Command Buffer 0,12074086500,196458
6161,python (8660),Compute Command 0,12074267416,13292
6162,python (8660),Command Buffer 0,12074285250,195250
6163,python (8660),Compute Command 0,12074464958,13250
6164,python (8660),Command Buffer 0,12074482791,194917
6165,python (8660),Compute Command 0,12074661916,13584
6166,python (8660),Command Buffer 0,12074679958,184958
6167,python (8660),Compute Command 0,12074847458,14750
6168,python (8660),Command Buffer 0,12074867458,195708
6169,python (8660),Compute Command 0,12075047833,13000
6170,python (8660),Command Buffer 0,12075065333,195875
6171,python (8660),Compute Command 0,12075245875,13083
6172,python (8660),Command Buffer 0,12075263375,194666
6173,python (8660),Compute Command 0,12075442625,13208
6174,python (8660),Command Buffer 0,12075460208,193333
6175,python (8660),Compute Command 0,12075638333,12917
6176,python (8660),Command Buffer 0,12075655666,194417
6177,python (8660),Compute Command 0,12075834791,13084
6178,python (8660),Command Buffer 0,12075852291,192959
6179,python (8660),Compute Command 0,12076029916,13042
6180,python (8660),Command Buffer 0,12076047375,191791
6181,python (8660),Compute Command 0,12076223875,13041
6182,python (8660),Command Buffer 0,12076241291,188750
6183,python (8660),Compute Command 0,12076414750,13083
6184,python (8660),Command Buffer 0,12076432166,195375
6185,python (8660),Compute Command 0,12076612291,12959
6186,python (8660),Command Buffer 0,12076629666,198334
6187,python (8660),Compute Command 0,12076812833,12875
6188,python (8660),Command Buffer 0,12076830125,183500
6189,python (8660),Compute Command 0,12076998458,12875
6190,python (8660),Command Buffer 0,12077015708,193833
6191,python (8660),Compute Command 0,12077194166,13125
6192,python (8660),Command Buffer 0,12077211708,195292
6193,python (8660),Compute Command 0,12077391833,12958
6194,python (8660),Command Buffer 0,12077409166,197375
6195,python (8660),Compute Command 0,12077588500,15791
6196,python (8660),Command Buffer 0,12077608875,194625
6197,python (8660),Compute Command 0,12077788083,13125
6198,python (8660),Command Buffer 0,12077805625,190958
6199,python (8660),Compute Command 0,12077981208,13125
6200,python (8660),Command Buffer 0,12077998791,195084
6201,python (8660),Compute Command 0,12078177291,14334
6202,python (8660),Command Buffer 0,12078196000,192583
6203,python (8660),Compute Command 0,12078373375,12958
6204,python (8660),Command Buffer 0,12078390750,186916
6205,python (8660),Compute Command 0,12078562458,12958
6206,python (8660),Command Buffer 0,12078579833,170542
6207,python (8660),Compute Command 0,12078733291,14417
6208,python (8660),Command Buffer 0,12078752958,188458
6209,python (8660),Compute Command 0,12078925791,13250
6210,python (8660),Command Buffer 0,12078943708,195125
6211,python (8660),Compute Command 0,12079123208,13375
6212,python (8660),Command Buffer 0,12079141041,197875
6213,python (8660),Compute Command 0,12079323500,13166
6214,python (8660),Command Buffer 0,12079341041,194584
6215,python (8660),Compute Command 0,12079520125,13250
6216,python (8660),Command Buffer 0,12079537791,194292
6217,python (8660),Compute Command 0,12079716750,13125
6218,python (8660),Command Buffer 0,12079734208,193583
6219,python (8660),Compute Command 0,12079912416,13125
6220,python (8660),Command Buffer 0,12079929958,194500
6221,python (8660),Compute Command 0,12080109125,13041
6222,python (8660),Command Buffer 0,12080126583,191417
6223,python (8660),Compute Command 0,12080302833,12917
6224,python (8660),Command Buffer 0,12080320125,194750
6225,python (8660),Compute Command 0,12080499625,13041
6226,python (8660),Command Buffer 0,12080517000,190125
6227,python (8660),Compute Command 0,12080691833,13042
6228,python (8660),Command Buffer 0,12080709666,195750
6229,python (8660),Compute Command 0,12080890083,13083
6230,python (8660),Command Buffer 0,12080907583,189917
6231,python (8660),Compute Command 0,12081082125,13125
6232,python (8660),Command Buffer 0,12081099666,331375
6233,python (8660),Compute Command 0,12081414916,13709
6234,python (8660),Command Buffer 0,12081433458,196000
6235,python (8660),Compute Command 0,12081614208,13000
6236,python (8660),Command Buffer 0,12081631583,197083
6237,python (8660),Compute Command 0,12081813250,13166
6238,python (8660),Command Buffer 0,12081830833,194292
6239,python (8660),Compute Command 0,12082009583,13292
6240,python (8660),Command Buffer 0,12082027250,193541
6241,python (8660),Compute Command 0,12082205666,12875
6242,python (8660),Command Buffer 0,12082223000,194458
6243,python (8660),Compute Command 0,12082402125,13083
6244,python (8660),Command Buffer 0,12082419625,197375
6245,python (8660),Compute Command 0,12082598708,13333
6246,python (8660),Command Buffer 0,12082619083,192167
6247,python (8660),Compute Command 0,12082795791,13209
6248,python (8660),Command Buffer 0,12082813416,190209
6249,python (8660),Compute Command 0,12082988208,13125
6250,python (8660),Command Buffer 0,12083005791,200667
6251,python (8660),Compute Command 0,12083191000,13208
6252,python (8660),Command Buffer 0,12083208583,195333
6253,python (8660),Compute Command 0,12083388666,13000
6254,python (8660),Command Buffer 0,12083406041,199459
6255,python (8660),Compute Command 0,12083587333,15875
6256,python (8660),Command Buffer 0,12083607666,196042
6257,python (8660),Compute Command 0,12083788541,12959
6258,python (8660),Command Buffer 0,12083805833,194833
6259,python (8660),Compute Command 0,12083985500,12958
6260,python (8660),Command Buffer 0,12084002791,195459
6261,python (8660),Compute Command 0,12084181833,14167
6262,python (8660),Command Buffer 0,12084200416,195959
6263,python (8660),Compute Command 0,12084381166,12959
6264,python (8660),Command Buffer 0,12084398541,192917
6265,python (8660),Compute Command 0,12084576416,12834
6266,python (8660),Command Buffer 0,12084593583,192500
6267,python (8660),Compute Command 0,12084770833,13000
6268,python (8660),Command Buffer 0,12084788250,194916
6269,python (8660),Compute Command 0,12084967916,12959
6270,python (8660),Command Buffer 0,12084985291,187834
6271,python (8660),Compute Command 0,12085157416,13417
6272,python (8660),Command Buffer 0,12085175458,187042
6273,python (8660),Compute Command 0,12085346958,13250
6274,python (8660),Command Buffer 0,12085364916,202209
6275,python (8660),Compute Command 0,12085551583,13208
6276,python (8660),Command Buffer 0,12085569250,197500
6277,python (8660),Compute Command 0,12085751250,13250
6278,python (8660),Command Buffer 0,12085768958,194958
6279,python (8660),Compute Command 0,12085948291,13292
6280,python (8660),Command Buffer 0,12085966083,195125
6281,python (8660),Compute Command 0,12086145875,13083
6282,python (8660),Command Buffer 0,12086163333,193958
6283,python (8660),Compute Command 0,12086342083,12958
6284,python (8660),Command Buffer 0,12086359375,193625
6285,python (8660),Compute Command 0,12086537583,13167
6286,python (8660),Command Buffer 0,12086555250,197583
6287,python (8660),Compute Command 0,12086737416,13167
6288,python (8660),Command Buffer 0,12086754958,195208
6289,python (8660),Compute Command 0,12086934666,13209
6290,python (8660),Command Buffer 0,12086952333,177250
6291,python (8660),Compute Command 0,12087113208,13958
6292,python (8660),Command Buffer 0,12087131875,157708
6293,python (8660),Compute Command 0,12087274000,13625
6294,python (8660),Command Buffer 0,12087291958,169958
6295,python (8660),Compute Command 0,12087446041,13459
6296,python (8660),Command Buffer 0,12087464625,184583
6297,python (8660),Compute Command 0,12087633541,13334
6298,python (8660),Command Buffer 0,12087651666,193750
6299,python (8660),Compute Command 0,12087829833,13208
6300,python (8660),Command Buffer 0,12087847958,187667
6301,python (8660),Compute Command 0,12088020333,13000
6302,python (8660),Command Buffer 0,12088038041,191709
6303,python (8660),Compute Command 0,12088214500,13000
6304,python (8660),Command Buffer 0,12088231958,194625
6305,python (8660),Compute Command 0,12088411166,13167
6306,python (8660),Command Buffer 0,12088428916,196042
6307,python (8660),Compute Command 0,12088609666,13042
6308,python (8660),Command Buffer 0,12088627208,194125
6309,python (8660),Compute Command 0,12088806125,12958
6310,python (8660),Command Buffer 0,12088823541,190625
6311,python (8660),Compute Command 0,12088998875,13000
6312,python (8660),Command Buffer 0,12089016416,195125
6313,python (8660),Compute Command 0,12089196458,12875
6314,python (8660),Command Buffer 0,12089213708,194500
6315,python (8660),Compute Command 0,12089391958,13917
6316,python (8660),Command Buffer 0,12089411000,354208
6317,python (8660),Compute Command 0,12089749625,13166
6318,python (8660),Command Buffer 0,12089768208,198000
6319,python (8660),Compute Command 0,12089950666,13250
6320,python (8660),Command Buffer 0,12089972416,180709
6321,python (8660),Compute Command 0,12090137583,13042
6322,python (8660),Command Buffer 0,12090155375,160416
6323,python (8660),Compute Command 0,12090300666,12875
6324,python (8660),Command Buffer 0,12090317958,165792
6325,python (8660),Compute Command 0,12090466958,14167
6326,python (8660),Command Buffer 0,12090486250,181791
6327,python (8660),Compute Command 0,12090652041,13584
6328,python (8660),Command Buffer 0,12090670500,174791
6329,python (8660),Compute Command 0,12090829666,13375
6330,python (8660),Command Buffer 0,12090847583,168958
6331,python (8660),Compute Command 0,12091001375,12875
6332,python (8660),Command Buffer 0,12091019166,170167
6333,python (8660),Compute Command 0,12091172333,14000
6334,python (8660),Command Buffer 0,12091192125,178583
6335,python (8660),Compute Command 0,12091354958,13500
6336,python (8660),Command Buffer 0,12091372958,176667
6337,python (8660),Compute Command 0,12091533625,13708
6338,python (8660),Command Buffer 0,12091552000,193750
6339,python (8660),Compute Command 0,12091723333,20125
6340,python (8660),Command Buffer 0,12091748500,217666
6341,python (8660),Compute Command 0,12091950791,13084
6342,python (8660),Command Buffer 0,12091968458,178667
6343,python (8660),Compute Command 0,12092131208,13542
6344,python (8660),Command Buffer 0,12092149375,186791
6345,python (8660),Compute Command 0,12092320208,13542
6346,python (8660),Command Buffer 0,12092338500,171875
6347,python (8660),Compute Command 0,12092494625,13458
6348,python (8660),Command Buffer 0,12092512666,170375
6349,python (8660),Compute Command 0,12092667333,13208
6350,python (8660),Command Buffer 0,12092686083,184250
6351,python (8660),Compute Command 0,12092854625,13416
6352,python (8660),Command Buffer 0,12092872625,195958
6353,python (8660),Compute Command 0,12093053125,13166
6354,python (8660),Command Buffer 0,12093070958,194292
6355,python (8660),Compute Command 0,12093249875,13083
6356,python (8660),Command Buffer 0,12093267375,177041
6357,python (8660),Compute Command 0,12093429166,13042
6358,python (8660),Command Buffer 0,12093446583,185083
6359,python (8660),Compute Command 0,12093615791,13542
6360,python (8660),Command Buffer 0,12093634208,198417
6361,python (8660),Compute Command 0,12093817208,13125
6362,python (8660),Command Buffer 0,12093834833,191750
6363,python (8660),Compute Command 0,12094011250,13041
6364,python (8660),Command Buffer 0,12094028791,197209
6365,python (8660),Compute Command 0,12094210541,13167
6366,python (8660),Command Buffer 0,12094228208,195750
6367,python (8660),Compute Command 0,12094408541,13125
6368,python (8660),Command Buffer 0,12094426125,196875
6369,python (8660),Compute Command 0,12094607416,13334
6370,python (8660),Command Buffer 0,12094625166,196959
6371,python (8660),Compute Command 0,12094806583,13250
6372,python (8660),Command Buffer 0,12094824291,198375
6373,python (8660),Compute Command 0,12095003916,16417
6374,python (8660),Command Buffer 0,12095024833,199042
6375,python (8660),Compute Command 0,12095208041,13542
6376,python (8660),Command Buffer 0,12095226125,177583
6377,python (8660),Compute Command 0,12095386625,14458
6378,python (8660),Command Buffer 0,12095406041,185459
6379,python (8660),Compute Command 0,12095575416,13709
6380,python (8660),Command Buffer 0,12095593750,199166
6381,python (8660),Compute Command 0,12095777250,13291
6382,python (8660),Command Buffer 0,12095795166,197084
6383,python (8660),Compute Command 0,12095973750,13291
6384,python (8660),Command Buffer 0,12095994458,191542
6385,python (8660),Compute Command 0,12096170416,13250
6386,python (8660),Command Buffer 0,12096191500,197875
6387,python (8660),Compute Command 0,12096373791,13250
6388,python (8660),Command Buffer 0,12096391541,197000
6389,python (8660),Compute Command 0,12096573125,13125
6390,python (8660),Command Buffer 0,12096590708,195292
6391,python (8660),Compute Command 0,12096770500,13250
6392,python (8660),Command Buffer 0,12096788125,199041
6393,python (8660),Compute Command 0,12096971541,13334
6394,python (8660),Command Buffer 0,12096989375,194875
6395,python (8660),Compute Command 0,12097168750,13208
6396,python (8660),Command Buffer 0,12097187458,198500
6397,python (8660),Compute Command 0,12097370333,13292
6398,python (8660),Command Buffer 0,12097388291,194167
6399,python (8660),Compute Command 0,12097567208,13000
6400,python (8660),Command Buffer 0,12097584583,181458
6401,python (8660),Compute Command 0,12097751250,12958
6402,python (8660),Command Buffer 0,12097768000,356291
6403,python (8660),Compute Command 0,12098108708,13250
6404,python (8660),Command Buffer 0,12098127000,176791
6405,python (8660),Compute Command 0,12098288166,13250
6406,python (8660),Command Buffer 0,12098306041,163375
6407,python (8660),Compute Command 0,12098453875,13250
6408,python (8660),Command Buffer 0,12098471708,179625
6409,python (8660),Compute Command 0,12098635708,13167
6410,python (8660),Command Buffer 0,12098653583,172042
6411,python (8660),Compute Command 0,12098810291,13042
6412,python (8660),Command Buffer 0,12098827833,172458
6413,python (8660),Compute Command 0,12098984791,13209
6414,python (8660),Command Buffer 0,12099002583,170042
6415,python (8660),Compute Command 0,12099157083,13250
6416,python (8660),Command Buffer 0,12099174833,169083
6417,python (8660),Compute Command 0,12099328458,13125
6418,python (8660),Command Buffer 0,12099346666,171917
6419,python (8660),Compute Command 0,12099502541,13667
6420,python (8660),Command Buffer 0,12099521041,167834
6421,python (8660),Compute Command 0,12099673250,13291
6422,python (8660),Command Buffer 0,12099691125,171125
6423,python (8660),Compute Command 0,12099846000,13666
6424,python (8660),Command Buffer 0,12099864875,163500
6425,python (8660),Compute Command 0,12100012791,13292
6426,python (8660),Command Buffer 0,12100030916,169500
6427,python (8660),Compute Command 0,12100183916,14292
6428,python (8660),Command Buffer 0,12100202625,187750
6429,python (8660),Compute Command 0,12100374416,13584
6430,python (8660),Command Buffer 0,12100392791,189792
6431,python (8660),Compute Command 0,12100567125,13166
6432,python (8660),Command Buffer 0,12100584875,194375
6433,python (8660),Compute Command 0,12100763833,13125
6434,python (8660),Command Buffer 0,12100781500,199500
6435,python (8660),Compute Command 0,12100965500,13208
6436,python (8660),Command Buffer 0,12100983250,198000
6437,python (8660),Compute Command 0,12101163083,15875
6438,python (8660),Command Buffer 0,12101183666,197500
6439,python (8660),Compute Command 0,12101365833,13083
6440,python (8660),Command Buffer 0,12101383291,196084
6441,python (8660),Compute Command 0,12101564125,13000
6442,python (8660),Command Buffer 0,12101581541,195167
6443,python (8660),Compute Command 0,12101761458,13000
6444,python (8660),Command Buffer 0,12101778791,207084
6445,python (8660),Compute Command 0,12101964916,17334
6446,python (8660),Command Buffer 0,12101990000,200416
6447,python (8660),Compute Command 0,12102173958,14208
6448,python (8660),Command Buffer 0,12102192583,193042
6449,python (8660),Compute Command 0,12102369916,13459
6450,python (8660),Command Buffer 0,12102387791,194042
6451,python (8660),Compute Command 0,12102566458,13083
6452,python (8660),Command Buffer 0,12102584291,186209
6453,python (8660),Compute Command 0,12102755208,13042
6454,python (8660),Command Buffer 0,12102772666,201209
6455,python (8660),Compute Command 0,12102958458,13167
6456,python (8660),Command Buffer 0,12102976041,197292
6457,python (8660),Compute Command 0,12103158000,13083
6458,python (8660),Command Buffer 0,12103175458,195750
6459,python (8660),Compute Command 0,12103355791,13084
6460,python (8660),Command Buffer 0,12103373333,197917
6461,python (8660),Compute Command 0,12103555958,13042
6462,python (8660),Command Buffer 0,12103573458,178208
6463,python (8660),Compute Command 0,12103735541,13834
6464,python (8660),Command Buffer 0,12103753958,200958
6465,python (8660),Compute Command 0,12103937541,14625
6466,python (8660),Command Buffer 0,12103957541,202375
6467,python (8660),Compute Command 0,12104143833,13667
6468,python (8660),Command Buffer 0,12104162541,192292
6469,python (8660),Compute Command 0,12104339041,13375
6470,python (8660),Command Buffer 0,12104357208,198083
6471,python (8660),Compute Command 0,12104539625,13375
6472,python (8660),Command Buffer 0,12104557791,196917
6473,python (8660),Compute Command 0,12104739375,13041
6474,python (8660),Command Buffer 0,12104757083,192333
6475,python (8660),Compute Command 0,12104933541,13542
6476,python (8660),Command Buffer 0,12104952083,196875
6477,python (8660),Compute Command 0,12105133458,13208
6478,python (8660),Command Buffer 0,12105151375,198041
6479,python (8660),Compute Command 0,12105333833,13333
6480,python (8660),Command Buffer 0,12105351708,197583
6481,python (8660),Compute Command 0,12105533833,13167
6482,python (8660),Command Buffer 0,12105551583,188708
6483,python (8660),Compute Command 0,12105723583,14375
6484,python (8660),Command Buffer 0,12105742541,195334
6485,python (8660),Compute Command 0,12105919416,16125
6486,python (8660),Command Buffer 0,12105940125,196958
6487,python (8660),Compute Command 0,12106121041,13625
6488,python (8660),Command Buffer 0,12106140041,315459
6489,python (8660),Compute Command 0,12106439125,14041
6490,python (8660),Command Buffer 0,12106457750,189208
6491,python (8660),Compute Command 0,12106631208,13417
6492,python (8660),Command Buffer 0,12106649166,195584
6493,python (8660),Compute Command 0,12106829333,13125
6494,python (8660),Command Buffer 0,12106846916,200875
6495,python (8660),Compute Command 0,12107032333,13125
6496,python (8660),Command Buffer 0,12107050000,194916
6497,python (8660),Compute Command 0,12107229125,13500
6498,python (8660),Command Buffer 0,12107247041,198875
6499,python (8660),Compute Command 0,12107430333,13292
6500,python (8660),Command Buffer 0,12107448166,197125
6501,python (8660),Compute Command 0,12107629666,13417
6502,python (8660),Command Buffer 0,12107647500,195750
6503,python (8660),Compute Command 0,12107827750,13208
6504,python (8660),Command Buffer 0,12107845458,194792
6505,python (8660),Compute Command 0,12108024500,13458
6506,python (8660),Command Buffer 0,12108042458,195000
6507,python (8660),Compute Command 0,12108222208,13042
6508,python (8660),Command Buffer 0,12108239666,194875
6509,python (8660),Compute Command 0,12108419250,13083
6510,python (8660),Command Buffer 0,12108436708,192542
6511,python (8660),Compute Command 0,12108613833,13125
6512,python (8660),Command Buffer 0,12108631458,192917
6513,python (8660),Compute Command 0,12108809041,13125
6514,python (8660),Command Buffer 0,12108826583,193208
6515,python (8660),Compute Command 0,12109004458,13125
6516,python (8660),Command Buffer 0,12109021875,194541
6517,python (8660),Compute Command 0,12109201208,12958
6518,python (8660),Command Buffer 0,12109218583,194208
6519,python (8660),Compute Command 0,12109397625,12875
6520,python (8660),Command Buffer 0,12109415000,194833
6521,python (8660),Compute Command 0,12109594625,13000
6522,python (8660),Command Buffer 0,12109612000,196125
6523,python (8660),Compute Command 0,12109792875,13000
6524,python (8660),Command Buffer 0,12109810333,195375
6525,python (8660),Compute Command 0,12109990375,13125
6526,python (8660),Command Buffer 0,12110007833,196583
6527,python (8660),Compute Command 0,12110189083,13083
6528,python (8660),Command Buffer 0,12110206583,184417
6529,python (8660),Compute Command 0,12110375833,12958
6530,python (8660),Command Buffer 0,12110393208,194167
6531,python (8660),Compute Command 0,12110572291,12834
6532,python (8660),Command Buffer 0,12110589500,196458
6533,python (8660),Compute Command 0,12110767791,13084
6534,python (8660),Command Buffer 0,12110788125,194666
6535,python (8660),Compute Command 0,12110967375,13125
6536,python (8660),Command Buffer 0,12110984958,194708
6537,python (8660),Compute Command 0,12111164583,12833
6538,python (8660),Command Buffer 0,12111181833,200417
6539,python (8660),Compute Command 0,12111367208,12792
6540,python (8660),Command Buffer 0,12111384375,184125
6541,python (8660),Compute Command 0,12111553333,12917
6542,python (8660),Command Buffer 0,12111570625,198416
6543,python (8660),Compute Command 0,12111753333,13458
6544,python (8660),Command Buffer 0,12111771125,193083
6545,python (8660),Compute Command 0,12111948791,13167
6546,python (8660),Command Buffer 0,12111966291,176625
6547,python (8660),Compute Command 0,12112127291,13334
6548,python (8660),Command Buffer 0,12112145250,185166
6549,python (8660),Compute Command 0,12112315041,13000
6550,python (8660),Command Buffer 0,12112332541,198000
6551,python (8660),Compute Command 0,12112515000,13250
6552,python (8660),Command Buffer 0,12112532708,193000
6553,python (8660),Compute Command 0,12112710125,13333
6554,python (8660),Command Buffer 0,12112727875,196333
6555,python (8660),Compute Command 0,12112908833,13000
6556,python (8660),Command Buffer 0,12112926333,196542
6557,python (8660),Compute Command 0,12113107708,12917
6558,python (8660),Command Buffer 0,12113124958,197208
6559,python (8660),Compute Command 0,12113306750,13125
6560,python (8660),Command Buffer 0,12113324250,193083
6561,python (8660),Compute Command 0,12113501958,13083
6562,python (8660),Command Buffer 0,12113519500,188166
6563,python (8660),Compute Command 0,12113692041,13250
6564,python (8660),Command Buffer 0,12113710291,202917
6565,python (8660),Compute Command 0,12113895291,12959
6566,python (8660),Command Buffer 0,12113915375,196916
6567,python (8660),Compute Command 0,12114096791,13209
6568,python (8660),Command Buffer 0,12114114458,194167
6569,python (8660),Compute Command 0,12114293291,13125
6570,python (8660),Command Buffer 0,12114310791,364375
6571,python (8660),Compute Command 0,12114659750,13166
6572,python (8660),Command Buffer 0,12114677458,198708
6573,python (8660),Compute Command 0,12114860958,12917
6574,python (8660),Command Buffer 0,12114878291,197500
6575,python (8660),Compute Command 0,12115060375,13166
6576,python (8660),Command Buffer 0,12115077916,194250
6577,python (8660),Compute Command 0,12115256666,13250
6578,python (8660),Command Buffer 0,12115274333,194250
6579,python (8660),Compute Command 0,12115453250,13041
6580,python (8660),Command Buffer 0,12115470583,197917
6581,python (8660),Compute Command 0,12115653125,13125
6582,python (8660),Command Buffer 0,12115670666,188875
6583,python (8660),Compute Command 0,12115844041,13250
6584,python (8660),Command Buffer 0,12115861833,194667
6585,python (8660),Compute Command 0,12116041125,13125
6586,python (8660),Command Buffer 0,12116058625,194416
6587,python (8660),Compute Command 0,12116237708,13083
6588,python (8660),Command Buffer 0,12116255166,195084
6589,python (8660),Compute Command 0,12116435000,12958
6590,python (8660),Command Buffer 0,12116452375,196875
6591,python (8660),Compute Command 0,12116634000,13000
6592,python (8660),Command Buffer 0,12116651375,196791
6593,python (8660),Compute Command 0,12116832958,12917
6594,python (8660),Command Buffer 0,12116850291,196750
6595,python (8660),Compute Command 0,12117031625,13166
6596,python (8660),Command Buffer 0,12117049208,196333
6597,python (8660),Compute Command 0,12117230416,12875
6598,python (8660),Command Buffer 0,12117247750,196000
6599,python (8660),Compute Command 0,12117428250,13250
6600,python (8660),Command Buffer 0,12117445833,196458
6601,python (8660),Compute Command 0,12117627083,12958
6602,python (8660),Command Buffer 0,12117644458,193250
6603,python (8660),Compute Command 0,12117822208,13250
6604,python (8660),Command Buffer 0,12117839875,197083
6605,python (8660),Compute Command 0,12118021208,13167
6606,python (8660),Command Buffer 0,12118039541,198584
6607,python (8660),Compute Command 0,12118222791,13125
6608,python (8660),Command Buffer 0,12118240291,192459
6609,python (8660),Compute Command 0,12118417333,13167
6610,python (8660),Command Buffer 0,12118435041,189584
6611,python (8660),Compute Command 0,12118608250,13958
6612,python (8660),Command Buffer 0,12118627500,174958
6613,python (8660),Compute Command 0,12118779666,20375
6614,python (8660),Command Buffer 0,12118805000,169750
6615,python (8660),Compute Command 0,12118956916,15792
6616,python (8660),Command Buffer 0,12118976791,158792
6617,python (8660),Compute Command 0,12119118291,14875
6618,python (8660),Command Buffer 0,12119138333,157125
6619,python (8660),Compute Command 0,12119277833,15083
6620,python (8660),Command Buffer 0,12119297625,158916
6621,python (8660),Compute Command 0,12119439875,14333
6622,python (8660),Command Buffer 0,12119459416,152417
6623,python (8660),Compute Command 0,12119596041,13209
6624,python (8660),Command Buffer 0,12119614500,152500
6625,python (8660),Compute Command 0,12119749000,15666
6626,python (8660),Command Buffer 0,12119769541,157334
6627,python (8660),Compute Command 0,12119909708,15292
6628,python (8660),Command Buffer 0,12119928875,159041
6629,python (8660),Compute Command 0,12120070916,15125
6630,python (8660),Command Buffer 0,12120090000,159541
6631,python (8660),Compute Command 0,12120232125,15291
6632,python (8660),Command Buffer 0,12120251958,176958
6633,python (8660),Compute Command 0,12120411458,15083
6634,python (8660),Command Buffer 0,12120431375,175875
6635,python (8660),Compute Command 0,12120591833,13500
6636,python (8660),Command Buffer 0,12120610125,167958
6637,python (8660),Compute Command 0,12120763791,12084
6638,python (8660),Command Buffer 0,12120782166,155625
6639,python (8660),Compute Command 0,12120920208,15583
6640,python (8660),Command Buffer 0,12120940000,157583
6641,python (8660),Compute Command 0,12121078250,16791
6642,python (8660),Command Buffer 0,12121101083,170333
6643,python (8660),Compute Command 0,12121255541,13709
6644,python (8660),Command Buffer 0,12121273916,155917
6645,python (8660),Compute Command 0,12121415166,12667
6646,python (8660),Command Buffer 0,12121432083,157083
6647,python (8660),Compute Command 0,12121570583,16042
6648,python (8660),Command Buffer 0,12121592416,172584
6649,python (8660),Compute Command 0,12121750708,12208
6650,python (8660),Command Buffer 0,12121767375,171291
6651,python (8660),Compute Command 0,12121922125,14583
6652,python (8660),Command Buffer 0,12121941833,171833
6653,python (8660),Compute Command 0,12122099125,12541
6654,python (8660),Command Buffer 0,12122115791,183459
6655,python (8660),Compute Command 0,12122284791,12167
6656,python (8660),Command Buffer 0,12122306750,158916
6657,python (8660),Compute Command 0,12122450916,12625
6658,python (8660),Command Buffer 0,12122468000,172000
6659,python (8660),Compute Command 0,12122625166,12292
6660,python (8660),Command Buffer 0,12122643083,161750
6661,python (8660),Compute Command 0,12122781416,19959
6662,python (8660),Command Buffer 0,12122808750,266166
6663,python (8660),Compute Command 0,12123046791,24292
6664,python (8660),Command Buffer 0,12123079583,175708
6665,python (8660),Compute Command 0,12123236458,16292
6666,python (8660),Command Buffer 0,12123258250,171041
6667,python (8660),Compute Command 0,12123413375,13750
6668,python (8660),Command Buffer 0,12123431541,172875
6669,python (8660),Compute Command 0,12123588416,14000
6670,python (8660),Command Buffer 0,12123608708,171333
6671,python (8660),Compute Command 0,12123761500,16083
6672,python (8660),Command Buffer 0,12123783291,188875
6673,python (8660),Compute Command 0,12123948416,21000
6674,python (8660),Command Buffer 0,12123976833,184083
6675,python (8660),Compute Command 0,12124136916,21250
6676,python (8660),Command Buffer 0,12124163666,171542
6677,python (8660),Compute Command 0,12124320500,12750
6678,python (8660),Command Buffer 0,12124337833,169333
6679,python (8660),Compute Command 0,12124489000,15666
6680,python (8660),Command Buffer 0,12124510250,167833
6681,python (8660),Compute Command 0,12124661958,14208
6682,python (8660),Command Buffer 0,12124680541,152250
6683,python (8660),Compute Command 0,12124819541,11334
6684,python (8660),Command Buffer 0,12124835125,183458
6685,python (8660),Compute Command 0,12124999333,17458
6686,python (8660),Command Buffer 0,12125020791,161750
6687,python (8660),Compute Command 0,12125166250,14083
6688,python (8660),Command Buffer 0,12125185500,237000
6689,python (8660),Compute Command 0,12125386625,29541
6690,python (8660),Command Buffer 0,12125429833,199375
6691,python (8660),Compute Command 0,12125605500,19583
6692,python (8660),Command Buffer 0,12125635375,262125
6693,python (8660),Compute Command 0,12125880250,15125
6694,python (8660),Command Buffer 0,12125902833,185125
6695,python (8660),Compute Command 0,12126069041,16125
6696,python (8660),Command Buffer 0,12126092666,192250
6697,python (8660),Compute Command 0,12126257416,24459
6698,python (8660),Command Buffer 0,12126289625,182541
6699,python (8660),Compute Command 0,12126449041,20500
6700,python (8660),Command Buffer 0,12126477250,187375
6701,python (8660),Compute Command 0,12126648000,14416
6702,python (8660),Command Buffer 0,12126668875,179500
6703,python (8660),Compute Command 0,12126827458,18583
6704,python (8660),Command Buffer 0,12126853125,173166
6705,python (8660),Compute Command 0,12127008916,15167
6706,python (8660),Command Buffer 0,12127029041,191084
6707,python (8660),Compute Command 0,12127194083,23500
6708,python (8660),Command Buffer 0,12127224916,177209
6709,python (8660),Compute Command 0,12127385416,14334
6710,python (8660),Command Buffer 0,12127405291,160042
6711,python (8660),Compute Command 0,12127547250,16125
6712,python (8660),Command Buffer 0,12127568291,199292
6713,python (8660),Compute Command 0,12127752500,13125
6714,python (8660),Command Buffer 0,12127770333,186750
6715,python (8660),Compute Command 0,12127942208,12708
6716,python (8660),Command Buffer 0,12127960250,166208
6717,python (8660),Compute Command 0,12128108208,15500
6718,python (8660),Command Buffer 0,12128129916,196584
6719,python (8660),Compute Command 0,12128308375,15958
6720,python (8660),Command Buffer 0,12128329750,176416
6721,python (8660),Compute Command 0,12128489625,14583
6722,python (8660),Command Buffer 0,12128509208,151792
6723,python (8660),Compute Command 0,12128646708,12333
6724,python (8660),Command Buffer 0,12128663333,149500
6725,python (8660),Compute Command 0,12128797791,13000
6726,python (8660),Command Buffer 0,12128815375,147666
6727,python (8660),Compute Command 0,12128948333,12708
6728,python (8660),Command Buffer 0,12128965333,163708
6729,python (8660),Compute Command 0,12129114291,12834
6730,python (8660),Command Buffer 0,12129131625,156416
6731,python (8660),Compute Command 0,12129272916,13125
6732,python (8660),Command Buffer 0,12129290916,151292
6733,python (8660),Compute Command 0,12129427958,12208
6734,python (8660),Command Buffer 0,12129444875,162083
6735,python (8660),Compute Command 0,12129583166,21709
6736,python (8660),Command Buffer 0,12129610000,169583
6737,python (8660),Compute Command 0,12129764833,12833
6738,python (8660),Command Buffer 0,12129782083,147583
6739,python (8660),Compute Command 0,12129915458,12125
6740,python (8660),Command Buffer 0,12129932666,135667
6741,python (8660),Compute Command 0,12130054583,11583
6742,python (8660),Command Buffer 0,12130072291,159292
6743,python (8660),Compute Command 0,12130217125,12500
6744,python (8660),Command Buffer 0,12130234666,162292
6745,python (8660),Compute Command 0,12130381458,13458
6746,python (8660),Command Buffer 0,12130399916,153084
6747,python (8660),Compute Command 0,12130538208,12833
6748,python (8660),Command Buffer 0,12130555541,150750
6749,python (8660),Compute Command 0,12130690875,13166
6750,python (8660),Command Buffer 0,12130708916,143584
6751,python (8660),Compute Command 0,12130837166,13292
6752,python (8660),Command Buffer 0,12130856083,162417
6753,python (8660),Compute Command 0,12131001125,15375
6754,python (8660),Command Buffer 0,12131021208,315417
6755,python (8660),Compute Command 0,12131322041,12542
6756,python (8660),Command Buffer 0,12131339000,147208
6757,python (8660),Compute Command 0,12131470958,13250
6758,python (8660),Command Buffer 0,12131488500,138708
6759,python (8660),Compute Command 0,12131613541,11625
6760,python (8660),Command Buffer 0,12131629958,162125
6761,python (8660),Compute Command 0,12131775500,14666
6762,python (8660),Command Buffer 0,12131794791,149209
6763,python (8660),Compute Command 0,12131930750,11416
6764,python (8660),Command Buffer 0,12131946666,142209
6765,python (8660),Compute Command 0,12132075166,11834
6766,python (8660),Command Buffer 0,12132091166,175709
6767,python (8660),Compute Command 0,12132252708,12292
6768,python (8660),Command Buffer 0,12132269125,161625
6769,python (8660),Compute Command 0,12132417666,11292
6770,python (8660),Command Buffer 0,12132433083,153000
6771,python (8660),Compute Command 0,12132572750,11375
6772,python (8660),Command Buffer 0,12132588333,143417
6773,python (8660),Compute Command 0,12132718333,11583
6774,python (8660),Command Buffer 0,12132734041,141542
6775,python (8660),Compute Command 0,12132862083,11667
6776,python (8660),Command Buffer 0,12132877875,160916
6777,python (8660),Compute Command 0,12133020625,16250
6778,python (8660),Command Buffer 0,12133041250,157666
6779,python (8660),Compute Command 0,12133184750,11958
6780,python (8660),Command Buffer 0,12133201333,141583
6781,python (8660),Compute Command 0,12133329750,11291
6782,python (8660),Command Buffer 0,12133344958,168333
6783,python (8660),Compute Command 0,12133500208,11250
6784,python (8660),Command Buffer 0,12133515458,152833
6785,python (8660),Compute Command 0,12133655291,11167
6786,python (8660),Command Buffer 0,12133670208,143417
6787,python (8660),Compute Command 0,12133800375,11375
6788,python (8660),Command Buffer 0,12133815875,159083
6789,python (8660),Compute Command 0,12133961791,11334
6790,python (8660),Command Buffer 0,12133977250,159208
6791,python (8660),Compute Command 0,12134123375,11166
6792,python (8660),Command Buffer 0,12134138833,151042
6793,python (8660),Compute Command 0,12134276625,11375
6794,python (8660),Command Buffer 0,12134291833,156833
6795,python (8660),Compute Command 0,12134430958,15708
6796,python (8660),Command Buffer 0,12134451041,160625
6797,python (8660),Compute Command 0,12134597166,12417
6798,python (8660),Command Buffer 0,12134613875,140958
6799,python (8660),Compute Command 0,12134741666,11292
6800,python (8660),Command Buffer 0,12134762958,155042
6801,python (8660),Compute Command 0,12134905000,11208
6802,python (8660),Command Buffer 0,12134920333,150917
6803,python (8660),Compute Command 0,12135056125,12833
6804,python (8660),Command Buffer 0,12135073583,148583
6805,python (8660),Compute Command 0,12135209208,11000
6806,python (8660),Command Buffer 0,12135224458,150042
6807,python (8660),Compute Command 0,12135361541,11125
6808,python (8660),Command Buffer 0,12135376875,153416
6809,python (8660),Compute Command 0,12135516750,11750
6810,python (8660),Command Buffer 0,12135532833,174542
6811,python (8660),Compute Command 0,12135694458,11083
6812,python (8660),Command Buffer 0,12135709791,151292
6813,python (8660),Compute Command 0,12135847083,12083
6814,python (8660),Command Buffer 0,12135863500,140875
6815,python (8660),Compute Command 0,12135991500,11041
6816,python (8660),Command Buffer 0,12136006791,162209
6817,python (8660),Compute Command 0,12136155083,12125
6818,python (8660),Command Buffer 0,12136171458,158083
6819,python (8660),Compute Command 0,12136316500,11000
6820,python (8660),Command Buffer 0,12136331875,153875
6821,python (8660),Compute Command 0,12136468500,15291
6822,python (8660),Command Buffer 0,12136488083,158500
6823,python (8660),Compute Command 0,12136633500,11250
6824,python (8660),Command Buffer 0,12136648791,146917
6825,python (8660),Compute Command 0,12136781500,12250
6826,python (8660),Command Buffer 0,12136797916,158875
6827,python (8660),Compute Command 0,12136943500,11333
6828,python (8660),Command Buffer 0,12136959416,148625
6829,python (8660),Compute Command 0,12137095250,11000
6830,python (8660),Command Buffer 0,12137110291,150167
6831,python (8660),Compute Command 0,12137247291,11334
6832,python (8660),Command Buffer 0,12137262625,142000
6833,python (8660),Compute Command 0,12137391541,11084
6834,python (8660),Command Buffer 0,12137406875,138791
6835,python (8660),Compute Command 0,12137532416,11334
6836,python (8660),Command Buffer 0,12137548125,140666
6837,python (8660),Compute Command 0,12137675833,11000
6838,python (8660),Command Buffer 0,12137691291,151542
6839,python (8660),Compute Command 0,12137829416,11625
6840,python (8660),Command Buffer 0,12137845000,162666
6841,python (8660),Compute Command 0,12137992666,12917
6842,python (8660),Command Buffer 0,12138010291,158459
6843,python (8660),Compute Command 0,12138154250,12416
6844,python (8660),Command Buffer 0,12138171083,161083
6845,python (8660),Compute Command 0,12138318625,11708
6846,python (8660),Command Buffer 0,12138334458,171875
6847,python (8660),Compute Command 0,12138492208,12292
6848,python (8660),Command Buffer 0,12138508416,173959
6849,python (8660),Compute Command 0,12138669083,11417
6850,python (8660),Command Buffer 0,12138684333,152792
6851,python (8660),Compute Command 0,12138824250,11083
6852,python (8660),Command Buffer 0,12138839375,170250
6853,python (8660),Compute Command 0,12138996500,11333
6854,python (8660),Command Buffer 0,12139011833,169958
6855,python (8660),Compute Command 0,12139168583,11375
6856,python (8660),Command Buffer 0,12139184041,171917
6857,python (8660),Compute Command 0,12139342750,11416
6858,python (8660),Command Buffer 0,12139358291,304125
6859,python (8660),Compute Command 0,12139649375,11208
6860,python (8660),Command Buffer 0,12139664541,174209
6861,python (8660),Compute Command 0,12139825166,11792
6862,python (8660),Command Buffer 0,12139841125,165208
6863,python (8660),Compute Command 0,12139993250,11208
6864,python (8660),Command Buffer 0,12140008250,141625
6865,python (8660),Compute Command 0,12140136083,11500
6866,python (8660),Command Buffer 0,12140152291,164292
6867,python (8660),Compute Command 0,12140302250,12416
6868,python (8660),Command Buffer 0,12140318541,170084
6869,python (8660),Compute Command 0,12140475000,11583
6870,python (8660),Command Buffer 0,12140491416,169459
6871,python (8660),Compute Command 0,12140647833,11167
6872,python (8660),Command Buffer 0,12140662916,169542
6873,python (8660),Compute Command 0,12140819625,11000
6874,python (8660),Command Buffer 0,12140834750,169083
6875,python (8660),Compute Command 0,12140989583,12250
6876,python (8660),Command Buffer 0,12141006166,153375
6877,python (8660),Compute Command 0,12141145875,11625
6878,python (8660),Command Buffer 0,12141161791,165584
6879,python (8660),Compute Command 0,12141314166,11250
6880,python (8660),Command Buffer 0,12141329333,169625
6881,python (8660),Compute Command 0,12141485583,11458
6882,python (8660),Command Buffer 0,12141500916,171125
6883,python (8660),Compute Command 0,12141658833,11125
6884,python (8660),Command Buffer 0,12141674291,174542
6885,python (8660),Compute Command 0,12141834666,12250
6886,python (8660),Command Buffer 0,12141851083,150292
6887,python (8660),Compute Command 0,12141988166,11292
6888,python (8660),Command Buffer 0,12142003208,170583
6889,python (8660),Compute Command 0,12142160791,11250
6890,python (8660),Command Buffer 0,12142179291,168709
6891,python (8660),Compute Command 0,12142333666,12459
6892,python (8660),Command Buffer 0,12142350500,161625
6893,python (8660),Compute Command 0,12142498250,11958
6894,python (8660),Command Buffer 0,12142514958,159625
6895,python (8660),Compute Command 0,12142660708,12083
6896,python (8660),Command Buffer 0,12142677083,150792
6897,python (8660),Compute Command 0,12142814791,11167
6898,python (8660),Command Buffer 0,12142829875,167416
6899,python (8660),Compute Command 0,12142984500,10958
6900,python (8660),Command Buffer 0,12142999666,167250
6901,python (8660),Compute Command 0,12143153375,11666
6902,python (8660),Command Buffer 0,12143168875,167041
6903,python (8660),Compute Command 0,12143323041,11084
6904,python (8660),Command Buffer 0,12143338041,169792
6905,python (8660),Compute Command 0,12143494708,11292
6906,python (8660),Command Buffer 0,12143509791,170209
6907,python (8660),Compute Command 0,12143666916,11292
6908,python (8660),Command Buffer 0,12143682166,154042
6909,python (8660),Compute Command 0,12143823125,11250
6910,python (8660),Command Buffer 0,12143838500,168708
6911,python (8660),Compute Command 0,12143994708,10708
6912,python (8660),Command Buffer 0,12144009333,170958
6913,python (8660),Compute Command 0,12144166333,11875
6914,python (8660),Command Buffer 0,12144182541,168000
6915,python (8660),Compute Command 0,12144336458,12208
6916,python (8660),Command Buffer 0,12144352583,176167
6917,python (8660),Compute Command 0,12144514625,12250
6918,python (8660),Command Buffer 0,12144530875,151041
6919,python (8660),Compute Command 0,12144668708,11375
6920,python (8660),Command Buffer 0,12144684250,170250
6921,python (8660),Compute Command 0,12144841458,11167
6922,python (8660),Command Buffer 0,12144856666,175709
6923,python (8660),Compute Command 0,12145017333,13042
6924,python (8660),Command Buffer 0,12145034750,159000
6925,python (8660),Compute Command 0,12145175500,16333
6926,python (8660),Command Buffer 0,12145195916,155042
6927,python (8660),Compute Command 0,12145336000,12791
6928,python (8660),Command Buffer 0,12145353375,153875
6929,python (8660),Compute Command 0,12145493500,11708
6930,python (8660),Command Buffer 0,12145509250,170166
6931,python (8660),Compute Command 0,12145666000,11500
6932,python (8660),Command Buffer 0,12145681333,169458
6933,python (8660),Compute Command 0,12145837333,11542
6934,python (8660),Command Buffer 0,12145852750,171666
6935,python (8660),Compute Command 0,12146011166,11292
6936,python (8660),Command Buffer 0,12146026833,168375
6937,python (8660),Compute Command 0,12146180291,12750
6938,python (8660),Command Buffer 0,12146200291,165459
6939,python (8660),Compute Command 0,12146352583,11250
6940,python (8660),Command Buffer 0,12146367625,169375
6941,python (8660),Compute Command 0,12146522000,12791
6942,python (8660),Command Buffer 0,12146539291,211125
6943,python (8660),Compute Command 0,12146734500,13583
6944,python (8660),Command Buffer 0,12146752708,195958
6945,python (8660),Compute Command 0,12146932833,13500
6946,python (8660),Command Buffer 0,12146950833,181667
6947,python (8660),Compute Command 0,12147116666,13542
6948,python (8660),Command Buffer 0,12147134916,191084
6949,python (8660),Compute Command 0,12147310333,13417
6950,python (8660),Command Buffer 0,12147331000,195833
6951,python (8660),Compute Command 0,12147511125,13500
6952,python (8660),Command Buffer 0,12147529041,195834
6953,python (8660),Compute Command 0,12147709416,13167
6954,python (8660),Command Buffer 0,12147727125,349791
6955,python (8660),Compute Command 0,12148061041,13500
6956,python (8660),Command Buffer 0,12148079291,197709
6957,python (8660),Compute Command 0,12148261333,13417
6958,python (8660),Command Buffer 0,12148279250,199458
6959,python (8660),Compute Command 0,12148462916,13542
6960,python (8660),Command Buffer 0,12148480958,198542
6961,python (8660),Compute Command 0,12148661416,15834
6962,python (8660),Command Buffer 0,12148681708,191667
6963,python (8660),Compute Command 0,12148858291,12834
6964,python (8660),Command Buffer 0,12148875541,197625
6965,python (8660),Compute Command 0,12149057583,13292
6966,python (8660),Command Buffer 0,12149075291,197667
6967,python (8660),Compute Command 0,12149257583,13125
6968,python (8660),Command Buffer 0,12149275166,196709
6969,python (8660),Compute Command 0,12149456708,12917
6970,python (8660),Command Buffer 0,12149474083,198333
6971,python (8660),Compute Command 0,12149657166,12959
6972,python (8660),Command Buffer 0,12149674666,196709
6973,python (8660),Compute Command 0,12149856083,13042
6974,python (8660),Command Buffer 0,12149873583,195708
6975,python (8660),Compute Command 0,12150053916,13125
6976,python (8660),Command Buffer 0,12150071500,193875
6977,python (8660),Compute Command 0,12150250125,13000
6978,python (8660),Command Buffer 0,12150267541,196167
6979,python (8660),Compute Command 0,12150448500,12958
6980,python (8660),Command Buffer 0,12150465916,194417
6981,python (8660),Compute Command 0,12150645041,13042
6982,python (8660),Command Buffer 0,12150662541,195625
6983,python (8660),Compute Command 0,12150842750,13083
6984,python (8660),Command Buffer 0,12150860375,186750
6985,python (8660),Compute Command 0,12151031708,13083
6986,python (8660),Command Buffer 0,12151049250,197958
6987,python (8660),Compute Command 0,12151231583,13375
6988,python (8660),Command Buffer 0,12151249375,196958
6989,python (8660),Compute Command 0,12151430916,13167
6990,python (8660),Command Buffer 0,12151451375,197791
6991,python (8660),Compute Command 0,12151633750,13166
6992,python (8660),Command Buffer 0,12151651375,197916
6993,python (8660),Compute Command 0,12151833916,13125
6994,python (8660),Command Buffer 0,12151851416,181625
6995,python (8660),Compute Command 0,12152017791,13000
6996,python (8660),Command Buffer 0,12152035250,194583
6997,python (8660),Compute Command 0,12152214333,13250
6998,python (8660),Command Buffer 0,12152232000,200375
6999,python (8660),Compute Command 0,12152412250,17875
7000,python (8660),Command Buffer 0,12152434500,195750
7001,python (8660),Compute Command 0,12152614791,13167
7002,python (8660),Command Buffer 0,12152632333,194958
7003,python (8660),Compute Command 0,12152812125,12958
7004,python (8660),Command Buffer 0,12152829458,195500
7005,python (8660),Compute Command 0,12153009500,13250
7006,python (8660),Command Buffer 0,12153027125,189458
7007,python (8660),Compute Command 0,12153202083,12375
7008,python (8660),Command Buffer 0,12153218750,196250
7009,python (8660),Compute Command 0,12153399833,12958
7010,python (8660),Command Buffer 0,12153417208,197083
7011,python (8660),Compute Command 0,12153598916,13084
7012,python (8660),Command Buffer 0,12153616458,174000
7013,python (8660),Compute Command 0,12153770333,17792
7014,python (8660),Command Buffer 0,12153792875,164166
7015,python (8660),Compute Command 0,12153940000,14541
7016,python (8660),Command Buffer 0,12153960125,178750
7017,python (8660),Compute Command 0,12154125416,11459
7018,python (8660),Command Buffer 0,12154140958,188042
7019,python (8660),Compute Command 0,12154312750,13833
7020,python (8660),Command Buffer 0,12154331500,196083
7021,python (8660),Compute Command 0,12154511875,13416
7022,python (8660),Command Buffer 0,12154530000,195500
7023,python (8660),Compute Command 0,12154709875,13375
7024,python (8660),Command Buffer 0,12154727833,194542
7025,python (8660),Compute Command 0,12154907000,13208
7026,python (8660),Command Buffer 0,12154924791,197625
7027,python (8660),Compute Command 0,12155107125,13083
7028,python (8660),Command Buffer 0,12155124833,195792
7029,python (8660),Compute Command 0,12155305291,13084
7030,python (8660),Command Buffer 0,12155322958,195875
7031,python (8660),Compute Command 0,12155503500,13125
7032,python (8660),Command Buffer 0,12155521250,198000
7033,python (8660),Compute Command 0,12155703791,13292
7034,python (8660),Command Buffer 0,12155721541,239500
7035,python (8660),Compute Command 0,12155945375,13333
7036,python (8660),Command Buffer 0,12155963375,178458
7037,python (8660),Compute Command 0,12156128541,11500
7038,python (8660),Command Buffer 0,12156144000,258041
7039,python (8660),Compute Command 0,12156385250,14250
7040,python (8660),Command Buffer 0,12156404458,199375
7041,python (8660),Compute Command 0,12156588208,13292
7042,python (8660),Command Buffer 0,12156606291,178792
7043,python (8660),Compute Command 0,12156768583,14083
7044,python (8660),Command Buffer 0,12156787333,168083
7045,python (8660),Compute Command 0,12156940250,12916
7046,python (8660),Command Buffer 0,12156957666,173750
7047,python (8660),Compute Command 0,12157114291,14209
7048,python (8660),Command Buffer 0,12157134083,171583
7049,python (8660),Compute Command 0,12157289750,13625
7050,python (8660),Command Buffer 0,12157307958,170833
7051,python (8660),Compute Command 0,12157463250,13208
7052,python (8660),Command Buffer 0,12157481166,172959
7053,python (8660),Compute Command 0,12157638291,13459
7054,python (8660),Command Buffer 0,12157656541,170792
7055,python (8660),Compute Command 0,12157811833,13167
7056,python (8660),Command Buffer 0,12157830000,170333
7057,python (8660),Compute Command 0,12157984833,13208
7058,python (8660),Command Buffer 0,12158002583,169708
7059,python (8660),Compute Command 0,12158156375,13666
7060,python (8660),Command Buffer 0,12158174708,175708
7061,python (8660),Compute Command 0,12158334541,13500
7062,python (8660),Command Buffer 0,12158352833,169042
7063,python (8660),Compute Command 0,12158506083,13333
7064,python (8660),Command Buffer 0,12158524166,183167
7065,python (8660),Compute Command 0,12158686500,18541
7066,python (8660),Command Buffer 0,12158709666,218209
7067,python (8660),Compute Command 0,12158912375,13208
7068,python (8660),Command Buffer 0,12158930083,171250
7069,python (8660),Compute Command 0,12159085416,13667
7070,python (8660),Command Buffer 0,12159103500,181250
7071,python (8660),Compute Command 0,12159268458,13792
7072,python (8660),Command Buffer 0,12159287041,168625
7073,python (8660),Compute Command 0,12159440125,13250
7074,python (8660),Command Buffer 0,12159457875,170958
7075,python (8660),Compute Command 0,12159613250,13208
7076,python (8660),Command Buffer 0,12159631416,176792
7077,python (8660),Compute Command 0,12159792875,13041
7078,python (8660),Command Buffer 0,12159810416,196834
7079,python (8660),Compute Command 0,12159991666,13292
7080,python (8660),Command Buffer 0,12160009416,201042
7081,python (8660),Compute Command 0,12160195041,13209
7082,python (8660),Command Buffer 0,12160212708,178458
7083,python (8660),Compute Command 0,12160375625,13291
7084,python (8660),Command Buffer 0,12160393375,188333
7085,python (8660),Compute Command 0,12160566500,12958
7086,python (8660),Command Buffer 0,12160583875,197291
7087,python (8660),Compute Command 0,12160765666,13292
7088,python (8660),Command Buffer 0,12160783416,195542
7089,python (8660),Compute Command 0,12160963666,13084
7090,python (8660),Command Buffer 0,12160981166,195000
7091,python (8660),Compute Command 0,12161160666,13250
7092,python (8660),Command Buffer 0,12161178333,200000
7093,python (8660),Compute Command 0,12161363000,13083
7094,python (8660),Command Buffer 0,12161380500,193791
7095,python (8660),Compute Command 0,12161558916,13125
7096,python (8660),Command Buffer 0,12161576458,199708
7097,python (8660),Compute Command 0,12161761083,12875
7098,python (8660),Command Buffer 0,12161778416,191125
7099,python (8660),Compute Command 0,12161953333,13708
7100,python (8660),Command Buffer 0,12161972958,191250
7101,python (8660),Compute Command 0,12162148750,13291
7102,python (8660),Command Buffer 0,12162166375,197666
7103,python (8660),Compute Command 0,12162348458,13375
7104,python (8660),Command Buffer 0,12162366208,198250
7105,python (8660),Compute Command 0,12162549541,12709
7106,python (8660),Command Buffer 0,12162566583,195042
7107,python (8660),Compute Command 0,12162745583,13833
7108,python (8660),Command Buffer 0,12162763791,196209
7109,python (8660),Compute Command 0,12162944708,13083
7110,python (8660),Command Buffer 0,12162962208,194667
7111,python (8660),Compute Command 0,12163141500,13166
7112,python (8660),Command Buffer 0,12163159000,197708
7113,python (8660),Compute Command 0,12163341541,13000
7114,python (8660),Command Buffer 0,12163358916,195292
7115,python (8660),Compute Command 0,12163538708,13292
7116,python (8660),Command Buffer 0,12163556458,197458
7117,python (8660),Compute Command 0,12163738916,12792
7118,python (8660),Command Buffer 0,12163756083,196375
7119,python (8660),Compute Command 0,12163937083,13125
7120,python (8660),Command Buffer 0,12163954583,184083
7121,python (8660),Compute Command 0,12164121000,15375
7122,python (8660),Command Buffer 0,12164141333,191375
7123,python (8660),Compute Command 0,12164315875,14250
7124,python (8660),Command Buffer 0,12164334958,354958
7125,python (8660),Compute Command 0,12164673708,13875
7126,python (8660),Command Buffer 0,12164692333,187625
7127,python (8660),Compute Command 0,12164863708,13792
7128,python (8660),Command Buffer 0,12164882166,196500
7129,python (8660),Compute Command 0,12165062791,13459
7130,python (8660),Command Buffer 0,12165080916,194542
7131,python (8660),Compute Command 0,12165259625,13500
7132,python (8660),Command Buffer 0,12165277625,196500
7133,python (8660),Compute Command 0,12165458500,13291
7134,python (8660),Command Buffer 0,12165476250,195083
7135,python (8660),Compute Command 0,12165655583,13375
7136,python (8660),Command Buffer 0,12165673541,196084
7137,python (8660),Compute Command 0,12165854041,13292
7138,python (8660),Command Buffer 0,12165871875,195291
7139,python (8660),Compute Command 0,12166051666,13209
7140,python (8660),Command Buffer 0,12166069375,193958
7141,python (8660),Compute Command 0,12166247875,13208
7142,python (8660),Command Buffer 0,12166265583,189833
7143,python (8660),Compute Command 0,12166440041,13042
7144,python (8660),Command Buffer 0,12166457583,205333
7145,python (8660),Compute Command 0,12166641500,18916
7146,python (8660),Command Buffer 0,12166665333,185917
7147,python (8660),Compute Command 0,12166835625,13333
7148,python (8660),Command Buffer 0,12166853500,195208
7149,python (8660),Compute Command 0,12167030250,13250
7150,python (8660),Command Buffer 0,12167050958,195167
7151,python (8660),Compute Command 0,12167230625,13250
7152,python (8660),Command Buffer 0,12167248291,196292
7153,python (8660),Compute Command 0,12167429208,13125
7154,python (8660),Command Buffer 0,12167446708,194750
7155,python (8660),Compute Command 0,12167626041,13125
7156,python (8660),Command Buffer 0,12167643625,195958
7157,python (8660),Compute Command 0,12167823916,13334
7158,python (8660),Command Buffer 0,12167841708,196292
7159,python (8660),Compute Command 0,12168019333,16375
7160,python (8660),Command Buffer 0,12168040166,195250
7161,python (8660),Compute Command 0,12168220083,13042
7162,python (8660),Command Buffer 0,12168237666,194084
7163,python (8660),Compute Command 0,12168416375,13000
7164,python (8660),Command Buffer 0,12168433916,187709
7165,python (8660),Compute Command 0,12168605916,13334
7166,python (8660),Command Buffer 0,12168624125,184750
7167,python (8660),Compute Command 0,12168793041,13500
7168,python (8660),Command Buffer 0,12168811083,168917
7169,python (8660),Compute Command 0,12168962750,14666
7170,python (8660),Command Buffer 0,12168981958,151167
7171,python (8660),Compute Command 0,12169116000,14583
7172,python (8660),Command Buffer 0,12169135625,183208
7173,python (8660),Compute Command 0,12169302708,13792
7174,python (8660),Command Buffer 0,12169321166,196417
7175,python (8660),Compute Command 0,12169501916,13334
7176,python (8660),Command Buffer 0,12169522583,197625
7177,python (8660),Compute Command 0,12169704666,13209
7178,python (8660),Command Buffer 0,12169722458,198208
7179,python (8660),Compute Command 0,12169905083,13292
7180,python (8660),Command Buffer 0,12169922916,194834
7181,python (8660),Compute Command 0,12170102458,13042
7182,python (8660),Command Buffer 0,12170120041,190792
7183,python (8660),Compute Command 0,12170295166,13334
7184,python (8660),Command Buffer 0,12170313125,189125
7185,python (8660),Compute Command 0,12170486791,13167
7186,python (8660),Command Buffer 0,12170504583,189500
7187,python (8660),Compute Command 0,12170678000,13666
7188,python (8660),Command Buffer 0,12170696208,194667
7189,python (8660),Compute Command 0,12170875458,13167
7190,python (8660),Command Buffer 0,12170893083,194583
7191,python (8660),Compute Command 0,12171072041,13334
7192,python (8660),Command Buffer 0,12171089916,197625
7193,python (8660),Compute Command 0,12171272166,13125
7194,python (8660),Command Buffer 0,12171289708,196042
7195,python (8660),Compute Command 0,12171470125,13333
7196,python (8660),Command Buffer 0,12171487916,196417
7197,python (8660),Compute Command 0,12171669000,13083
7198,python (8660),Command Buffer 0,12171686500,196041
7199,python (8660),Compute Command 0,12171866833,13458
7200,python (8660),Command Buffer 0,12171884708,194833
7201,python (8660),Compute Command 0,12172063833,13458
7202,python (8660),Command Buffer 0,12172081625,194500
7203,python (8660),Compute Command 0,12172260583,13292
7204,python (8660),Command Buffer 0,12172278250,192416
7205,python (8660),Compute Command 0,12172455083,13333
7206,python (8660),Command Buffer 0,12172472750,196750
7207,python (8660),Compute Command 0,12172654041,13167
7208,python (8660),Command Buffer 0,12172671625,336708
7209,python (8660),Compute Command 0,12172992500,13500
7210,python (8660),Command Buffer 0,12173011000,195083
7211,python (8660),Compute Command 0,12173189916,13917
7212,python (8660),Command Buffer 0,12173208166,195625
7213,python (8660),Compute Command 0,12173388250,13250
7214,python (8660),Command Buffer 0,12173405958,191917
7215,python (8660),Compute Command 0,12173582458,13042
7216,python (8660),Command Buffer 0,12173600083,198917
7217,python (8660),Compute Command 0,12173780708,13333
7218,python (8660),Command Buffer 0,12173801208,192625
7219,python (8660),Compute Command 0,12173978125,13416
7220,python (8660),Command Buffer 0,12173996000,196333
7221,python (8660),Compute Command 0,12174175666,14375
7222,python (8660),Command Buffer 0,12174194500,193833
7223,python (8660),Compute Command 0,12174373083,13000
7224,python (8660),Command Buffer 0,12174390458,196667
7225,python (8660),Compute Command 0,12174571791,13042
7226,python (8660),Command Buffer 0,12174589250,195458
7227,python (8660),Compute Command 0,12174768916,13542
7228,python (8660),Command Buffer 0,12174786833,193875
7229,python (8660),Compute Command 0,12174964916,13542
7230,python (8660),Command Buffer 0,12174982916,185625
7231,python (8660),Compute Command 0,12175153250,13000
7232,python (8660),Command Buffer 0,12175170625,197875
7233,python (8660),Compute Command 0,12175353000,13125
7234,python (8660),Command Buffer 0,12175370583,192958
7235,python (8660),Compute Command 0,12175547791,13500
7236,python (8660),Command Buffer 0,12175565708,195708
7237,python (8660),Compute Command 0,12175745750,13333
7238,python (8660),Command Buffer 0,12175763583,195250
7239,python (8660),Compute Command 0,12175943375,13208
7240,python (8660),Command Buffer 0,12175960958,195208
7241,python (8660),Compute Command 0,12176140458,13417
7242,python (8660),Command Buffer 0,12176158333,193167
7243,python (8660),Compute Command 0,12176335916,13292
7244,python (8660),Command Buffer 0,12176353666,189042
7245,python (8660),Compute Command 0,12176531250,9833
7246,python (8660),Command Buffer 0,12176544375,195708
7247,python (8660),Compute Command 0,12176724458,13333
7248,python (8660),Command Buffer 0,12176742166,195875
7249,python (8660),Compute Command 0,12176922041,13625
7250,python (8660),Command Buffer 0,12176940458,193167
7251,python (8660),Compute Command 0,12177118166,13167
7252,python (8660),Command Buffer 0,12177135750,190625
7253,python (8660),Compute Command 0,12177311041,13042
7254,python (8660),Command Buffer 0,12177328916,196250
7255,python (8660),Compute Command 0,12177509541,13292
7256,python (8660),Command Buffer 0,12177527333,200208
7257,python (8660),Compute Command 0,12177709083,16167
7258,python (8660),Command Buffer 0,12177729708,196458
7259,python (8660),Compute Command 0,12177907833,16042
7260,python (8660),Command Buffer 0,12177928375,195791
7261,python (8660),Compute Command 0,12178108750,13208
7262,python (8660),Command Buffer 0,12178126375,192958
7263,python (8660),Compute Command 0,12178303833,13208
7264,python (8660),Command Buffer 0,12178321500,193375
7265,python (8660),Compute Command 0,12178499500,13083
7266,python (8660),Command Buffer 0,12178517041,191459
7267,python (8660),Compute Command 0,12178691750,14416
7268,python (8660),Command Buffer 0,12178711000,196500
7269,python (8660),Compute Command 0,12178892166,13042
7270,python (8660),Command Buffer 0,12178909666,194125
7271,python (8660),Compute Command 0,12179088125,13375
7272,python (8660),Command Buffer 0,12179106000,175208
7273,python (8660),Compute Command 0,12179265625,13250
7274,python (8660),Command Buffer 0,12179284083,182958
7275,python (8660),Compute Command 0,12179451500,13250
7276,python (8660),Command Buffer 0,12179469291,193500
7277,python (8660),Compute Command 0,12179647333,13208
7278,python (8660),Command Buffer 0,12179664916,196917
7279,python (8660),Compute Command 0,12179846375,13208
7280,python (8660),Command Buffer 0,12179864041,197084
7281,python (8660),Compute Command 0,12180045583,13292
7282,python (8660),Command Buffer 0,12180063291,195042
7283,python (8660),Compute Command 0,12180243000,13041
7284,python (8660),Command Buffer 0,12180260541,196542
7285,python (8660),Compute Command 0,12180441500,13333
7286,python (8660),Command Buffer 0,12180459291,193584
7287,python (8660),Compute Command 0,12180637458,13167
7288,python (8660),Command Buffer 0,12180655041,196667
7289,python (8660),Compute Command 0,12180833500,15958
7290,python (8660),Command Buffer 0,12180853791,194584
7291,python (8660),Compute Command 0,12181032833,13250
7292,python (8660),Command Buffer 0,12181050541,349375
7293,python (8660),Compute Command 0,12181384666,12959
7294,python (8660),Command Buffer 0,12181402083,195500
7295,python (8660),Compute Command 0,12181581958,13375
7296,python (8660),Command Buffer 0,12181599750,183375
7297,python (8660),Compute Command 0,12181767541,13042
7298,python (8660),Command Buffer 0,12181786291,195375
7299,python (8660),Compute Command 0,12181966250,13166
7300,python (8660),Command Buffer 0,12181983875,200875
7301,python (8660),Compute Command 0,12182166583,15917
7302,python (8660),Command Buffer 0,12182190500,195833
7303,python (8660),Compute Command 0,12182370833,13292
7304,python (8660),Command Buffer 0,12182388541,199625
7305,python (8660),Compute Command 0,12182572666,13250
7306,python (8660),Command Buffer 0,12182590375,193791
7307,python (8660),Compute Command 0,12182768708,13208
7308,python (8660),Command Buffer 0,12182786375,193500
7309,python (8660),Compute Command 0,12182964541,13042
7310,python (8660),Command Buffer 0,12182982083,196625
7311,python (8660),Compute Command 0,12183160333,16083
7312,python (8660),Command Buffer 0,12183180791,197542
7313,python (8660),Compute Command 0,12183363250,12791
7314,python (8660),Command Buffer 0,12183380500,193958
7315,python (8660),Compute Command 0,12183558916,13292
7316,python (8660),Command Buffer 0,12183576666,195792
7317,python (8660),Compute Command 0,12183757041,13209
7318,python (8660),Command Buffer 0,12183774666,185792
7319,python (8660),Compute Command 0,12183944916,13209
7320,python (8660),Command Buffer 0,12183962708,199000
7321,python (8660),Compute Command 0,12184145833,13625
7322,python (8660),Command Buffer 0,12184163875,195416
7323,python (8660),Compute Command 0,12184343833,13167
7324,python (8660),Command Buffer 0,12184361458,194333
7325,python (8660),Compute Command 0,12184540458,13083
7326,python (8660),Command Buffer 0,12184557958,197583
7327,python (8660),Compute Command 0,12184740166,13084
7328,python (8660),Command Buffer 0,12184757666,195167
7329,python (8660),Compute Command 0,12184937708,12875
7330,python (8660),Command Buffer 0,12184954958,193375
7331,python (8660),Compute Command 0,12185133041,13000
7332,python (8660),Command Buffer 0,12185150500,183791
7333,python (8660),Compute Command 0,12185319083,12917
7334,python (8660),Command Buffer 0,12185336416,189250
7335,python (8660),Compute Command 0,12185510291,13125
7336,python (8660),Command Buffer 0,12185527750,196125
7337,python (8660),Compute Command 0,12185708750,12875
7338,python (8660),Command Buffer 0,12185726083,194042
7339,python (8660),Compute Command 0,12185904875,13041
7340,python (8660),Command Buffer 0,12185922291,191709
7341,python (8660),Compute Command 0,12186098375,13333
7342,python (8660),Command Buffer 0,12186116625,195583
7343,python (8660),Compute Command 0,12186297083,12875
7344,python (8660),Command Buffer 0,12186314416,199500
7345,python (8660),Compute Command 0,12186498333,13292
7346,python (8660),Command Buffer 0,12186516041,193459
7347,python (8660),Compute Command 0,12186694125,13125
7348,python (8660),Command Buffer 0,12186711750,198166
7349,python (8660),Compute Command 0,12186891625,16000
7350,python (8660),Command Buffer 0,12186912041,172459
7351,python (8660),Compute Command 0,12187066125,16000
7352,python (8660),Command Buffer 0,12187086708,173042
7353,python (8660),Compute Command 0,12187241750,15583
7354,python (8660),Command Buffer 0,12187262000,181250
7355,python (8660),Compute Command 0,12187427416,13459
7356,python (8660),Command Buffer 0,12187445750,183208
7357,python (8660),Compute Command 0,12187609958,16542
7358,python (8660),Command Buffer 0,12187631375,193500
7359,python (8660),Compute Command 0,12187809375,13166
7360,python (8660),Command Buffer 0,12187827208,194250
7361,python (8660),Compute Command 0,12188005666,13459
7362,python (8660),Command Buffer 0,12188023875,193708
7363,python (8660),Compute Command 0,12188201916,13375
7364,python (8660),Command Buffer 0,12188219791,190875
7365,python (8660),Compute Command 0,12188395041,13334
7366,python (8660),Command Buffer 0,12188412833,196833
7367,python (8660),Compute Command 0,12188594041,13417
7368,python (8660),Command Buffer 0,12188611875,197375
7369,python (8660),Compute Command 0,12188793708,13208
7370,python (8660),Command Buffer 0,12188811541,196000
7371,python (8660),Compute Command 0,12188992291,12959
7372,python (8660),Command Buffer 0,12189009833,198542
7373,python (8660),Compute Command 0,12189193083,13000
7374,python (8660),Command Buffer 0,12189210625,198166
7375,python (8660),Compute Command 0,12189393208,13250
7376,python (8660),Command Buffer 0,12189411041,352959
7377,python (8660),Compute Command 0,12189748458,13250
7378,python (8660),Command Buffer 0,12189766291,194000
7379,python (8660),Compute Command 0,12189944125,13750
7380,python (8660),Command Buffer 0,12189962625,180250
7381,python (8660),Compute Command 0,12190127083,13500
7382,python (8660),Command Buffer 0,12190145125,167416
7383,python (8660),Compute Command 0,12190297000,13250
7384,python (8660),Command Buffer 0,12190314875,172833
7385,python (8660),Compute Command 0,12190472375,13000
7386,python (8660),Command Buffer 0,12190490291,172834
7387,python (8660),Compute Command 0,12190647375,13375
7388,python (8660),Command Buffer 0,12190665375,167708
7389,python (8660),Compute Command 0,12190817666,13125
7390,python (8660),Command Buffer 0,12190835250,170166
7391,python (8660),Compute Command 0,12190990000,13125
7392,python (8660),Command Buffer 0,12191007625,174916
7393,python (8660),Compute Command 0,12191166291,13917
7394,python (8660),Command Buffer 0,12191184750,186333
7395,python (8660),Compute Command 0,12191352791,15542
7396,python (8660),Command Buffer 0,12191373958,178917
7397,python (8660),Compute Command 0,12191537291,13334
7398,python (8660),Command Buffer 0,12191555458,191042
7399,python (8660),Compute Command 0,12191724750,19208
7400,python (8660),Command Buffer 0,12191749333,233333
7401,python (8660),Compute Command 0,12191966416,13875
7402,python (8660),Command Buffer 0,12191985041,181125
7403,python (8660),Compute Command 0,12192150500,13375
7404,python (8660),Command Buffer 0,12192168458,171875
7405,python (8660),Compute Command 0,12192324625,13375
7406,python (8660),Command Buffer 0,12192342625,174416
7407,python (8660),Compute Command 0,12192501208,13458
7408,python (8660),Command Buffer 0,12192519250,176500
7409,python (8660),Compute Command 0,12192679916,13542
7410,python (8660),Command Buffer 0,12192698666,198375
7411,python (8660),Compute Command 0,12192881291,13459
7412,python (8660),Command Buffer 0,12192899250,196458
7413,python (8660),Compute Command 0,12193080083,13417
7414,python (8660),Command Buffer 0,12193098083,196292
7415,python (8660),Compute Command 0,12193278833,13250
7416,python (8660),Command Buffer 0,12193296708,194375
7417,python (8660),Compute Command 0,12193475500,13333
7418,python (8660),Command Buffer 0,12193493291,182750
7419,python (8660),Compute Command 0,12193660541,13250
7420,python (8660),Command Buffer 0,12193678291,195959
7421,python (8660),Compute Command 0,12193858708,13292
7422,python (8660),Command Buffer 0,12193876583,195417
7423,python (8660),Compute Command 0,12194056583,13167
7424,python (8660),Command Buffer 0,12194074250,195250
7425,python (8660),Compute Command 0,12194254333,12958
7426,python (8660),Command Buffer 0,12194271750,200541
7427,python (8660),Compute Command 0,12194456750,13250
7428,python (8660),Command Buffer 0,12194474458,193250
7429,python (8660),Compute Command 0,12194652375,13083
7430,python (8660),Command Buffer 0,12194670000,196416
7431,python (8660),Compute Command 0,12194850875,13250
7432,python (8660),Command Buffer 0,12194868625,198500
7433,python (8660),Compute Command 0,12195051791,13125
7434,python (8660),Command Buffer 0,12195069375,196625
7435,python (8660),Compute Command 0,12195250458,13208
7436,python (8660),Command Buffer 0,12195271000,168500
7437,python (8660),Compute Command 0,12195423541,13542
7438,python (8660),Command Buffer 0,12195442166,191542
7439,python (8660),Compute Command 0,12195617458,13917
7440,python (8660),Command Buffer 0,12195635958,190292
7441,python (8660),Compute Command 0,12195810583,13417
7442,python (8660),Command Buffer 0,12195828541,194917
7443,python (8660),Compute Command 0,12196008000,13250
7444,python (8660),Command Buffer 0,12196025666,194084
7445,python (8660),Compute Command 0,12196204416,13125
7446,python (8660),Command Buffer 0,12196222041,197042
7447,python (8660),Compute Command 0,12196403833,13000
7448,python (8660),Command Buffer 0,12196421333,194250
7449,python (8660),Compute Command 0,12196600250,13083
7450,python (8660),Command Buffer 0,12196617791,194292
7451,python (8660),Compute Command 0,12196796916,12917
7452,python (8660),Command Buffer 0,12196814291,196084
7453,python (8660),Compute Command 0,12196995000,13166
7454,python (8660),Command Buffer 0,12197012583,201917
7455,python (8660),Compute Command 0,12197198833,13417
7456,python (8660),Command Buffer 0,12197216708,197792
7457,python (8660),Compute Command 0,12197399000,13250
7458,python (8660),Command Buffer 0,12197416750,196916
7459,python (8660),Compute Command 0,12197598416,13042
7460,python (8660),Command Buffer 0,12197615875,193541
7461,python (8660),Compute Command 0,12197793791,13334
7462,python (8660),Command Buffer 0,12197812125,274375
7463,python (8660),Compute Command 0,12198070833,13333
7464,python (8660),Command Buffer 0,12198088875,200500
7465,python (8660),Compute Command 0,12198273541,13417
7466,python (8660),Command Buffer 0,12198291666,197375
7467,python (8660),Compute Command 0,12198473541,13167
7468,python (8660),Command Buffer 0,12198491291,195084
7469,python (8660),Compute Command 0,12198671000,13083
7470,python (8660),Command Buffer 0,12198688583,194667
7471,python (8660),Compute Command 0,12198867750,13208
7472,python (8660),Command Buffer 0,12198885458,196417
7473,python (8660),Compute Command 0,12199066416,13167
7474,python (8660),Command Buffer 0,12199084041,193209
7475,python (8660),Compute Command 0,12199261875,13083
7476,python (8660),Command Buffer 0,12199279916,197500
7477,python (8660),Compute Command 0,12199462208,12958
7478,python (8660),Command Buffer 0,12199479541,197875
7479,python (8660),Compute Command 0,12199661916,13250
7480,python (8660),Command Buffer 0,12199679625,187375
7481,python (8660),Compute Command 0,12199851083,13292
7482,python (8660),Command Buffer 0,12199869333,195375
7483,python (8660),Compute Command 0,12200049375,13041
7484,python (8660),Command Buffer 0,12200066875,195000
7485,python (8660),Compute Command 0,12200246375,13250
7486,python (8660),Command Buffer 0,12200264041,195625
7487,python (8660),Compute Command 0,12200444208,13167
7488,python (8660),Command Buffer 0,12200461833,194875
7489,python (8660),Compute Command 0,12200641166,13250
7490,python (8660),Command Buffer 0,12200658875,195041
7491,python (8660),Compute Command 0,12200838166,13500
7492,python (8660),Command Buffer 0,12200856083,195833
7493,python (8660),Compute Command 0,12201036250,13375
7494,python (8660),Command Buffer 0,12201054083,195500
7495,python (8660),Compute Command 0,12201234416,12959
7496,python (8660),Command Buffer 0,12201251958,195917
7497,python (8660),Compute Command 0,12201432666,12959
7498,python (8660),Command Buffer 0,12201450125,197375
7499,python (8660),Compute Command 0,12201632125,13125
7500,python (8660),Command Buffer 0,12201649666,194167
7501,python (8660),Compute Command 0,12201828500,13083
7502,python (8660),Command Buffer 0,12201846000,180375
7503,python (8660),Compute Command 0,12202011041,12917
7504,python (8660),Command Buffer 0,12202029166,191084
7505,python (8660),Compute Command 0,12202204666,13250
7506,python (8660),Command Buffer 0,12202222583,195958
7507,python (8660),Compute Command 0,12202402958,13250
7508,python (8660),Command Buffer 0,12202420875,197000
7509,python (8660),Compute Command 0,12202602416,13167
7510,python (8660),Command Buffer 0,12202620083,197917
7511,python (8660),Compute Command 0,12202802458,13292
7512,python (8660),Command Buffer 0,12202820083,196042
7513,python (8660),Compute Command 0,12203000375,13583
7514,python (8660),Command Buffer 0,12203018208,197042
7515,python (8660),Compute Command 0,12203199458,13583
7516,python (8660),Command Buffer 0,12203217458,195667
7517,python (8660),Compute Command 0,12203397666,13209
7518,python (8660),Command Buffer 0,12203415333,196375
7519,python (8660),Compute Command 0,12203596291,13167
7520,python (8660),Command Buffer 0,12203613791,182709
7521,python (8660),Compute Command 0,12203781000,13291
7522,python (8660),Command Buffer 0,12203798666,196959
7523,python (8660),Compute Command 0,12203980291,13042
7524,python (8660),Command Buffer 0,12203997791,186709
7525,python (8660),Compute Command 0,12204169416,12834
7526,python (8660),Command Buffer 0,12204187750,187750
7527,python (8660),Compute Command 0,12204360333,12958
7528,python (8660),Command Buffer 0,12204377833,196750
7529,python (8660),Compute Command 0,12204559333,13000
7530,python (8660),Command Buffer 0,12204576750,195166
7531,python (8660),Compute Command 0,12204756541,13084
7532,python (8660),Command Buffer 0,12204774083,195708
7533,python (8660),Compute Command 0,12204954291,13250
7534,python (8660),Command Buffer 0,12204971875,196291
7535,python (8660),Compute Command 0,12205152875,13083
7536,python (8660),Command Buffer 0,12205170333,195583
7537,python (8660),Compute Command 0,12205350625,13041
7538,python (8660),Command Buffer 0,12205368041,197792
7539,python (8660),Compute Command 0,12205550291,13292
7540,python (8660),Command Buffer 0,12205567916,196709
7541,python (8660),Compute Command 0,12205748750,13250
7542,python (8660),Command Buffer 0,12205766875,196041
7543,python (8660),Compute Command 0,12205947625,13041
7544,python (8660),Command Buffer 0,12205965041,184292
7545,python (8660),Compute Command 0,12206133375,13458
7546,python (8660),Command Buffer 0,12206152291,257334
7547,python (8660),Compute Command 0,12206392541,14792
7548,python (8660),Command Buffer 0,12206412333,180667
7549,python (8660),Compute Command 0,12206572958,17750
7550,python (8660),Command Buffer 0,12206595875,180000
7551,python (8660),Compute Command 0,12206760166,13334
7552,python (8660),Command Buffer 0,12206778541,178167
7553,python (8660),Compute Command 0,12206941375,13041
7554,python (8660),Command Buffer 0,12206959250,170791
7555,python (8660),Compute Command 0,12207114291,13417
7556,python (8660),Command Buffer 0,12207132666,168959
7557,python (8660),Compute Command 0,12207286208,13083
7558,python (8660),Command Buffer 0,12207303875,161791
7559,python (8660),Compute Command 0,12207450166,13084
7560,python (8660),Command Buffer 0,12207467916,168625
7561,python (8660),Compute Command 0,12207621416,12875
7562,python (8660),Command Buffer 0,12207638791,166167
7563,python (8660),Compute Command 0,12207790208,12708
7564,python (8660),Command Buffer 0,12207807000,170750
7565,python (8660),Compute Command 0,12207962083,13417
7566,python (8660),Command Buffer 0,12207980125,175750
7567,python (8660),Compute Command 0,12208140416,13167
7568,python (8660),Command Buffer 0,12208160833,191375
7569,python (8660),Compute Command 0,12208336583,13333
7570,python (8660),Command Buffer 0,12208354375,194625
7571,python (8660),Compute Command 0,12208533458,13292
7572,python (8660),Command Buffer 0,12208551125,197041
7573,python (8660),Compute Command 0,12208730041,15875
7574,python (8660),Command Buffer 0,12208750333,194417
7575,python (8660),Compute Command 0,12208929291,13167
7576,python (8660),Command Buffer 0,12208946833,191958
7577,python (8660),Compute Command 0,12209123416,13125
7578,python (8660),Command Buffer 0,12209140958,192708
7579,python (8660),Compute Command 0,12209318541,12917
7580,python (8660),Command Buffer 0,12209335750,191666
7581,python (8660),Compute Command 0,12209512083,13083
7582,python (8660),Command Buffer 0,12209529625,197416
7583,python (8660),Compute Command 0,12209711708,13083
7584,python (8660),Command Buffer 0,12209729125,192000
7585,python (8660),Compute Command 0,12209905791,13084
7586,python (8660),Command Buffer 0,12209923333,195083
7587,python (8660),Compute Command 0,12210103208,13000
7588,python (8660),Command Buffer 0,12210120541,180125
7589,python (8660),Compute Command 0,12210283250,15125
7590,python (8660),Command Buffer 0,12210302958,179375
7591,python (8660),Compute Command 0,12210466750,13291
7592,python (8660),Command Buffer 0,12210484541,192792
7593,python (8660),Compute Command 0,12210661833,13292
7594,python (8660),Command Buffer 0,12210679500,197875
7595,python (8660),Compute Command 0,12210861791,13250
7596,python (8660),Command Buffer 0,12210879500,191041
7597,python (8660),Compute Command 0,12211055041,13250
7598,python (8660),Command Buffer 0,12211072708,194000
7599,python (8660),Compute Command 0,12211251250,13208
7600,python (8660),Command Buffer 0,12211268833,192042
7601,python (8660),Compute Command 0,12211445375,13250
7602,python (8660),Command Buffer 0,12211463041,194042
7603,python (8660),Compute Command 0,12211641750,13083
7604,python (8660),Command Buffer 0,12211661958,192667
7605,python (8660),Compute Command 0,12211839333,13042
7606,python (8660),Command Buffer 0,12211856750,187250
7607,python (8660),Compute Command 0,12212030666,11500
7608,python (8660),Command Buffer 0,12212046291,193875
7609,python (8660),Compute Command 0,12212224541,13209
7610,python (8660),Command Buffer 0,12212242458,196542
7611,python (8660),Compute Command 0,12212422916,13750
7612,python (8660),Command Buffer 0,12212441666,196792
7613,python (8660),Compute Command 0,12212622791,13417
7614,python (8660),Command Buffer 0,12212640666,195834
7615,python (8660),Compute Command 0,12212820875,13416
7616,python (8660),Command Buffer 0,12212838708,191958
7617,python (8660),Compute Command 0,12213015166,13292
7618,python (8660),Command Buffer 0,12213032958,193417
7619,python (8660),Compute Command 0,12213211000,13083
7620,python (8660),Command Buffer 0,12213228625,192541
7621,python (8660),Compute Command 0,12213405541,13334
7622,python (8660),Command Buffer 0,12213423333,193458
7623,python (8660),Compute Command 0,12213601416,13084
7624,python (8660),Command Buffer 0,12213619000,194000
7625,python (8660),Compute Command 0,12213797833,12958
7626,python (8660),Command Buffer 0,12213815250,197833
7627,python (8660),Compute Command 0,12213997125,13750
7628,python (8660),Command Buffer 0,12214015416,193709
7629,python (8660),Compute Command 0,12214193416,13417
7630,python (8660),Command Buffer 0,12214211333,195667
7631,python (8660),Compute Command 0,12214391333,13417
7632,python (8660),Command Buffer 0,12214409166,362625
7633,python (8660),Compute Command 0,12214756458,13083
7634,python (8660),Command Buffer 0,12214774000,195375
7635,python (8660),Compute Command 0,12214954125,12958
7636,python (8660),Command Buffer 0,12214971625,192708
7637,python (8660),Compute Command 0,12215148916,13167
7638,python (8660),Command Buffer 0,12215166541,194542
7639,python (8660),Compute Command 0,12215345833,13000
7640,python (8660),Command Buffer 0,12215363333,188667
7641,python (8660),Compute Command 0,12215536875,12916
7642,python (8660),Command Buffer 0,12215554250,196958
7643,python (8660),Compute Command 0,12215735791,13167
7644,python (8660),Command Buffer 0,12215753458,193417
7645,python (8660),Compute Command 0,12215931583,13083
7646,python (8660),Command Buffer 0,12215949041,193667
7647,python (8660),Compute Command 0,12216127625,12875
7648,python (8660),Command Buffer 0,12216144916,192167
7649,python (8660),Compute Command 0,12216322041,12792
7650,python (8660),Command Buffer 0,12216339250,197875
7651,python (8660),Compute Command 0,12216521750,13208
7652,python (8660),Command Buffer 0,12216539375,176125
7653,python (8660),Compute Command 0,12216700041,13167
7654,python (8660),Command Buffer 0,12216717833,173667
7655,python (8660),Compute Command 0,12216876166,13042
7656,python (8660),Command Buffer 0,12216894333,195750
7657,python (8660),Compute Command 0,12217074666,13209
7658,python (8660),Command Buffer 0,12217095041,198125
7659,python (8660),Compute Command 0,12217277625,13333
7660,python (8660),Command Buffer 0,12217295416,179167
7661,python (8660),Compute Command 0,12217459041,13292
7662,python (8660),Command Buffer 0,12217476833,194625
7663,python (8660),Compute Command 0,12217656166,13042
7664,python (8660),Command Buffer 0,12217673666,191000
7665,python (8660),Compute Command 0,12217849583,12875
7666,python (8660),Command Buffer 0,12217866875,194333
7667,python (8660),Compute Command 0,12218045333,13625
7668,python (8660),Command Buffer 0,12218063458,190833
7669,python (8660),Compute Command 0,12218238958,13125
7670,python (8660),Command Buffer 0,12218256500,193000
7671,python (8660),Compute Command 0,12218434333,12917
7672,python (8660),Command Buffer 0,12218451666,190834
7673,python (8660),Compute Command 0,12218626791,13375
7674,python (8660),Command Buffer 0,12218645666,171667
7675,python (8660),Compute Command 0,12218798416,16417
7676,python (8660),Command Buffer 0,12218819958,168917
7677,python (8660),Compute Command 0,12218971250,15041
7678,python (8660),Command Buffer 0,12218991833,151333
7679,python (8660),Compute Command 0,12219127208,13375
7680,python (8660),Command Buffer 0,12219145708,163250
7681,python (8660),Compute Command 0,12219291291,15125
7682,python (8660),Command Buffer 0,12219311958,157333
7683,python (8660),Compute Command 0,12219453375,13458
7684,python (8660),Command Buffer 0,12219471875,170500
7685,python (8660),Compute Command 0,12219624333,15625
7686,python (8660),Command Buffer 0,12219644791,168125
7687,python (8660),Compute Command 0,12219798125,12833
7688,python (8660),Command Buffer 0,12219815375,159375
7689,python (8660),Compute Command 0,12219957666,14584
7690,python (8660),Command Buffer 0,12219976875,156291
7691,python (8660),Compute Command 0,12220115958,14833
7692,python (8660),Command Buffer 0,12220135500,158333
7693,python (8660),Compute Command 0,12220277750,13625
7694,python (8660),Command Buffer 0,12220297166,164250
7695,python (8660),Compute Command 0,12220445083,14333
7696,python (8660),Command Buffer 0,12220463750,169333
7697,python (8660),Compute Command 0,12220617791,13334
7698,python (8660),Command Buffer 0,12220635875,239041
7699,python (8660),Compute Command 0,12220860958,12000
7700,python (8660),Command Buffer 0,12220877875,159833
7701,python (8660),Compute Command 0,12221021458,14167
7702,python (8660),Command Buffer 0,12221040291,177000
7703,python (8660),Compute Command 0,12221203083,12083
7704,python (8660),Command Buffer 0,12221219458,162500
7705,python (8660),Compute Command 0,12221367166,12542
7706,python (8660),Command Buffer 0,12221385458,156750
7707,python (8660),Compute Command 0,12221524458,15208
7708,python (8660),Command Buffer 0,12221544416,164000
7709,python (8660),Compute Command 0,12221691291,14875
7710,python (8660),Command Buffer 0,12221710958,171917
7711,python (8660),Compute Command 0,12221864625,15791
7712,python (8660),Command Buffer 0,12221885416,154084
7713,python (8660),Compute Command 0,12222025875,11666
7714,python (8660),Command Buffer 0,12222044250,232125
7715,python (8660),Compute Command 0,12222258791,14792
7716,python (8660),Command Buffer 0,12222279541,172542
7717,python (8660),Compute Command 0,12222436333,13667
7718,python (8660),Command Buffer 0,12222455125,172083
7719,python (8660),Compute Command 0,12222609750,15458
7720,python (8660),Command Buffer 0,12222631166,166459
7721,python (8660),Compute Command 0,12222778166,16875
7722,python (8660),Command Buffer 0,12222801333,234417
7723,python (8660),Compute Command 0,12223021583,12125
7724,python (8660),Command Buffer 0,12223042416,176000
7725,python (8660),Compute Command 0,12223197708,17083
7726,python (8660),Command Buffer 0,12223222250,182500
7727,python (8660),Compute Command 0,12223388916,13334
7728,python (8660),Command Buffer 0,12223407208,176125
7729,python (8660),Compute Command 0,12223563458,16917
7730,python (8660),Command Buffer 0,12223586208,174000
7731,python (8660),Compute Command 0,12223742125,15500
7732,python (8660),Command Buffer 0,12223763083,181625
7733,python (8660),Compute Command 0,12223919291,22542
7734,python (8660),Command Buffer 0,12223947625,178583
7735,python (8660),Compute Command 0,12224105625,17625
7736,python (8660),Command Buffer 0,12224130166,178000
7737,python (8660),Compute Command 0,12224289041,17000
7738,python (8660),Command Buffer 0,12224311000,217875
7739,python (8660),Compute Command 0,12224481333,41583
7740,python (8660),Command Buffer 0,12224536333,174042
7741,python (8660),Compute Command 0,12224690708,17083
7742,python (8660),Command Buffer 0,12224713750,175916
7743,python (8660),Compute Command 0,12224871291,16292
7744,python (8660),Command Buffer 0,12224891625,181083
7745,python (8660),Compute Command 0,12225052583,17250
7746,python (8660),Command Buffer 0,12225077125,189791
7747,python (8660),Compute Command 0,12225241666,21917
7748,python (8660),Command Buffer 0,12225271541,223625
7749,python (8660),Compute Command 0,12225477791,14917
7750,python (8660),Command Buffer 0,12225498458,260333
7751,python (8660),Compute Command 0,12225728291,25959
7752,python (8660),Command Buffer 0,12225765166,170667
7753,python (8660),Compute Command 0,12225917875,15875
7754,python (8660),Command Buffer 0,12225938708,236750
7755,python (8660),Compute Command 0,12226153875,18208
7756,python (8660),Command Buffer 0,12226180541,177542
7757,python (8660),Compute Command 0,12226340125,15666
7758,python (8660),Command Buffer 0,12226360750,164916
7759,python (8660),Compute Command 0,12226508833,14625
7760,python (8660),Command Buffer 0,12226528833,219875
7761,python (8660),Compute Command 0,12226727208,18167
7762,python (8660),Command Buffer 0,12226753166,186417
7763,python (8660),Compute Command 0,12226918416,16417
7764,python (8660),Command Buffer 0,12226941958,161042
7765,python (8660),Compute Command 0,12227086666,14334
7766,python (8660),Command Buffer 0,12227105625,152333
7767,python (8660),Compute Command 0,12227244000,11958
7768,python (8660),Command Buffer 0,12227261916,169250
7769,python (8660),Compute Command 0,12227415625,13416
7770,python (8660),Command Buffer 0,12227434208,155208
7771,python (8660),Compute Command 0,12227574333,13042
7772,python (8660),Command Buffer 0,12227592250,148750
7773,python (8660),Compute Command 0,12227726833,12000
7774,python (8660),Command Buffer 0,12227743875,152958
7775,python (8660),Compute Command 0,12227879666,15042
7776,python (8660),Command Buffer 0,12227899541,153459
7777,python (8660),Compute Command 0,12228038458,12458
7778,python (8660),Command Buffer 0,12228056083,163125
7779,python (8660),Compute Command 0,12228204416,12834
7780,python (8660),Command Buffer 0,12228222208,165917
7781,python (8660),Compute Command 0,12228373208,12667
7782,python (8660),Command Buffer 0,12228391250,155916
7783,python (8660),Compute Command 0,12228530208,15042
7784,python (8660),Command Buffer 0,12228549791,151750
7785,python (8660),Compute Command 0,12228687458,12083
7786,python (8660),Command Buffer 0,12228704083,156833
7787,python (8660),Compute Command 0,12228846291,12667
7788,python (8660),Command Buffer 0,12228863416,157959
7789,python (8660),Compute Command 0,12229005375,13708
7790,python (8660),Command Buffer 0,12229024291,159584
7791,python (8660),Compute Command 0,12229165666,15334
7792,python (8660),Command Buffer 0,12229188833,156167
7793,python (8660),Compute Command 0,12229327458,15417
7794,python (8660),Command Buffer 0,12229347375,147333
7795,python (8660),Compute Command 0,12229480500,11958
7796,python (8660),Command Buffer 0,12229497000,139583
7797,python (8660),Compute Command 0,12229623458,11167
7798,python (8660),Command Buffer 0,12229638875,147916
7799,python (8660),Compute Command 0,12229773583,11250
7800,python (8660),Command Buffer 0,12229788750,147916
7801,python (8660),Compute Command 0,12229923250,11541
7802,python (8660),Command Buffer 0,12229938833,151500
7803,python (8660),Compute Command 0,12230075958,12583
7804,python (8660),Command Buffer 0,12230092666,146542
7805,python (8660),Compute Command 0,12230226041,11375
7806,python (8660),Command Buffer 0,12230241416,156959
7807,python (8660),Compute Command 0,12230384833,11583
7808,python (8660),Command Buffer 0,12230400666,147917
7809,python (8660),Compute Command 0,12230535500,11250
7810,python (8660),Command Buffer 0,12230550541,161542
7811,python (8660),Compute Command 0,12230698458,11833
7812,python (8660),Command Buffer 0,12230714250,155375
7813,python (8660),Compute Command 0,12230855708,12083
7814,python (8660),Command Buffer 0,12230871791,164625
7815,python (8660),Compute Command 0,12231023666,10917
7816,python (8660),Command Buffer 0,12231038708,344792
7817,python (8660),Compute Command 0,12231366166,14875
7818,python (8660),Command Buffer 0,12231385958,159375
7819,python (8660),Compute Command 0,12231531208,12208
7820,python (8660),Command Buffer 0,12231547625,150625
7821,python (8660),Compute Command 0,12231685000,11166
7822,python (8660),Command Buffer 0,12231700166,170167
7823,python (8660),Compute Command 0,12231857291,11084
7824,python (8660),Command Buffer 0,12231872208,156542
7825,python (8660),Compute Command 0,12232015291,11625
7826,python (8660),Command Buffer 0,12232031000,171250
7827,python (8660),Compute Command 0,12232188916,11500
7828,python (8660),Command Buffer 0,12232204500,180291
7829,python (8660),Compute Command 0,12232370416,12584
7830,python (8660),Command Buffer 0,12232387041,147167
7831,python (8660),Compute Command 0,12232516041,16209
7832,python (8660),Command Buffer 0,12232536333,153000
7833,python (8660),Compute Command 0,12232676375,11041
7834,python (8660),Command Buffer 0,12232692083,172792
7835,python (8660),Compute Command 0,12232851166,11875
7836,python (8660),Command Buffer 0,12232869875,151125
7837,python (8660),Compute Command 0,12233008000,11125
7838,python (8660),Command Buffer 0,12233023333,176250
7839,python (8660),Compute Command 0,12233185541,12167
7840,python (8660),Command Buffer 0,12233201916,168584
7841,python (8660),Compute Command 0,12233357583,11083
7842,python (8660),Command Buffer 0,12233372916,170792
7843,python (8660),Compute Command 0,12233530666,11042
7844,python (8660),Command Buffer 0,12233545625,167458
7845,python (8660),Compute Command 0,12233699958,11292
7846,python (8660),Command Buffer 0,12233715333,167292
7847,python (8660),Compute Command 0,12233869541,11167
7848,python (8660),Command Buffer 0,12233884666,169875
7849,python (8660),Compute Command 0,12234041041,11500
7850,python (8660),Command Buffer 0,12234056708,172625
7851,python (8660),Compute Command 0,12234216083,11417
7852,python (8660),Command Buffer 0,12234231833,171167
7853,python (8660),Compute Command 0,12234389833,11333
7854,python (8660),Command Buffer 0,12234405041,182084
7855,python (8660),Compute Command 0,12234574083,11250
7856,python (8660),Command Buffer 0,12234589500,152125
7857,python (8660),Compute Command 0,12234727708,12125
7858,python (8660),Command Buffer 0,12234743833,151583
7859,python (8660),Compute Command 0,12234882291,11250
7860,python (8660),Command Buffer 0,12234897416,170584
7861,python (8660),Compute Command 0,12235054958,11167
7862,python (8660),Command Buffer 0,12235070583,170792
7863,python (8660),Compute Command 0,12235228416,11125
7864,python (8660),Command Buffer 0,12235243500,175541
7865,python (8660),Compute Command 0,12235406166,11042
7866,python (8660),Command Buffer 0,12235421250,168083
7867,python (8660),Compute Command 0,12235575583,11917
7868,python (8660),Command Buffer 0,12235591583,153000
7869,python (8660),Compute Command 0,12235730875,11916
7870,python (8660),Command Buffer 0,12235746916,153292
7871,python (8660),Compute Command 0,12235887125,11166
7872,python (8660),Command Buffer 0,12235902208,161750
7873,python (8660),Compute Command 0,12236049833,12250
7874,python (8660),Command Buffer 0,12236066208,150833
7875,python (8660),Compute Command 0,12236203791,11334
7876,python (8660),Command Buffer 0,12236219083,173667
7877,python (8660),Compute Command 0,12236379583,11250
7878,python (8660),Command Buffer 0,12236395000,172875
7879,python (8660),Compute Command 0,12236554708,11375
7880,python (8660),Command Buffer 0,12236570250,178708
7881,python (8660),Compute Command 0,12236736166,11000
7882,python (8660),Command Buffer 0,12236751250,145958
7883,python (8660),Compute Command 0,12236884083,11333
7884,python (8660),Command Buffer 0,12236899458,169000
7885,python (8660),Compute Command 0,12237055375,11208
7886,python (8660),Command Buffer 0,12237070791,169375
7887,python (8660),Compute Command 0,12237227000,11166
7888,python (8660),Command Buffer 0,12237242583,167125
7889,python (8660),Compute Command 0,12237396416,11334
7890,python (8660),Command Buffer 0,12237412125,152208
7891,python (8660),Compute Command 0,12237551333,11167
7892,python (8660),Command Buffer 0,12237566541,171084
7893,python (8660),Compute Command 0,12237724708,11083
7894,python (8660),Command Buffer 0,12237740125,173916
7895,python (8660),Compute Command 0,12237900083,12208
7896,python (8660),Command Buffer 0,12237916208,165000
7897,python (8660),Compute Command 0,12238068166,11209
7898,python (8660),Command Buffer 0,12238083416,168209
7899,python (8660),Compute Command 0,12238238833,11000
7900,python (8660),Command Buffer 0,12238253666,169959
7901,python (8660),Compute Command 0,12238410625,11208
7902,python (8660),Command Buffer 0,12238425833,171208
7903,python (8660),Compute Command 0,12238584166,11000
7904,python (8660),Command Buffer 0,12238599291,169459
7905,python (8660),Compute Command 0,12238756000,10916
7906,python (8660),Command Buffer 0,12238771000,184250
7907,python (8660),Compute Command 0,12238940458,12917
7908,python (8660),Command Buffer 0,12238957500,144375
7909,python (8660),Compute Command 0,12239088375,11666
7910,python (8660),Command Buffer 0,12239103916,168917
7911,python (8660),Compute Command 0,12239259833,11167
7912,python (8660),Command Buffer 0,12239274833,172042
7913,python (8660),Compute Command 0,12239432375,12208
7914,python (8660),Command Buffer 0,12239449416,265209
7915,python (8660),Compute Command 0,12239695375,17041
7916,python (8660),Command Buffer 0,12239717041,149875
7917,python (8660),Compute Command 0,12239853083,11917
7918,python (8660),Command Buffer 0,12239869208,149417
7919,python (8660),Compute Command 0,12240005375,11333
7920,python (8660),Command Buffer 0,12240020583,168458
7921,python (8660),Compute Command 0,12240175291,11875
7922,python (8660),Command Buffer 0,12240191083,170417
7923,python (8660),Compute Command 0,12240346500,12916
7924,python (8660),Command Buffer 0,12240364291,170625
7925,python (8660),Compute Command 0,12240521750,11250
7926,python (8660),Command Buffer 0,12240536916,171542
7927,python (8660),Compute Command 0,12240694750,11791
7928,python (8660),Command Buffer 0,12240710333,177167
7929,python (8660),Compute Command 0,12240873666,11959
7930,python (8660),Command Buffer 0,12240889666,163292
7931,python (8660),Compute Command 0,12241039000,12125
7932,python (8660),Command Buffer 0,12241055291,147917
7933,python (8660),Compute Command 0,12241190041,11334
7934,python (8660),Command Buffer 0,12241205666,168625
7935,python (8660),Compute Command 0,12241360958,11458
7936,python (8660),Command Buffer 0,12241376750,169791
7937,python (8660),Compute Command 0,12241533291,11334
7938,python (8660),Command Buffer 0,12241548583,170667
7939,python (8660),Compute Command 0,12241706166,11209
7940,python (8660),Command Buffer 0,12241721291,172542
7941,python (8660),Compute Command 0,12241880791,11167
7942,python (8660),Command Buffer 0,12241895833,169917
7943,python (8660),Compute Command 0,12242052541,11375
7944,python (8660),Command Buffer 0,12242067625,169458
7945,python (8660),Compute Command 0,12242223875,11375
7946,python (8660),Command Buffer 0,12242239250,167541
7947,python (8660),Compute Command 0,12242393416,11500
7948,python (8660),Command Buffer 0,12242408958,172417
7949,python (8660),Compute Command 0,12242568333,11167
7950,python (8660),Command Buffer 0,12242583708,169042
7951,python (8660),Compute Command 0,12242739750,11125
7952,python (8660),Command Buffer 0,12242754666,175167
7953,python (8660),Compute Command 0,12242916000,12000
7954,python (8660),Command Buffer 0,12242932166,151209
7955,python (8660),Compute Command 0,12243070291,11000
7956,python (8660),Command Buffer 0,12243085416,205125
7957,python (8660),Compute Command 0,12243270333,17750
7958,python (8660),Command Buffer 0,12243293125,194541
7959,python (8660),Compute Command 0,12243471833,13583
7960,python (8660),Command Buffer 0,12243490000,186833
7961,python (8660),Compute Command 0,12243658541,15959
7962,python (8660),Command Buffer 0,12243679083,192542
7963,python (8660),Compute Command 0,12243856208,13167
7964,python (8660),Command Buffer 0,12243874000,194083
7965,python (8660),Compute Command 0,12244052583,13208
7966,python (8660),Command Buffer 0,12244070458,194417
7967,python (8660),Compute Command 0,12244249583,13042
7968,python (8660),Command Buffer 0,12244267041,193042
7969,python (8660),Compute Command 0,12244444666,13167
7970,python (8660),Command Buffer 0,12244462291,195334
7971,python (8660),Compute Command 0,12244641958,13375
7972,python (8660),Command Buffer 0,12244659750,194000
7973,python (8660),Compute Command 0,12244838166,13250
7974,python (8660),Command Buffer 0,12244855833,193417
7975,python (8660),Compute Command 0,12245034000,13000
7976,python (8660),Command Buffer 0,12245051541,195667
7977,python (8660),Compute Command 0,12245231791,13125
7978,python (8660),Command Buffer 0,12245249291,179042
7979,python (8660),Compute Command 0,12245412625,13458
7980,python (8660),Command Buffer 0,12245430625,195666
7981,python (8660),Compute Command 0,12245611125,12916
7982,python (8660),Command Buffer 0,12245628458,194375
7983,python (8660),Compute Command 0,12245807541,13042
7984,python (8660),Command Buffer 0,12245825041,194875
7985,python (8660),Compute Command 0,12246004416,13250
7986,python (8660),Command Buffer 0,12246022000,196208
7987,python (8660),Compute Command 0,12246202916,13000
7988,python (8660),Command Buffer 0,12246220333,192958
7989,python (8660),Compute Command 0,12246397958,13042
7990,python (8660),Command Buffer 0,12246415458,196875
7991,python (8660),Compute Command 0,12246596750,13375
7992,python (8660),Command Buffer 0,12246614458,193667
7993,python (8660),Compute Command 0,12246792750,13125
7994,python (8660),Command Buffer 0,12246810250,191333
7995,python (8660),Compute Command 0,12246987666,11917
7996,python (8660),Command Buffer 0,12247003500,191958
7997,python (8660),Compute Command 0,12247178041,15000
7998,python (8660),Command Buffer 0,12247197833,184625
7999,python (8660),Compute Command 0,12247367083,13042
8000,python (8660),Command Buffer 0,12247384625,195125
8001,python (8660),Compute Command 0,12247564083,13417
8002,python (8660),Command Buffer 0,12247582416,199292
8003,python (8660),Compute Command 0,12247765500,13791
8004,python (8660),Command Buffer 0,12247784708,338250
8005,python (8660),Compute Command 0,12248106375,14083
8006,python (8660),Command Buffer 0,12248128125,197458
8007,python (8660),Compute Command 0,12248310041,13250
8008,python (8660),Command Buffer 0,12248327791,196459
8009,python (8660),Compute Command 0,12248508750,13166
8010,python (8660),Command Buffer 0,12248526333,195000
8011,python (8660),Compute Command 0,12248705958,13083
8012,python (8660),Command Buffer 0,12248723500,195208
8013,python (8660),Compute Command 0,12248903291,13167
8014,python (8660),Command Buffer 0,12248920875,194291
8015,python (8660),Compute Command 0,12249099666,13250
8016,python (8660),Command Buffer 0,12249117333,182042
8017,python (8660),Compute Command 0,12249284083,13042
8018,python (8660),Command Buffer 0,12249301500,195375
8019,python (8660),Compute Command 0,12249481500,13083
8020,python (8660),Command Buffer 0,12249499041,195334
8021,python (8660),Compute Command 0,12249679041,13042
8022,python (8660),Command Buffer 0,12249696458,189333
8023,python (8660),Compute Command 0,12249870333,13167
8024,python (8660),Command Buffer 0,12249888041,197084
8025,python (8660),Compute Command 0,12250069750,13083
8026,python (8660),Command Buffer 0,12250087333,194750
8027,python (8660),Compute Command 0,12250266833,13000
8028,python (8660),Command Buffer 0,12250284250,196000
8029,python (8660),Compute Command 0,12250464750,13208
8030,python (8660),Command Buffer 0,12250482416,195417
8031,python (8660),Compute Command 0,12250662541,13042
8032,python (8660),Command Buffer 0,12250680041,197834
8033,python (8660),Compute Command 0,12250859750,13083
8034,python (8660),Command Buffer 0,12250880000,194041
8035,python (8660),Compute Command 0,12251058708,13083
8036,python (8660),Command Buffer 0,12251076166,195667
8037,python (8660),Compute Command 0,12251256291,13250
8038,python (8660),Command Buffer 0,12251273916,195250
8039,python (8660),Compute Command 0,12251453583,13292
8040,python (8660),Command Buffer 0,12251471250,196458
8041,python (8660),Compute Command 0,12251652375,13083
8042,python (8660),Command Buffer 0,12251669875,196666
8043,python (8660),Compute Command 0,12251847916,16375
8044,python (8660),Command Buffer 0,12251868625,187000
8045,python (8660),Compute Command 0,12252040125,13333
8046,python (8660),Command Buffer 0,12252057791,197125
8047,python (8660),Compute Command 0,12252239541,13167
8048,python (8660),Command Buffer 0,12252257083,195375
8049,python (8660),Compute Command 0,12252437041,13167
8050,python (8660),Command Buffer 0,12252454666,193459
8051,python (8660),Compute Command 0,12252632875,13000
8052,python (8660),Command Buffer 0,12252650250,195666
8053,python (8660),Compute Command 0,12252830791,12917
8054,python (8660),Command Buffer 0,12252848125,186666
8055,python (8660),Compute Command 0,12253019458,13083
8056,python (8660),Command Buffer 0,12253039666,196917
8057,python (8660),Compute Command 0,12253221166,13167
8058,python (8660),Command Buffer 0,12253238708,194667
8059,python (8660),Compute Command 0,12253418250,12916
8060,python (8660),Command Buffer 0,12253435458,177458
8061,python (8660),Compute Command 0,12253597541,13084
8062,python (8660),Command Buffer 0,12253615083,149833
8063,python (8660),Compute Command 0,12253749708,12750
8064,python (8660),Command Buffer 0,12253767750,163458
8065,python (8660),Compute Command 0,12253913208,15875
8066,python (8660),Command Buffer 0,12253933333,158042
8067,python (8660),Compute Command 0,12254074791,14209
8068,python (8660),Command Buffer 0,12254093708,195083
8069,python (8660),Compute Command 0,12254272625,13708
8070,python (8660),Command Buffer 0,12254291041,194959
8071,python (8660),Compute Command 0,12254470291,13417
8072,python (8660),Command Buffer 0,12254488375,190041
8073,python (8660),Compute Command 0,12254666458,10333
8074,python (8660),Command Buffer 0,12254680250,192750
8075,python (8660),Compute Command 0,12254857708,13042
8076,python (8660),Command Buffer 0,12254875375,193000
8077,python (8660),Compute Command 0,12255053000,13125
8078,python (8660),Command Buffer 0,12255070666,193584
8079,python (8660),Compute Command 0,12255248958,13042
8080,python (8660),Command Buffer 0,12255266416,196167
8081,python (8660),Compute Command 0,12255447250,13083
8082,python (8660),Command Buffer 0,12255464875,193458
8083,python (8660),Compute Command 0,12255643125,13000
8084,python (8660),Command Buffer 0,12255660583,195750
8085,python (8660),Compute Command 0,12255841041,13042
8086,python (8660),Command Buffer 0,12255858416,197292
8087,python (8660),Compute Command 0,12256040416,13084
8088,python (8660),Command Buffer 0,12256057875,335041
8089,python (8660),Compute Command 0,12256377500,13125
8090,python (8660),Command Buffer 0,12256395125,199000
8091,python (8660),Compute Command 0,12256578833,13000
8092,python (8660),Command Buffer 0,12256596333,174917
8093,python (8660),Compute Command 0,12256755916,13042
8094,python (8660),Command Buffer 0,12256773333,157917
8095,python (8660),Compute Command 0,12256916291,12750
8096,python (8660),Command Buffer 0,12256933333,165417
8097,python (8660),Compute Command 0,12257082833,13458
8098,python (8660),Command Buffer 0,12257101250,169125
8099,python (8660),Compute Command 0,12257255166,12959
8100,python (8660),Command Buffer 0,12257272541,167125
8101,python (8660),Compute Command 0,12257423541,13667
8102,python (8660),Command Buffer 0,12257441958,166500
8103,python (8660),Compute Command 0,12257592375,13708
8104,python (8660),Command Buffer 0,12257610750,170583
8105,python (8660),Compute Command 0,12257765625,13375
8106,python (8660),Command Buffer 0,12257783666,168292
8107,python (8660),Compute Command 0,12257935083,14583
8108,python (8660),Command Buffer 0,12257954208,171458
8109,python (8660),Compute Command 0,12258109916,13500
8110,python (8660),Command Buffer 0,12258127875,175500
8111,python (8660),Compute Command 0,12258287916,12959
8112,python (8660),Command Buffer 0,12258305708,171625
8113,python (8660),Compute Command 0,12258464375,10583
8114,python (8660),Command Buffer 0,12258480041,248292
8115,python (8660),Compute Command 0,12258713083,13000
8116,python (8660),Command Buffer 0,12258731166,184500
8117,python (8660),Compute Command 0,12258899875,13458
8118,python (8660),Command Buffer 0,12258917875,168125
8119,python (8660),Compute Command 0,12259070291,13417
8120,python (8660),Command Buffer 0,12259088250,175000
8121,python (8660),Compute Command 0,12259247833,13125
8122,python (8660),Command Buffer 0,12259265500,181291
8123,python (8660),Compute Command 0,12259431416,13167
8124,python (8660),Command Buffer 0,12259449041,183750
8125,python (8660),Compute Command 0,12259616958,13583
8126,python (8660),Command Buffer 0,12259635041,197542
8127,python (8660),Compute Command 0,12259817083,13250
8128,python (8660),Command Buffer 0,12259834791,177750
8129,python (8660),Compute Command 0,12259997083,13208
8130,python (8660),Command Buffer 0,12260014833,192958
8131,python (8660),Compute Command 0,12260192375,13125
8132,python (8660),Command Buffer 0,12260210000,187625
8133,python (8660),Compute Command 0,12260382041,13292
8134,python (8660),Command Buffer 0,12260399875,192625
8135,python (8660),Compute Command 0,12260576916,13292
8136,python (8660),Command Buffer 0,12260594708,180083
8137,python (8660),Compute Command 0,12260759000,13458
8138,python (8660),Command Buffer 0,12260777541,194167
8139,python (8660),Compute Command 0,12260956208,13250
8140,python (8660),Command Buffer 0,12260973958,195083
8141,python (8660),Compute Command 0,12261153541,13209
8142,python (8660),Command Buffer 0,12261171166,194709
8143,python (8660),Compute Command 0,12261350625,13000
8144,python (8660),Command Buffer 0,12261368083,194375
8145,python (8660),Compute Command 0,12261547333,12958
8146,python (8660),Command Buffer 0,12261564625,192916
8147,python (8660),Compute Command 0,12261742166,13125
8148,python (8660),Command Buffer 0,12261759750,195625
8149,python (8660),Compute Command 0,12261939791,13250
8150,python (8660),Command Buffer 0,12261957625,180541
8151,python (8660),Compute Command 0,12262122500,13375
8152,python (8660),Command Buffer 0,12262140333,193458
8153,python (8660),Compute Command 0,12262318458,13083
8154,python (8660),Command Buffer 0,12262336000,195125
8155,python (8660),Compute Command 0,12262515750,13083
8156,python (8660),Command Buffer 0,12262533250,194083
8157,python (8660),Compute Command 0,12262711958,13042
8158,python (8660),Command Buffer 0,12262729500,194333
8159,python (8660),Compute Command 0,12262908333,13125
8160,python (8660),Command Buffer 0,12262925958,197583
8161,python (8660),Compute Command 0,12263107875,13416
8162,python (8660),Command Buffer 0,12263125875,196708
8163,python (8660),Compute Command 0,12263306958,13375
8164,python (8660),Command Buffer 0,12263324750,195583
8165,python (8660),Compute Command 0,12263504875,13208
8166,python (8660),Command Buffer 0,12263522583,195000
8167,python (8660),Compute Command 0,12263702416,12917
8168,python (8660),Command Buffer 0,12263719791,197042
8169,python (8660),Compute Command 0,12263901166,13334
8170,python (8660),Command Buffer 0,12263918958,189542
8171,python (8660),Compute Command 0,12264093541,12709
8172,python (8660),Command Buffer 0,12264110625,193958
8173,python (8660),Compute Command 0,12264289166,13167
8174,python (8660),Command Buffer 0,12264306833,183917
8175,python (8660),Compute Command 0,12264476625,11958
8176,python (8660),Command Buffer 0,12264493208,271708
8177,python (8660),Compute Command 0,12264748875,13583
8178,python (8660),Command Buffer 0,12264767000,196416
8179,python (8660),Compute Command 0,12264948125,13041
8180,python (8660),Command Buffer 0,12264965583,190250
8181,python (8660),Compute Command 0,12265140083,13458
8182,python (8660),Command Buffer 0,12265158333,196792
8183,python (8660),Compute Command 0,12265339875,12958
8184,python (8660),Command Buffer 0,12265357291,194209
8185,python (8660),Compute Command 0,12265536416,12834
8186,python (8660),Command Buffer 0,12265553625,196791
8187,python (8660),Compute Command 0,12265735000,13166
8188,python (8660),Command Buffer 0,12265752541,195000
8189,python (8660),Compute Command 0,12265932291,13042
8190,python (8660),Command Buffer 0,12265949666,195792
8191,python (8660),Compute Command 0,12266129208,13750
8192,python (8660),Command Buffer 0,12266147958,193250
8193,python (8660),Compute Command 0,12266324250,14333
8194,python (8660),Command Buffer 0,12266343625,193916
8195,python (8660),Compute Command 0,12266521458,13708
8196,python (8660),Command Buffer 0,12266539875,195708
8197,python (8660),Compute Command 0,12266719625,13625
8198,python (8660),Command Buffer 0,12266737875,197875
8199,python (8660),Compute Command 0,12266919541,13917
8200,python (8660),Command Buffer 0,12266938041,195750
8201,python (8660),Compute Command 0,12267118333,13125
8202,python (8660),Command Buffer 0,12267136250,176791
8203,python (8660),Compute Command 0,12267297583,13125
8204,python (8660),Command Buffer 0,12267315958,168542
8205,python (8660),Compute Command 0,12267468750,13416
8206,python (8660),Command Buffer 0,12267487083,175042
8207,python (8660),Compute Command 0,12267646750,13125
8208,python (8660),Command Buffer 0,12267667083,194000
8209,python (8660),Compute Command 0,12267845750,13041
8210,python (8660),Command Buffer 0,12267863458,193792
8211,python (8660),Compute Command 0,12268042000,12916
8212,python (8660),Command Buffer 0,12268059583,205458
8213,python (8660),Compute Command 0,12268249708,13042
8214,python (8660),Command Buffer 0,12268267416,182542
8215,python (8660),Compute Command 0,12268434208,13375
8216,python (8660),Command Buffer 0,12268452166,171209
8217,python (8660),Compute Command 0,12268606458,14458
8218,python (8660),Command Buffer 0,12268626291,158875
8219,python (8660),Compute Command 0,12268768875,13875
8220,python (8660),Command Buffer 0,12268787416,177875
8221,python (8660),Compute Command 0,12268949166,13792
8222,python (8660),Command Buffer 0,12268968041,161375
8223,python (8660),Compute Command 0,12269111750,15333
8224,python (8660),Command Buffer 0,12269131583,166833
8225,python (8660),Compute Command 0,12269282000,13833
8226,python (8660),Command Buffer 0,12269300500,164041
8227,python (8660),Compute Command 0,12269449041,13167
8228,python (8660),Command Buffer 0,12269466791,166709
8229,python (8660),Compute Command 0,12269616375,14500
8230,python (8660),Command Buffer 0,12269635500,191416
8231,python (8660),Compute Command 0,12269811500,13208
8232,python (8660),Command Buffer 0,12269829166,197292
8233,python (8660),Compute Command 0,12270010958,13250
8234,python (8660),Command Buffer 0,12270028625,187750
8235,python (8660),Compute Command 0,12270201083,13000
8236,python (8660),Command Buffer 0,12270218541,170250
8237,python (8660),Compute Command 0,12270371916,14209
8238,python (8660),Command Buffer 0,12270391166,189709
8239,python (8660),Compute Command 0,12270565083,13417
8240,python (8660),Command Buffer 0,12270583208,196250
8241,python (8660),Compute Command 0,12270763916,13209
8242,python (8660),Command Buffer 0,12270781708,194333
8243,python (8660),Compute Command 0,12270960333,13375
8244,python (8660),Command Buffer 0,12270978375,192666
8245,python (8660),Compute Command 0,12271155291,13500
8246,python (8660),Command Buffer 0,12271173458,194042
8247,python (8660),Compute Command 0,12271349208,13125
8248,python (8660),Command Buffer 0,12271369708,195292
8249,python (8660),Compute Command 0,12271549833,12958
8250,python (8660),Command Buffer 0,12271567166,196125
8251,python (8660),Compute Command 0,12271748208,12875
8252,python (8660),Command Buffer 0,12271765458,195917
8253,python (8660),Compute Command 0,12271946000,13083
8254,python (8660),Command Buffer 0,12271963541,197584
8255,python (8660),Compute Command 0,12272145500,13333
8256,python (8660),Command Buffer 0,12272163333,196500
8257,python (8660),Compute Command 0,12272344250,13291
8258,python (8660),Command Buffer 0,12272362125,182708
8259,python (8660),Compute Command 0,12272528875,13500
8260,python (8660),Command Buffer 0,12272547791,183875
8261,python (8660),Compute Command 0,12272716458,12917
8262,python (8660),Command Buffer 0,12272733958,351875
8263,python (8660),Compute Command 0,12273069833,13667
8264,python (8660),Command Buffer 0,12273088166,194667
8265,python (8660),Compute Command 0,12273266750,13708
8266,python (8660),Command Buffer 0,12273285083,195458
8267,python (8660),Compute Command 0,12273465291,13000
8268,python (8660),Command Buffer 0,12273482708,194875
8269,python (8660),Compute Command 0,12273662166,13125
8270,python (8660),Command Buffer 0,12273679958,185542
8271,python (8660),Compute Command 0,12273850083,13125
8272,python (8660),Command Buffer 0,12273867833,195917
8273,python (8660),Compute Command 0,12274048375,13166
8274,python (8660),Command Buffer 0,12274066000,193791
8275,python (8660),Compute Command 0,12274244416,13125
8276,python (8660),Command Buffer 0,12274261958,192333
8277,python (8660),Compute Command 0,12274438833,13208
8278,python (8660),Command Buffer 0,12274456500,194375
8279,python (8660),Compute Command 0,12274635375,13250
8280,python (8660),Command Buffer 0,12274653208,194250
8281,python (8660),Compute Command 0,12274832041,13209
8282,python (8660),Command Buffer 0,12274849750,196250
8283,python (8660),Compute Command 0,12275030708,13042
8284,python (8660),Command Buffer 0,12275048125,193458
8285,python (8660),Compute Command 0,12275226375,13000
8286,python (8660),Command Buffer 0,12275243708,193000
8287,python (8660),Compute Command 0,12275421083,13375
8288,python (8660),Command Buffer 0,12275438875,193333
8289,python (8660),Compute Command 0,12275616833,13083
8290,python (8660),Command Buffer 0,12275634416,191084
8291,python (8660),Compute Command 0,12275810166,13084
8292,python (8660),Command Buffer 0,12275827625,192333
8293,python (8660),Compute Command 0,12276004541,13125
8294,python (8660),Command Buffer 0,12276022083,197333
8295,python (8660),Compute Command 0,12276204333,12875
8296,python (8660),Command Buffer 0,12276221583,194042
8297,python (8660),Compute Command 0,12276400208,13167
8298,python (8660),Command Buffer 0,12276417833,195000
8299,python (8660),Compute Command 0,12276597541,13084
8300,python (8660),Command Buffer 0,12276615000,188250
8301,python (8660),Compute Command 0,12276787458,13542
8302,python (8660),Command Buffer 0,12276805416,188917
8303,python (8660),Compute Command 0,12276978625,13250
8304,python (8660),Command Buffer 0,12276997125,198250
8305,python (8660),Compute Command 0,12277176333,16833
8306,python (8660),Command Buffer 0,12277197541,192625
8307,python (8660),Compute Command 0,12277374666,13292
8308,python (8660),Command Buffer 0,12277392333,192625
8309,python (8660),Compute Command 0,12277569750,12958
8310,python (8660),Command Buffer 0,12277587166,194459
8311,python (8660),Compute Command 0,12277766375,13083
8312,python (8660),Command Buffer 0,12277783791,200167
8313,python (8660),Compute Command 0,12277968291,13417
8314,python (8660),Command Buffer 0,12277986083,193417
8315,python (8660),Compute Command 0,12278164250,13041
8316,python (8660),Command Buffer 0,12278182625,199541
8317,python (8660),Compute Command 0,12278366541,13334
8318,python (8660),Command Buffer 0,12278384375,194666
8319,python (8660),Compute Command 0,12278563791,12959
8320,python (8660),Command Buffer 0,12278581250,173208
8321,python (8660),Compute Command 0,12278736083,16000
8322,python (8660),Command Buffer 0,12278757125,184541
8323,python (8660),Compute Command 0,12278926416,13000
8324,python (8660),Command Buffer 0,12278943833,198625
8325,python (8660),Compute Command 0,12279127083,13125
8326,python (8660),Command Buffer 0,12279144625,193166
8327,python (8660),Compute Command 0,12279322625,12958
8328,python (8660),Command Buffer 0,12279340125,194416
8329,python (8660),Compute Command 0,12279519250,13083
8330,python (8660),Command Buffer 0,12279536958,195250
8331,python (8660),Compute Command 0,12279716625,13375
8332,python (8660),Command Buffer 0,12279734375,197333
8333,python (8660),Compute Command 0,12279913500,15958
8334,python (8660),Command Buffer 0,12279933875,191958
8335,python (8660),Compute Command 0,12280110583,13042
8336,python (8660),Command Buffer 0,12280128000,194958
8337,python (8660),Compute Command 0,12280307541,13209
8338,python (8660),Command Buffer 0,12280325125,193208
8339,python (8660),Compute Command 0,12280503000,13083
8340,python (8660),Command Buffer 0,12280520500,193166
8341,python (8660),Compute Command 0,12280698708,12750
8342,python (8660),Command Buffer 0,12280715875,197750
8343,python (8660),Compute Command 0,12280893791,17625
8344,python (8660),Command Buffer 0,12280915750,198333
8345,python (8660),Compute Command 0,12281098666,13167
8346,python (8660),Command Buffer 0,12281116250,332083
8347,python (8660),Compute Command 0,12281432333,13667
8348,python (8660),Command Buffer 0,12281450583,195583
8349,python (8660),Compute Command 0,12281630916,12959
8350,python (8660),Command Buffer 0,12281648333,194833
8351,python (8660),Compute Command 0,12281828083,12875
8352,python (8660),Command Buffer 0,12281845375,193500
8353,python (8660),Compute Command 0,12282023541,13084
8354,python (8660),Command Buffer 0,12282040958,196917
8355,python (8660),Compute Command 0,12282222500,13125
8356,python (8660),Command Buffer 0,12282240000,191625
8357,python (8660),Compute Command 0,12282416250,13083
8358,python (8660),Command Buffer 0,12282433791,186209
8359,python (8660),Compute Command 0,12282604666,12959
8360,python (8660),Command Buffer 0,12282622541,196917
8361,python (8660),Compute Command 0,12282804125,13125
8362,python (8660),Command Buffer 0,12282821708,197667
8363,python (8660),Compute Command 0,12283003958,13208
8364,python (8660),Command Buffer 0,12283021541,196417
8365,python (8660),Compute Command 0,12283202708,13042
8366,python (8660),Command Buffer 0,12283220166,196917
8367,python (8660),Compute Command 0,12283401708,13167
8368,python (8660),Command Buffer 0,12283419333,193833
8369,python (8660),Compute Command 0,12283597916,13000
8370,python (8660),Command Buffer 0,12283615291,195334
8371,python (8660),Compute Command 0,12283795291,13042
8372,python (8660),Command Buffer 0,12283812791,196459
8373,python (8660),Compute Command 0,12283993833,13167
8374,python (8660),Command Buffer 0,12284011458,196750
8375,python (8660),Compute Command 0,12284192958,13000
8376,python (8660),Command Buffer 0,12284210333,194042
8377,python (8660),Compute Command 0,12284389041,13084
8378,python (8660),Command Buffer 0,12284406583,194750
8379,python (8660),Compute Command 0,12284585958,13083
8380,python (8660),Command Buffer 0,12284603541,187250
8381,python (8660),Compute Command 0,12284775208,13375
8382,python (8660),Command Buffer 0,12284793000,196166
8383,python (8660),Compute Command 0,12284974000,12916
8384,python (8660),Command Buffer 0,12284991333,178083
8385,python (8660),Compute Command 0,12285154333,12875
8386,python (8660),Command Buffer 0,12285171583,174458
8387,python (8660),Compute Command 0,12285330833,12958
8388,python (8660),Command Buffer 0,12285348208,193750
8389,python (8660),Compute Command 0,12285526666,13084
8390,python (8660),Command Buffer 0,12285544166,195667
8391,python (8660),Compute Command 0,12285724666,12917
8392,python (8660),Command Buffer 0,12285742083,192292
8393,python (8660),Compute Command 0,12285922750,10000
8394,python (8660),Command Buffer 0,12285936000,192375
8395,python (8660),Compute Command 0,12286113125,13000
8396,python (8660),Command Buffer 0,12286130583,192500
8397,python (8660),Compute Command 0,12286307916,12917
8398,python (8660),Command Buffer 0,12286325250,196166
8399,python (8660),Compute Command 0,12286505958,13042
8400,python (8660),Command Buffer 0,12286523708,192875
8401,python (8660),Compute Command 0,12286701375,13000
8402,python (8660),Command Buffer 0,12286718708,198500
8403,python (8660),Compute Command 0,12286902000,13041
8404,python (8660),Command Buffer 0,12286919458,167792
8405,python (8660),Compute Command 0,12287071000,13666
8406,python (8660),Command Buffer 0,12287090000,157166
8407,python (8660),Compute Command 0,12287229291,15500
8408,python (8660),Command Buffer 0,12287249541,174459
8409,python (8660),Compute Command 0,12287407833,13833
8410,python (8660),Command Buffer 0,12287426583,183583
8411,python (8660),Compute Command 0,12287589166,18625
8412,python (8660),Command Buffer 0,12287612416,193584
8413,python (8660),Compute Command 0,12287790000,13708
8414,python (8660),Command Buffer 0,12287808458,194042
8415,python (8660),Compute Command 0,12287986833,13333
8416,python (8660),Command Buffer 0,12288004750,193166
8417,python (8660),Compute Command 0,12288181333,14333
8418,python (8660),Command Buffer 0,12288200041,195167
8419,python (8660),Compute Command 0,12288379875,13083
8420,python (8660),Command Buffer 0,12288397458,194208
8421,python (8660),Compute Command 0,12288576375,13000
8422,python (8660),Command Buffer 0,12288594083,195292
8423,python (8660),Compute Command 0,12288774208,12958
8424,python (8660),Command Buffer 0,12288791666,195042
8425,python (8660),Compute Command 0,12288971250,13208
8426,python (8660),Command Buffer 0,12288988875,188791
8427,python (8660),Compute Command 0,12289161791,13625
8428,python (8660),Command Buffer 0,12289180500,192125
8429,python (8660),Compute Command 0,12289357041,13334
8430,python (8660),Command Buffer 0,12289375000,349000
8431,python (8660),Compute Command 0,12289707916,13625
8432,python (8660),Command Buffer 0,12289726458,205917
8433,python (8660),Compute Command 0,12289916875,13208
8434,python (8660),Command Buffer 0,12289934583,176125
8435,python (8660),Compute Command 0,12290094833,13500
8436,python (8660),Command Buffer 0,12290113000,169583
8437,python (8660),Compute Command 0,12290267083,13208
8438,python (8660),Command Buffer 0,12290284833,169750
8439,python (8660),Compute Command 0,12290439166,13084
8440,python (8660),Command Buffer 0,12290456833,174167
8441,python (8660),Compute Command 0,12290615458,13208
8442,python (8660),Command Buffer 0,12290633291,170875
8443,python (8660),Compute Command 0,12290788416,13417
8444,python (8660),Command Buffer 0,12290806458,168333
8445,python (8660),Compute Command 0,12290959375,13125
8446,python (8660),Command Buffer 0,12290977041,171042
8447,python (8660),Compute Command 0,12291132958,12917
8448,python (8660),Command Buffer 0,12291150333,168625
8449,python (8660),Compute Command 0,12291302958,13792
8450,python (8660),Command Buffer 0,12291321208,175458
8451,python (8660),Compute Command 0,12291480708,13417
8452,python (8660),Command Buffer 0,12291499541,180750
8453,python (8660),Compute Command 0,12291664541,13167
8454,python (8660),Command Buffer 0,12291682583,181583
8455,python (8660),Compute Command 0,12291842083,19833
8456,python (8660),Command Buffer 0,12291866375,225416
8457,python (8660),Compute Command 0,12292076250,13208
8458,python (8660),Command Buffer 0,12292094125,175708
8459,python (8660),Compute Command 0,12292254083,13500
8460,python (8660),Command Buffer 0,12292272166,176459
8461,python (8660),Compute Command 0,12292432916,13417
8462,python (8660),Command Buffer 0,12292450875,175000
8463,python (8660),Compute Command 0,12292610500,13125
8464,python (8660),Command Buffer 0,12292628083,175500
8465,python (8660),Compute Command 0,12292788000,13291
8466,python (8660),Command Buffer 0,12292805833,188250
8467,python (8660),Compute Command 0,12292978500,13291
8468,python (8660),Command Buffer 0,12292996291,200125
8469,python (8660),Compute Command 0,12293180208,13958
8470,python (8660),Command Buffer 0,12293198583,195250
8471,python (8660),Compute Command 0,12293378541,13042
8472,python (8660),Command Buffer 0,12293396166,189375
8473,python (8660),Compute Command 0,12293569750,13291
8474,python (8660),Command Buffer 0,12293588291,184209
8475,python (8660),Compute Command 0,12293757250,13000
8476,python (8660),Command Buffer 0,12293774666,200375
8477,python (8660),Compute Command 0,12293956833,13250
8478,python (8660),Command Buffer 0,12293977250,194333
8479,python (8660),Compute Command 0,12294156250,13125
8480,python (8660),Command Buffer 0,12294173791,196792
8481,python (8660),Compute Command 0,12294355125,13250
8482,python (8660),Command Buffer 0,12294372750,193541
8483,python (8660),Compute Command 0,12294551000,13000
8484,python (8660),Command Buffer 0,12294568458,197875
8485,python (8660),Compute Command 0,12294751041,13042
8486,python (8660),Command Buffer 0,12294768541,194625
8487,python (8660),Compute Command 0,12294947541,13417
8488,python (8660),Command Buffer 0,12294965375,197333
8489,python (8660),Compute Command 0,12295146750,13583
8490,python (8660),Command Buffer 0,12295164916,198584
8491,python (8660),Compute Command 0,12295347666,13542
8492,python (8660),Command Buffer 0,12295365958,195375
8493,python (8660),Compute Command 0,12295545791,13209
8494,python (8660),Command Buffer 0,12295563500,193791
8495,python (8660),Compute Command 0,12295741916,13084
8496,python (8660),Command Buffer 0,12295760125,200166
8497,python (8660),Compute Command 0,12295944875,13166
8498,python (8660),Command Buffer 0,12295962500,198958
8499,python (8660),Compute Command 0,12296146000,13166
8500,python (8660),Command Buffer 0,12296163583,198208
8501,python (8660),Compute Command 0,12296346583,13000
8502,python (8660),Command Buffer 0,12296363958,196292
8503,python (8660),Compute Command 0,12296545000,13000
8504,python (8660),Command Buffer 0,12296562416,195542
8505,python (8660),Compute Command 0,12296742541,13167
8506,python (8660),Command Buffer 0,12296760125,195541
8507,python (8660),Compute Command 0,12296940125,13291
8508,python (8660),Command Buffer 0,12296957791,194500
8509,python (8660),Compute Command 0,12297137208,12833
8510,python (8660),Command Buffer 0,12297157333,195792
8511,python (8660),Compute Command 0,12297337916,12959
8512,python (8660),Command Buffer 0,12297355291,197625
8513,python (8660),Compute Command 0,12297537291,13334
8514,python (8660),Command Buffer 0,12297555083,196750
8515,python (8660),Compute Command 0,12297735750,13791
8516,python (8660),Command Buffer 0,12297754458,358542
8517,python (8660),Compute Command 0,12298097083,13458
8518,python (8660),Command Buffer 0,12298115458,199125
8519,python (8660),Compute Command 0,12298299125,13208
8520,python (8660),Command Buffer 0,12298316708,195917
8521,python (8660),Compute Command 0,12298497125,13250
8522,python (8660),Command Buffer 0,12298514750,196666
8523,python (8660),Compute Command 0,12298696125,13083
8524,python (8660),Command Buffer 0,12298713583,197458
8525,python (8660),Compute Command 0,12298895625,13166
8526,python (8660),Command Buffer 0,12298913333,194542
8527,python (8660),Compute Command 0,12299092375,13208
8528,python (8660),Command Buffer 0,12299109958,195750
8529,python (8660),Compute Command 0,12299290250,13125
8530,python (8660),Command Buffer 0,12299307833,195292
8531,python (8660),Compute Command 0,12299487833,13042
8532,python (8660),Command Buffer 0,12299505250,200000
8533,python (8660),Compute Command 0,12299690041,13000
8534,python (8660),Command Buffer 0,12299707333,193583
8535,python (8660),Compute Command 0,12299885458,13208
8536,python (8660),Command Buffer 0,12299903125,195791
8537,python (8660),Compute Command 0,12300083500,13166
8538,python (8660),Command Buffer 0,12300101125,193166
8539,python (8660),Compute Command 0,12300278833,13167
8540,python (8660),Command Buffer 0,12300296458,195833
8541,python (8660),Compute Command 0,12300476833,13167
8542,python (8660),Command Buffer 0,12300494416,195667
8543,python (8660),Compute Command 0,12300674916,12875
8544,python (8660),Command Buffer 0,12300692291,196209
8545,python (8660),Compute Command 0,12300873333,12917
8546,python (8660),Command Buffer 0,12300890583,195833
8547,python (8660),Compute Command 0,12301071000,13166
8548,python (8660),Command Buffer 0,12301088583,195917
8549,python (8660),Compute Command 0,12301269166,13084
8550,python (8660),Command Buffer 0,12301286625,194625
8551,python (8660),Compute Command 0,12301465958,13000
8552,python (8660),Command Buffer 0,12301483375,199333
8553,python (8660),Compute Command 0,12301667666,12834
8554,python (8660),Command Buffer 0,12301684875,195375
8555,python (8660),Compute Command 0,12301865000,12958
8556,python (8660),Command Buffer 0,12301882458,188708
8557,python (8660),Compute Command 0,12302055958,13000
8558,python (8660),Command Buffer 0,12302073375,193166
8559,python (8660),Compute Command 0,12302251250,13000
8560,python (8660),Command Buffer 0,12302268708,191375
8561,python (8660),Compute Command 0,12302444500,13333
8562,python (8660),Command Buffer 0,12302462166,195000
8563,python (8660),Compute Command 0,12302642041,12875
8564,python (8660),Command Buffer 0,12302659291,195459
8565,python (8660),Compute Command 0,12302839375,13083
8566,python (8660),Command Buffer 0,12302856833,195167
8567,python (8660),Compute Command 0,12303036750,13041
8568,python (8660),Command Buffer 0,12303054166,198917
8569,python (8660),Compute Command 0,12303237583,13292
8570,python (8660),Command Buffer 0,12303255250,194750
8571,python (8660),Compute Command 0,12303434791,12959
8572,python (8660),Command Buffer 0,12303452083,196833
8573,python (8660),Compute Command 0,12303633208,13458
8574,python (8660),Command Buffer 0,12303650708,192833
8575,python (8660),Compute Command 0,12303828375,12875
8576,python (8660),Command Buffer 0,12303845708,194500
8577,python (8660),Compute Command 0,12304024833,13083
8578,python (8660),Command Buffer 0,12304042416,179584
8579,python (8660),Compute Command 0,12304206125,13541
8580,python (8660),Command Buffer 0,12304224291,185334
8581,python (8660),Compute Command 0,12304394416,12875
8582,python (8660),Command Buffer 0,12304411791,186334
8583,python (8660),Compute Command 0,12304582416,13334
8584,python (8660),Command Buffer 0,12304600375,189000
8585,python (8660),Compute Command 0,12304771250,13041
8586,python (8660),Command Buffer 0,12304791583,195250
8587,python (8660),Compute Command 0,12304971541,13042
8588,python (8660),Command Buffer 0,12304989041,194042
8589,python (8660),Compute Command 0,12305167916,12959
8590,python (8660),Command Buffer 0,12305185291,198000
8591,python (8660),Compute Command 0,12305368291,12750
8592,python (8660),Command Buffer 0,12305385416,195959
8593,python (8660),Compute Command 0,12305566208,12917
8594,python (8660),Command Buffer 0,12305583541,195084
8595,python (8660),Compute Command 0,12305763416,13000
8596,python (8660),Command Buffer 0,12305780791,199125
8597,python (8660),Compute Command 0,12305964541,13167
8598,python (8660),Command Buffer 0,12305982125,353666
8599,python (8660),Compute Command 0,12306319458,13875
8600,python (8660),Command Buffer 0,12306338500,189791
8601,python (8660),Compute Command 0,12306512333,13708
8602,python (8660),Command Buffer 0,12306530458,196042
8603,python (8660),Compute Command 0,12306711250,13000
8604,python (8660),Command Buffer 0,12306729125,199125
8605,python (8660),Compute Command 0,12306912875,13166
8606,python (8660),Command Buffer 0,12306930416,197917
8607,python (8660),Compute Command 0,12307110083,13208
8608,python (8660),Command Buffer 0,12307130458,194583
8609,python (8660),Compute Command 0,12307309583,13208
8610,python (8660),Command Buffer 0,12307327250,196750
8611,python (8660),Compute Command 0,12307508916,12834
8612,python (8660),Command Buffer 0,12307526208,195667
8613,python (8660),Compute Command 0,12307706250,13333
8614,python (8660),Command Buffer 0,12307724250,194791
8615,python (8660),Compute Command 0,12307903916,12959
8616,python (8660),Command Buffer 0,12307921166,195917
8617,python (8660),Compute Command 0,12308101166,13625
8618,python (8660),Command Buffer 0,12308119333,195583
8619,python (8660),Compute Command 0,12308299416,13250
8620,python (8660),Command Buffer 0,12308317083,193042
8621,python (8660),Compute Command 0,12308495125,12750
8622,python (8660),Command Buffer 0,12308512250,195125
8623,python (8660),Compute Command 0,12308692208,12917
8624,python (8660),Command Buffer 0,12308709625,195375
8625,python (8660),Compute Command 0,12308889958,12792
8626,python (8660),Command Buffer 0,12308907166,195334
8627,python (8660),Compute Command 0,12309087291,12959
8628,python (8660),Command Buffer 0,12309104666,194500
8629,python (8660),Compute Command 0,12309284125,12833
8630,python (8660),Command Buffer 0,12309301333,195542
8631,python (8660),Compute Command 0,12309481375,13250
8632,python (8660),Command Buffer 0,12309499125,194250
8633,python (8660),Compute Command 0,12309677958,13167
8634,python (8660),Command Buffer 0,12309695500,181750
8635,python (8660),Compute Command 0,12309861708,13292
8636,python (8660),Command Buffer 0,12309879416,194125
8637,python (8660),Compute Command 0,12310058041,13209
8638,python (8660),Command Buffer 0,12310075625,196166
8639,python (8660),Compute Command 0,12310256500,13041
8640,python (8660),Command Buffer 0,12310274208,183750
8641,python (8660),Compute Command 0,12310442666,13084
8642,python (8660),Command Buffer 0,12310460166,195000
8643,python (8660),Compute Command 0,12310640000,12916
8644,python (8660),Command Buffer 0,12310657375,194791
8645,python (8660),Compute Command 0,12310837041,12917
8646,python (8660),Command Buffer 0,12310854291,190084
8647,python (8660),Compute Command 0,12311029250,12875
8648,python (8660),Command Buffer 0,12311046541,189834
8649,python (8660),Compute Command 0,12311220708,13458
8650,python (8660),Command Buffer 0,12311238541,197042
8651,python (8660),Compute Command 0,12311420458,12833
8652,python (8660),Command Buffer 0,12311437708,193583
8653,python (8660),Compute Command 0,12311615791,13250
8654,python (8660),Command Buffer 0,12311633375,195708
8655,python (8660),Compute Command 0,12311813750,13083
8656,python (8660),Command Buffer 0,12311831250,199625
8657,python (8660),Compute Command 0,12312014875,13583
8658,python (8660),Command Buffer 0,12312033083,196333
8659,python (8660),Compute Command 0,12312214041,13000
8660,python (8660),Command Buffer 0,12312231583,186542
8661,python (8660),Compute Command 0,12312403041,12875
8662,python (8660),Command Buffer 0,12312420291,194459
8663,python (8660),Compute Command 0,12312599500,13041
8664,python (8660),Command Buffer 0,12312616833,195708
8665,python (8660),Compute Command 0,12312797041,13292
8666,python (8660),Command Buffer 0,12312814750,194708
8667,python (8660),Compute Command 0,12312994041,13167
8668,python (8660),Command Buffer 0,12313011625,196666
8669,python (8660),Compute Command 0,12313193166,12917
8670,python (8660),Command Buffer 0,12313210458,188208
8671,python (8660),Compute Command 0,12313383500,12958
8672,python (8660),Command Buffer 0,12313400791,203542
8673,python (8660),Compute Command 0,12313588791,13292
8674,python (8660),Command Buffer 0,12313606458,195042
8675,python (8660),Compute Command 0,12313786125,13083
8676,python (8660),Command Buffer 0,12313803625,194791
8677,python (8660),Compute Command 0,12313983083,13042
8678,python (8660),Command Buffer 0,12314000625,196958
8679,python (8660),Compute Command 0,12314180791,14542
8680,python (8660),Command Buffer 0,12314199750,194625
8681,python (8660),Compute Command 0,12314379166,13000
8682,python (8660),Command Buffer 0,12314396583,347833
8683,python (8660),Compute Command 0,12314728708,13292
8684,python (8660),Command Buffer 0,12314747000,196208
8685,python (8660),Compute Command 0,12314928041,12959
8686,python (8660),Command Buffer 0,12314945375,194500
8687,python (8660),Compute Command 0,12315124458,13167
8688,python (8660),Command Buffer 0,12315142041,197000
8689,python (8660),Compute Command 0,12315323833,12958
8690,python (8660),Command Buffer 0,12315341166,189500
8691,python (8660),Compute Command 0,12315515250,13041
8692,python (8660),Command Buffer 0,12315533500,199416
8693,python (8660),Compute Command 0,12315717666,13084
8694,python (8660),Command Buffer 0,12315735166,194542
8695,python (8660),Compute Command 0,12315914458,13000
8696,python (8660),Command Buffer 0,12315931875,196833
8697,python (8660),Compute Command 0,12316113333,13125
8698,python (8660),Command Buffer 0,12316130916,195875
8699,python (8660),Compute Command 0,12316311583,12958
8700,python (8660),Command Buffer 0,12316328875,198333
8701,python (8660),Compute Command 0,12316511625,13250
8702,python (8660),Command Buffer 0,12316529458,180417
8703,python (8660),Compute Command 0,12316694250,13375
8704,python (8660),Command Buffer 0,12316712166,166292
8705,python (8660),Compute Command 0,12316862083,14000
8706,python (8660),Command Buffer 0,12316880916,165792
8707,python (8660),Compute Command 0,12317031125,13250
8708,python (8660),Command Buffer 0,12317049291,177875
8709,python (8660),Compute Command 0,12317211625,13250
8710,python (8660),Command Buffer 0,12317229541,170209
8711,python (8660),Compute Command 0,12317383958,13417
8712,python (8660),Command Buffer 0,12317402583,167792
8713,python (8660),Compute Command 0,12317554666,13334
8714,python (8660),Command Buffer 0,12317573208,170833
8715,python (8660),Compute Command 0,12317728583,13125
8716,python (8660),Command Buffer 0,12317746791,171959
8717,python (8660),Compute Command 0,12317903166,13292
8718,python (8660),Command Buffer 0,12317921375,184791
8719,python (8660),Compute Command 0,12318090583,13250
8720,python (8660),Command Buffer 0,12318110958,196750
8721,python (8660),Compute Command 0,12318292083,13333
8722,python (8660),Command Buffer 0,12318312625,197416
8723,python (8660),Compute Command 0,12318494750,13000
8724,python (8660),Command Buffer 0,12318512416,174542
8725,python (8660),Compute Command 0,12318669541,15042
8726,python (8660),Command Buffer 0,12318689791,164584
8727,python (8660),Compute Command 0,12318837791,14292
8728,python (8660),Command Buffer 0,12318856458,161542
8729,python (8660),Compute Command 0,12319000791,14584
8730,python (8660),Command Buffer 0,12319020791,162209
8731,python (8660),Compute Command 0,12319166208,14375
8732,python (8660),Command Buffer 0,12319187500,151041
8733,python (8660),Compute Command 0,12319321875,14250
8734,python (8660),Command Buffer 0,12319341333,149000
8735,python (8660),Compute Command 0,12319475333,13083
8736,python (8660),Command Buffer 0,12319496125,159541
8737,python (8660),Compute Command 0,12319639416,13792
8738,python (8660),Command Buffer 0,12319658541,164584
8739,python (8660),Compute Command 0,12319805916,15125
8740,python (8660),Command Buffer 0,12319825875,167666
8741,python (8660),Compute Command 0,12319977250,13958
8742,python (8660),Command Buffer 0,12319996000,158916
8743,python (8660),Compute Command 0,12320137875,14625
8744,python (8660),Command Buffer 0,12320157791,158584
8745,python (8660),Compute Command 0,12320299250,14625
8746,python (8660),Command Buffer 0,12320319458,159167
8747,python (8660),Compute Command 0,12320461583,14500
8748,python (8660),Command Buffer 0,12320481125,162125
8749,python (8660),Compute Command 0,12320626791,14417
8750,python (8660),Command Buffer 0,12320645583,151750
8751,python (8660),Compute Command 0,12320780666,14167
8752,python (8660),Command Buffer 0,12320800583,141917
8753,python (8660),Compute Command 0,12320928625,11875
8754,python (8660),Command Buffer 0,12320946541,164167
8755,python (8660),Compute Command 0,12321093166,15625
8756,python (8660),Command Buffer 0,12321113083,154542
8757,python (8660),Compute Command 0,12321252833,12833
8758,python (8660),Command Buffer 0,12321270416,154542
8759,python (8660),Compute Command 0,12321410750,12208
8760,python (8660),Command Buffer 0,12321427083,179208
8761,python (8660),Compute Command 0,12321585666,17959
8762,python (8660),Command Buffer 0,12321608958,170458
8763,python (8660),Compute Command 0,12321761125,15708
8764,python (8660),Command Buffer 0,12321781958,163042
8765,python (8660),Compute Command 0,12321929750,13166
8766,python (8660),Command Buffer 0,12321948750,254208
8767,python (8660),Compute Command 0,12322180000,20666
8768,python (8660),Command Buffer 0,12322205750,269375
8769,python (8660),Compute Command 0,12322432541,34542
8770,python (8660),Command Buffer 0,12322483875,182875
8771,python (8660),Compute Command 0,12322640833,22792
8772,python (8660),Command Buffer 0,12322671125,319666
8773,python (8660),Compute Command 0,12322973666,15209
8774,python (8660),Command Buffer 0,12322993166,151792
8775,python (8660),Compute Command 0,12323131125,11916
8776,python (8660),Command Buffer 0,12323147291,145875
8777,python (8660),Compute Command 0,12323279625,11500
8778,python (8660),Command Buffer 0,12323295708,164250
8779,python (8660),Compute Command 0,12323445000,13083
8780,python (8660),Command Buffer 0,12323462166,149334
8781,python (8660),Compute Command 0,12323597583,12083
8782,python (8660),Command Buffer 0,12323614041,161167
8783,python (8660),Compute Command 0,12323759791,13542
8784,python (8660),Command Buffer 0,12323777750,152208
8785,python (8660),Compute Command 0,12323915541,11209
8786,python (8660),Command Buffer 0,12323933041,161500
8787,python (8660),Compute Command 0,12324077416,14750
8788,python (8660),Command Buffer 0,12324097083,175875
8789,python (8660),Compute Command 0,12324253458,16500
8790,python (8660),Command Buffer 0,12324277958,175792
8791,python (8660),Compute Command 0,12324436500,14958
8792,python (8660),Command Buffer 0,12324456666,161667
8793,python (8660),Compute Command 0,12324603166,12792
8794,python (8660),Command Buffer 0,12324620833,157083
8795,python (8660),Compute Command 0,12324762583,13208
8796,python (8660),Command Buffer 0,12324780166,160584
8797,python (8660),Compute Command 0,12324926208,12458
8798,python (8660),Command Buffer 0,12324943583,177792
8799,python (8660),Compute Command 0,12325105791,13459
8800,python (8660),Command Buffer 0,12325124791,177625
8801,python (8660),Compute Command 0,12325286166,13709
8802,python (8660),Command Buffer 0,12325307000,231250
8803,python (8660),Compute Command 0,12325517916,17584
8804,python (8660),Command Buffer 0,12325543041,198709
8805,python (8660),Compute Command 0,12325725708,13750
8806,python (8660),Command Buffer 0,12325744916,177209
8807,python (8660),Compute Command 0,12325905166,14834
8808,python (8660),Command Buffer 0,12325926166,189625
8809,python (8660),Compute Command 0,12326097208,16250
8810,python (8660),Command Buffer 0,12326119208,173417
8811,python (8660),Compute Command 0,12326276208,14292
8812,python (8660),Command Buffer 0,12326295541,185584
8813,python (8660),Compute Command 0,12326456833,21125
8814,python (8660),Command Buffer 0,12326487041,186125
8815,python (8660),Compute Command 0,12326651208,19417
8816,python (8660),Command Buffer 0,12326675916,165625
8817,python (8660),Compute Command 0,12326825125,14458
8818,python (8660),Command Buffer 0,12326843916,154042
8819,python (8660),Compute Command 0,12326982875,13083
8820,python (8660),Command Buffer 0,12327000791,145542
8821,python (8660),Compute Command 0,12327130833,13458
8822,python (8660),Command Buffer 0,12327149583,156250
8823,python (8660),Compute Command 0,12327292083,11792
8824,python (8660),Command Buffer 0,12327308583,160792
8825,python (8660),Compute Command 0,12327446416,20959
8826,python (8660),Command Buffer 0,12327472250,142083
8827,python (8660),Compute Command 0,12327599708,12625
8828,python (8660),Command Buffer 0,12327616708,166833
8829,python (8660),Compute Command 0,12327768083,13250
8830,python (8660),Command Buffer 0,12327786041,146375
8831,python (8660),Compute Command 0,12327917458,12875
8832,python (8660),Command Buffer 0,12327935291,149292
8833,python (8660),Compute Command 0,12328067833,14750
8834,python (8660),Command Buffer 0,12328087000,144000
8835,python (8660),Compute Command 0,12328216708,12208
8836,python (8660),Command Buffer 0,12328233791,151750
8837,python (8660),Compute Command 0,12328371291,12334
8838,python (8660),Command Buffer 0,12328387916,146125
8839,python (8660),Compute Command 0,12328519583,12375
8840,python (8660),Command Buffer 0,12328535750,173541
8841,python (8660),Compute Command 0,12328692375,14791
8842,python (8660),Command Buffer 0,12328711416,242709
8843,python (8660),Compute Command 0,12328911916,36125
8844,python (8660),Command Buffer 0,12328962958,206750
8845,python (8660),Compute Command 0,12329143291,21709
8846,python (8660),Command Buffer 0,12329176333,177542
8847,python (8660),Compute Command 0,12329335166,16500
8848,python (8660),Command Buffer 0,12329356833,157875
8849,python (8660),Compute Command 0,12329498541,14084
8850,python (8660),Command Buffer 0,12329517250,174500
8851,python (8660),Compute Command 0,12329672041,16750
8852,python (8660),Command Buffer 0,12329697500,165208
8853,python (8660),Compute Command 0,12329847041,13584
8854,python (8660),Command Buffer 0,12329865500,236916
8855,python (8660),Compute Command 0,12330076500,22916
8856,python (8660),Command Buffer 0,12330106875,176375
8857,python (8660),Compute Command 0,12330263291,17834
8858,python (8660),Command Buffer 0,12330285750,165625
8859,python (8660),Compute Command 0,12330436541,12792
8860,python (8660),Command Buffer 0,12330453791,150292
8861,python (8660),Compute Command 0,12330588875,13208
8862,python (8660),Command Buffer 0,12330608291,151250
8863,python (8660),Compute Command 0,12330745458,12125
8864,python (8660),Command Buffer 0,12330761875,163583
8865,python (8660),Compute Command 0,12330906083,17000
8866,python (8660),Command Buffer 0,12330928500,168208
8867,python (8660),Compute Command 0,12331080166,14417
8868,python (8660),Command Buffer 0,12331099166,291084
8869,python (8660),Compute Command 0,12331373791,14417
8870,python (8660),Command Buffer 0,12331392791,143125
8871,python (8660),Compute Command 0,12331522041,11750
8872,python (8660),Command Buffer 0,12331538000,152458
8873,python (8660),Compute Command 0,12331676958,11583
8874,python (8660),Command Buffer 0,12331692708,144333
8875,python (8660),Compute Command 0,12331823416,11750
8876,python (8660),Command Buffer 0,12331839291,155167
8877,python (8660),Compute Command 0,12331981333,11042
8878,python (8660),Command Buffer 0,12331996375,156666
8879,python (8660),Compute Command 0,12332138958,12125
8880,python (8660),Command Buffer 0,12332155291,161750
8881,python (8660),Compute Command 0,12332301250,11166
8882,python (8660),Command Buffer 0,12332319166,160917
8883,python (8660),Compute Command 0,12332466833,11333
8884,python (8660),Command Buffer 0,12332482208,149083
8885,python (8660),Compute Command 0,12332618041,11375
8886,python (8660),Command Buffer 0,12332633208,142250
8887,python (8660),Compute Command 0,12332762375,11166
8888,python (8660),Command Buffer 0,12332777458,156000
8889,python (8660),Compute Command 0,12332920458,10917
8890,python (8660),Command Buffer 0,12332935708,151792
8891,python (8660),Compute Command 0,12333073791,11625
8892,python (8660),Command Buffer 0,12333090125,144750
8893,python (8660),Compute Command 0,12333221500,11541
8894,python (8660),Command Buffer 0,12333237208,156750
8895,python (8660),Compute Command 0,12333380708,11333
8896,python (8660),Command Buffer 0,12333396000,154750
8897,python (8660),Compute Command 0,12333537416,11542
8898,python (8660),Command Buffer 0,12333553333,157625
8899,python (8660),Compute Command 0,12333697791,11250
8900,python (8660),Command Buffer 0,12333712958,145875
8901,python (8660),Compute Command 0,12333843041,13709
8902,python (8660),Command Buffer 0,12333861083,162708
8903,python (8660),Compute Command 0,12334005791,15959
8904,python (8660),Command Buffer 0,12334026083,147792
8905,python (8660),Compute Command 0,12334160875,11166
8906,python (8660),Command Buffer 0,12334175958,163083
8907,python (8660),Compute Command 0,12334326083,11167
8908,python (8660),Command Buffer 0,12334341541,154000
8909,python (8660),Compute Command 0,12334482625,11083
8910,python (8660),Command Buffer 0,12334498000,150083
8911,python (8660),Compute Command 0,12334635208,10958
8912,python (8660),Command Buffer 0,12334651125,141250
8913,python (8660),Compute Command 0,12334779416,11084
8914,python (8660),Command Buffer 0,12334794625,137666
8915,python (8660),Compute Command 0,12334918916,11500
8916,python (8660),Command Buffer 0,12334934666,149542
8917,python (8660),Compute Command 0,12335071333,10917
8918,python (8660),Command Buffer 0,12335086500,143791
8919,python (8660),Compute Command 0,12335217083,11083
8920,python (8660),Command Buffer 0,12335232666,147334
8921,python (8660),Compute Command 0,12335366625,11583
8922,python (8660),Command Buffer 0,12335382250,167083
8923,python (8660),Compute Command 0,12335535958,11500
8924,python (8660),Command Buffer 0,12335551500,166166
8925,python (8660),Compute Command 0,12335704875,10875
8926,python (8660),Command Buffer 0,12335720125,172916
8927,python (8660),Compute Command 0,12335875333,15792
8928,python (8660),Command Buffer 0,12335895375,157375
8929,python (8660),Compute Command 0,12336039458,11375
8930,python (8660),Command Buffer 0,12336055041,167875
8931,python (8660),Compute Command 0,12336208875,12125
8932,python (8660),Command Buffer 0,12336224833,169167
8933,python (8660),Compute Command 0,12336380958,11083
8934,python (8660),Command Buffer 0,12336396333,170792
8935,python (8660),Compute Command 0,12336553208,11917
8936,python (8660),Command Buffer 0,12336569708,173708
8937,python (8660),Compute Command 0,12336730291,11209
8938,python (8660),Command Buffer 0,12336745708,158208
8939,python (8660),Compute Command 0,12336890708,11375
8940,python (8660),Command Buffer 0,12336906333,156625
8941,python (8660),Compute Command 0,12337047916,12834
8942,python (8660),Command Buffer 0,12337065333,148458
8943,python (8660),Compute Command 0,12337199333,12458
8944,python (8660),Command Buffer 0,12337216041,163417
8945,python (8660),Compute Command 0,12337365958,11542
8946,python (8660),Command Buffer 0,12337381708,180375
8947,python (8660),Compute Command 0,12337548583,11667
8948,python (8660),Command Buffer 0,12337564166,147667
8949,python (8660),Compute Command 0,12337699083,10875
8950,python (8660),Command Buffer 0,12337713791,170042
8951,python (8660),Compute Command 0,12337870750,11208
8952,python (8660),Command Buffer 0,12337885750,171541
8953,python (8660),Compute Command 0,12338044333,11083
8954,python (8660),Command Buffer 0,12338059250,169791
8955,python (8660),Compute Command 0,12338216125,11000
8956,python (8660),Command Buffer 0,12338230791,171042
8957,python (8660),Compute Command 0,12338386916,12834
8958,python (8660),Command Buffer 0,12338403958,172875
8959,python (8660),Compute Command 0,12338559708,15208
8960,python (8660),Command Buffer 0,12338578958,169750
8961,python (8660),Compute Command 0,12338735041,11334
8962,python (8660),Command Buffer 0,12338751875,155625
8963,python (8660),Compute Command 0,12338894166,11375
8964,python (8660),Command Buffer 0,12338910125,166791
8965,python (8660),Compute Command 0,12339063666,11334
8966,python (8660),Command Buffer 0,12339079166,168667
8967,python (8660),Compute Command 0,12339234833,11042
8968,python (8660),Command Buffer 0,12339250208,170750
8969,python (8660),Compute Command 0,12339407708,11333
8970,python (8660),Command Buffer 0,12339422833,331375
8971,python (8660),Compute Command 0,12339740708,11542
8972,python (8660),Command Buffer 0,12339756750,168333
8973,python (8660),Compute Command 0,12339910125,12875
8974,python (8660),Command Buffer 0,12339927416,152084
8975,python (8660),Compute Command 0,12340065416,12125
8976,python (8660),Command Buffer 0,12340081791,165000
8977,python (8660),Compute Command 0,12340233375,11500
8978,python (8660),Command Buffer 0,12340248958,167333
8979,python (8660),Compute Command 0,12340401208,13083
8980,python (8660),Command Buffer 0,12340418416,169875
8981,python (8660),Compute Command 0,12340574208,12042
8982,python (8660),Command Buffer 0,12340590375,172625
8983,python (8660),Compute Command 0,12340745958,15125
8984,python (8660),Command Buffer 0,12340765083,168292
8985,python (8660),Compute Command 0,12340920041,11334
8986,python (8660),Command Buffer 0,12340935666,154625
8987,python (8660),Compute Command 0,12341071125,16916
8988,python (8660),Command Buffer 0,12341092708,164375
8989,python (8660),Compute Command 0,12341243875,11291
8990,python (8660),Command Buffer 0,12341259208,166250
8991,python (8660),Compute Command 0,12341412583,10958
8992,python (8660),Command Buffer 0,12341427500,171250
8993,python (8660),Compute Command 0,12341585583,11250
8994,python (8660),Command Buffer 0,12341600833,168250
8995,python (8660),Compute Command 0,12341756541,10709
8996,python (8660),Command Buffer 0,12341771208,176042
8997,python (8660),Compute Command 0,12341933541,11875
8998,python (8660),Command Buffer 0,12341949375,161333
8999,python (8660),Compute Command 0,12342097916,10875
9000,python (8660),Command Buffer 0,12342112458,172542
9001,python (8660),Compute Command 0,12342271541,11667
9002,python (8660),Command Buffer 0,12342287166,149667
9003,python (8660),Compute Command 0,12342423958,11042
9004,python (8660),Command Buffer 0,12342439291,169042
9005,python (8660),Compute Command 0,12342595500,10958
9006,python (8660),Command Buffer 0,12342610708,168500
9007,python (8660),Compute Command 0,12342766083,11292
9008,python (8660),Command Buffer 0,12342781291,174334
9009,python (8660),Compute Command 0,12342942583,11167
9010,python (8660),Command Buffer 0,12342957958,150583
9011,python (8660),Compute Command 0,12343095916,10750
9012,python (8660),Command Buffer 0,12343110958,168250
9013,python (8660),Compute Command 0,12343265875,11291
9014,python (8660),Command Buffer 0,12343281500,167708
9015,python (8660),Compute Command 0,12343435583,11792
9016,python (8660),Command Buffer 0,12343451625,168750
9017,python (8660),Compute Command 0,12343605458,12833
9018,python (8660),Command Buffer 0,12343622666,171250
9019,python (8660),Compute Command 0,12343780625,11458
9020,python (8660),Command Buffer 0,12343796125,169000
9021,python (8660),Compute Command 0,12343951625,11375
9022,python (8660),Command Buffer 0,12343967500,176541
9023,python (8660),Compute Command 0,12344130250,11958
9024,python (8660),Command Buffer 0,12344146291,161625
9025,python (8660),Compute Command 0,12344294583,11417
9026,python (8660),Command Buffer 0,12344310000,170125
9027,python (8660),Compute Command 0,12344467083,11208
9028,python (8660),Command Buffer 0,12344482083,170500
9029,python (8660),Compute Command 0,12344639416,11250
9030,python (8660),Command Buffer 0,12344654583,171333
9031,python (8660),Compute Command 0,12344812916,11209
9032,python (8660),Command Buffer 0,12344830916,169584
9033,python (8660),Compute Command 0,12344986041,12542
9034,python (8660),Command Buffer 0,12345003833,171292
9035,python (8660),Compute Command 0,12345161458,11833
9036,python (8660),Command Buffer 0,12345177375,150875
9037,python (8660),Compute Command 0,12345315500,10833
9038,python (8660),Command Buffer 0,12345330708,171250
9039,python (8660),Compute Command 0,12345484541,15500
9040,python (8660),Command Buffer 0,12345504250,167333
9041,python (8660),Compute Command 0,12345657000,12458
9042,python (8660),Command Buffer 0,12345673875,168291
9043,python (8660),Compute Command 0,12345829833,10542
9044,python (8660),Command Buffer 0,12345844333,152875
9045,python (8660),Compute Command 0,12345982583,12625
9046,python (8660),Command Buffer 0,12345999458,142917
9047,python (8660),Compute Command 0,12346129166,11334
9048,python (8660),Command Buffer 0,12346144833,173542
9049,python (8660),Compute Command 0,12346304916,11709
9050,python (8660),Command Buffer 0,12346320666,160792
9051,python (8660),Compute Command 0,12346468833,10667
9052,python (8660),Command Buffer 0,12346483666,173125
9053,python (8660),Compute Command 0,12346639541,15334
9054,python (8660),Command Buffer 0,12346659083,166167
9055,python (8660),Compute Command 0,12346812333,11042
9056,python (8660),Command Buffer 0,12346827333,170583
9057,python (8660),Compute Command 0,12346985166,10792
9058,python (8660),Command Buffer 0,12347000125,167833
9059,python (8660),Compute Command 0,12347155208,10833
9060,python (8660),Command Buffer 0,12347170125,172333
9061,python (8660),Compute Command 0,12347328708,11917
9062,python (8660),Command Buffer 0,12347344750,165625
9063,python (8660),Compute Command 0,12347496833,11750
9064,python (8660),Command Buffer 0,12347512791,163792
9065,python (8660),Compute Command 0,12347664166,10625
9066,python (8660),Command Buffer 0,12347679083,302167
9067,python (8660),Compute Command 0,12347967583,11833
9068,python (8660),Command Buffer 0,12347983583,163792
9069,python (8660),Compute Command 0,12348134583,10958
9070,python (8660),Command Buffer 0,12348149833,170958
9071,python (8660),Compute Command 0,12348308083,10833
9072,python (8660),Command Buffer 0,12348323083,202458
9073,python (8660),Compute Command 0,12348508458,14625
9074,python (8660),Command Buffer 0,12348527958,196708
9075,python (8660),Compute Command 0,12348708083,14125
9076,python (8660),Command Buffer 0,12348726916,196917
9077,python (8660),Compute Command 0,12348908000,13541
9078,python (8660),Command Buffer 0,12348926166,195834
9079,python (8660),Compute Command 0,12349106166,13500
9080,python (8660),Command Buffer 0,12349124208,195833
9081,python (8660),Compute Command 0,12349304333,13375
9082,python (8660),Command Buffer 0,12349322291,196084
9083,python (8660),Compute Command 0,12349502958,13125
9084,python (8660),Command Buffer 0,12349520583,198000
9085,python (8660),Compute Command 0,12349700333,16000
9086,python (8660),Command Buffer 0,12349720958,194500
9087,python (8660),Compute Command 0,12349900041,13125
9088,python (8660),Command Buffer 0,12349917666,197125
9089,python (8660),Compute Command 0,12350099541,13000
9090,python (8660),Command Buffer 0,12350116958,194792
9091,python (8660),Compute Command 0,12350296333,13167
9092,python (8660),Command Buffer 0,12350313958,196958
9093,python (8660),Compute Command 0,12350495291,13292
9094,python (8660),Command Buffer 0,12350513125,189083
9095,python (8660),Compute Command 0,12350686875,13125
9096,python (8660),Command Buffer 0,12350704333,195958
9097,python (8660),Compute Command 0,12350884708,13333
9098,python (8660),Command Buffer 0,12350902458,194000
9099,python (8660),Compute Command 0,12351081166,13042
9100,python (8660),Command Buffer 0,12351098583,195958
9101,python (8660),Compute Command 0,12351279041,13209
9102,python (8660),Command Buffer 0,12351296708,194583
9103,python (8660),Compute Command 0,12351475875,13166
9104,python (8660),Command Buffer 0,12351493541,193417
9105,python (8660),Compute Command 0,12351671791,12917
9106,python (8660),Command Buffer 0,12351689208,193625
9107,python (8660),Compute Command 0,12351867250,13291
9108,python (8660),Command Buffer 0,12351885041,177750
9109,python (8660),Compute Command 0,12352046291,14000
9110,python (8660),Command Buffer 0,12352065250,181958
9111,python (8660),Compute Command 0,12352231833,13083
9112,python (8660),Command Buffer 0,12352249458,193833
9113,python (8660),Compute Command 0,12352427791,13125
9114,python (8660),Command Buffer 0,12352445458,196542
9115,python (8660),Compute Command 0,12352626500,13166
9116,python (8660),Command Buffer 0,12352644250,193000
9117,python (8660),Compute Command 0,12352821833,13167
9118,python (8660),Command Buffer 0,12352839833,195208
9119,python (8660),Compute Command 0,12353019208,13542
9120,python (8660),Command Buffer 0,12353037166,196709
9121,python (8660),Compute Command 0,12353218333,13292
9122,python (8660),Command Buffer 0,12353235958,193625
9123,python (8660),Compute Command 0,12353413791,13584
9124,python (8660),Command Buffer 0,12353431708,196583
9125,python (8660),Compute Command 0,12353609875,16208
9126,python (8660),Command Buffer 0,12353630416,172292
9127,python (8660),Compute Command 0,12353784416,15875
9128,python (8660),Command Buffer 0,12353805000,168625
9129,python (8660),Compute Command 0,12353956458,14708
9130,python (8660),Command Buffer 0,12353975916,174459
9131,python (8660),Compute Command 0,12354137291,11250
9132,python (8660),Command Buffer 0,12354152458,195333
9133,python (8660),Compute Command 0,12354331666,13709
9134,python (8660),Command Buffer 0,12354350208,195875
9135,python (8660),Compute Command 0,12354530375,13250
9136,python (8660),Command Buffer 0,12354548208,192625
9137,python (8660),Compute Command 0,12354725083,13458
9138,python (8660),Command Buffer 0,12354743000,191875
9139,python (8660),Compute Command 0,12354919375,13208
9140,python (8660),Command Buffer 0,12354937125,192125
9141,python (8660),Compute Command 0,12355113833,13042
9142,python (8660),Command Buffer 0,12355131416,196292
9143,python (8660),Compute Command 0,12355311416,13875
9144,python (8660),Command Buffer 0,12355329875,195708
9145,python (8660),Compute Command 0,12355510250,13166
9146,python (8660),Command Buffer 0,12355527791,194375
9147,python (8660),Compute Command 0,12355706541,13334
9148,python (8660),Command Buffer 0,12355724375,194791
9149,python (8660),Compute Command 0,12355903625,13291
9150,python (8660),Command Buffer 0,12355921333,199375
9151,python (8660),Compute Command 0,12356101833,16375
9152,python (8660),Command Buffer 0,12356123666,309209
9153,python (8660),Compute Command 0,12356416875,13625
9154,python (8660),Command Buffer 0,12356435125,192416
9155,python (8660),Compute Command 0,12356611500,13625
9156,python (8660),Command Buffer 0,12356629875,181500
9157,python (8660),Compute Command 0,12356795541,13459
9158,python (8660),Command Buffer 0,12356813541,166917
9159,python (8660),Compute Command 0,12356964791,13417
9160,python (8660),Command Buffer 0,12356982625,170958
9161,python (8660),Compute Command 0,12357138000,13291
9162,python (8660),Command Buffer 0,12357155916,172375
9163,python (8660),Compute Command 0,12357312625,13333
9164,python (8660),Command Buffer 0,12357330500,170291
9165,python (8660),Compute Command 0,12357485250,13250
9166,python (8660),Command Buffer 0,12357503041,169625
9167,python (8660),Compute Command 0,12357656958,13417
9168,python (8660),Command Buffer 0,12357675000,169208
9169,python (8660),Compute Command 0,12357828500,13375
9170,python (8660),Command Buffer 0,12357846458,167292
9171,python (8660),Compute Command 0,12357997875,13583
9172,python (8660),Command Buffer 0,12358016000,169000
9173,python (8660),Compute Command 0,12358169583,13125
9174,python (8660),Command Buffer 0,12358188375,162625
9175,python (8660),Compute Command 0,12358334166,14250
9176,python (8660),Command Buffer 0,12358353291,295667
9177,python (8660),Compute Command 0,12358632958,13708
9178,python (8660),Command Buffer 0,12358651833,171500
9179,python (8660),Compute Command 0,12358807916,13125
9180,python (8660),Command Buffer 0,12358825500,181666
9181,python (8660),Compute Command 0,12358991875,13000
9182,python (8660),Command Buffer 0,12359009416,168584
9183,python (8660),Compute Command 0,12359162041,13625
9184,python (8660),Command Buffer 0,12359180166,171709
9185,python (8660),Compute Command 0,12359336250,13333
9186,python (8660),Command Buffer 0,12359354166,178125
9187,python (8660),Compute Command 0,12359516375,13625
9188,python (8660),Command Buffer 0,12359534500,199166
9189,python (8660),Compute Command 0,12359715333,16042
9190,python (8660),Command Buffer 0,12359735958,192667
9191,python (8660),Compute Command 0,12359913166,13167
9192,python (8660),Command Buffer 0,12359930875,195625
9193,python (8660),Compute Command 0,12360111041,13167
9194,python (8660),Command Buffer 0,12360128666,184917
9195,python (8660),Compute Command 0,12360297958,13125
9196,python (8660),Command Buffer 0,12360316583,195833
9197,python (8660),Compute Command 0,12360496750,13375
9198,python (8660),Command Buffer 0,12360514583,193500
9199,python (8660),Compute Command 0,12360692375,13416
9200,python (8660),Command Buffer 0,12360710333,196042
9201,python (8660),Compute Command 0,12360891000,13125
9202,python (8660),Command Buffer 0,12360908583,193333
9203,python (8660),Compute Command 0,12361086458,13208
9204,python (8660),Command Buffer 0,12361104083,195458
9205,python (8660),Compute Command 0,12361284125,13166
9206,python (8660),Command Buffer 0,12361301708,193250
9207,python (8660),Compute Command 0,12361479208,13417
9208,python (8660),Command Buffer 0,12361497125,186125
9209,python (8660),Compute Command 0,12361667708,13208
9210,python (8660),Command Buffer 0,12361686250,185750
9211,python (8660),Compute Command 0,12361856458,13292
9212,python (8660),Command Buffer 0,12361874166,179125
9213,python (8660),Compute Command 0,12362039791,11625
9214,python (8660),Command Buffer 0,12362055333,192000
9215,python (8660),Compute Command 0,12362231708,13333
9216,python (8660),Command Buffer 0,12362249541,200292
9217,python (8660),Compute Command 0,12362434291,13292
9218,python (8660),Command Buffer 0,12362451958,192792
9219,python (8660),Compute Command 0,12362629375,13125
9220,python (8660),Command Buffer 0,12362646958,195083
9221,python (8660),Compute Command 0,12362826541,13209
9222,python (8660),Command Buffer 0,12362844166,193334
9223,python (8660),Compute Command 0,12363022375,12916
9224,python (8660),Command Buffer 0,12363039666,196667
9225,python (8660),Compute Command 0,12363221041,13000
9226,python (8660),Command Buffer 0,12363238541,193209
9227,python (8660),Compute Command 0,12363416375,13083
9228,python (8660),Command Buffer 0,12363434250,194166
9229,python (8660),Compute Command 0,12363613083,13083
9230,python (8660),Command Buffer 0,12363630541,187334
9231,python (8660),Compute Command 0,12363802458,13208
9232,python (8660),Command Buffer 0,12363820833,196375
9233,python (8660),Compute Command 0,12364003416,11792
9234,python (8660),Command Buffer 0,12364019083,192458
9235,python (8660),Compute Command 0,12364196125,13166
9236,python (8660),Command Buffer 0,12364213625,199083
9237,python (8660),Compute Command 0,12364397500,12958
9238,python (8660),Command Buffer 0,12364414833,349417
9239,python (8660),Compute Command 0,12364748541,13375
9240,python (8660),Command Buffer 0,12364766541,194542
9241,python (8660),Compute Command 0,12364945666,13167
9242,python (8660),Command Buffer 0,12364963250,192416
9243,python (8660),Compute Command 0,12365140208,13208
9244,python (8660),Command Buffer 0,12365157750,194041
9245,python (8660),Compute Command 0,12365336541,12959
9246,python (8660),Command Buffer 0,12365353791,192834
9247,python (8660),Compute Command 0,12365530958,13417
9248,python (8660),Command Buffer 0,12365548750,194166
9249,python (8660),Compute Command 0,12365727583,13042
9250,python (8660),Command Buffer 0,12365745041,190000
9251,python (8660),Compute Command 0,12365919500,13250
9252,python (8660),Command Buffer 0,12365937250,189916
9253,python (8660),Compute Command 0,12366111833,13083
9254,python (8660),Command Buffer 0,12366129458,191792
9255,python (8660),Compute Command 0,12366305666,13292
9256,python (8660),Command Buffer 0,12366323375,194875
9257,python (8660),Compute Command 0,12366502916,13084
9258,python (8660),Command Buffer 0,12366520416,192834
9259,python (8660),Compute Command 0,12366697916,13125
9260,python (8660),Command Buffer 0,12366715416,194625
9261,python (8660),Compute Command 0,12366894708,13042
9262,python (8660),Command Buffer 0,12366912083,193958
9263,python (8660),Compute Command 0,12367090458,13375
9264,python (8660),Command Buffer 0,12367108166,194000
9265,python (8660),Compute Command 0,12367286958,12958
9266,python (8660),Command Buffer 0,12367304250,194291
9267,python (8660),Compute Command 0,12367482708,13542
9268,python (8660),Command Buffer 0,12367500625,197458
9269,python (8660),Compute Command 0,12367682625,13208
9270,python (8660),Command Buffer 0,12367700250,189708
9271,python (8660),Compute Command 0,12367874708,13000
9272,python (8660),Command Buffer 0,12367892083,194917
9273,python (8660),Compute Command 0,12368071708,13042
9274,python (8660),Command Buffer 0,12368089166,171292
9275,python (8660),Compute Command 0,12368243208,14917
9276,python (8660),Command Buffer 0,12368262625,191625
9277,python (8660),Compute Command 0,12368438000,13916
9278,python (8660),Command Buffer 0,12368456625,189916
9279,python (8660),Compute Command 0,12368630750,13416
9280,python (8660),Command Buffer 0,12368649458,173208
9281,python (8660),Compute Command 0,12368804958,15333
9282,python (8660),Command Buffer 0,12368825041,156667
9283,python (8660),Compute Command 0,12368964500,14833
9284,python (8660),Command Buffer 0,12368984208,158792
9285,python (8660),Compute Command 0,12369126375,14541
9286,python (8660),Command Buffer 0,12369145250,161791
9287,python (8660),Compute Command 0,12369290041,14417
9288,python (8660),Command Buffer 0,12369309041,180125
9289,python (8660),Compute Command 0,12369472916,13834
9290,python (8660),Command Buffer 0,12369491583,182792
9291,python (8660),Compute Command 0,12369658875,13291
9292,python (8660),Command Buffer 0,12369676750,192750
9293,python (8660),Compute Command 0,12369854250,13041
9294,python (8660),Command Buffer 0,12369871875,196000
9295,python (8660),Compute Command 0,12370052375,13208
9296,python (8660),Command Buffer 0,12370070083,195917
9297,python (8660),Compute Command 0,12370248000,13083
9298,python (8660),Command Buffer 0,12370268250,180791
9299,python (8660),Compute Command 0,12370433541,13292
9300,python (8660),Command Buffer 0,12370451416,193709
9301,python (8660),Compute Command 0,12370629625,13208
9302,python (8660),Command Buffer 0,12370647375,190958
9303,python (8660),Compute Command 0,12370822958,13083
9304,python (8660),Command Buffer 0,12370840500,189125
9305,python (8660),Compute Command 0,12371014375,13000
9306,python (8660),Command Buffer 0,12371031791,193167
9307,python (8660),Compute Command 0,12371209583,13125
9308,python (8660),Command Buffer 0,12371227083,194417
9309,python (8660),Compute Command 0,12371406000,13291
9310,python (8660),Command Buffer 0,12371423666,197542
9311,python (8660),Compute Command 0,12371605791,13209
9312,python (8660),Command Buffer 0,12371623333,191833
9313,python (8660),Compute Command 0,12371799708,13167
9314,python (8660),Command Buffer 0,12371817333,192042
9315,python (8660),Compute Command 0,12371994125,13000
9316,python (8660),Command Buffer 0,12372011458,196500
9317,python (8660),Compute Command 0,12372192666,13042
9318,python (8660),Command Buffer 0,12372210041,191417
9319,python (8660),Compute Command 0,12372386000,13208
9320,python (8660),Command Buffer 0,12372403666,192250
9321,python (8660),Compute Command 0,12372580625,13041
9322,python (8660),Command Buffer 0,12372598625,196250
9323,python (8660),Compute Command 0,12372779291,13209
9324,python (8660),Command Buffer 0,12372797708,314208
9325,python (8660),Compute Command 0,12373095458,14083
9326,python (8660),Command Buffer 0,12373114541,187584
9327,python (8660),Compute Command 0,12373286666,13167
9328,python (8660),Command Buffer 0,12373304291,194709
9329,python (8660),Compute Command 0,12373483750,13000
9330,python (8660),Command Buffer 0,12373501166,188125
9331,python (8660),Compute Command 0,12373674083,12958
9332,python (8660),Command Buffer 0,12373691458,194000
9333,python (8660),Compute Command 0,12373870291,12875
9334,python (8660),Command Buffer 0,12373887625,190875
9335,python (8660),Compute Command 0,12374063416,12875
9336,python (8660),Command Buffer 0,12374080708,194792
9337,python (8660),Compute Command 0,12374260375,12916
9338,python (8660),Command Buffer 0,12374277666,190250
9339,python (8660),Compute Command 0,12374452208,13458
9340,python (8660),Command Buffer 0,12374470083,195417
9341,python (8660),Compute Command 0,12374650166,13084
9342,python (8660),Command Buffer 0,12374667625,182541
9343,python (8660),Compute Command 0,12374834791,13167
9344,python (8660),Command Buffer 0,12374857333,195125
9345,python (8660),Compute Command 0,12375037250,12916
9346,python (8660),Command Buffer 0,12375054625,191625
9347,python (8660),Compute Command 0,12375231083,12958
9348,python (8660),Command Buffer 0,12375248416,192334
9349,python (8660),Compute Command 0,12375425208,13333
9350,python (8660),Command Buffer 0,12375443000,191125
9351,python (8660),Compute Command 0,12375619000,12875
9352,python (8660),Command Buffer 0,12375636291,194625
9353,python (8660),Compute Command 0,12375815666,13000
9354,python (8660),Command Buffer 0,12375833083,189333
9355,python (8660),Compute Command 0,12376007166,13000
9356,python (8660),Command Buffer 0,12376024541,193250
9357,python (8660),Compute Command 0,12376202500,13041
9358,python (8660),Command Buffer 0,12376219916,193667
9359,python (8660),Compute Command 0,12376398291,13084
9360,python (8660),Command Buffer 0,12376415708,193125
9361,python (8660),Compute Command 0,12376593833,12792
9362,python (8660),Command Buffer 0,12376610916,187834
9363,python (8660),Compute Command 0,12376783583,12917
9364,python (8660),Command Buffer 0,12376800875,185375
9365,python (8660),Compute Command 0,12376970833,13167
9366,python (8660),Command Buffer 0,12376988833,186833
9367,python (8660),Compute Command 0,12377160208,13208
9368,python (8660),Command Buffer 0,12377177791,200500
9369,python (8660),Compute Command 0,12377363083,13000
9370,python (8660),Command Buffer 0,12377380333,191375
9371,python (8660),Compute Command 0,12377556125,13375
9372,python (8660),Command Buffer 0,12377573833,195458
9373,python (8660),Compute Command 0,12377754083,13000
9374,python (8660),Command Buffer 0,12377771416,190584
9375,python (8660),Compute Command 0,12377946666,13084
9376,python (8660),Command Buffer 0,12377964041,193250
9377,python (8660),Compute Command 0,12378142083,12917
9378,python (8660),Command Buffer 0,12378159416,195584
9379,python (8660),Compute Command 0,12378339291,13417
9380,python (8660),Command Buffer 0,12378357083,193000
9381,python (8660),Compute Command 0,12378535041,12792
9382,python (8660),Command Buffer 0,12378552208,170417
9383,python (8660),Compute Command 0,12378705333,14583
9384,python (8660),Command Buffer 0,12378725125,193041
9385,python (8660),Compute Command 0,12378901500,14208
9386,python (8660),Command Buffer 0,12378920500,194166
9387,python (8660),Compute Command 0,12379098458,13833
9388,python (8660),Command Buffer 0,12379122291,197792
9389,python (8660),Compute Command 0,12379304416,13334
9390,python (8660),Command Buffer 0,12379322541,196625
9391,python (8660),Compute Command 0,12379503666,13250
9392,python (8660),Command Buffer 0,12379521458,195375
9393,python (8660),Compute Command 0,12379701458,13125
9394,python (8660),Command Buffer 0,12379719166,190417
9395,python (8660),Compute Command 0,12379894125,13250
9396,python (8660),Command Buffer 0,12379911916,195917
9397,python (8660),Compute Command 0,12380092000,13541
9398,python (8660),Command Buffer 0,12380110083,190875
9399,python (8660),Compute Command 0,12380285666,13042
9400,python (8660),Command Buffer 0,12380303291,195875
9401,python (8660),Compute Command 0,12380483500,13333
9402,python (8660),Command Buffer 0,12380501541,193125
9403,python (8660),Compute Command 0,12380679083,13292
9404,python (8660),Command Buffer 0,12380697083,193458
9405,python (8660),Compute Command 0,12380875208,13083
9406,python (8660),Command Buffer 0,12380892833,193042
9407,python (8660),Compute Command 0,12381069625,13833
9408,python (8660),Command Buffer 0,12381088625,339250
9409,python (8660),Compute Command 0,12381412500,13083
9410,python (8660),Command Buffer 0,12381430083,185375
9411,python (8660),Compute Command 0,12381600166,13042
9412,python (8660),Command Buffer 0,12381617708,201167
9413,python (8660),Compute Command 0,12381797750,18875
9414,python (8660),Command Buffer 0,12381821208,191125
9415,python (8660),Compute Command 0,12381997083,13000
9416,python (8660),Command Buffer 0,12382014500,188375
9417,python (8660),Compute Command 0,12382187750,12916
9418,python (8660),Command Buffer 0,12382205083,191375
9419,python (8660),Compute Command 0,12382381125,13083
9420,python (8660),Command Buffer 0,12382398666,180917
9421,python (8660),Compute Command 0,12382563583,13542
9422,python (8660),Command Buffer 0,12382582500,177833
9423,python (8660),Compute Command 0,12382744625,13458
9424,python (8660),Command Buffer 0,12382762583,169167
9425,python (8660),Compute Command 0,12382916041,13375
9426,python (8660),Command Buffer 0,12382934375,159250
9427,python (8660),Compute Command 0,12383078125,13208
9428,python (8660),Command Buffer 0,12383096000,166875
9429,python (8660),Compute Command 0,12383247416,13167
9430,python (8660),Command Buffer 0,12383265083,169042
9431,python (8660),Compute Command 0,12383418500,13333
9432,python (8660),Command Buffer 0,12383436500,169041
9433,python (8660),Compute Command 0,12383590083,13083
9434,python (8660),Command Buffer 0,12383608333,168333
9435,python (8660),Compute Command 0,12383760708,13667
9436,python (8660),Command Buffer 0,12383779000,159208
9437,python (8660),Compute Command 0,12383921375,14583
9438,python (8660),Command Buffer 0,12383940791,167917
9439,python (8660),Compute Command 0,12384093041,13375
9440,python (8660),Command Buffer 0,12384111041,165459
9441,python (8660),Compute Command 0,12384254541,19334
9442,python (8660),Command Buffer 0,12384279125,168666
9443,python (8660),Compute Command 0,12384432375,13125
9444,python (8660),Command Buffer 0,12384450291,174417
9445,python (8660),Compute Command 0,12384609458,13000
9446,python (8660),Command Buffer 0,12384626875,170458
9447,python (8660),Compute Command 0,12384781708,13375
9448,python (8660),Command Buffer 0,12384799500,174083
9449,python (8660),Compute Command 0,12384958000,13291
9450,python (8660),Command Buffer 0,12384975833,172625
9451,python (8660),Compute Command 0,12385133333,12875
9452,python (8660),Command Buffer 0,12385150750,168250
9453,python (8660),Compute Command 0,12385301375,15291
9454,python (8660),Command Buffer 0,12385321541,194542
9455,python (8660),Compute Command 0,12385500458,13333
9456,python (8660),Command Buffer 0,12385518208,195333
9457,python (8660),Compute Command 0,12385698250,13041
9458,python (8660),Command Buffer 0,12385715708,190708
9459,python (8660),Compute Command 0,12385891041,13084
9460,python (8660),Command Buffer 0,12385908708,197792
9461,python (8660),Compute Command 0,12386090875,13416
9462,python (8660),Command Buffer 0,12386108625,193583
9463,python (8660),Compute Command 0,12386286750,13166
9464,python (8660),Command Buffer 0,12386304500,195541
9465,python (8660),Compute Command 0,12386484500,13250
9466,python (8660),Command Buffer 0,12386502208,195500
9467,python (8660),Compute Command 0,12386682625,12833
9468,python (8660),Command Buffer 0,12386699833,195000
9469,python (8660),Compute Command 0,12386879166,13417
9470,python (8660),Command Buffer 0,12386896958,180375
9471,python (8660),Compute Command 0,12387061833,13208
9472,python (8660),Command Buffer 0,12387079541,165084
9473,python (8660),Compute Command 0,12387228000,14333
9474,python (8660),Command Buffer 0,12387247291,161417
9475,python (8660),Compute Command 0,12387394000,12500
9476,python (8660),Command Buffer 0,12387411625,170375
9477,python (8660),Compute Command 0,12387565250,14333
9478,python (8660),Command Buffer 0,12387584333,190542
9479,python (8660),Compute Command 0,12387759333,13250
9480,python (8660),Command Buffer 0,12387777125,187083
9481,python (8660),Compute Command 0,12387948458,13458
9482,python (8660),Command Buffer 0,12387966666,188334
9483,python (8660),Compute Command 0,12388139416,13334
9484,python (8660),Command Buffer 0,12388157208,195250
9485,python (8660),Compute Command 0,12388336416,13750
9486,python (8660),Command Buffer 0,12388354583,198000
9487,python (8660),Compute Command 0,12388537083,13250
9488,python (8660),Command Buffer 0,12388554708,192167
9489,python (8660),Compute Command 0,12388731291,13292
9490,python (8660),Command Buffer 0,12388749000,189541
9491,python (8660),Compute Command 0,12388923000,13250
9492,python (8660),Command Buffer 0,12388940750,193416
9493,python (8660),Compute Command 0,12389118916,13000
9494,python (8660),Command Buffer 0,12389136250,199250
9495,python (8660),Compute Command 0,12389314375,18791
9496,python (8660),Command Buffer 0,12389337708,345458
9497,python (8660),Compute Command 0,12389667666,13209
9498,python (8660),Command Buffer 0,12389685458,193583
9499,python (8660),Compute Command 0,12389863666,13125
9500,python (8660),Command Buffer 0,12389881208,179333
9501,python (8660),Compute Command 0,12390044791,13417
9502,python (8660),Command Buffer 0,12390062875,166458
9503,python (8660),Compute Command 0,12390213791,13250
9504,python (8660),Command Buffer 0,12390231666,172375
9505,python (8660),Compute Command 0,12390388041,13542
9506,python (8660),Command Buffer 0,12390406500,168750
9507,python (8660),Compute Command 0,12390559916,13084
9508,python (8660),Command Buffer 0,12390577458,169000
9509,python (8660),Compute Command 0,12390731125,13083
9510,python (8660),Command Buffer 0,12390748666,167875
9511,python (8660),Compute Command 0,12390901125,13083
9512,python (8660),Command Buffer 0,12390918833,167000
9513,python (8660),Compute Command 0,12391070083,13458
9514,python (8660),Command Buffer 0,12391088000,175458
9515,python (8660),Compute Command 0,12391247958,13167
9516,python (8660),Command Buffer 0,12391265666,176417
9517,python (8660),Compute Command 0,12391426250,13541
9518,python (8660),Command Buffer 0,12391444250,173625
9519,python (8660),Compute Command 0,12391602125,13458
9520,python (8660),Command Buffer 0,12391620041,169334
9521,python (8660),Compute Command 0,12391773958,13083
9522,python (8660),Command Buffer 0,12391791625,171291
9523,python (8660),Compute Command 0,12391947375,13250
9524,python (8660),Command Buffer 0,12391965083,282875
9525,python (8660),Compute Command 0,12392229541,16084
9526,python (8660),Command Buffer 0,12392250458,167875
9527,python (8660),Compute Command 0,12392402541,13375
9528,python (8660),Command Buffer 0,12392421416,171750
9529,python (8660),Compute Command 0,12392577125,13708
9530,python (8660),Command Buffer 0,12392596166,167500
9531,python (8660),Compute Command 0,12392748375,13000
9532,python (8660),Command Buffer 0,12392765833,173083
9533,python (8660),Compute Command 0,12392923583,13083
9534,python (8660),Command Buffer 0,12392941125,170375
9535,python (8660),Compute Command 0,12393095666,13542
9536,python (8660),Command Buffer 0,12393113708,185708
9537,python (8660),Compute Command 0,12393283833,13292
9538,python (8660),Command Buffer 0,12393301625,193583
9539,python (8660),Compute Command 0,12393479541,13334
9540,python (8660),Command Buffer 0,12393497458,179583
9541,python (8660),Compute Command 0,12393661166,13334
9542,python (8660),Command Buffer 0,12393679791,186125
9543,python (8660),Compute Command 0,12393850375,13208
9544,python (8660),Command Buffer 0,12393868000,195625
9545,python (8660),Compute Command 0,12394048375,12958
9546,python (8660),Command Buffer 0,12394065791,190834
9547,python (8660),Compute Command 0,12394241041,13292
9548,python (8660),Command Buffer 0,12394258791,192834
9549,python (8660),Compute Command 0,12394436166,13209
9550,python (8660),Command Buffer 0,12394453833,194708
9551,python (8660),Compute Command 0,12394633083,13208
9552,python (8660),Command Buffer 0,12394650708,197000
9553,python (8660),Compute Command 0,12394832250,13166
9554,python (8660),Command Buffer 0,12394849958,192125
9555,python (8660),Compute Command 0,12395026625,13208
9556,python (8660),Command Buffer 0,12395044166,197500
9557,python (8660),Compute Command 0,12395226291,13042
9558,python (8660),Command Buffer 0,12395243791,172084
9559,python (8660),Compute Command 0,12395398166,15375
9560,python (8660),Command Buffer 0,12395418208,187125
9561,python (8660),Compute Command 0,12395589791,13209
9562,python (8660),Command Buffer 0,12395607833,195875
9563,python (8660),Compute Command 0,12395788208,13208
9564,python (8660),Command Buffer 0,12395805916,181292
9565,python (8660),Compute Command 0,12395971958,12958
9566,python (8660),Command Buffer 0,12395989666,186375
9567,python (8660),Compute Command 0,12396159958,13792
9568,python (8660),Command Buffer 0,12396178375,199958
9569,python (8660),Compute Command 0,12396362583,13417
9570,python (8660),Command Buffer 0,12396380666,193084
9571,python (8660),Compute Command 0,12396558166,13250
9572,python (8660),Command Buffer 0,12396576083,194458
9573,python (8660),Compute Command 0,12396755208,13042
9574,python (8660),Command Buffer 0,12396772750,194750
9575,python (8660),Compute Command 0,12396951916,13334
9576,python (8660),Command Buffer 0,12396969708,200167
9577,python (8660),Compute Command 0,12397154500,13083
9578,python (8660),Command Buffer 0,12397172041,190334
9579,python (8660),Compute Command 0,12397347125,13000
9580,python (8660),Command Buffer 0,12397364500,195666
9581,python (8660),Compute Command 0,12397544708,13083
9582,python (8660),Command Buffer 0,12397562291,194625
9583,python (8660),Compute Command 0,12397741458,13167
9584,python (8660),Command Buffer 0,12397759208,360542
9585,python (8660),Compute Command 0,12398102208,15208
9586,python (8660),Command Buffer 0,12398122000,195958
9587,python (8660),Compute Command 0,12398302375,13333
9588,python (8660),Command Buffer 0,12398320125,197833
9589,python (8660),Compute Command 0,12398501916,13750
9590,python (8660),Command Buffer 0,12398520083,193667
9591,python (8660),Compute Command 0,12398698333,13167
9592,python (8660),Command Buffer 0,12398715916,194667
9593,python (8660),Compute Command 0,12398895250,13083
9594,python (8660),Command Buffer 0,12398912750,190083
9595,python (8660),Compute Command 0,12399087375,13166
9596,python (8660),Command Buffer 0,12399105000,195791
9597,python (8660),Compute Command 0,12399285500,13083
9598,python (8660),Command Buffer 0,12399302916,191500
9599,python (8660),Compute Command 0,12399479250,12958
9600,python (8660),Command Buffer 0,12399496541,195250
9601,python (8660),Compute Command 0,12399676625,12916
9602,python (8660),Command Buffer 0,12399694041,192167
9603,python (8660),Compute Command 0,12399870791,13084
9604,python (8660),Command Buffer 0,12399888291,194417
9605,python (8660),Compute Command 0,12400067291,13167
9606,python (8660),Command Buffer 0,12400084833,193292
9607,python (8660),Compute Command 0,12400259958,15875
9608,python (8660),Command Buffer 0,12400280250,196125
9609,python (8660),Compute Command 0,12400460875,13208
9610,python (8660),Command Buffer 0,12400478541,191625
9611,python (8660),Compute Command 0,12400654833,13042
9612,python (8660),Command Buffer 0,12400672333,195167
9613,python (8660),Compute Command 0,12400852000,13166
9614,python (8660),Command Buffer 0,12400869625,182250
9615,python (8660),Compute Command 0,12401036458,13125
9616,python (8660),Command Buffer 0,12401054958,187917
9617,python (8660),Compute Command 0,12401227583,13042
9618,python (8660),Command Buffer 0,12401244958,194292
9619,python (8660),Compute Command 0,12401421125,12958
9620,python (8660),Command Buffer 0,12401441416,196875
9621,python (8660),Compute Command 0,12401622916,13042
9622,python (8660),Command Buffer 0,12401640416,192125
9623,python (8660),Compute Command 0,12401817166,13084
9624,python (8660),Command Buffer 0,12401834666,180750
9625,python (8660),Compute Command 0,12401999666,13417
9626,python (8660),Command Buffer 0,12402017625,187833
9627,python (8660),Compute Command 0,12402186125,17000
9628,python (8660),Command Buffer 0,12402207541,196209
9629,python (8660),Compute Command 0,12402388458,13042
9630,python (8660),Command Buffer 0,12402405875,193041
9631,python (8660),Compute Command 0,12402583625,13000
9632,python (8660),Command Buffer 0,12402601041,197250
9633,python (8660),Compute Command 0,12402782625,13333
9634,python (8660),Command Buffer 0,12402800416,194209
9635,python (8660),Compute Command 0,12402979166,13167
9636,python (8660),Command Buffer 0,12402996791,191834
9637,python (8660),Compute Command 0,12403172166,13125
9638,python (8660),Command Buffer 0,12403191291,195750
9639,python (8660),Compute Command 0,12403371291,13417
9640,python (8660),Command Buffer 0,12403389166,197875
9641,python (8660),Compute Command 0,12403571291,13375
9642,python (8660),Command Buffer 0,12403589166,180167
9643,python (8660),Compute Command 0,12403753958,13042
9644,python (8660),Command Buffer 0,12403771500,196916
9645,python (8660),Compute Command 0,12403952916,13167
9646,python (8660),Command Buffer 0,12403970541,192334
9647,python (8660),Compute Command 0,12404147291,13292
9648,python (8660),Command Buffer 0,12404164958,200458
9649,python (8660),Compute Command 0,12404347083,13250
9650,python (8660),Command Buffer 0,12404367458,189958
9651,python (8660),Compute Command 0,12404542041,13125
9652,python (8660),Command Buffer 0,12404559541,196875
9653,python (8660),Compute Command 0,12404741000,13083
9654,python (8660),Command Buffer 0,12404758625,192625
9655,python (8660),Compute Command 0,12404935791,13167
9656,python (8660),Command Buffer 0,12404953375,195958
9657,python (8660),Compute Command 0,12405134041,13000
9658,python (8660),Command Buffer 0,12405151458,194792
9659,python (8660),Compute Command 0,12405330416,13542
9660,python (8660),Command Buffer 0,12405348458,190833
9661,python (8660),Compute Command 0,12405524166,12875
9662,python (8660),Command Buffer 0,12405541416,185625
9663,python (8660),Compute Command 0,12405711625,13083
9664,python (8660),Command Buffer 0,12405729166,195834
9665,python (8660),Compute Command 0,12405909458,13208
9666,python (8660),Command Buffer 0,12405927125,193000
9667,python (8660),Compute Command 0,12406104208,13583
9668,python (8660),Command Buffer 0,12406122916,340834
9669,python (8660),Compute Command 0,12406447708,13667
9670,python (8660),Command Buffer 0,12406466458,196333
9671,python (8660),Compute Command 0,12406647208,13292
9672,python (8660),Command Buffer 0,12406664916,197875
9673,python (8660),Compute Command 0,12406847166,13292
9674,python (8660),Command Buffer 0,12406864958,190042
9675,python (8660),Compute Command 0,12407039750,12958
9676,python (8660),Command Buffer 0,12407057083,194375
9677,python (8660),Compute Command 0,12407236125,13083
9678,python (8660),Command Buffer 0,12407253625,190750
9679,python (8660),Compute Command 0,12407428958,13167
9680,python (8660),Command Buffer 0,12407446500,187958
9681,python (8660),Compute Command 0,12407618875,13208
9682,python (8660),Command Buffer 0,12407636666,191000
9683,python (8660),Compute Command 0,12407808791,13084
9684,python (8660),Command Buffer 0,12407829791,194959
9685,python (8660),Compute Command 0,12408009250,13208
9686,python (8660),Command Buffer 0,12408026875,192625
9687,python (8660),Compute Command 0,12408204208,13000
9688,python (8660),Command Buffer 0,12408221625,181958
9689,python (8660),Compute Command 0,12408388125,13208
9690,python (8660),Command Buffer 0,12408405708,185583
9691,python (8660),Compute Command 0,12408575916,13084
9692,python (8660),Command Buffer 0,12408593458,195250
9693,python (8660),Compute Command 0,12408773000,13416
9694,python (8660),Command Buffer 0,12408790791,193584
9695,python (8660),Compute Command 0,12408968916,13167
9696,python (8660),Command Buffer 0,12408986500,191958
9697,python (8660),Compute Command 0,12409163041,13167
9698,python (8660),Command Buffer 0,12409180583,190792
9699,python (8660),Compute Command 0,12409356000,13125
9700,python (8660),Command Buffer 0,12409373500,195041
9701,python (8660),Compute Command 0,12409553166,13042
9702,python (8660),Command Buffer 0,12409570583,190708
9703,python (8660),Compute Command 0,12409745791,13209
9704,python (8660),Command Buffer 0,12409763500,198291
9705,python (8660),Compute Command 0,12409946541,12959
9706,python (8660),Command Buffer 0,12409963875,193625
9707,python (8660),Compute Command 0,12410142250,13000
9708,python (8660),Command Buffer 0,12410159666,179375
9709,python (8660),Compute Command 0,12410323541,13209
9710,python (8660),Command Buffer 0,12410341208,193417
9711,python (8660),Compute Command 0,12410519291,13042
9712,python (8660),Command Buffer 0,12410536708,194542
9713,python (8660),Compute Command 0,12410715791,13167
9714,python (8660),Command Buffer 0,12410733416,190167
9715,python (8660),Compute Command 0,12410908291,13042
9716,python (8660),Command Buffer 0,12410925750,197166
9717,python (8660),Compute Command 0,12411107291,13292
9718,python (8660),Command Buffer 0,12411125291,192667
9719,python (8660),Compute Command 0,12411302541,13084
9720,python (8660),Command Buffer 0,12411320083,195292
9721,python (8660),Compute Command 0,12411500041,13084
9722,python (8660),Command Buffer 0,12411517541,193959
9723,python (8660),Compute Command 0,12411695958,13292
9724,python (8660),Command Buffer 0,12411713625,193958
9725,python (8660),Compute Command 0,12411892125,13166
9726,python (8660),Command Buffer 0,12411909708,170875
9727,python (8660),Compute Command 0,12412064791,13459
9728,python (8660),Command Buffer 0,12412083875,189916
9729,python (8660),Compute Command 0,12412257833,13625
9730,python (8660),Command Buffer 0,12412276250,192750
9731,python (8660),Compute Command 0,12412453541,13125
9732,python (8660),Command Buffer 0,12412471333,194042
9733,python (8660),Compute Command 0,12412649958,13083
9734,python (8660),Command Buffer 0,12412667541,190584
9735,python (8660),Compute Command 0,12412843041,12792
9736,python (8660),Command Buffer 0,12412860333,197167
9737,python (8660),Compute Command 0,12413042041,13125
9738,python (8660),Command Buffer 0,12413059666,198042
9739,python (8660),Compute Command 0,12413242541,12917
9740,python (8660),Command Buffer 0,12413259916,193542
9741,python (8660),Compute Command 0,12413438208,13042
9742,python (8660),Command Buffer 0,12413455666,193084
9743,python (8660),Compute Command 0,12413633541,12959
9744,python (8660),Command Buffer 0,12413651041,194750
9745,python (8660),Compute Command 0,12413830375,13250
9746,python (8660),Command Buffer 0,12413848041,190250
9747,python (8660),Compute Command 0,12414022750,13291
9748,python (8660),Command Buffer 0,12414040458,186583
9749,python (8660),Compute Command 0,12414211625,12916
9750,python (8660),Command Buffer 0,12414230000,189000
9751,python (8660),Compute Command 0,12414402708,13875
9752,python (8660),Command Buffer 0,12414421750,360416
9753,python (8660),Compute Command 0,12414766833,13083
9754,python (8660),Command Buffer 0,12414784583,193583
9755,python (8660),Compute Command 0,12414962541,13334
9756,python (8660),Command Buffer 0,12414980375,196541
9757,python (8660),Compute Command 0,12415161625,13000
9758,python (8660),Command Buffer 0,12415179083,196500
9759,python (8660),Compute Command 0,12415360041,13209
9760,python (8660),Command Buffer 0,12415377708,196833
9761,python (8660),Compute Command 0,12415559416,12875
9762,python (8660),Command Buffer 0,12415576708,192667
9763,python (8660),Compute Command 0,12415754166,12959
9764,python (8660),Command Buffer 0,12415771541,195500
9765,python (8660),Compute Command 0,12415951625,13125
9766,python (8660),Command Buffer 0,12415969166,192542
9767,python (8660),Compute Command 0,12416143375,16041
9768,python (8660),Command Buffer 0,12416163875,192541
9769,python (8660),Compute Command 0,12416341000,13125
9770,python (8660),Command Buffer 0,12416359083,194042
9771,python (8660),Compute Command 0,12416538083,12750
9772,python (8660),Command Buffer 0,12416555291,198292
9773,python (8660),Compute Command 0,12416738208,13083
9774,python (8660),Command Buffer 0,12416755833,192167
9775,python (8660),Compute Command 0,12416932583,13167
9776,python (8660),Command Buffer 0,12416950250,194750
9777,python (8660),Compute Command 0,12417129791,12959
9778,python (8660),Command Buffer 0,12417147166,190542
9779,python (8660),Compute Command 0,12417322625,12875
9780,python (8660),Command Buffer 0,12417339875,198750
9781,python (8660),Compute Command 0,12417523208,13167
9782,python (8660),Command Buffer 0,12417540791,191417
9783,python (8660),Compute Command 0,12417716916,13000
9784,python (8660),Command Buffer 0,12417734375,198333
9785,python (8660),Compute Command 0,12417917541,12917
9786,python (8660),Command Buffer 0,12417934875,194166
9787,python (8660),Compute Command 0,12418113583,13208
9788,python (8660),Command Buffer 0,12418131166,197542
9789,python (8660),Compute Command 0,12418313500,12958
9790,python (8660),Command Buffer 0,12418330833,192625
9791,python (8660),Compute Command 0,12418508291,12917
9792,python (8660),Command Buffer 0,12418525625,175333
9793,python (8660),Compute Command 0,12418682583,15958
9794,python (8660),Command Buffer 0,12418703750,176291
9795,python (8660),Compute Command 0,12418862166,15584
9796,python (8660),Command Buffer 0,12418882375,164541
9797,python (8660),Compute Command 0,12419029250,15291
9798,python (8660),Command Buffer 0,12419048875,154125
9799,python (8660),Compute Command 0,12419183083,18000
9800,python (8660),Command Buffer 0,12419205208,171792
9801,python (8660),Compute Command 0,12419360625,13791
9802,python (8660),Command Buffer 0,12419379458,172667
9803,python (8660),Compute Command 0,12419534750,15500
9804,python (8660),Command Buffer 0,12419554750,156083
9805,python (8660),Compute Command 0,12419694375,14583
9806,python (8660),Command Buffer 0,12419712750,171041
9807,python (8660),Compute Command 0,12419867625,13791
9808,python (8660),Command Buffer 0,12419886083,168417
9809,python (8660),Compute Command 0,12420037833,14292
9810,python (8660),Command Buffer 0,12420056750,161083
9811,python (8660),Compute Command 0,12420200958,14500
9812,python (8660),Command Buffer 0,12420219791,151292
9813,python (8660),Compute Command 0,12420354291,14750
9814,python (8660),Command Buffer 0,12420372958,156167
9815,python (8660),Compute Command 0,12420515958,11083
9816,python (8660),Command Buffer 0,12420531333,172042
9817,python (8660),Compute Command 0,12420687833,13458
9818,python (8660),Command Buffer 0,12420706458,159583
9819,python (8660),Compute Command 0,12420850625,13375
9820,python (8660),Command Buffer 0,12420870125,154500
9821,python (8660),Compute Command 0,12421002916,19542
9822,python (8660),Command Buffer 0,12421027166,170125
9823,python (8660),Compute Command 0,12421180583,14500
9824,python (8660),Command Buffer 0,12421199833,175167
9825,python (8660),Compute Command 0,12421358500,14416
9826,python (8660),Command Buffer 0,12421377125,170666
9827,python (8660),Compute Command 0,12421530208,15167
9828,python (8660),Command Buffer 0,12421551208,179083
9829,python (8660),Compute Command 0,12421714625,13666
9830,python (8660),Command Buffer 0,12421733041,173917
9831,python (8660),Compute Command 0,12421889666,15167
9832,python (8660),Command Buffer 0,12421909208,175708
9833,python (8660),Compute Command 0,12422069916,13042
9834,python (8660),Command Buffer 0,12422088166,368709
9835,python (8660),Compute Command 0,12422417291,32709
9836,python (8660),Command Buffer 0,12422465333,234208
9837,python (8660),Compute Command 0,12422669125,25416
9838,python (8660),Command Buffer 0,12422704541,313959
9839,python (8660),Compute Command 0,12422992875,21500
9840,python (8660),Command Buffer 0,12423022250,177708
9841,python (8660),Compute Command 0,12423173583,23250
9842,python (8660),Command Buffer 0,12423204166,184834
9843,python (8660),Compute Command 0,12423363291,22375
9844,python (8660),Command Buffer 0,12423393208,209542
9845,python (8660),Compute Command 0,12423582791,17000
9846,python (8660),Command Buffer 0,12423607333,185042
9847,python (8660),Compute Command 0,12423768791,20750
9848,python (8660),Command Buffer 0,12423798541,190209
9849,python (8660),Compute Command 0,12423970333,16000
9850,python (8660),Command Buffer 0,12423991958,167750
9851,python (8660),Compute Command 0,12424143583,13833
9852,python (8660),Command Buffer 0,12424162208,183750
9853,python (8660),Compute Command 0,12424324708,17333
9854,python (8660),Command Buffer 0,12424350000,188750
9855,python (8660),Compute Command 0,12424519416,16917
9856,python (8660),Command Buffer 0,12424541458,183167
9857,python (8660),Compute Command 0,12424706000,16166
9858,python (8660),Command Buffer 0,12424729750,181916
9859,python (8660),Compute Command 0,12424894291,15084
9860,python (8660),Command Buffer 0,12424914333,160167
9861,python (8660),Compute Command 0,12425059625,12916
9862,python (8660),Command Buffer 0,12425077458,181875
9863,python (8660),Compute Command 0,12425237750,18791
9864,python (8660),Command Buffer 0,12425264291,183250
9865,python (8660),Compute Command 0,12425430250,15083
9866,python (8660),Command Buffer 0,12425450708,203333
9867,python (8660),Compute Command 0,12425638583,13375
9868,python (8660),Command Buffer 0,12425656625,180833
9869,python (8660),Compute Command 0,12425822500,12958
9870,python (8660),Command Buffer 0,12425840333,172125
9871,python (8660),Compute Command 0,12425997708,12833
9872,python (8660),Command Buffer 0,12426014666,154125
9873,python (8660),Compute Command 0,12426149000,17666
9874,python (8660),Command Buffer 0,12426171833,171833
9875,python (8660),Compute Command 0,12426326291,15292
9876,python (8660),Command Buffer 0,12426348875,167000
9877,python (8660),Compute Command 0,12426496375,16250
9878,python (8660),Command Buffer 0,12426519333,164125
9879,python (8660),Compute Command 0,12426665750,15625
9880,python (8660),Command Buffer 0,12426686041,149375
9881,python (8660),Compute Command 0,12426821250,12083
9882,python (8660),Command Buffer 0,12426837833,171083
9883,python (8660),Compute Command 0,12426994041,12875
9884,python (8660),Command Buffer 0,12427011333,149792
9885,python (8660),Compute Command 0,12427146791,12375
9886,python (8660),Command Buffer 0,12427163750,150875
9887,python (8660),Compute Command 0,12427299875,12666
9888,python (8660),Command Buffer 0,12427317041,171459
9889,python (8660),Compute Command 0,12427473666,12792
9890,python (8660),Command Buffer 0,12427490791,148750
9891,python (8660),Compute Command 0,12427625416,12125
9892,python (8660),Command Buffer 0,12427642958,143333
9893,python (8660),Compute Command 0,12427772041,12209
9894,python (8660),Command Buffer 0,12427788375,165125
9895,python (8660),Compute Command 0,12427934750,15875
9896,python (8660),Command Buffer 0,12427956916,167125
9897,python (8660),Compute Command 0,12428106166,15334
9898,python (8660),Command Buffer 0,12428128541,165917
9899,python (8660),Compute Command 0,12428271791,20000
9900,python (8660),Command Buffer 0,12428298375,157583
9901,python (8660),Compute Command 0,12428438666,14917
9902,python (8660),Command Buffer 0,12428458708,148333
9903,python (8660),Compute Command 0,12428592208,12708
9904,python (8660),Command Buffer 0,12428609041,164959
9905,python (8660),Compute Command 0,12428751500,19708
9906,python (8660),Command Buffer 0,12428784041,174042
9907,python (8660),Compute Command 0,12428936041,19667
9908,python (8660),Command Buffer 0,12428962750,169000
9909,python (8660),Compute Command 0,12429115000,14750
9910,python (8660),Command Buffer 0,12429134916,180542
9911,python (8660),Compute Command 0,12429297208,15792
9912,python (8660),Command Buffer 0,12429319750,171958
9913,python (8660),Compute Command 0,12429472833,16542
9914,python (8660),Command Buffer 0,12429494541,172542
9915,python (8660),Compute Command 0,12429650250,14625
9916,python (8660),Command Buffer 0,12429669750,165166
9917,python (8660),Compute Command 0,12429817166,15542
9918,python (8660),Command Buffer 0,12429838333,160917
9919,python (8660),Compute Command 0,12429980125,16666
9920,python (8660),Command Buffer 0,12430003666,179584
9921,python (8660),Compute Command 0,12430159208,21125
9922,python (8660),Command Buffer 0,12430188583,159667
9923,python (8660),Compute Command 0,12430327458,18208
9924,python (8660),Command Buffer 0,12430352166,167792
9925,python (8660),Compute Command 0,12430502625,15250
9926,python (8660),Command Buffer 0,12430522708,154958
9927,python (8660),Compute Command 0,12430663083,12583
9928,python (8660),Command Buffer 0,12430680583,145125
9929,python (8660),Compute Command 0,12430810583,12875
9930,python (8660),Command Buffer 0,12430828291,160000
9931,python (8660),Compute Command 0,12430968125,17958
9932,python (8660),Command Buffer 0,12430992791,304750
9933,python (8660),Compute Command 0,12431281625,13791
9934,python (8660),Command Buffer 0,12431299958,168875
9935,python (8660),Compute Command 0,12431447958,18542
9936,python (8660),Command Buffer 0,12431472958,163542
9937,python (8660),Compute Command 0,12431616083,18167
9938,python (8660),Command Buffer 0,12431640583,162833
9939,python (8660),Compute Command 0,12431784458,16583
9940,python (8660),Command Buffer 0,12431806541,162167
9941,python (8660),Compute Command 0,12431954000,12708
9942,python (8660),Command Buffer 0,12431971083,153667
9943,python (8660),Compute Command 0,12432110500,12208
9944,python (8660),Command Buffer 0,12432127125,139791
9945,python (8660),Compute Command 0,12432253500,11375
9946,python (8660),Command Buffer 0,12432269375,142250
9947,python (8660),Compute Command 0,12432397625,11958
9948,python (8660),Command Buffer 0,12432414000,161458
9949,python (8660),Compute Command 0,12432561041,12542
9950,python (8660),Command Buffer 0,12432580375,155125
9951,python (8660),Compute Command 0,12432721541,11917
9952,python (8660),Command Buffer 0,12432737625,150458
9953,python (8660),Compute Command 0,12432873125,12833
9954,python (8660),Command Buffer 0,12432890291,137542
9955,python (8660),Compute Command 0,12433014458,11292
9956,python (8660),Command Buffer 0,12433030125,139000
9957,python (8660),Compute Command 0,12433155958,11208
9958,python (8660),Command Buffer 0,12433171125,158083
9959,python (8660),Compute Command 0,12433316166,11000
9960,python (8660),Command Buffer 0,12433331458,141375
9961,python (8660),Compute Command 0,12433459708,11125
9962,python (8660),Command Buffer 0,12433475375,136833
9963,python (8660),Compute Command 0,12433599083,11292
9964,python (8660),Command Buffer 0,12433614291,155292
9965,python (8660),Compute Command 0,12433756458,11250
9966,python (8660),Command Buffer 0,12433771791,149417
9967,python (8660),Compute Command 0,12433906500,12625
9968,python (8660),Command Buffer 0,12433923791,152292
9969,python (8660),Compute Command 0,12434062416,11709
9970,python (8660),Command Buffer 0,12434078083,159208
9971,python (8660),Compute Command 0,12434224166,11250
9972,python (8660),Command Buffer 0,12434239666,141959
9973,python (8660),Compute Command 0,12434368208,11500
9974,python (8660),Command Buffer 0,12434383875,137708
9975,python (8660),Compute Command 0,12434508333,11333
9976,python (8660),Command Buffer 0,12434523625,153500
9977,python (8660),Compute Command 0,12434664083,11125
9978,python (8660),Command Buffer 0,12434679458,140792
9979,python (8660),Compute Command 0,12434806833,11542
9980,python (8660),Command Buffer 0,12434822500,137458
9981,python (8660),Compute Command 0,12434946666,11417
9982,python (8660),Command Buffer 0,12434962166,145792
9983,python (8660),Compute Command 0,12435094833,11125
9984,python (8660),Command Buffer 0,12435110208,140333
9985,python (8660),Compute Command 0,12435237083,11625
9986,python (8660),Command Buffer 0,12435252833,161958
9987,python (8660),Compute Command 0,12435401791,11167
9988,python (8660),Command Buffer 0,12435417125,148083
9989,python (8660),Compute Command 0,12435552250,11083
9990,python (8660),Command Buffer 0,12435567708,139750
9991,python (8660),Compute Command 0,12435694583,10917
9992,python (8660),Command Buffer 0,12435709625,155125
9993,python (8660),Compute Command 0,12435851458,11375
9994,python (8660),Command Buffer 0,12435867291,139584
9995,python (8660),Compute Command 0,12435993958,11083
9996,python (8660),Command Buffer 0,12436009208,139042
9997,python (8660),Compute Command 0,12436135083,11292
9998,python (8660),Command Buffer 0,12436150916,156292
9999,python (8660),Compute Command 0,12436293291,11875
10000,python (8660),Command Buffer 0,12436309708,162125
10001,python (8660),Compute Command 0,12436457708,12167
10002,python (8660),Command Buffer 0,12436474083,151750
10003,python (8660),Compute Command 0,12436611916,12084
10004,python (8660),Command Buffer 0,12436628041,156292
10005,python (8660),Compute Command 0,12436770333,12125
10006,python (8660),Command Buffer 0,12436786708,166208
10007,python (8660),Compute Command 0,12436937666,13042
10008,python (8660),Command Buffer 0,12436955291,168292
10009,python (8660),Compute Command 0,12437109666,12000
10010,python (8660),Command Buffer 0,12437125791,167500
10011,python (8660),Compute Command 0,12437277875,13041
10012,python (8660),Command Buffer 0,12437295625,425583
10013,python (8660),Compute Command 0,12437633125,85250
10014,python (8660),Command Buffer 0,12437724416,3137959
