source_row_index,process,category,start_ns,duration_ns
1648,python (8660),Compute,11375825666,38792
1649,python (8660),Compute,11377393750,81291
1650,python (8660),Compute,11377842500,79000
1651,python (8660),Compute,11378206583,78542
1652,python (8660),Compute,11378629583,78292
1653,python (8660),Compute,11379013000,78208
1654,python (8660),Compute,11379664291,81042
1655,python (8660),Compute,11380096666,79292
1656,python (8660),Compute,11380464000,77750
1657,python (8660),Compute,11380897625,78500
1658,python (8660),Compute,11381349416,78542
1659,python (8660),Compute,11381719666,78500
1660,python (8660),Compute,11382162041,78417
1661,python (8660),Compute,11382522958,79000
1662,python (8660),Compute,11382963166,78334
1663,python (8660),Compute,11383322583,78417
1664,python (8660),Compute,11383673875,78125
1665,python (8660),Compute,11384096875,78458
1666,python (8660),Compute,11384458791,77875
1667,python (8660),Compute,11384888416,78000
1668,python (8660),Compute,11385257000,77666
1669,python (8660),Compute,11385620916,78209
1670,python (8660),Compute,11386057958,77917
1671,python (8660),Compute,11386420458,77833
1672,python (8660),Compute,11386860583,77417
1673,python (8660),Compute,11387520000,81333
1674,python (8660),Compute,11387951125,78416
1675,python (8660),Compute,11388324333,77708
1676,python (8660),Compute,11388762375,77500
1677,python (8660),Compute,11389121500,78333
1678,python (8660),Compute,11389560375,77791
1679,python (8660),Compute,11389856833,78583
1680,python (8660),Compute,11390142833,77792
1681,python (8660),Compute,11390428125,78666
1682,python (8660),Compute,11390707541,78459
1683,python (8660),Compute,11390986458,78500
1684,python (8660),Compute,11391262125,78583
1685,python (8660),Compute,11391551416,78584
1686,python (8660),Compute,11391825875,80333
1691,python (8660),Compute,11392159750,77541
1692,python (8660),Compute,11392533750,77333
1693,python (8660),Compute,11392823541,77709
1694,python (8660),Compute,11393254875,78833
1695,python (8660),Compute,11393689208,78000
1696,python (8660),Compute,11394050000,78166
1697,python (8660),Compute,11394411500,77791
1698,python (8660),Compute,11394848041,78625
1699,python (8660),Compute,11395210583,77875
1700,python (8660),Compute,11395574000,78333
1701,python (8660),Compute,11396008291,78709
1702,python (8660),Compute,11396370041,78334
1703,python (8660),Compute,11396811083,78208
1704,python (8660),Compute,11397470500,80583
1705,python (8660),Compute,11397927666,79334
1706,python (8660),Compute,11398236083,78375
1707,python (8660),Compute,11398534916,78000
1708,python (8660),Compute,11398867916,82584
1709,python (8660),Compute,11399201750,82916
1710,python (8660),Compute,11399544333,83042
1711,python (8660),Compute,11399869291,82125
1712,python (8660),Compute,11400198250,81875
1713,python (8660),Compute,11400511041,78917
1714,python (8660),Compute,11400819625,81916
1715,python (8660),Compute,11401119208,81792
1716,python (8660),Compute,11401435750,82208
1717,python (8660),Compute,11401759791,83000
1718,python (8660),Compute,11402066875,82458
1719,python (8660),Compute,11402381291,83125
1720,python (8660),Compute,11402685750,82291
1721,python (8660),Compute,11402994875,79000
1722,python (8660),Compute,11403283833,82042
1723,python (8660),Compute,11403606750,78833
1724,python (8660),Compute,11403898750,81833
1725,python (8660),Compute,11404204041,81875
1726,python (8660),Compute,11404508875,82208
1727,python (8660),Compute,11404819166,82459
1728,python (8660),Compute,11405125541,81959
1729,python (8660),Compute,11405421000,81875
1730,python (8660),Compute,11405747125,82416
1731,python (8660),Compute,11406067125,81208
1732,python (8660),Compute,11406502458,82125
1733,python (8660),Compute,11406833375,81666
1734,python (8660),Compute,11407141625,82875
1735,python (8660),Compute,11407460083,78750
1736,python (8660),Compute,11407767250,82583
1737,python (8660),Compute,11408092416,81250
1738,python (8660),Compute,11408420791,82209
1739,python (8660),Compute,11408738125,82500
1740,python (8660),Compute,11409063833,82125
1741,python (8660),Compute,11409375625,79416
1742,python (8660),Compute,11409669000,81583
1743,python (8660),Compute,11409995750,81791
1744,python (8660),Compute,11410315125,82041
1745,python (8660),Compute,11410647291,82625
1746,python (8660),Compute,11410961000,82000
1747,python (8660),Compute,11411276083,82583
1748,python (8660),Compute,11411594458,78542
1749,python (8660),Compute,11411907625,82541
1750,python (8660),Compute,11412203625,78250
1751,python (8660),Compute,11412542625,77708
1752,python (8660),Compute,11412835833,78292
1753,python (8660),Compute,11413127291,77917
1754,python (8660),Compute,11413419583,78958
1755,python (8660),Compute,11413714666,78209
1756,python (8660),Compute,11414002875,78541
1757,python (8660),Compute,11414292833,78167
1758,python (8660),Compute,11414637666,78792
1759,python (8660),Compute,11414929000,78625
1760,python (8660),Compute,11415217125,78166
1761,python (8660),Compute,11415510916,79375
1762,python (8660),Compute,11415797166,78375
1763,python (8660),Compute,11416087000,78416
1764,python (8660),Compute,11416374791,78084
1765,python (8660),Compute,11416665166,78417
1766,python (8660),Compute,11416954500,79041
1767,python (8660),Compute,11417245083,78333
1768,python (8660),Compute,11417531083,78000
1769,python (8660),Compute,11417817458,78917
1770,python (8660),Compute,11418100375,78166
1771,python (8660),Compute,11418383125,77875
1772,python (8660),Compute,11418657041,77917
1773,python (8660),Compute,11418955000,78625
1774,python (8660),Compute,11419243583,78833
1775,python (8660),Compute,11419522333,79167
1776,python (8660),Compute,11419811333,77917
1777,python (8660),Compute,11420143750,77833
1778,python (8660),Compute,11420504958,78208
1779,python (8660),Compute,11420879458,78375
1780,python (8660),Compute,11421181791,77500
1781,python (8660),Compute,11421483958,77542
1782,python (8660),Compute,11421760375,78166
1783,python (8660),Compute,11422064166,77959
1784,python (8660),Compute,11422348041,78250
1785,python (8660),Compute,11422644541,77834
1786,python (8660),Compute,11423074833,77958
1787,python (8660),Compute,11423351916,78875
1788,python (8660),Compute,11423616458,78625
1789,python (8660),Compute,11423878625,78166
1790,python (8660),Compute,11424138458,78958
1791,python (8660),Compute,11424400000,78000
1794,python (8660),Compute,11424748375,78041
1795,python (8660),Compute,11425017375,78250
1796,python (8660),Compute,11425264583,78250
1797,python (8660),Compute,11425551333,79250
1798,python (8660),Compute,11425826166,78042
1799,python (8660),Compute,11426099333,78042
1800,python (8660),Compute,11426371416,78334
1801,python (8660),Compute,11426630500,78958
1802,python (8660),Compute,11426888875,77416
1803,python (8660),Compute,11427152625,78541
1804,python (8660),Compute,11427426208,77500
1805,python (8660),Compute,11427695416,79334
1806,python (8660),Compute,11427967208,78125
1807,python (8660),Compute,11428238750,78791
1808,python (8660),Compute,11428515291,78334
1809,python (8660),Compute,11428790708,78417
1810,python (8660),Compute,11429063500,77458
1811,python (8660),Compute,11429336291,77959
1812,python (8660),Compute,11429607250,77250
1813,python (8660),Compute,11429890291,79000
1814,python (8660),Compute,11430160875,78166
1815,python (8660),Compute,11430431000,77666
1816,python (8660),Compute,11430727750,78750
1817,python (8660),Compute,11430995875,77000
1818,python (8660),Compute,11431437041,78209
1819,python (8660),Compute,11431715666,78417
1820,python (8660),Compute,11431994083,78333
1821,python (8660),Compute,11432277916,78834
1822,python (8660),Compute,11432555541,77959
1823,python (8660),Compute,11432832041,78459
1824,python (8660),Compute,11433106958,78333
1825,python (8660),Compute,11433386583,78667
1826,python (8660),Compute,11433663000,77958
1827,python (8660),Compute,11433938833,77833
1828,python (8660),Compute,11434213875,78791
1829,python (8660),Compute,11434490916,78625
1830,python (8660),Compute,11434764166,78292
1831,python (8660),Compute,11435040166,78875
1832,python (8660),Compute,11435313583,77333
1833,python (8660),Compute,11435589750,78375
1834,python (8660),Compute,11435867250,78375
1835,python (8660),Compute,11436145000,78500
1836,python (8660),Compute,11436422750,78416
1837,python (8660),Compute,11436699958,78167
1838,python (8660),Compute,11436974416,78792
1839,python (8660),Compute,11437251666,77959
1840,python (8660),Compute,11437525416,78667
1841,python (8660),Compute,11437800500,78250
1842,python (8660),Compute,11438076791,78125
1843,python (8660),Compute,11438351083,78292
1844,python (8660),Compute,11438628208,78917
1845,python (8660),Compute,11438904833,77875
1846,python (8660),Compute,11439178625,78625
1847,python (8660),Compute,11439610750,78125
1848,python (8660),Compute,11439911500,81833
1849,python (8660),Compute,11440250500,82750
1850,python (8660),Compute,11440568833,79208
1851,python (8660),Compute,11440878208,82250
1852,python (8660),Compute,11441169625,81791
1853,python (8660),Compute,11441475708,82167
1854,python (8660),Compute,11441790166,80167
1855,python (8660),Compute,11442102125,83000
1856,python (8660),Compute,11442418041,82417
1857,python (8660),Compute,11442750125,81708
1858,python (8660),Compute,11443064500,82500
1859,python (8660),Compute,11443374625,82458
1860,python (8660),Compute,11443688958,81667
1861,python (8660),Compute,11443996208,77667
1862,python (8660),Compute,11444301208,81958
1863,python (8660),Compute,11444606625,81416
1864,python (8660),Compute,11444923000,82041
1865,python (8660),Compute,11445249708,78167
1866,python (8660),Compute,11445559333,83125
1867,python (8660),Compute,11445875458,82000
1868,python (8660),Compute,11446188875,80708
1869,python (8660),Compute,11446500166,81709
1870,python (8660),Compute,11446816708,82250
1871,python (8660),Compute,11447136791,82000
1872,python (8660),Compute,11447448875,78416
1873,python (8660),Compute,11447751833,78458
1874,python (8660),Compute,11448166750,82250
1875,python (8660),Compute,11448474791,81584
1876,python (8660),Compute,11448791458,82292
1877,python (8660),Compute,11449100375,82000
1878,python (8660),Compute,11449421625,82166
1879,python (8660),Compute,11449734500,82041
1880,python (8660),Compute,11450060291,82209
1881,python (8660),Compute,11450375500,82708
1882,python (8660),Compute,11450701416,82292
1883,python (8660),Compute,11451024250,82916
1884,python (8660),Compute,11451338083,81792
1885,python (8660),Compute,11451664125,79541
1886,python (8660),Compute,11451966750,81750
1887,python (8660),Compute,11452283958,83083
1888,python (8660),Compute,11452601500,82041
1889,python (8660),Compute,11452909083,82125
1890,python (8660),Compute,11453211500,81916
1891,python (8660),Compute,11453551500,83166
1892,python (8660),Compute,11453849250,78125
1893,python (8660),Compute,11454141458,78250
1894,python (8660),Compute,11454452500,82375
1895,python (8660),Compute,11454756041,82792
1896,python (8660),Compute,11455055833,81292
1897,python (8660),Compute,11455374541,79625
1898,python (8660),Compute,11455687875,82458
1899,python (8660),Compute,11456005833,82750
1900,python (8660),Compute,11456492250,81625
1901,python (8660),Compute,11456778958,78083
1902,python (8660),Compute,11457059958,78708
1903,python (8660),Compute,11457346750,79375
1904,python (8660),Compute,11457630083,79042
1905,python (8660),Compute,11457914166,81500
1908,python (8660),Compute,11458183916,78500
1909,python (8660),Compute,11458490375,78125
1910,python (8660),Compute,11458773000,77750
1911,python (8660),Compute,11459062958,82958
1912,python (8660),Compute,11459381166,78167
1913,python (8660),Compute,11459696625,82208
1914,python (8660),Compute,11460028416,78417
1915,python (8660),Compute,11460308583,81542
1916,python (8660),Compute,11460593708,78333
1917,python (8660),Compute,11460903083,82583
1918,python (8660),Compute,11461220208,82375
1919,python (8660),Compute,11461534791,81625
1920,python (8660),Compute,11461845750,81750
1921,python (8660),Compute,11462157875,82041
1922,python (8660),Compute,11462477041,81792
1923,python (8660),Compute,11462807708,81667
1924,python (8660),Compute,11463132875,81791
1925,python (8660),Compute,11463459583,82083
1926,python (8660),Compute,11463772125,78208
1927,python (8660),Compute,11464093333,82708
1928,python (8660),Compute,11464417375,78583
1929,python (8660),Compute,11464843916,81834
1930,python (8660),Compute,11465157333,82333
1931,python (8660),Compute,11465488500,82416
1932,python (8660),Compute,11465804875,81708
1933,python (8660),Compute,11466113083,81792
1934,python (8660),Compute,11466434791,78250
1935,python (8660),Compute,11466735083,82167
1936,python (8660),Compute,11467062083,81792
1937,python (8660),Compute,11467383625,82250
1938,python (8660),Compute,11467698458,82667
1939,python (8660),Compute,11468023333,82542
1940,python (8660),Compute,11468334083,82250
1941,python (8660),Compute,11468663291,81959
1942,python (8660),Compute,11468973375,82041
1943,python (8660),Compute,11469292708,82000
1944,python (8660),Compute,11469622250,82291
1945,python (8660),Compute,11469909458,80500
1946,python (8660),Compute,11470220250,81708
1947,python (8660),Compute,11470540750,81500
1948,python (8660),Compute,11470845583,82958
1949,python (8660),Compute,11471172750,82916
1950,python (8660),Compute,11471497416,81834
1951,python (8660),Compute,11471825583,82083
1952,python (8660),Compute,11472142750,81583
1953,python (8660),Compute,11472460541,82750
1954,python (8660),Compute,11472764916,78167
1955,python (8660),Compute,11473146666,82375
1956,python (8660),Compute,11473467333,82000
1957,python (8660),Compute,11473792333,82000
1958,python (8660),Compute,11474121125,81750
1959,python (8660),Compute,11474440208,81958
1960,python (8660),Compute,11474749041,78375
1961,python (8660),Compute,11475067958,82000
1962,python (8660),Compute,11475389791,80792
1963,python (8660),Compute,11475719291,81959
1964,python (8660),Compute,11476045041,81792
1965,python (8660),Compute,11476369958,82250
1966,python (8660),Compute,11476689750,82500
1967,python (8660),Compute,11477006791,78209
1968,python (8660),Compute,11477301833,81375
1969,python (8660),Compute,11477611666,81542
1970,python (8660),Compute,11477932333,82875
1971,python (8660),Compute,11478259291,81500
1972,python (8660),Compute,11478582416,82625
1973,python (8660),Compute,11478877208,82125
1974,python (8660),Compute,11479176250,77291
1975,python (8660),Compute,11479499416,81250
1976,python (8660),Compute,11479822625,81791
1977,python (8660),Compute,11480146583,81708
1978,python (8660),Compute,11480469208,83667
1979,python (8660),Compute,11480802125,81375
1980,python (8660),Compute,11481306791,82667
1981,python (8660),Compute,11481627916,82209
1982,python (8660),Compute,11481951250,81708
1983,python (8660),Compute,11482276166,83042
1984,python (8660),Compute,11482608583,82125
1985,python (8660),Compute,11482935375,82208
1986,python (8660),Compute,11483262583,81583
1987,python (8660),Compute,11483575166,82209
1988,python (8660),Compute,11483929333,82708
1989,python (8660),Compute,11484258250,79791
1990,python (8660),Compute,11484596041,81917
1991,python (8660),Compute,11484926250,81791
1992,python (8660),Compute,11485226791,78500
1993,python (8660),Compute,11485531208,82708
1994,python (8660),Compute,11485845208,81792
1995,python (8660),Compute,11486196500,82666
1996,python (8660),Compute,11486517166,82875
1997,python (8660),Compute,11486831916,81667
1998,python (8660),Compute,11487121125,78166
1999,python (8660),Compute,11487404833,77375
2000,python (8660),Compute,11487694791,79084
2001,python (8660),Compute,11487978125,82500
2002,python (8660),Compute,11488288291,81917
2003,python (8660),Compute,11488606041,82292
2004,python (8660),Compute,11488922083,81667
2005,python (8660),Compute,11489243625,82083
2006,python (8660),Compute,11489653250,82166
2007,python (8660),Compute,11489964416,77625
2008,python (8660),Compute,11490250208,78333
2009,python (8660),Compute,11490530416,79084
2010,python (8660),Compute,11490831833,79042
2011,python (8660),Compute,11491114708,77917
2012,python (8660),Compute,11491395625,77458
2017,python (8660),Compute,11491659875,78125
2018,python (8660),Compute,11491966583,80792
2019,python (8660),Compute,11492259541,81292
2020,python (8660),Compute,11492541416,82000
2021,python (8660),Compute,11492852083,81958
2022,python (8660),Compute,11493174083,82583
2023,python (8660),Compute,11493519833,79667
2024,python (8660),Compute,11493818666,82500
2025,python (8660),Compute,11494135875,82541
2026,python (8660),Compute,11494453000,81875
2027,python (8660),Compute,11494764500,82208
2028,python (8660),Compute,11495107625,81791
2029,python (8660),Compute,11495426416,78709
2030,python (8660),Compute,11495740541,82167
2031,python (8660),Compute,11496072791,81959
2032,python (8660),Compute,11496393583,82083
2033,python (8660),Compute,11496711166,78125
2034,python (8660),Compute,11497034291,82417
2035,python (8660),Compute,11497368000,82708
2036,python (8660),Compute,11497691708,77917
2037,python (8660),Compute,11498239708,81958
2038,python (8660),Compute,11498562250,82500
2039,python (8660),Compute,11498883000,81500
2040,python (8660),Compute,11499207625,82166
2041,python (8660),Compute,11499527208,82042
2042,python (8660),Compute,11499865583,82583
2043,python (8660),Compute,11500192750,82083
2044,python (8660),Compute,11500524791,82792
2045,python (8660),Compute,11500850541,82042
2046,python (8660),Compute,11501171875,81750
2047,python (8660),Compute,11501496208,83333
2048,python (8660),Compute,11501817708,81750
2049,python (8660),Compute,11502112625,82458
2050,python (8660),Compute,11502439666,81292
2051,python (8660),Compute,11502756000,83083
2052,python (8660),Compute,11503082500,81875
2053,python (8660),Compute,11503401958,81958
2054,python (8660),Compute,11503742625,77916
2055,python (8660),Compute,11504063958,82583
2056,python (8660),Compute,11504402000,82333
2057,python (8660),Compute,11504728541,82417
2058,python (8660),Compute,11505050625,81875
2059,python (8660),Compute,11505367041,82125
2060,python (8660),Compute,11505678166,79209
2061,python (8660),Compute,11506029333,79458
2062,python (8660),Compute,11506504916,81709
2063,python (8660),Compute,11506834666,82500
2064,python (8660),Compute,11507177291,81334
2065,python (8660),Compute,11507490833,81958
2066,python (8660),Compute,11507821208,82250
2067,python (8660),Compute,11508140750,82083
2068,python (8660),Compute,11508470500,81875
2069,python (8660),Compute,11508808875,81791
2070,python (8660),Compute,11509132000,82625
2071,python (8660),Compute,11509456583,82500
2072,python (8660),Compute,11509777958,82625
2073,python (8660),Compute,11510086958,80958
2074,python (8660),Compute,11510392500,82250
2075,python (8660),Compute,11510710500,82958
2076,python (8660),Compute,11511062625,81833
2077,python (8660),Compute,11511379166,82709
2078,python (8660),Compute,11511713041,81709
2079,python (8660),Compute,11512031750,77625
2080,python (8660),Compute,11512358458,82083
2081,python (8660),Compute,11512677041,82292
2082,python (8660),Compute,11512999166,82167
2083,python (8660),Compute,11513345625,81958
2084,python (8660),Compute,11513675333,83833
2085,python (8660),Compute,11514003666,82334
2086,python (8660),Compute,11514318541,79084
2087,python (8660),Compute,11514859833,85167
2088,python (8660),Compute,11515179833,81750
2089,python (8660),Compute,11515504166,83625
2090,python (8660),Compute,11515847375,82166
2091,python (8660),Compute,11516174041,82209
2092,python (8660),Compute,11516492375,77458
2093,python (8660),Compute,11516774666,77625
2094,python (8660),Compute,11517070541,83167
2095,python (8660),Compute,11517413791,81375
2096,python (8660),Compute,11517733625,82333
2097,python (8660),Compute,11518080791,82084
2098,python (8660),Compute,11518401250,81000
2099,python (8660),Compute,11518727791,78125
2100,python (8660),Compute,11519021541,78667
2101,python (8660),Compute,11519320791,77792
2102,python (8660),Compute,11519634583,77958
2103,python (8660),Compute,11519924000,77791
2104,python (8660),Compute,11520214000,77666
2105,python (8660),Compute,11520511916,78584
2106,python (8660),Compute,11520801708,77542
2107,python (8660),Compute,11521078541,77875
2108,python (8660),Compute,11521361916,78125
2109,python (8660),Compute,11521649583,77792
2110,python (8660),Compute,11521932916,77667
2111,python (8660),Compute,11522215083,77792
2112,python (8660),Compute,11522502958,77458
2113,python (8660),Compute,11522966916,77792
2114,python (8660),Compute,11523256958,77875
2115,python (8660),Compute,11523521416,78667
2116,python (8660),Compute,11523786458,77125
2117,python (8660),Compute,11524044666,78625
2118,python (8660),Compute,11524304041,78959
2123,python (8660),Compute,11524647833,77958
2124,python (8660),Compute,11524892416,78875
2125,python (8660),Compute,11525156208,77833
2126,python (8660),Compute,11525417333,78458
2127,python (8660),Compute,11525682958,77917
2128,python (8660),Compute,11525952625,78541
2129,python (8660),Compute,11526215541,78667
2130,python (8660),Compute,11526479416,78084
2131,python (8660),Compute,11526738208,78708
2132,python (8660),Compute,11527001958,78042
2133,python (8660),Compute,11527269458,78000
2134,python (8660),Compute,11527554083,78542
2135,python (8660),Compute,11527841250,78208
2136,python (8660),Compute,11528119166,78917
2137,python (8660),Compute,11528403166,77292
2138,python (8660),Compute,11528700791,78667
2139,python (8660),Compute,11528984791,78167
2140,python (8660),Compute,11529263541,78750
2141,python (8660),Compute,11529541625,78458
2142,python (8660),Compute,11529837625,78083
2143,python (8660),Compute,11530133333,78875
2144,python (8660),Compute,11530411791,78334
2145,python (8660),Compute,11530690958,78250
2146,python (8660),Compute,11530970208,78458
2147,python (8660),Compute,11531391583,78000
2148,python (8660),Compute,11531693791,78875
2149,python (8660),Compute,11531960958,78417
2150,python (8660),Compute,11532247208,78083
2151,python (8660),Compute,11532531625,78291
2152,python (8660),Compute,11532846583,78292
2153,python (8660),Compute,11533130583,78333
2154,python (8660),Compute,11533408416,77625
2155,python (8660),Compute,11533722416,78667
2156,python (8660),Compute,11534023958,79000
2157,python (8660),Compute,11534312833,78042
2158,python (8660),Compute,11534630916,79167
2159,python (8660),Compute,11534951208,77958
2160,python (8660),Compute,11535241208,77833
2161,python (8660),Compute,11535547208,78750
2162,python (8660),Compute,11535830375,77625
2163,python (8660),Compute,11536111375,78958
2164,python (8660),Compute,11536393875,82833
2165,python (8660),Compute,11536736125,81875
2166,python (8660),Compute,11537060125,78208
2167,python (8660),Compute,11537402458,81958
2168,python (8660),Compute,11537719250,82208
2169,python (8660),Compute,11538039416,82542
2170,python (8660),Compute,11538371291,78459
2171,python (8660),Compute,11538662625,82833
2172,python (8660),Compute,11539000000,81333
2173,python (8660),Compute,11539320208,79375
2174,python (8660),Compute,11539851875,78125
2175,python (8660),Compute,11540191708,81875
2176,python (8660),Compute,11540507083,81792
2177,python (8660),Compute,11540830000,81541
2178,python (8660),Compute,11541145708,83125
2179,python (8660),Compute,11541483375,82166
2180,python (8660),Compute,11541806541,82167
2181,python (8660),Compute,11542132708,82458
2182,python (8660),Compute,11542459583,81833
2183,python (8660),Compute,11542775500,78625
2184,python (8660),Compute,11543099708,82250
2185,python (8660),Compute,11543417416,80792
2186,python (8660),Compute,11543748250,81291
2187,python (8660),Compute,11544068291,81792
2188,python (8660),Compute,11544392708,81958
2189,python (8660),Compute,11544716083,82000
2190,python (8660),Compute,11545030333,78083
2191,python (8660),Compute,11545418458,81708
2192,python (8660),Compute,11545737333,79500
2193,python (8660),Compute,11546097875,81916
2194,python (8660),Compute,11546416083,83958
2195,python (8660),Compute,11546815000,82041
2196,python (8660),Compute,11547130208,83167
2197,python (8660),Compute,11547482875,82000
2198,python (8660),Compute,11548041125,84166
2199,python (8660),Compute,11548431875,82666
2200,python (8660),Compute,11548776958,81167
2201,python (8660),Compute,11549127125,82166
2202,python (8660),Compute,11549522958,82333
2203,python (8660),Compute,11549826541,83709
2204,python (8660),Compute,11550217750,82291
2205,python (8660),Compute,11550542666,83334
2206,python (8660),Compute,11550917583,82333
2207,python (8660),Compute,11551251583,84375
2208,python (8660),Compute,11551611291,78417
2209,python (8660),Compute,11552016625,80125
2210,python (8660),Compute,11552360041,83042
2211,python (8660),Compute,11552730958,82750
2212,python (8660),Compute,11553065583,83042
2213,python (8660),Compute,11553436541,78834
2214,python (8660),Compute,11553817791,78250
2215,python (8660),Compute,11554122125,78291
2216,python (8660),Compute,11554497916,81667
2217,python (8660),Compute,11554811666,82750
2218,python (8660),Compute,11555206625,82083
2219,python (8660),Compute,11555526916,83084
2220,python (8660),Compute,11555907666,81709
2221,python (8660),Compute,11556387875,83708
2222,python (8660),Compute,11556746291,78459
2223,python (8660),Compute,11557041833,78667
2224,python (8660),Compute,11557329041,78250
2225,python (8660),Compute,11557696250,78500
2226,python (8660),Compute,11557983500,78166
2227,python (8660),Compute,11558350541,77917
2228,python (8660),Compute,11558638791,77542
2231,python (8660),Compute,11558998041,79042
2232,python (8660),Compute,11559287333,81167
2233,python (8660),Compute,11559612666,82667
2234,python (8660),Compute,11559971958,81208
2235,python (8660),Compute,11560288666,83917
2236,python (8660),Compute,11560665791,81334
2237,python (8660),Compute,11560988083,83875
2238,python (8660),Compute,11561367250,81541
2239,python (8660),Compute,11561695833,83333
2240,python (8660),Compute,11562063291,82500
2241,python (8660),Compute,11562392083,85542
2242,python (8660),Compute,11562773166,78667
2243,python (8660),Compute,11563163958,82125
2244,python (8660),Compute,11563483666,83667
2245,python (8660),Compute,11563866416,82125
2246,python (8660),Compute,11564197416,84792
2247,python (8660),Compute,11564634541,82542
2248,python (8660),Compute,11564955625,82125
2249,python (8660),Compute,11565277166,84125
2250,python (8660),Compute,11565663541,82792
2251,python (8660),Compute,11565986625,83583
2252,python (8660),Compute,11566379916,82500
2253,python (8660),Compute,11566699458,83417
2254,python (8660),Compute,11567063541,82209
2255,python (8660),Compute,11567379833,83750
2256,python (8660),Compute,11567762166,82417
2257,python (8660),Compute,11568101708,83958
2258,python (8660),Compute,11568459375,82708
2259,python (8660),Compute,11568855416,81917
2260,python (8660),Compute,11569187000,79958
2261,python (8660),Compute,11569558958,82375
2262,python (8660),Compute,11569883458,83500
2263,python (8660),Compute,11570264083,79042
2264,python (8660),Compute,11570572666,83709
2265,python (8660),Compute,11570934708,81958
2266,python (8660),Compute,11571272416,84542
2267,python (8660),Compute,11571632541,79334
2268,python (8660),Compute,11572036166,81959
2269,python (8660),Compute,11572364625,82916
2270,python (8660),Compute,11572754500,77833
2271,python (8660),Compute,11573175500,82166
2272,python (8660),Compute,11573490208,82583
2273,python (8660),Compute,11573861666,82125
2274,python (8660),Compute,11574192750,83708
2275,python (8660),Compute,11574585791,82667
2276,python (8660),Compute,11574924250,83750
2277,python (8660),Compute,11575309291,85042
2278,python (8660),Compute,11575681208,84125
2279,python (8660),Compute,11575982750,82500
2280,python (8660),Compute,11576370250,82458
2281,python (8660),Compute,11576668875,81791
2282,python (8660),Compute,11577040166,78500
2283,python (8660),Compute,11577360666,84084
2284,python (8660),Compute,11577737750,81125
2285,python (8660),Compute,11578050333,83542
2286,python (8660),Compute,11578548833,46792
2287,python (8660),Compute,11578899041,53959
2288,python (8660),Compute,11579188625,47125
2289,python (8660),Compute,11579542958,47667
2290,python (8660),Compute,11579824916,46959
2291,python (8660),Compute,11580175458,54042
2292,python (8660),Compute,11580491791,47000
2293,python (8660),Compute,11580763791,45125
2294,python (8660),Compute,11581290166,67459
2295,python (8660),Compute,11581584208,82208
2296,python (8660),Compute,11581905333,81167
2297,python (8660),Compute,11582278750,81416
2298,python (8660),Compute,11582576250,82833
2299,python (8660),Compute,11582967541,81709
2300,python (8660),Compute,11583286666,78750
2301,python (8660),Compute,11583657750,81875
2302,python (8660),Compute,11583980250,82500
2303,python (8660),Compute,11584357875,81916
2304,python (8660),Compute,11584673916,82417
2305,python (8660),Compute,11585052416,83167
2306,python (8660),Compute,11585375125,83541
2307,python (8660),Compute,11585766541,82125
2308,python (8660),Compute,11586153916,83125
2309,python (8660),Compute,11586482125,83041
2310,python (8660),Compute,11586883416,47334
2311,python (8660),Compute,11587240500,49541
2312,python (8660),Compute,11587543791,46959
2313,python (8660),Compute,11587829625,47208
2314,python (8660),Compute,11588208750,48291
2315,python (8660),Compute,11588486916,46584
2316,python (8660),Compute,11588855291,47417
2317,python (8660),Compute,11589123750,46875
2318,python (8660),Compute,11589399125,43166
2319,python (8660),Compute,11589935750,43291
2320,python (8660),Compute,11590246125,50541
2321,python (8660),Compute,11590500166,46459
2322,python (8660),Compute,11590750750,43375
2323,python (8660),Compute,11591052375,49750
2324,python (8660),Compute,11591363291,47125
2325,python (8660),Compute,11591616541,48000
2328,python (8660),Compute,11591892583,43500
2329,python (8660),Compute,11592183208,46750
2330,python (8660),Compute,11592430791,46875
2331,python (8660),Compute,11592680416,43292
2332,python (8660),Compute,11592937875,47375
2333,python (8660),Compute,11593221750,46958
2334,python (8660),Compute,11593504583,44542
2335,python (8660),Compute,11593841916,53709
2336,python (8660),Compute,11594200625,47166
2337,python (8660),Compute,11594566583,50875
2338,python (8660),Compute,11594850875,47375
2339,python (8660),Compute,11595223583,47167
2340,python (8660),Compute,11595515708,47500
2341,python (8660),Compute,11595778375,43083
2342,python (8660),Compute,11596117125,54083
2343,python (8660),Compute,11596508416,42042
2344,python (8660),Compute,11596849916,38167
2345,python (8660),Compute,11597117666,37334
2346,python (8660),Compute,11597380958,37792
2347,python (8660),Compute,11597742291,34125
2348,python (8660),Compute,11598168166,44042
2349,python (8660),Compute,11598453833,43458
2350,python (8660),Compute,11598735166,43584
2351,python (8660),Compute,11599102250,47375
2352,python (8660),Compute,11599390791,43667
2353,python (8660),Compute,11599697625,54541
2354,python (8660),Compute,11600043250,47541
2355,python (8660),Compute,11600334958,44083
2356,python (8660),Compute,11600699500,52041
2357,python (8660),Compute,11600995416,47084
2358,python (8660),Compute,11601370458,47583
2359,python (8660),Compute,11601662250,47083
2360,python (8660),Compute,11601942208,43583
2361,python (8660),Compute,11602291500,46500
2362,python (8660),Compute,11602574750,47791
2363,python (8660),Compute,11602866041,48000
2364,python (8660),Compute,11603216875,47625
2365,python (8660),Compute,11603510583,44000
2366,python (8660),Compute,11603877291,47084
2367,python (8660),Compute,11604165541,47084
2368,python (8660),Compute,11604460916,48917
2369,python (8660),Compute,11604880541,38084
2370,python (8660),Compute,11605207541,47292
2371,python (8660),Compute,11605574625,37750
2372,python (8660),Compute,11605898625,48208
2373,python (8660),Compute,11606313583,33833
2374,python (8660),Compute,11606558041,34709
2375,python (8660),Compute,11606834666,37750
2376,python (8660),Compute,11607104666,37959
2377,python (8660),Compute,11607375875,37666
2378,python (8660),Compute,11607723708,48208
2379,python (8660),Compute,11608062791,38250
2380,python (8660),Compute,11608375541,47042
2381,python (8660),Compute,11608704250,33958
2382,python (8660),Compute,11608960541,37750
2383,python (8660),Compute,11609307833,47583
2384,python (8660),Compute,11609664833,38792
2385,python (8660),Compute,11610020333,44000
2386,python (8660),Compute,11610362666,33667
2387,python (8660),Compute,11610636500,33750
2388,python (8660),Compute,11610917291,33584
2389,python (8660),Compute,11611155541,33917
2390,python (8660),Compute,11611413041,33792
2391,python (8660),Compute,11611679958,33250
2392,python (8660),Compute,11611942375,33750
2393,python (8660),Compute,11612213208,33542
2394,python (8660),Compute,11612502708,33833
2395,python (8660),Compute,11612769041,33292
2396,python (8660),Compute,11613028166,33125
2397,python (8660),Compute,11613273333,33042
2398,python (8660),Compute,11613556083,34625
2399,python (8660),Compute,11613842041,33792
2400,python (8660),Compute,11614120583,33833
2401,python (8660),Compute,11614389333,28792
2402,python (8660),Compute,11614827666,35917
2403,python (8660),Compute,11615099375,36375
2404,python (8660),Compute,11615384541,36834
2405,python (8660),Compute,11615678541,35625
2406,python (8660),Compute,11615968541,35584
2407,python (8660),Compute,11616251708,35542
2408,python (8660),Compute,11616615708,42375
2409,python (8660),Compute,11616898916,37875
2410,python (8660),Compute,11617164833,38500
2411,python (8660),Compute,11617521458,37125
2412,python (8660),Compute,11617787208,38292
2413,python (8660),Compute,11618062958,38292
2414,python (8660),Compute,11618478000,44833
2415,python (8660),Compute,11618795666,29250
2416,python (8660),Compute,11619049791,30542
2417,python (8660),Compute,11619313958,28500
2418,python (8660),Compute,11619549500,28625
2419,python (8660),Compute,11619786458,28375
2420,python (8660),Compute,11620017500,28416
2421,python (8660),Compute,11620245083,28042
2422,python (8660),Compute,11620503375,28291
2423,python (8660),Compute,11620744333,29167
2424,python (8660),Compute,11620968833,28583
2425,python (8660),Compute,11621194708,28708
2426,python (8660),Compute,11621423000,28375
2427,python (8660),Compute,11621644916,28500
2428,python (8660),Compute,11621869791,28667
2429,python (8660),Compute,11622100833,28375
2430,python (8660),Compute,11622329958,28458
2431,python (8660),Compute,11622541666,28625
2432,python (8660),Compute,11622923541,28750
2433,python (8660),Compute,11623166416,25750
2434,python (8660),Compute,11623371250,24875
2435,python (8660),Compute,11623596125,25166
2436,python (8660),Compute,11623830625,27125
2437,python (8660),Compute,11624074000,31625
2438,python (8660),Compute,11624299041,25167
2439,python (8660),Compute,11624488875,25375
2440,python (8660),Compute,11624681750,25291
2443,python (8660),Compute,11624891791,27209
2444,python (8660),Compute,11625138958,25333
2445,python (8660),Compute,11625341791,27167
2446,python (8660),Compute,11625556916,27459
2447,python (8660),Compute,11625767458,25375
2448,python (8660),Compute,11625957500,25458
2449,python (8660),Compute,11626150500,25583
2450,python (8660),Compute,11626345791,25125
2451,python (8660),Compute,11626535708,25458
2452,python (8660),Compute,11626729083,25375
2453,python (8660),Compute,11626940958,28167
2454,python (8660),Compute,11627158333,27417
2455,python (8660),Compute,11627374041,27834
2456,python (8660),Compute,11627582375,25083
2457,python (8660),Compute,11627777333,25458
2458,python (8660),Compute,11627966208,25333
2459,python (8660),Compute,11628158541,25584
2460,python (8660),Compute,11628348583,25375
2461,python (8660),Compute,11628563708,27583
2462,python (8660),Compute,11628805375,31166
2463,python (8660),Compute,11629047208,31667
2464,python (8660),Compute,11629301166,31500
2465,python (8660),Compute,11629655791,29375
2466,python (8660),Compute,11629914666,29584
2467,python (8660),Compute,11630185375,30333
2468,python (8660),Compute,11630452625,23250
2469,python (8660),Compute,11630674166,23750
2470,python (8660),Compute,11630906083,24000
2471,python (8660),Compute,11631368833,31958
2472,python (8660),Compute,11631625416,30959
2473,python (8660),Compute,11631876166,31917
2474,python (8660),Compute,11632123416,31084
2475,python (8660),Compute,11632373750,31458
2476,python (8660),Compute,11632623750,31083
2477,python (8660),Compute,11632880833,27333
2478,python (8660),Compute,11633182166,31500
2479,python (8660),Compute,11633434750,31458
2480,python (8660),Compute,11633674958,31125
2481,python (8660),Compute,11633923041,31334
2482,python (8660),Compute,11634169625,31166
2483,python (8660),Compute,11634421458,31542
2484,python (8660),Compute,11634672875,31333
2485,python (8660),Compute,11634937708,31833
2486,python (8660),Compute,11635214291,27584
2487,python (8660),Compute,11635460916,31709
2488,python (8660),Compute,11635717958,31708
2489,python (8660),Compute,11635973000,31458
2490,python (8660),Compute,11636221208,31875
2491,python (8660),Compute,11636470458,31292
2492,python (8660),Compute,11636713083,25417
2493,python (8660),Compute,11636977166,27875
2494,python (8660),Compute,11637222958,27625
2495,python (8660),Compute,11637484250,31833
2496,python (8660),Compute,11637755833,31083
2497,python (8660),Compute,11638022208,29750
2498,python (8660),Compute,11638264125,29375
2499,python (8660),Compute,11638504083,29833
2500,python (8660),Compute,11638752291,24209
2501,python (8660),Compute,11638985583,23625
2502,python (8660),Compute,11639231958,30125
2503,python (8660),Compute,11639662916,26000
2504,python (8660),Compute,11639894416,29667
2505,python (8660),Compute,11640144833,30000
2506,python (8660),Compute,11640416875,30083
2507,python (8660),Compute,11640690083,30625
2508,python (8660),Compute,11640971791,22750
2509,python (8660),Compute,11641205333,22833
2510,python (8660),Compute,11641436291,22792
2511,python (8660),Compute,11641666541,22417
2512,python (8660),Compute,11641874791,21917
2513,python (8660),Compute,11642078500,22125
2514,python (8660),Compute,11642297791,22875
2515,python (8660),Compute,11642539791,22500
2516,python (8660),Compute,11642775291,22875
2517,python (8660),Compute,11643014666,23042
2518,python (8660),Compute,11643251708,22708
2519,python (8660),Compute,11643486083,22875
2520,python (8660),Compute,11643716416,22875
2521,python (8660),Compute,11643946958,22125
2522,python (8660),Compute,11644159541,22167
2523,python (8660),Compute,11644374541,22209
2524,python (8660),Compute,11644603000,22541
2525,python (8660),Compute,11644838500,23000
2526,python (8660),Compute,11645072625,22500
2527,python (8660),Compute,11645306833,22333
2528,python (8660),Compute,11645527500,22750
2529,python (8660),Compute,11645766500,22125
2530,python (8660),Compute,11645981166,22875
2531,python (8660),Compute,11646208333,22667
2532,python (8660),Compute,11646445583,22833
2533,python (8660),Compute,11646683125,22833
2534,python (8660),Compute,11646920375,22583
2535,python (8660),Compute,11647159000,23083
2536,python (8660),Compute,11647398166,22625
2537,python (8660),Compute,11647634708,23167
2538,python (8660),Compute,11648071000,30000
2539,python (8660),Compute,11648333083,24042
2540,python (8660),Compute,11648589250,29875
2541,python (8660),Compute,11648858583,29958
2542,python (8660),Compute,11649174458,22667
2543,python (8660),Compute,11649414791,22750
2544,python (8660),Compute,11649649166,22625
2545,python (8660),Compute,11649885083,22958
2546,python (8660),Compute,11650120541,22709
2547,python (8660),Compute,11650352125,22750
2548,python (8660),Compute,11650586666,22625
2549,python (8660),Compute,11650826166,22834
2550,python (8660),Compute,11651077958,29083
2551,python (8660),Compute,11651354333,29500
2552,python (8660),Compute,11651631125,23291
2553,python (8660),Compute,11651875500,22250
2554,python (8660),Compute,11652086833,22625
2555,python (8660),Compute,11652326750,22833
2556,python (8660),Compute,11652562625,22708
2557,python (8660),Compute,11652795916,22834
2558,python (8660),Compute,11653033875,22625
2559,python (8660),Compute,11653274583,22958
2560,python (8660),Compute,11653514083,22667
2561,python (8660),Compute,11653748083,22125
2562,python (8660),Compute,11653959291,22042
2563,python (8660),Compute,11654185375,22083
2564,python (8660),Compute,11654423833,22750
2565,python (8660),Compute,11654649583,22750
2566,python (8660),Compute,11654864666,22792
2567,python (8660),Compute,11655104375,22791
2568,python (8660),Compute,11655334250,22625
2569,python (8660),Compute,11655562708,22750
2570,python (8660),Compute,11655794083,22750
2571,python (8660),Compute,11656032916,22875
2572,python (8660),Compute,11656316833,20833
2573,python (8660),Compute,11656536166,21417
2574,python (8660),Compute,11656772166,20834
2575,python (8660),Compute,11656972833,21125
2576,python (8660),Compute,11657174541,20917
2577,python (8660),Compute,11657376541,20875
2578,python (8660),Compute,11657578833,21000
2579,python (8660),Compute,11657783125,21250
2580,python (8660),Compute,11657985000,20958
2581,python (8660),Compute,11658185000,21125
2582,python (8660),Compute,11658384958,21000
2583,python (8660),Compute,11658580833,21000
2586,python (8660),Compute,11658850708,20833
2587,python (8660),Compute,11659049833,20875
2588,python (8660),Compute,11659274791,21167
2589,python (8660),Compute,11659480291,20750
2590,python (8660),Compute,11659686333,21042
2591,python (8660),Compute,11659894125,21541
2592,python (8660),Compute,11660125916,21625
2593,python (8660),Compute,11660337125,21666
2594,python (8660),Compute,11660561666,21459
2595,python (8660),Compute,11660785583,21708
2596,python (8660),Compute,11661007958,21792
2597,python (8660),Compute,11661225666,21542
2598,python (8660),Compute,11661472500,21166
2599,python (8660),Compute,11661686166,21209
2600,python (8660),Compute,11661910666,20959
2601,python (8660),Compute,11662123500,20625
2602,python (8660),Compute,11662322958,20708
2603,python (8660),Compute,11662519541,20667
2604,python (8660),Compute,11662722625,20958
2605,python (8660),Compute,11662950125,21083
2606,python (8660),Compute,11663173291,21125
2607,python (8660),Compute,11663408375,21500
2608,python (8660),Compute,11663629750,20291
2609,python (8660),Compute,11663854375,21708
2610,python (8660),Compute,11664073625,21041
2611,python (8660),Compute,11664295791,21000
2612,python (8660),Compute,11664702666,21584
2613,python (8660),Compute,11664920375,21791
2614,python (8660),Compute,11665139333,21542
2615,python (8660),Compute,11665356875,21958
2616,python (8660),Compute,11665579791,21709
2617,python (8660),Compute,11665794333,21167
2618,python (8660),Compute,11666005583,21458
2619,python (8660),Compute,11666227541,21625
2620,python (8660),Compute,11666442416,21750
2621,python (8660),Compute,11666665333,21750
2622,python (8660),Compute,11666882125,21791
2623,python (8660),Compute,11667110833,21875
2624,python (8660),Compute,11667335833,21833
2625,python (8660),Compute,11667554041,21834
2626,python (8660),Compute,11667776083,21708
2627,python (8660),Compute,11667989416,21334
2628,python (8660),Compute,11668201000,21541
2629,python (8660),Compute,11668421583,21708
2630,python (8660),Compute,11668640208,20750
2631,python (8660),Compute,11668849083,20875
2632,python (8660),Compute,11669053208,20875
2633,python (8660),Compute,11669262458,20750
2634,python (8660),Compute,11669471500,20875
2635,python (8660),Compute,11669681291,20625
2636,python (8660),Compute,11669896416,20375
2637,python (8660),Compute,11670106208,21292
2638,python (8660),Compute,11670313333,20542
2639,python (8660),Compute,11670520083,21208
2640,python (8660),Compute,11670738291,20334
2641,python (8660),Compute,11670939041,21042
2642,python (8660),Compute,11671157458,21417
2643,python (8660),Compute,11671376791,21292
2644,python (8660),Compute,11671605666,20875
2645,python (8660),Compute,11671836791,21084
2646,python (8660),Compute,11672055083,20958
2647,python (8660),Compute,11672281083,21167
2648,python (8660),Compute,11672490041,21084
2649,python (8660),Compute,11672715250,20416
2650,python (8660),Compute,11673088875,21083
2651,python (8660),Compute,11673312666,21250
2652,python (8660),Compute,11673535416,21125
2653,python (8660),Compute,11673751875,20916
2654,python (8660),Compute,11673969333,21417
2655,python (8660),Compute,11674189291,20792
2656,python (8660),Compute,11674407291,21209
2657,python (8660),Compute,11674614500,21125
2658,python (8660),Compute,11674830416,21292
2659,python (8660),Compute,11675049250,21041
2660,python (8660),Compute,11675268916,21084
2661,python (8660),Compute,11675492375,20833
2662,python (8660),Compute,11675721375,21125
2663,python (8660),Compute,11675942333,21000
2664,python (8660),Compute,11676159666,21167
2665,python (8660),Compute,11676386000,21000
2666,python (8660),Compute,11676604625,21250
2667,python (8660),Compute,11676811583,20667
2668,python (8660),Compute,11677012166,21209
2669,python (8660),Compute,11677230833,21417
2670,python (8660),Compute,11677448583,21208
2671,python (8660),Compute,11677671083,21167
2672,python (8660),Compute,11677891833,21375
2673,python (8660),Compute,11678110708,21125
2674,python (8660),Compute,11678328916,20917
2675,python (8660),Compute,11678547666,21167
2676,python (8660),Compute,11678760416,21042
2677,python (8660),Compute,11678977666,20625
2678,python (8660),Compute,11679193250,21166
2679,python (8660),Compute,11679416458,21000
2680,python (8660),Compute,11679639083,20875
2681,python (8660),Compute,11679859750,21000
2682,python (8660),Compute,11680077250,20875
2683,python (8660),Compute,11680299125,21166
2684,python (8660),Compute,11680516333,21250
2685,python (8660),Compute,11680733541,21209
2686,python (8660),Compute,11680955583,21000
2687,python (8660),Compute,11681301416,21459
2688,python (8660),Compute,11681526375,20958
2689,python (8660),Compute,11681747916,21334
2690,python (8660),Compute,11681968750,21166
2691,python (8660),Compute,11682191375,21125
2692,python (8660),Compute,11682414250,21083
2693,python (8660),Compute,11682630833,21583
2694,python (8660),Compute,11682847750,20958
2695,python (8660),Compute,11683067333,21375
2696,python (8660),Compute,11683282875,20875
2697,python (8660),Compute,11683482791,20959
2698,python (8660),Compute,11683711666,20792
2699,python (8660),Compute,11683940541,21209
2700,python (8660),Compute,11684162875,21083
2701,python (8660),Compute,11684383083,21083
2702,python (8660),Compute,11684606458,21250
2703,python (8660),Compute,11684821708,21292
2704,python (8660),Compute,11685043000,21291
2705,python (8660),Compute,11685261541,20417
2706,python (8660),Compute,11685476208,20958
2707,python (8660),Compute,11685692291,21250
2708,python (8660),Compute,11685921500,21166
2709,python (8660),Compute,11686154458,21042
2710,python (8660),Compute,11686385500,21208
2711,python (8660),Compute,11686608958,20875
2712,python (8660),Compute,11686829375,20791
2713,python (8660),Compute,11687018083,20333
2714,python (8660),Compute,11687217041,20125
2715,python (8660),Compute,11687414125,21125
2716,python (8660),Compute,11687636708,21250
2717,python (8660),Compute,11687851083,20792
2718,python (8660),Compute,11688077083,21292
2719,python (8660),Compute,11688301541,21000
2720,python (8660),Compute,11688524708,21208
2721,python (8660),Compute,11688748666,21125
2722,python (8660),Compute,11688969125,21083
2723,python (8660),Compute,11689187500,21125
2724,python (8660),Compute,11689404583,20667
2725,python (8660),Compute,11689810708,21000
2726,python (8660),Compute,11690025500,20625
2727,python (8660),Compute,11690220666,20500
2728,python (8660),Compute,11690413958,20333
2729,python (8660),Compute,11690603458,20500
2730,python (8660),Compute,11690791333,20208
2731,python (8660),Compute,11690980333,20792
2734,python (8660),Compute,11691233041,20292
2735,python (8660),Compute,11691416458,20458
2736,python (8660),Compute,11691607375,20416
2737,python (8660),Compute,11691810375,20750
2738,python (8660),Compute,11692033458,21083
2739,python (8660),Compute,11692253125,21125
2740,python (8660),Compute,11692488500,21208
2741,python (8660),Compute,11692711041,21250
2742,python (8660),Compute,11692934375,21125
2743,python (8660),Compute,11693159708,21292
2744,python (8660),Compute,11693378291,21000
2745,python (8660),Compute,11693594875,20791
2746,python (8660),Compute,11693810375,21041
2747,python (8660),Compute,11694029708,20958
2748,python (8660),Compute,11694249666,21334
2749,python (8660),Compute,11694464250,20791
2750,python (8660),Compute,11694689166,21459
2751,python (8660),Compute,11694910583,21000
2752,python (8660),Compute,11695133958,21208
2753,python (8660),Compute,11695353166,20125
2754,python (8660),Compute,11695564791,21042
2755,python (8660),Compute,11695778375,20750
2756,python (8660),Compute,11695989875,21041
2757,python (8660),Compute,11696210083,21167
2758,python (8660),Compute,11696434791,20792
2759,python (8660),Compute,11696648708,21000
2760,python (8660),Compute,11696868708,21417
2761,python (8660),Compute,11697104125,21166
2762,python (8660),Compute,11697331250,21166
2763,python (8660),Compute,11697558416,21250
2764,python (8660),Compute,11697957083,20917
2765,python (8660),Compute,11698178166,20584
2766,python (8660),Compute,11698395791,21125
2767,python (8660),Compute,11698615625,21166
2768,python (8660),Compute,11698829750,21125
2769,python (8660),Compute,11699052250,21000
2770,python (8660),Compute,11699275583,21250
2771,python (8660),Compute,11699501291,20959
2772,python (8660),Compute,11699725250,21041
2773,python (8660),Compute,11699946291,20959
2774,python (8660),Compute,11700166666,20959
2775,python (8660),Compute,11700385708,21083
2776,python (8660),Compute,11700605583,21500
2777,python (8660),Compute,11700826791,21125
2778,python (8660),Compute,11701038250,21083
2779,python (8660),Compute,11701260875,21041
2780,python (8660),Compute,11701484250,21000
2781,python (8660),Compute,11701708916,20959
2782,python (8660),Compute,11701926083,20375
2783,python (8660),Compute,11702126833,21333
2784,python (8660),Compute,11702346625,21166
2785,python (8660),Compute,11702569875,21125
2786,python (8660),Compute,11702799041,21125
2787,python (8660),Compute,11703029791,21125
2788,python (8660),Compute,11703234791,21167
2789,python (8660),Compute,11703454333,21125
2790,python (8660),Compute,11703676500,20291
2791,python (8660),Compute,11703892666,21084
2792,python (8660),Compute,11704114541,21209
2793,python (8660),Compute,11704340416,21167
2794,python (8660),Compute,11704560083,20708
2795,python (8660),Compute,11704786083,21125
2796,python (8660),Compute,11705017041,21084
2797,python (8660),Compute,11705236208,21375
2798,python (8660),Compute,11705451000,21041
2799,python (8660),Compute,11705668541,20875
2800,python (8660),Compute,11705891541,20917
2801,python (8660),Compute,11706285666,21125
2802,python (8660),Compute,11706488291,21084
2803,python (8660),Compute,11706709291,21292
2804,python (8660),Compute,11706927875,21041
2805,python (8660),Compute,11707147958,21083
2806,python (8660),Compute,11707376041,21209
2807,python (8660),Compute,11707590125,21166
2808,python (8660),Compute,11707823291,21209
2809,python (8660),Compute,11708049916,21167
2810,python (8660),Compute,11708272916,20542
2811,python (8660),Compute,11708486666,21000
2812,python (8660),Compute,11708706750,21583
2813,python (8660),Compute,11708927541,21000
2814,python (8660),Compute,11709147166,21292
2815,python (8660),Compute,11709376416,21042
2816,python (8660),Compute,11709597000,21041
2817,python (8660),Compute,11709807416,20875
2818,python (8660),Compute,11710040541,21042
2819,python (8660),Compute,11710262791,20292
2820,python (8660),Compute,11710480333,21208
2821,python (8660),Compute,11710714166,21209
2822,python (8660),Compute,11710936208,21208
2823,python (8660),Compute,11711158458,21083
2824,python (8660),Compute,11711376791,21042
2825,python (8660),Compute,11711600291,21167
2826,python (8660),Compute,11711819916,20709
2827,python (8660),Compute,11712012791,20667
2828,python (8660),Compute,11712230333,21250
2829,python (8660),Compute,11712458833,21167
2830,python (8660),Compute,11712679083,21375
2831,python (8660),Compute,11712900000,21125
2832,python (8660),Compute,11713117500,21041
2833,python (8660),Compute,11713336500,21125
2834,python (8660),Compute,11713559375,20958
2835,python (8660),Compute,11713779208,21292
2836,python (8660),Compute,11713995125,21000
2837,python (8660),Compute,11714196083,20958
2838,python (8660),Compute,11714426291,20709
2839,python (8660),Compute,11714824375,21166
2840,python (8660),Compute,11715058166,20959
2841,python (8660),Compute,11715289916,21125
2842,python (8660),Compute,11715511333,21042
2843,python (8660),Compute,11715743208,21125
2844,python (8660),Compute,11715963041,21042
2845,python (8660),Compute,11716186500,21083
2846,python (8660),Compute,11716391833,20708
2847,python (8660),Compute,11716616083,20917
2848,python (8660),Compute,11716836000,20958
2849,python (8660),Compute,11717060125,21291
2850,python (8660),Compute,11717286500,21000
2851,python (8660),Compute,11717508625,20750
2852,python (8660),Compute,11717726416,21250
2853,python (8660),Compute,11717946791,21125
2854,python (8660),Compute,11718167125,21000
2855,python (8660),Compute,11718389125,20375
2856,python (8660),Compute,11718584250,20458
2857,python (8660),Compute,11718794666,20250
2858,python (8660),Compute,11719015458,20125
2859,python (8660),Compute,11719232375,20041
2860,python (8660),Compute,11719443041,20250
2861,python (8660),Compute,11719652666,20167
2862,python (8660),Compute,11719864250,20625
2863,python (8660),Compute,11720085291,20250
2864,python (8660),Compute,11720292041,20500
2865,python (8660),Compute,11720501958,20333
2866,python (8660),Compute,11720706625,20541
2867,python (8660),Compute,11720909750,20375
2868,python (8660),Compute,11721118041,20292
2869,python (8660),Compute,11721326208,20333
2870,python (8660),Compute,11721537541,20417
2871,python (8660),Compute,11721747208,20125
2872,python (8660),Compute,11721946708,20292
2873,python (8660),Compute,11722158875,20458
2874,python (8660),Compute,11722362625,20333
2875,python (8660),Compute,11722575708,20708
2876,python (8660),Compute,11722947666,20542
2877,python (8660),Compute,11723154458,20083
2878,python (8660),Compute,11723357666,20500
2879,python (8660),Compute,11723550625,20291
2880,python (8660),Compute,11723742666,20417
2881,python (8660),Compute,11723936750,20333
2882,python (8660),Compute,11724148250,21041
2883,python (8660),Compute,11724346250,20208
2886,python (8660),Compute,11724543916,20417
2887,python (8660),Compute,11724722916,20250
2888,python (8660),Compute,11724910750,20166
2889,python (8660),Compute,11725101750,20458
2890,python (8660),Compute,11725291958,20208
2891,python (8660),Compute,11725479833,20292
2892,python (8660),Compute,11725670500,20750
2893,python (8660),Compute,11725869333,20167
2894,python (8660),Compute,11726064833,20417
2895,python (8660),Compute,11726258916,20334
2896,python (8660),Compute,11726450833,20708
2897,python (8660),Compute,11726642458,20333
2898,python (8660),Compute,11726831208,20125
2899,python (8660),Compute,11727015041,20250
2900,python (8660),Compute,11727202875,20333
2901,python (8660),Compute,11727393083,20250
2902,python (8660),Compute,11727579291,20709
2903,python (8660),Compute,11727770541,20417
2904,python (8660),Compute,11727975791,20584
2905,python (8660),Compute,11728181916,20292
2906,python (8660),Compute,11728379958,20375
2907,python (8660),Compute,11728568916,20209
2908,python (8660),Compute,11728769291,20375
2909,python (8660),Compute,11728991166,20542
2910,python (8660),Compute,11729199666,20209
2911,python (8660),Compute,11729389875,20166
2912,python (8660),Compute,11729579750,20083
2913,python (8660),Compute,11729773375,20250
2914,python (8660),Compute,11729980083,20667
2915,python (8660),Compute,11730179291,20625
2916,python (8660),Compute,11730374458,20250
2917,python (8660),Compute,11730560708,20250
2918,python (8660),Compute,11730767958,20458
2919,python (8660),Compute,11730971666,20625
2920,python (8660),Compute,11731299791,20375
2921,python (8660),Compute,11731501875,20333
2922,python (8660),Compute,11731696375,20125
2923,python (8660),Compute,11731890583,20333
2924,python (8660),Compute,11732083625,20416
2925,python (8660),Compute,11732284333,20417
2926,python (8660),Compute,11732477500,20250
2927,python (8660),Compute,11732714500,20208
2928,python (8660),Compute,11732916250,20375
2929,python (8660),Compute,11733120083,20417
2930,python (8660),Compute,11733313750,20666
2931,python (8660),Compute,11733508875,20333
2932,python (8660),Compute,11733697708,20458
2933,python (8660),Compute,11733879208,20375
2934,python (8660),Compute,11734059916,20125
2935,python (8660),Compute,11734241583,20208
2936,python (8660),Compute,11734428916,20625
2937,python (8660),Compute,11734630125,20541
2938,python (8660),Compute,11734822625,20500
2939,python (8660),Compute,11735021041,20584
2940,python (8660),Compute,11735222666,20542
2941,python (8660),Compute,11735408875,20708
2942,python (8660),Compute,11735618375,20625
2943,python (8660),Compute,11735819125,20666
2944,python (8660),Compute,11736010291,20542
2945,python (8660),Compute,11736213083,20625
2946,python (8660),Compute,11736411875,20666
2947,python (8660),Compute,11736609208,21042
2948,python (8660),Compute,11736808083,20583
2949,python (8660),Compute,11737006541,20834
2950,python (8660),Compute,11737202791,20584
2951,python (8660),Compute,11737396250,20666
2952,python (8660),Compute,11737600416,20334
2953,python (8660),Compute,11737798875,20583
2954,python (8660),Compute,11738001500,20750
2955,python (8660),Compute,11738197666,20500
2956,python (8660),Compute,11738398166,20709
2957,python (8660),Compute,11738601250,20541
2958,python (8660),Compute,11738806291,20209
2959,python (8660),Compute,11739007958,20458
2960,python (8660),Compute,11739205666,20709
2961,python (8660),Compute,11739398125,20375
2962,python (8660),Compute,11739744333,20583
2963,python (8660),Compute,11739937750,20375
2964,python (8660),Compute,11740127375,20541
2965,python (8660),Compute,11740317500,20583
2966,python (8660),Compute,11740494541,20292
2967,python (8660),Compute,11740693541,20709
2968,python (8660),Compute,11740881166,20959
2969,python (8660),Compute,11741077500,20625
2970,python (8660),Compute,11741274916,20500
2971,python (8660),Compute,11741465666,20667
2972,python (8660),Compute,11741657041,20709
2973,python (8660),Compute,11741848125,20416
2974,python (8660),Compute,11742040291,20417
2975,python (8660),Compute,11742228000,20541
2976,python (8660),Compute,11742417708,20542
2977,python (8660),Compute,11742600916,20500
2978,python (8660),Compute,11742803041,20250
2979,python (8660),Compute,11743001625,20791
2980,python (8660),Compute,11743200750,20500
2981,python (8660),Compute,11743387250,20500
2982,python (8660),Compute,11743581250,20750
2983,python (8660),Compute,11743771833,20500
2984,python (8660),Compute,11743960166,20625
2985,python (8660),Compute,11744157875,20333
2986,python (8660),Compute,11744348916,20709
2987,python (8660),Compute,11744545583,20625
2988,python (8660),Compute,11744737166,20584
2989,python (8660),Compute,11744931666,20667
2990,python (8660),Compute,11745141458,20792
2991,python (8660),Compute,11745341791,20625
2992,python (8660),Compute,11745546166,20834
2993,python (8660),Compute,11745750166,20542
2994,python (8660),Compute,11745941583,20583
2995,python (8660),Compute,11746136083,20292
2996,python (8660),Compute,11746329083,20625
2997,python (8660),Compute,11746520708,20458
2998,python (8660),Compute,11746708000,20500
2999,python (8660),Compute,11746908208,20667
3000,python (8660),Compute,11747077791,20500
3001,python (8660),Compute,11747260583,20625
3002,python (8660),Compute,11747444875,20333
3003,python (8660),Compute,11747617750,20458
3004,python (8660),Compute,11747946208,20500
3005,python (8660),Compute,11748114125,20458
3006,python (8660),Compute,11748298625,20708
3007,python (8660),Compute,11748469958,20625
3008,python (8660),Compute,11748652708,20667
3009,python (8660),Compute,11748838083,20458
3010,python (8660),Compute,11749015458,21000
3011,python (8660),Compute,11749185333,20542
3012,python (8660),Compute,11749349375,20500
3013,python (8660),Compute,11749509791,20792
3014,python (8660),Compute,11749681541,20500
3015,python (8660),Compute,11749841041,20834
3016,python (8660),Compute,11750017250,20375
3017,python (8660),Compute,11750179375,20625
3018,python (8660),Compute,11750355166,20834
3019,python (8660),Compute,11750530791,20542
3020,python (8660),Compute,11750702333,20500
3021,python (8660),Compute,11750878416,20875
3022,python (8660),Compute,11751038833,20500
3023,python (8660),Compute,11751214416,20625
3024,python (8660),Compute,11751389958,20917
3025,python (8660),Compute,11751592708,20917
3026,python (8660),Compute,11751788125,21041
3027,python (8660),Compute,11751986541,21125
3028,python (8660),Compute,11752188125,21291
3029,python (8660),Compute,11752386666,21042
3030,python (8660),Compute,11752582125,20958
3031,python (8660),Compute,11752778375,21125
3032,python (8660),Compute,11752965041,20959
3033,python (8660),Compute,11753150333,20875
3034,python (8660),Compute,11753348250,21041
3035,python (8660),Compute,11753531125,20333
3036,python (8660),Compute,11753733500,20500
3037,python (8660),Compute,11753898666,20292
3038,python (8660),Compute,11754053083,20500
3039,python (8660),Compute,11754205833,20417
3040,python (8660),Compute,11754367000,21333
3041,python (8660),Compute,11754567625,21458
3042,python (8660),Compute,11754767333,21167
3043,python (8660),Compute,11754963250,21166
3044,python (8660),Compute,11755156000,21166
3045,python (8660),Compute,11755349916,21334
3046,python (8660),Compute,11755544916,21292
3047,python (8660),Compute,11755738916,20375
3048,python (8660),Compute,11755933208,21042
3049,python (8660),Compute,11756286833,21083
3050,python (8660),Compute,11756488916,21084
3051,python (8660),Compute,11756691541,20417
3052,python (8660),Compute,11756870916,19959
3053,python (8660),Compute,11757035583,20542
3054,python (8660),Compute,11757191458,20375
3055,python (8660),Compute,11757357708,20458
3056,python (8660),Compute,11757521458,20208
3057,python (8660),Compute,11757690333,20667
3060,python (8660),Compute,11757940875,20416
3061,python (8660),Compute,11758133291,20709
3062,python (8660),Compute,11758299000,20541
3063,python (8660),Compute,11758469541,21167
3064,python (8660),Compute,11758650875,21208
3065,python (8660),Compute,11758828125,21083
3066,python (8660),Compute,11759016291,21000
3067,python (8660),Compute,11759204375,21166
3068,python (8660),Compute,11759400958,21292
3069,python (8660),Compute,11759596625,21291
3070,python (8660),Compute,11759791458,21292
3071,python (8660),Compute,11759993208,21500
3072,python (8660),Compute,11760177500,21166
3073,python (8660),Compute,11760373958,21250
3074,python (8660),Compute,11760570541,21250
3075,python (8660),Compute,11760755041,21250
3076,python (8660),Compute,11760949541,21375
3077,python (8660),Compute,11761142458,21167
3078,python (8660),Compute,11761339833,21250
3079,python (8660),Compute,11761532291,21375
3080,python (8660),Compute,11761731333,21250
3081,python (8660),Compute,11761929916,20625
3082,python (8660),Compute,11762101083,20875
3083,python (8660),Compute,11762298833,20417
3084,python (8660),Compute,11762503166,20917
3085,python (8660),Compute,11762697083,20833
3086,python (8660),Compute,11762896083,21042
3087,python (8660),Compute,11763094166,21292
3088,python (8660),Compute,11763291916,20875
3089,python (8660),Compute,11763489166,21042
3090,python (8660),Compute,11763680875,20958
3091,python (8660),Compute,11763876625,21125
3092,python (8660),Compute,11764071208,21250
3093,python (8660),Compute,11764268625,20791
3094,python (8660),Compute,11764616333,20917
3095,python (8660),Compute,11764813666,21084
3096,python (8660),Compute,11765009333,21208
3097,python (8660),Compute,11765204500,21125
3098,python (8660),Compute,11765398291,21000
3099,python (8660),Compute,11765595541,21084
3100,python (8660),Compute,11765792166,21084
3101,python (8660),Compute,11765985875,21125
3102,python (8660),Compute,11766176958,20958
3103,python (8660),Compute,11766370833,21250
3104,python (8660),Compute,11766567041,21042
3105,python (8660),Compute,11766747000,20500
3106,python (8660),Compute,11766925166,20334
3107,python (8660),Compute,11767123666,21000
3108,python (8660),Compute,11767300791,21292
3109,python (8660),Compute,11767499125,20958
3110,python (8660),Compute,11767692541,21084
3111,python (8660),Compute,11767887666,21209
3112,python (8660),Compute,11768070541,21209
3113,python (8660),Compute,11768267416,20584
3114,python (8660),Compute,11768432833,21333
3115,python (8660),Compute,11768632500,20291
3116,python (8660),Compute,11768797166,20542
3117,python (8660),Compute,11768950291,20334
3118,python (8660),Compute,11769103000,20125
3119,python (8660),Compute,11769284916,20209
3120,python (8660),Compute,11769453666,20459
3121,python (8660),Compute,11769620958,20458
3122,python (8660),Compute,11769809250,21291
3123,python (8660),Compute,11770004541,20792
3124,python (8660),Compute,11770199583,21250
3125,python (8660),Compute,11770398125,20708
3126,python (8660),Compute,11770596375,21083
3127,python (8660),Compute,11770793375,21041
3128,python (8660),Compute,11770990375,21041
3129,python (8660),Compute,11771182666,21209
3130,python (8660),Compute,11771380375,20875
3131,python (8660),Compute,11771579583,21333
3132,python (8660),Compute,11771780166,20959
3133,python (8660),Compute,11771978250,21041
3134,python (8660),Compute,11772175458,21000
3135,python (8660),Compute,11772372416,21125
3136,python (8660),Compute,11772570500,21041
3137,python (8660),Compute,11772763291,20584
3138,python (8660),Compute,11773102083,20375
3139,python (8660),Compute,11773294041,21209
3140,python (8660),Compute,11773497958,21250
3141,python (8660),Compute,11773697750,21375
3142,python (8660),Compute,11773895166,21334
3143,python (8660),Compute,11774094041,21417
3144,python (8660),Compute,11774292541,20959
3145,python (8660),Compute,11774488291,21334
3146,python (8660),Compute,11774687125,20666
3147,python (8660),Compute,11774877041,21292
3148,python (8660),Compute,11775073500,20916
3149,python (8660),Compute,11775272666,21084
3150,python (8660),Compute,11775467208,20375
3151,python (8660),Compute,11775668791,21000
3152,python (8660),Compute,11775864750,21208
3153,python (8660),Compute,11776064375,20875
3154,python (8660),Compute,11776262750,21375
3155,python (8660),Compute,11776460875,20791
3156,python (8660),Compute,11776655041,20959
3157,python (8660),Compute,11776851541,20917
3158,python (8660),Compute,11777045583,20875
3159,python (8660),Compute,11777245500,21166
3160,python (8660),Compute,11777439166,21167
3161,python (8660),Compute,11777631708,20375
3162,python (8660),Compute,11777817916,21042
3163,python (8660),Compute,11778015125,21166
3164,python (8660),Compute,11778212875,20958
3165,python (8660),Compute,11778411291,21209
3166,python (8660),Compute,11778607416,20959
3167,python (8660),Compute,11778788000,21291
3168,python (8660),Compute,11778985041,21042
3169,python (8660),Compute,11779186291,21167
3170,python (8660),Compute,11779380416,21125
3171,python (8660),Compute,11779576541,21292
3172,python (8660),Compute,11779774833,21042
3173,python (8660),Compute,11779969625,20833
3174,python (8660),Compute,11780166625,21041
3175,python (8660),Compute,11780366458,20875
3176,python (8660),Compute,11780563541,20875
3177,python (8660),Compute,11780762708,21125
3178,python (8660),Compute,11780960166,20459
3179,python (8660),Compute,11781297625,21041
3180,python (8660),Compute,11781499375,20958
3181,python (8660),Compute,11781697458,21000
3182,python (8660),Compute,11781895291,21084
3183,python (8660),Compute,11782086208,20500
3184,python (8660),Compute,11782283208,20958
3185,python (8660),Compute,11782482416,20875
3186,python (8660),Compute,11782680708,21125
3187,python (8660),Compute,11782880125,21166
3188,python (8660),Compute,11783078000,21000
3189,python (8660),Compute,11783276708,21125
3190,python (8660),Compute,11783471375,21166
3191,python (8660),Compute,11783668750,20833
3192,python (8660),Compute,11783866458,21000
3193,python (8660),Compute,11784063541,21084
3194,python (8660),Compute,11784259166,20542
3195,python (8660),Compute,11784458250,20791
3196,python (8660),Compute,11784655583,21250
3197,python (8660),Compute,11784853833,20875
3198,python (8660),Compute,11785051791,21167
3199,python (8660),Compute,11785252833,20667
3200,python (8660),Compute,11785439291,21167
3201,python (8660),Compute,11785637750,21125
3202,python (8660),Compute,11785834125,21083
3203,python (8660),Compute,11786032000,21208
3204,python (8660),Compute,11786228291,21625
3205,python (8660),Compute,11786425833,20875
3206,python (8660),Compute,11786616625,21500
3207,python (8660),Compute,11786816625,21291
3208,python (8660),Compute,11787010791,20250
3209,python (8660),Compute,11787181166,20417
3210,python (8660),Compute,11787346458,20208
3211,python (8660),Compute,11787533916,21084
3212,python (8660),Compute,11787729041,20959
3213,python (8660),Compute,11787923875,21041
3214,python (8660),Compute,11788116416,21000
3215,python (8660),Compute,11788309875,21000
3216,python (8660),Compute,11788504333,21167
3217,python (8660),Compute,11788694375,20083
3218,python (8660),Compute,11788878958,20667
3219,python (8660),Compute,11789052208,20208
3220,python (8660),Compute,11789244791,20334
3221,python (8660),Compute,11789407916,20125
3222,python (8660),Compute,11789715708,20375
3223,python (8660),Compute,11789883166,20250
3224,python (8660),Compute,11790062750,20000
3225,python (8660),Compute,11790234291,20542
3226,python (8660),Compute,11790406125,20166
3227,python (8660),Compute,11790565708,20625
3228,python (8660),Compute,11790736458,20125
3229,python (8660),Compute,11790904083,20250
3230,python (8660),Compute,11791060375,19708
3231,python (8660),Compute,11791222875,19583
3232,python (8660),Compute,11791388500,19958
3233,python (8660),Compute,11791552916,19709
3236,python (8660),Compute,11791789583,19750
3237,python (8660),Compute,11791954875,20208
3238,python (8660),Compute,11792121125,19708
3239,python (8660),Compute,11792282375,19666
3240,python (8660),Compute,11792439375,19750
3241,python (8660),Compute,11792602500,19750
3242,python (8660),Compute,11792752583,19750
3243,python (8660),Compute,11792938041,20334
3244,python (8660),Compute,11793123125,20750
3245,python (8660),Compute,11793309958,20542
3246,python (8660),Compute,11793494916,20500
3247,python (8660),Compute,11793682583,19875
3248,python (8660),Compute,11793868458,20667
3249,python (8660),Compute,11794052625,20583
3250,python (8660),Compute,11794239041,20542
3251,python (8660),Compute,11794422791,20625
3252,python (8660),Compute,11794607708,21000
3253,python (8660),Compute,11794796666,20917
3254,python (8660),Compute,11794982750,20750
3255,python (8660),Compute,11795168333,20583
3256,python (8660),Compute,11795343125,20416
3257,python (8660),Compute,11795510541,21209
3258,python (8660),Compute,11795700000,21166
3259,python (8660),Compute,11795882791,21125
3260,python (8660),Compute,11796078791,21000
3261,python (8660),Compute,11796274750,20958
3262,python (8660),Compute,11796471291,20917
3263,python (8660),Compute,11796665541,21250
3264,python (8660),Compute,11796862666,21250
3265,python (8660),Compute,11797058458,21125
3266,python (8660),Compute,11797254083,21167
3267,python (8660),Compute,11797445750,20791
3268,python (8660),Compute,11797643875,21500
3269,python (8660),Compute,11797998166,21125
3270,python (8660),Compute,11798201041,20959
3271,python (8660),Compute,11798397708,20750
3272,python (8660),Compute,11798593625,20875
3273,python (8660),Compute,11798787750,21083
3274,python (8660),Compute,11798984166,20917
3275,python (8660),Compute,11799178583,20958
3276,python (8660),Compute,11799373000,21166
3277,python (8660),Compute,11799567708,20625
3278,python (8660),Compute,11799752875,20500
3279,python (8660),Compute,11799936208,19708
3280,python (8660),Compute,11800107416,20209
3281,python (8660),Compute,11800297708,20417
3282,python (8660),Compute,11800488666,20542
3283,python (8660),Compute,11800675083,20583
3284,python (8660),Compute,11800863208,20375
3285,python (8660),Compute,11801049375,20541
3286,python (8660),Compute,11801240833,20542
3287,python (8660),Compute,11801427500,20625
3288,python (8660),Compute,11801612708,20625
3289,python (8660),Compute,11801797541,20209
3290,python (8660),Compute,11801983250,20708
3291,python (8660),Compute,11802173083,20500
3292,python (8660),Compute,11802360708,20208
3293,python (8660),Compute,11802551833,20625
3294,python (8660),Compute,11802738166,20500
3295,python (8660),Compute,11802925500,20458
3296,python (8660),Compute,11803113583,20583
3297,python (8660),Compute,11803300125,20625
3298,python (8660),Compute,11803487666,20542
3299,python (8660),Compute,11803669916,19625
3300,python (8660),Compute,11803837833,20417
3301,python (8660),Compute,11804022291,19834
3302,python (8660),Compute,11804209666,20250
3303,python (8660),Compute,11804396583,20375
3304,python (8660),Compute,11804584375,20250
3305,python (8660),Compute,11804772500,20375
3306,python (8660),Compute,11804961375,20541
3307,python (8660),Compute,11805149625,20500
3308,python (8660),Compute,11805336583,20458
3309,python (8660),Compute,11805524208,20667
3310,python (8660),Compute,11805709625,20458
3311,python (8660),Compute,11805896916,20417
3312,python (8660),Compute,11806086375,19916
3313,python (8660),Compute,11806425791,19917
3314,python (8660),Compute,11806603958,20292
3315,python (8660),Compute,11806791125,20333
3316,python (8660),Compute,11806979666,20417
3317,python (8660),Compute,11807167750,20333
3318,python (8660),Compute,11807353541,20500
3319,python (8660),Compute,11807538500,20500
3320,python (8660),Compute,11807724875,20375
3321,python (8660),Compute,11807910958,20250
3322,python (8660),Compute,11808102000,20458
3323,python (8660),Compute,11808294416,20375
3324,python (8660),Compute,11808480958,20500
3325,python (8660),Compute,11808667500,20416
3326,python (8660),Compute,11808854166,20292
3327,python (8660),Compute,11809038708,20458
3328,python (8660),Compute,11809228541,20375
3329,python (8660),Compute,11809406750,20250
3330,python (8660),Compute,11809589750,20708
3331,python (8660),Compute,11809776833,20667
3332,python (8660),Compute,11809963708,20792
3333,python (8660),Compute,11810157541,20334
3334,python (8660),Compute,11810350500,20375
3335,python (8660),Compute,11810537375,20666
3336,python (8660),Compute,11810717375,20416
3337,python (8660),Compute,11810901375,20291
3338,python (8660),Compute,11811086708,20292
3339,python (8660),Compute,11811274833,20417
3340,python (8660),Compute,11811461541,20375
3341,python (8660),Compute,11811648166,20459
3342,python (8660),Compute,11811835916,20584
3343,python (8660),Compute,11812016416,19834
3344,python (8660),Compute,11812195708,20667
3345,python (8660),Compute,11812382083,20458
3346,python (8660),Compute,11812566208,19792
3347,python (8660),Compute,11812745916,19834
3348,python (8660),Compute,11812924833,20458
3349,python (8660),Compute,11813114875,20333
3350,python (8660),Compute,11813301583,20583
3351,python (8660),Compute,11813492000,20291
3352,python (8660),Compute,11813675791,20375
3353,python (8660),Compute,11813862416,20459
3354,python (8660),Compute,11814049083,20333
3355,python (8660),Compute,11814238583,20417
3356,python (8660),Compute,11814421000,19916
3357,python (8660),Compute,11814771125,20375
3358,python (8660),Compute,11814959750,19916
3359,python (8660),Compute,11815139875,20250
3360,python (8660),Compute,11815326416,20500
3361,python (8660),Compute,11815515625,20375
3362,python (8660),Compute,11815700583,20208
3363,python (8660),Compute,11815886750,20625
3364,python (8660),Compute,11816074541,20334
3365,python (8660),Compute,11816263708,20708
3366,python (8660),Compute,11816452791,20500
3367,python (8660),Compute,11816639583,20333
3368,python (8660),Compute,11816827875,20291
3369,python (8660),Compute,11817012916,20459
3370,python (8660),Compute,11817195958,19750
3371,python (8660),Compute,11817383166,20375
3372,python (8660),Compute,11817569875,20458
3373,python (8660),Compute,11817757916,20542
3374,python (8660),Compute,11817947583,20458
3375,python (8660),Compute,11818137875,20416
3376,python (8660),Compute,11818325375,20541
3377,python (8660),Compute,11818511916,20500
3378,python (8660),Compute,11818693500,19708
3379,python (8660),Compute,11818863750,19750
3380,python (8660),Compute,11819026333,20042
3381,python (8660),Compute,11819179041,19625
3382,python (8660),Compute,11819341875,19875
3383,python (8660),Compute,11819499250,19875
3384,python (8660),Compute,11819651875,19875
3385,python (8660),Compute,11819835916,19750
3386,python (8660),Compute,11819997416,19625
3387,python (8660),Compute,11820160125,19625
3388,python (8660),Compute,11820309416,19792
3389,python (8660),Compute,11820473583,19833
3390,python (8660),Compute,11820627458,19708
3391,python (8660),Compute,11820789791,19834
3392,python (8660),Compute,11820968166,19834
3393,python (8660),Compute,11821124916,20250
3394,python (8660),Compute,11821279791,19709
3395,python (8660),Compute,11821435041,19750
3396,python (8660),Compute,11821599458,19708
3397,python (8660),Compute,11821788625,19625
3398,python (8660),Compute,11821939375,19833
3399,python (8660),Compute,11822107750,19958
3400,python (8660),Compute,11822267541,20292
3401,python (8660),Compute,11822433458,20042
3402,python (8660),Compute,11822590750,20166
3403,python (8660),Compute,11822753666,19875
3404,python (8660),Compute,11823152833,20333
3405,python (8660),Compute,11823322708,19708
3406,python (8660),Compute,11823483083,19792
3407,python (8660),Compute,11823649083,19792
3408,python (8660),Compute,11823864291,19875
3409,python (8660),Compute,11824034958,19750
3410,python (8660),Compute,11824203875,19916
3411,python (8660),Compute,11824364958,19833
3412,python (8660),Compute,11824512833,19833
3413,python (8660),Compute,11824659833,19833
3414,python (8660),Compute,11824819375,19833
3415,python (8660),Compute,11824977125,19916
3418,python (8660),Compute,11825188500,19833
3419,python (8660),Compute,11825350083,19667
3420,python (8660),Compute,11825513416,19875
3421,python (8660),Compute,11825672250,19833
3422,python (8660),Compute,11825829750,20000
3423,python (8660),Compute,11826022083,20000
3424,python (8660),Compute,11826186625,20125
3425,python (8660),Compute,11826348166,19709
3426,python (8660),Compute,11826512250,19833
3427,python (8660),Compute,11826671416,19834
3428,python (8660),Compute,11826818541,20042
3429,python (8660),Compute,11826975958,19958
3430,python (8660),Compute,11827138125,19791
3431,python (8660),Compute,11827295458,19833
3432,python (8660),Compute,11827442458,19583
3433,python (8660),Compute,11827589750,19750
3434,python (8660),Compute,11827739833,19583
3435,python (8660),Compute,11827887750,19625
3436,python (8660),Compute,11828065708,19917
3437,python (8660),Compute,11828234166,19750
3438,python (8660),Compute,11828396708,20208
3439,python (8660),Compute,11828545416,20042
3440,python (8660),Compute,11828696250,19833
3441,python (8660),Compute,11828845041,20000
3442,python (8660),Compute,11828992125,19833
3443,python (8660),Compute,11829145208,19875
3444,python (8660),Compute,11829297916,20042
3445,python (8660),Compute,11829449791,20084
3446,python (8660),Compute,11829600250,19916
3447,python (8660),Compute,11829750375,19875
3448,python (8660),Compute,11829898875,19791
3449,python (8660),Compute,11830052083,20292
3450,python (8660),Compute,11830204666,19875
3451,python (8660),Compute,11830357583,20042
3452,python (8660),Compute,11830505583,19583
3453,python (8660),Compute,11830653083,20292
3454,python (8660),Compute,11830795750,20000
3455,python (8660),Compute,11830942000,20083
3456,python (8660),Compute,11831088791,19834
3457,python (8660),Compute,11831372166,19959
3458,python (8660),Compute,11831529208,20125
3459,python (8660),Compute,11831678125,20000
3460,python (8660),Compute,11831834500,20000
3461,python (8660),Compute,11831982791,19917
3462,python (8660),Compute,11832142166,20084
3463,python (8660),Compute,11832291291,19792
3464,python (8660),Compute,11832450791,20125
3465,python (8660),Compute,11832608541,19834
3466,python (8660),Compute,11832767583,19833
3467,python (8660),Compute,11832926000,19875
3468,python (8660),Compute,11833085833,20125
3469,python (8660),Compute,11833233291,20084
3470,python (8660),Compute,11833392583,19917
3471,python (8660),Compute,11833551166,20084
3472,python (8660),Compute,11833708125,20083
3473,python (8660),Compute,11833867166,19709
3474,python (8660),Compute,11834023333,19833
3475,python (8660),Compute,11834182500,20166
3476,python (8660),Compute,11834340208,20000
3477,python (8660),Compute,11834498375,20083
3478,python (8660),Compute,11834654041,20084
3479,python (8660),Compute,11834811041,20000
3480,python (8660),Compute,11834970666,20292
3481,python (8660),Compute,11835124041,20459
3482,python (8660),Compute,11835285208,20667
3483,python (8660),Compute,11835457625,20625
3484,python (8660),Compute,11835629958,20583
3485,python (8660),Compute,11835801875,20541
3486,python (8660),Compute,11835973541,20625
3487,python (8660),Compute,11836144750,20333
3488,python (8660),Compute,11836316708,20583
3489,python (8660),Compute,11836487500,20708
3490,python (8660),Compute,11836657791,20500
3491,python (8660),Compute,11836829875,21125
3492,python (8660),Compute,11837003500,20583
3493,python (8660),Compute,11837173500,20458
3494,python (8660),Compute,11837348625,20458
3495,python (8660),Compute,11837522000,20416
3496,python (8660),Compute,11837685875,20375
3497,python (8660),Compute,11837847583,20542
3498,python (8660),Compute,11838021333,20625
3499,python (8660),Compute,11838192625,20666
3500,python (8660),Compute,11838366166,20542
3501,python (8660),Compute,11838538791,21000
3502,python (8660),Compute,11838712166,20417
3503,python (8660),Compute,11838870833,20542
3504,python (8660),Compute,11839042833,20458
3505,python (8660),Compute,11839201041,20417
3506,python (8660),Compute,11839361458,20375
3507,python (8660),Compute,11839616208,20542
3508,python (8660),Compute,11839780833,20333
3509,python (8660),Compute,11839953416,20875
3510,python (8660),Compute,11840123208,20542
3511,python (8660),Compute,11840293958,20958
3512,python (8660),Compute,11840466500,20666
3513,python (8660),Compute,11840626333,20667
3514,python (8660),Compute,11840796500,20500
3515,python (8660),Compute,11840967625,20208
3516,python (8660),Compute,11841137583,20833
3517,python (8660),Compute,11841307375,20666
3518,python (8660),Compute,11841479708,20542
3519,python (8660),Compute,11841639583,20667
3520,python (8660),Compute,11841811791,20625
3521,python (8660),Compute,11841982833,20875
3522,python (8660),Compute,11842153375,20750
3523,python (8660),Compute,11842308833,20875
3524,python (8660),Compute,11842481625,20666
3525,python (8660),Compute,11842641250,20416
3526,python (8660),Compute,11842813333,20917
3527,python (8660),Compute,11842985875,20375
3528,python (8660),Compute,11843155166,20709
3529,python (8660),Compute,11843326083,20375
3530,python (8660),Compute,11843498125,20416
3531,python (8660),Compute,11843685791,20334
3532,python (8660),Compute,11843879333,21292
3533,python (8660),Compute,11844076250,21000
3534,python (8660),Compute,11844272708,20875
3535,python (8660),Compute,11844467000,21083
3536,python (8660),Compute,11844664958,21083
3537,python (8660),Compute,11844860000,21250
3538,python (8660),Compute,11845062750,21166
3539,python (8660),Compute,11845258291,20792
3540,python (8660),Compute,11845426875,21166
3541,python (8660),Compute,11845626458,21000
3542,python (8660),Compute,11845820666,21250
3543,python (8660),Compute,11846014458,21125
3544,python (8660),Compute,11846213791,21125
3545,python (8660),Compute,11846409458,21125
3546,python (8660),Compute,11846607125,21125
3547,python (8660),Compute,11846804750,21291
3548,python (8660),Compute,11846998333,21125
3549,python (8660),Compute,11847191916,21250
3550,python (8660),Compute,11847389416,21334
3551,python (8660),Compute,11847584500,21208
3552,python (8660),Compute,11847922541,20542
3553,python (8660),Compute,11848111791,21167
3554,python (8660),Compute,11848308250,21083
3555,python (8660),Compute,11848504166,21209
3556,python (8660),Compute,11848700500,21375
3557,python (8660),Compute,11848896458,21167
3558,python (8660),Compute,11849092083,20875
3559,python (8660),Compute,11849285125,21125
3560,python (8660),Compute,11849483375,21250
3561,python (8660),Compute,11849675625,21041
3562,python (8660),Compute,11849874583,20958
3563,python (8660),Compute,11850069833,20417
3564,python (8660),Compute,11850267541,20959
3565,python (8660),Compute,11850463458,21125
3566,python (8660),Compute,11850660583,20958
3567,python (8660),Compute,11850857750,20916
3568,python (8660),Compute,11851057375,21291
3569,python (8660),Compute,11851253625,21000
3570,python (8660),Compute,11851451125,21083
3571,python (8660),Compute,11851646958,21000
3572,python (8660),Compute,11851842333,20917
3573,python (8660),Compute,11852037250,21500
3574,python (8660),Compute,11852234625,21416
3575,python (8660),Compute,11852429958,21542
3576,python (8660),Compute,11852630041,21459
3577,python (8660),Compute,11852821458,21042
3578,python (8660),Compute,11853024416,21209
3579,python (8660),Compute,11853219708,21042
3580,python (8660),Compute,11853413666,21209
3581,python (8660),Compute,11853608791,20875
3582,python (8660),Compute,11853773166,20375
3583,python (8660),Compute,11853946125,20250
3584,python (8660),Compute,11854110541,20167
3585,python (8660),Compute,11854283041,20750
3586,python (8660),Compute,11854479833,20583
3587,python (8660),Compute,11854675041,20959
3588,python (8660),Compute,11854875916,20917
3589,python (8660),Compute,11855074250,21208
3590,python (8660),Compute,11855276500,21291
3591,python (8660),Compute,11855475291,21084
3592,python (8660),Compute,11855673958,21333
3593,python (8660),Compute,11855869916,21167
3594,python (8660),Compute,11856065500,20583
3595,python (8660),Compute,11856398875,21125
3596,python (8660),Compute,11856599041,20250
3597,python (8660),Compute,11856783750,20458
3598,python (8660),Compute,11856954416,20417
3599,python (8660),Compute,11857125041,20500
3600,python (8660),Compute,11857296583,20417
3601,python (8660),Compute,11857469916,20292
3602,python (8660),Compute,11857642000,20458
3603,python (8660),Compute,11857822000,20125
3604,python (8660),Compute,11858002875,20750
3605,python (8660),Compute,11858174625,20375
3606,python (8660),Compute,11858339375,20666
3607,python (8660),Compute,11858509250,20500
3608,python (8660),Compute,11858688583,20375
3611,python (8660),Compute,11858904458,20542
3612,python (8660),Compute,11859100625,20958
3613,python (8660),Compute,11859274791,20292
3614,python (8660),Compute,11859450041,20667
3615,python (8660),Compute,11859622583,20625
3616,python (8660),Compute,11859813583,21125
3617,python (8660),Compute,11860008708,21042
3618,python (8660),Compute,11860206875,20875
3619,python (8660),Compute,11860395166,21042
3620,python (8660),Compute,11860592041,20959
3621,python (8660),Compute,11860787458,21292
3622,python (8660),Compute,11860983541,21000
3623,python (8660),Compute,11861180250,21250
3624,python (8660),Compute,11861380833,21208
3625,python (8660),Compute,11861576291,20917
3626,python (8660),Compute,11861776541,21042
3627,python (8660),Compute,11861972916,20584
3628,python (8660),Compute,11862141375,21000
3629,python (8660),Compute,11862340833,21000
3630,python (8660),Compute,11862557541,20625
3631,python (8660),Compute,11862745375,21000
3632,python (8660),Compute,11862942708,21042
3633,python (8660),Compute,11863141208,21208
3634,python (8660),Compute,11863338916,20917
3635,python (8660),Compute,11863540458,21083
3636,python (8660),Compute,11863739416,21084
3637,python (8660),Compute,11863935833,21000
3638,python (8660),Compute,11864138875,20250
3639,python (8660),Compute,11864313333,20792
3640,python (8660),Compute,11864616875,20750
3641,python (8660),Compute,11864787625,20500
3642,python (8660),Compute,11864984291,21334
3643,python (8660),Compute,11865183000,21500
3644,python (8660),Compute,11865379750,21500
3645,python (8660),Compute,11865575625,21583
3646,python (8660),Compute,11865776000,21541
3647,python (8660),Compute,11865974625,21041
3648,python (8660),Compute,11866172208,21083
3649,python (8660),Compute,11866368625,21000
3650,python (8660),Compute,11866565333,20875
3651,python (8660),Compute,11866761916,20959
3652,python (8660),Compute,11866959750,20833
3653,python (8660),Compute,11867156625,20875
3654,python (8660),Compute,11867354083,21000
3655,python (8660),Compute,11867552208,20875
3656,python (8660),Compute,11867747833,21083
3657,python (8660),Compute,11867945500,21041
3658,python (8660),Compute,11868144416,20875
3659,python (8660),Compute,11868340333,21417
3660,python (8660),Compute,11868538375,21125
3661,python (8660),Compute,11868724625,20208
3662,python (8660),Compute,11868888333,20583
3663,python (8660),Compute,11869039791,20375
3664,python (8660),Compute,11869192083,20292
3665,python (8660),Compute,11869343708,20708
3666,python (8660),Compute,11869495333,20083
3667,python (8660),Compute,11869676333,20833
3668,python (8660),Compute,11869873458,20417
3669,python (8660),Compute,11870069500,21208
3670,python (8660),Compute,11870272666,20542
3671,python (8660),Compute,11870439750,20666
3672,python (8660),Compute,11870637791,21084
3673,python (8660),Compute,11870836250,21083
3674,python (8660),Compute,11871032583,20917
3675,python (8660),Compute,11871228791,21167
3676,python (8660),Compute,11871425458,20875
3677,python (8660),Compute,11871619625,20875
3678,python (8660),Compute,11871815958,21042
3679,python (8660),Compute,11872011833,20958
3680,python (8660),Compute,11872202041,21000
3681,python (8660),Compute,11872400708,21042
3682,python (8660),Compute,11872601000,20916
3683,python (8660),Compute,11872949791,21125
3684,python (8660),Compute,11873115250,20666
3685,python (8660),Compute,11873310125,21000
3686,python (8660),Compute,11873507000,20916
3687,python (8660),Compute,11873703041,21292
3688,python (8660),Compute,11873898708,21125
3689,python (8660),Compute,11874095416,21500
3690,python (8660),Compute,11874288666,20459
3691,python (8660),Compute,11874482833,21208
3692,python (8660),Compute,11874678875,21000
3693,python (8660),Compute,11874875416,20917
3694,python (8660),Compute,11875069166,20625
3695,python (8660),Compute,11875265333,21125
3696,python (8660),Compute,11875461708,21083
3697,python (8660),Compute,11875658458,21167
3698,python (8660),Compute,11875855625,21250
3699,python (8660),Compute,11876052125,21041
3700,python (8660),Compute,11876248541,20917
3701,python (8660),Compute,11876442958,20667
3702,python (8660),Compute,11876633958,21000
3703,python (8660),Compute,11876832750,20791
3704,python (8660),Compute,11877040208,21083
3705,python (8660),Compute,11877238416,21084
3706,python (8660),Compute,11877437166,20875
3707,python (8660),Compute,11877632958,21042
3708,python (8660),Compute,11877828541,21125
3709,python (8660),Compute,11878024333,21125
3710,python (8660),Compute,11878223333,21042
3711,python (8660),Compute,11878419458,20833
3712,python (8660),Compute,11878617333,20292
3713,python (8660),Compute,11878789333,20917
3714,python (8660),Compute,11878983416,20417
3715,python (8660),Compute,11879174333,21167
3716,python (8660),Compute,11879375208,21250
3717,python (8660),Compute,11879572458,20917
3718,python (8660),Compute,11879765875,20166
3719,python (8660),Compute,11879957708,21083
3720,python (8660),Compute,11880154333,21042
3721,python (8660),Compute,11880352250,21125
3722,python (8660),Compute,11880548458,21083
3723,python (8660),Compute,11880745208,21375
3724,python (8660),Compute,11880938583,21250
3725,python (8660),Compute,11881276666,21500
3726,python (8660),Compute,11881479625,21083
3727,python (8660),Compute,11881677958,21125
3728,python (8660),Compute,11881874291,21417
3729,python (8660),Compute,11882070625,21208
3730,python (8660),Compute,11882271708,21250
3731,python (8660),Compute,11882473083,21125
3732,python (8660),Compute,11882669458,21125
3733,python (8660),Compute,11882867291,20875
3734,python (8660),Compute,11883061625,20458
3735,python (8660),Compute,11883261625,21041
3736,python (8660),Compute,11883458333,21000
3737,python (8660),Compute,11883657041,20959
3738,python (8660),Compute,11883854416,21250
3739,python (8660),Compute,11884050041,21250
3740,python (8660),Compute,11884245666,21167
3741,python (8660),Compute,11884442625,21500
3742,python (8660),Compute,11884638750,21041
3743,python (8660),Compute,11884835458,21042
3744,python (8660),Compute,11885033083,21042
3745,python (8660),Compute,11885228458,20708
3746,python (8660),Compute,11885403208,21042
3747,python (8660),Compute,11885601916,21209
3748,python (8660),Compute,11885800250,21000
3749,python (8660),Compute,11885996666,21292
3750,python (8660),Compute,11886196333,21000
3751,python (8660),Compute,11886396875,21125
3752,python (8660),Compute,11886592416,20875
3753,python (8660),Compute,11886788750,21083
3754,python (8660),Compute,11886983208,20625
3755,python (8660),Compute,11887146250,20750
3756,python (8660),Compute,11887300333,20458
3757,python (8660),Compute,11887488166,20292
3758,python (8660),Compute,11887686166,21042
3759,python (8660),Compute,11887892333,21125
3760,python (8660),Compute,11888092250,21125
3761,python (8660),Compute,11888291541,21084
3762,python (8660),Compute,11888493458,21333
3763,python (8660),Compute,11888689791,21334
3764,python (8660),Compute,11888893958,21042
3765,python (8660),Compute,11889092625,21166
3766,python (8660),Compute,11889291916,21042
3767,python (8660),Compute,11889650416,20209
3768,python (8660),Compute,11889852083,20875
3769,python (8660),Compute,11890049291,20417
3770,python (8660),Compute,11890223625,20541
3771,python (8660),Compute,11890397875,20416
3772,python (8660),Compute,11890573916,20250
3773,python (8660),Compute,11890748166,20375
3774,python (8660),Compute,11890917875,20458
3775,python (8660),Compute,11891088416,20500
3776,python (8660),Compute,11891260333,20333
3777,python (8660),Compute,11891433458,20417
3778,python (8660),Compute,11891608916,20292
3779,python (8660),Compute,11891783083,20375
3782,python (8660),Compute,11891961458,20583
3785,python (8660),Compute,11892205666,20417
3786,python (8660),Compute,11892381833,20583
3787,python (8660),Compute,11892568250,20125
3788,python (8660),Compute,11892737750,20583
3789,python (8660),Compute,11892913000,20333
3790,python (8660),Compute,11893086083,20792
3791,python (8660),Compute,11893279541,21417
3792,python (8660),Compute,11893479166,21084
3793,python (8660),Compute,11893682833,20542
3794,python (8660),Compute,11893857916,21084
3795,python (8660),Compute,11894054166,20584
3796,python (8660),Compute,11894256333,21167
3797,python (8660),Compute,11894453583,21000
3798,python (8660),Compute,11894649208,21292
3799,python (8660),Compute,11894848041,21292
3800,python (8660),Compute,11895045791,21250
3801,python (8660),Compute,11895248166,20875
3802,python (8660),Compute,11895452833,21292
3803,python (8660),Compute,11895652625,20833
3804,python (8660),Compute,11895848958,21167
3805,python (8660),Compute,11896050750,20958
3806,python (8660),Compute,11896250458,20208
3807,python (8660),Compute,11896451333,21000
3808,python (8660),Compute,11896648458,21167
3809,python (8660),Compute,11896848500,21166
3810,python (8660),Compute,11897048083,21125
3811,python (8660),Compute,11897249583,21292
3812,python (8660),Compute,11897447083,21167
3813,python (8660),Compute,11897642416,20334
3814,python (8660),Compute,11897984625,21000
3815,python (8660),Compute,11898184041,21125
3816,python (8660),Compute,11898381250,20625
3817,python (8660),Compute,11898579375,21291
3818,python (8660),Compute,11898776958,21125
3819,python (8660),Compute,11898974375,21125
3820,python (8660),Compute,11899173583,21042
3821,python (8660),Compute,11899372458,21000
3822,python (8660),Compute,11899572875,20958
3823,python (8660),Compute,11899769833,21000
3824,python (8660),Compute,11899964666,20375
3825,python (8660),Compute,11900137666,21042
3826,python (8660),Compute,11900336833,21125
3827,python (8660),Compute,11900537000,21000
3828,python (8660),Compute,11900727750,21208
3829,python (8660),Compute,11900923125,20291
3830,python (8660),Compute,11901097208,20292
3831,python (8660),Compute,11901262208,20458
3832,python (8660),Compute,11901444625,20166
3833,python (8660),Compute,11901614500,20333
3834,python (8660),Compute,11901778916,20250
3835,python (8660),Compute,11901952500,20416
3836,python (8660),Compute,11902155125,21333
3837,python (8660),Compute,11902358291,21584
3838,python (8660),Compute,11902551000,21291
3839,python (8660),Compute,11902749208,21042
3840,python (8660),Compute,11902940333,21208
3841,python (8660),Compute,11903133791,21375
3842,python (8660),Compute,11903336958,21000
3843,python (8660),Compute,11903534500,20958
3844,python (8660),Compute,11903726125,21333
3845,python (8660),Compute,11903924166,20834
3846,python (8660),Compute,11904121416,21000
3847,python (8660),Compute,11904319333,20875
3848,python (8660),Compute,11904518250,20958
3849,python (8660),Compute,11904714583,21083
3850,python (8660),Compute,11904909583,21125
3851,python (8660),Compute,11905098791,20709
3852,python (8660),Compute,11905271250,20500
3853,python (8660),Compute,11905432208,20833
3854,python (8660),Compute,11905593208,20667
3855,python (8660),Compute,11905764458,20542
3856,python (8660),Compute,11905935833,20375
3857,python (8660),Compute,11906095500,20541
3858,python (8660),Compute,11906386458,20375
3859,python (8660),Compute,11906547875,20250
3860,python (8660),Compute,11906696333,20583
3861,python (8660),Compute,11906867666,20542
3862,python (8660),Compute,11907038250,20708
3863,python (8660),Compute,11907209958,20542
3864,python (8660),Compute,11907369833,20750
3865,python (8660),Compute,11907539125,20666
3866,python (8660),Compute,11907709041,20375
3867,python (8660),Compute,11907878750,20458
3868,python (8660),Compute,11908051250,20625
3869,python (8660),Compute,11908223541,20625
3870,python (8660),Compute,11908394125,20541
3871,python (8660),Compute,11908565166,20625
3872,python (8660),Compute,11908735791,20334
3873,python (8660),Compute,11908906750,20625
3874,python (8660),Compute,11909076666,20542
3875,python (8660),Compute,11909248333,20500
3876,python (8660),Compute,11909418625,20166
3877,python (8660),Compute,11909620708,21167
3878,python (8660),Compute,11909817916,21334
3879,python (8660),Compute,11910017916,20792
3880,python (8660),Compute,11910217208,20833
3881,python (8660),Compute,11910402416,21125
3882,python (8660),Compute,11910600375,21041
3883,python (8660),Compute,11910797500,21000
3884,python (8660),Compute,11910988541,21042
3885,python (8660),Compute,11911187750,20791
3886,python (8660),Compute,11911383833,21167
3887,python (8660),Compute,11911577875,20666
3888,python (8660),Compute,11911768375,20958
3889,python (8660),Compute,11911965333,20417
3890,python (8660),Compute,11912132583,21042
3891,python (8660),Compute,11912328666,20375
3892,python (8660),Compute,11912522250,20083
3893,python (8660),Compute,11912700333,20708
3894,python (8660),Compute,11912873083,21125
3895,python (8660),Compute,11913073375,21125
3896,python (8660),Compute,11913271250,21041
3897,python (8660),Compute,11913469291,21209
3898,python (8660),Compute,11913663041,20875
3899,python (8660),Compute,11913856666,20584
3900,python (8660),Compute,11914057041,21000
3901,python (8660),Compute,11914257208,21083
3902,python (8660),Compute,11914614041,21000
3903,python (8660),Compute,11914814666,20917
3904,python (8660),Compute,11915009000,20583
3905,python (8660),Compute,11915202125,21125
3906,python (8660),Compute,11915398916,21042
3907,python (8660),Compute,11915595958,20958
3908,python (8660),Compute,11915794416,20875
3909,python (8660),Compute,11915987125,20416
3910,python (8660),Compute,11916183583,21167
3911,python (8660),Compute,11916382000,21041
3912,python (8660),Compute,11916580083,21125
3913,python (8660),Compute,11916778625,21208
3914,python (8660),Compute,11916979041,21209
3915,python (8660),Compute,11917180333,21208
3916,python (8660),Compute,11917376750,21208
3917,python (8660),Compute,11917572416,21084
3918,python (8660),Compute,11917770000,21083
3919,python (8660),Compute,11917965750,21416
3920,python (8660),Compute,11918159875,20833
3921,python (8660),Compute,11918353500,21333
3922,python (8660),Compute,11918552958,20833
3923,python (8660),Compute,11918718708,20333
3924,python (8660),Compute,11918897500,20291
3925,python (8660),Compute,11919078500,20208
3926,python (8660),Compute,11919241500,20375
3927,python (8660),Compute,11919410875,20166
3928,python (8660),Compute,11919575666,20292
3929,python (8660),Compute,11919741250,20375
3930,python (8660),Compute,11919906375,20375
3931,python (8660),Compute,11920069125,20416
3932,python (8660),Compute,11920223125,20166
3933,python (8660),Compute,11920387708,20500
3934,python (8660),Compute,11920553375,20583
3935,python (8660),Compute,11920719916,20375
3936,python (8660),Compute,11920889625,20333
3937,python (8660),Compute,11921058708,20375
3938,python (8660),Compute,11921240625,20166
3939,python (8660),Compute,11921402291,20334
3940,python (8660),Compute,11921564625,20333
3941,python (8660),Compute,11921737291,20292
3942,python (8660),Compute,11921896041,20209
3943,python (8660),Compute,11922041875,20125
3944,python (8660),Compute,11922211416,20375
3945,python (8660),Compute,11922391750,20250
3946,python (8660),Compute,11922566916,20459
3947,python (8660),Compute,11922726083,20417
3948,python (8660),Compute,11923018166,20459
3949,python (8660),Compute,11923168625,20708
3950,python (8660),Compute,11923327875,20375
3951,python (8660),Compute,11923493166,20292
3952,python (8660),Compute,11923652375,20416
3953,python (8660),Compute,11923810291,20584
3954,python (8660),Compute,11923963791,20167
3955,python (8660),Compute,11924123708,20333
3956,python (8660),Compute,11924269583,20500
3957,python (8660),Compute,11924427791,20459
3958,python (8660),Compute,11924599875,20666
3959,python (8660),Compute,11924763125,20458
3960,python (8660),Compute,11924933958,20417
3961,python (8660),Compute,11925099000,20125
3962,python (8660),Compute,11925270250,20291
3965,python (8660),Compute,11925489666,20250
3966,python (8660),Compute,11925679791,20417
3967,python (8660),Compute,11925835708,20292
3968,python (8660),Compute,11926007541,20375
3969,python (8660),Compute,11926171291,20334
3970,python (8660),Compute,11926328333,20250
3971,python (8660),Compute,11926488375,20500
3972,python (8660),Compute,11926639958,20292
3973,python (8660),Compute,11926868541,20209
3974,python (8660),Compute,11927048625,20291
3975,python (8660),Compute,11927199583,19917
3976,python (8660),Compute,11927345750,19625
3977,python (8660),Compute,11927500166,19709
3978,python (8660),Compute,11927641416,20167
3979,python (8660),Compute,11927790958,19833
3980,python (8660),Compute,11927945166,19917
3981,python (8660),Compute,11928083250,19958
3982,python (8660),Compute,11928233083,19875
3983,python (8660),Compute,11928372708,19792
3984,python (8660),Compute,11928532291,20042
3985,python (8660),Compute,11928675666,20000
3986,python (8660),Compute,11928820583,20292
3987,python (8660),Compute,11928970375,20000
3988,python (8660),Compute,11929128458,19958
3989,python (8660),Compute,11929278291,19667
3990,python (8660),Compute,11929426416,19709
3991,python (8660),Compute,11929573208,19958
3992,python (8660),Compute,11929748000,19791
3993,python (8660),Compute,11930007208,19708
3994,python (8660),Compute,11930172833,19792
3995,python (8660),Compute,11930395125,19875
3996,python (8660),Compute,11930582666,19750
3997,python (8660),Compute,11930748791,19875
3998,python (8660),Compute,11930907833,19708
3999,python (8660),Compute,11931057083,19750
4000,python (8660),Compute,11931345458,19542
4001,python (8660),Compute,11931501375,20250
4002,python (8660),Compute,11931659166,20292
4003,python (8660),Compute,11931828250,20458
4004,python (8660),Compute,11931987625,20375
4005,python (8660),Compute,11932147875,20666
4006,python (8660),Compute,11932301875,20833
4007,python (8660),Compute,11932456875,20541
4008,python (8660),Compute,11932610208,20583
4009,python (8660),Compute,11932760750,20666
4010,python (8660),Compute,11932912500,20500
4011,python (8660),Compute,11933052458,20417
4012,python (8660),Compute,11933204291,20209
4013,python (8660),Compute,11933369375,20291
4014,python (8660),Compute,11933523500,20458
4015,python (8660),Compute,11933681250,20541
4016,python (8660),Compute,11933847083,20667
4017,python (8660),Compute,11933999000,20291
4018,python (8660),Compute,11934154666,20500
4019,python (8660),Compute,11934308291,20750
4020,python (8660),Compute,11934452333,20875
4021,python (8660),Compute,11934606250,20583
4022,python (8660),Compute,11934769083,20417
4023,python (8660),Compute,11934931958,20542
4024,python (8660),Compute,11935086750,20541
4025,python (8660),Compute,11935251583,20667
4026,python (8660),Compute,11935405500,20458
4027,python (8660),Compute,11935560000,20416
4028,python (8660),Compute,11935713250,20375
4029,python (8660),Compute,11935868083,20417
4030,python (8660),Compute,11936026625,20458
4031,python (8660),Compute,11936198958,20708
4032,python (8660),Compute,11936371166,20959
4033,python (8660),Compute,11936543000,20875
4034,python (8660),Compute,11936715208,20458
4035,python (8660),Compute,11936884583,20417
4036,python (8660),Compute,11937053875,20291
4037,python (8660),Compute,11937224916,20459
4038,python (8660),Compute,11937384208,20417
4039,python (8660),Compute,11937555625,20416
4040,python (8660),Compute,11937712875,20666
4041,python (8660),Compute,11937884458,20458
4042,python (8660),Compute,11938038291,20584
4043,python (8660),Compute,11938210166,20334
4044,python (8660),Compute,11938370458,20792
4045,python (8660),Compute,11938543291,20792
4046,python (8660),Compute,11938702833,20625
4047,python (8660),Compute,11938875166,20834
4048,python (8660),Compute,11939046750,20583
4049,python (8660),Compute,11939219291,20792
4050,python (8660),Compute,11939394708,20708
4051,python (8660),Compute,11939720416,21584
4052,python (8660),Compute,11939881458,21917
4053,python (8660),Compute,11940054916,22000
4054,python (8660),Compute,11940214583,21708
4055,python (8660),Compute,11940375583,21708
4056,python (8660),Compute,11940536791,21959
4057,python (8660),Compute,11940709958,21833
4058,python (8660),Compute,11940870416,21667
4059,python (8660),Compute,11941041958,22042
4060,python (8660),Compute,11941214833,21625
4061,python (8660),Compute,11941387791,21625
4062,python (8660),Compute,11941561250,21916
4063,python (8660),Compute,11941734875,21833
4064,python (8660),Compute,11941900000,21500
4065,python (8660),Compute,11942059625,21916
4066,python (8660),Compute,11942225166,21875
4067,python (8660),Compute,11942398791,21917
4068,python (8660),Compute,11942560583,21625
4069,python (8660),Compute,11942734375,21875
4070,python (8660),Compute,11942888708,22167
4071,python (8660),Compute,11943063041,21584
4072,python (8660),Compute,11943235208,21792
4073,python (8660),Compute,11943394291,21875
4074,python (8660),Compute,11943568916,21667
4075,python (8660),Compute,11943734958,21417
4076,python (8660),Compute,11943908833,21708
4077,python (8660),Compute,11944079500,21833
4078,python (8660),Compute,11944252166,21667
4079,python (8660),Compute,11944424125,21791
4080,python (8660),Compute,11944585125,21791
4081,python (8660),Compute,11944744291,21959
4082,python (8660),Compute,11944919166,21584
4083,python (8660),Compute,11945074125,21875
4084,python (8660),Compute,11945236333,21958
4085,python (8660),Compute,11945405958,21625
4086,python (8660),Compute,11945580833,21458
4087,python (8660),Compute,11945756666,21750
4088,python (8660),Compute,11945929708,21708
4089,python (8660),Compute,11946101583,21500
4090,python (8660),Compute,11946274000,21750
4091,python (8660),Compute,11946446541,21542
4092,python (8660),Compute,11946621291,21500
4093,python (8660),Compute,11946794916,21459
4094,python (8660),Compute,11946956916,22125
4095,python (8660),Compute,11947130416,21750
4096,python (8660),Compute,11947304583,22125
4097,python (8660),Compute,11947443625,21041
4098,python (8660),Compute,11947614958,20958
4099,python (8660),Compute,11947927791,21875
4100,python (8660),Compute,11948098083,21667
4101,python (8660),Compute,11948272666,21625
4102,python (8660),Compute,11948444541,21625
4103,python (8660),Compute,11948616708,21833
4104,python (8660),Compute,11948791416,21625
4105,python (8660),Compute,11948967208,22292
4106,python (8660),Compute,11949172666,22209
4107,python (8660),Compute,11949372083,22292
4108,python (8660),Compute,11949565291,22459
4109,python (8660),Compute,11949763458,22500
4110,python (8660),Compute,11949959958,22208
4111,python (8660),Compute,11950133916,22625
4112,python (8660),Compute,11950334583,22542
4113,python (8660),Compute,11950532583,22250
4114,python (8660),Compute,11950729125,22541
4115,python (8660),Compute,11950926500,22333
4116,python (8660),Compute,11951122666,21542
4117,python (8660),Compute,11951322416,22459
4118,python (8660),Compute,11951517416,22167
4119,python (8660),Compute,11951713291,22125
4120,python (8660),Compute,11951906500,21833
4121,python (8660),Compute,11952092833,22250
4122,python (8660),Compute,11952297208,21667
4123,python (8660),Compute,11952508916,21917
4124,python (8660),Compute,11952706458,22292
4125,python (8660),Compute,11952902500,21666
4126,python (8660),Compute,11953099958,22167
4127,python (8660),Compute,11953294291,21959
4128,python (8660),Compute,11953488166,22209
4129,python (8660),Compute,11953682083,21667
4130,python (8660),Compute,11953848083,21542
4131,python (8660),Compute,11954014083,21417
4132,python (8660),Compute,11954180500,21500
4133,python (8660),Compute,11954383083,22250
4134,python (8660),Compute,11954578875,22000
4135,python (8660),Compute,11954775541,21875
4136,python (8660),Compute,11954967791,22250
4137,python (8660),Compute,11955163791,22084
4138,python (8660),Compute,11955356250,22291
4139,python (8660),Compute,11955552166,22042
4140,python (8660),Compute,11955788666,20917
4141,python (8660),Compute,11955987708,21375
4142,python (8660),Compute,11956375250,21125
4143,python (8660),Compute,11956574541,20792
4144,python (8660),Compute,11956765666,20584
4145,python (8660),Compute,11956936875,20583
4146,python (8660),Compute,11957109750,20416
4147,python (8660),Compute,11957281625,20375
4148,python (8660),Compute,11957453750,20250
4149,python (8660),Compute,11957623625,20500
4150,python (8660),Compute,11957795000,20583
4151,python (8660),Compute,11957965291,20625
4152,python (8660),Compute,11958138583,20542
4153,python (8660),Compute,11958309791,20417
4156,python (8660),Compute,11958575500,20250
4157,python (8660),Compute,11958794958,20458
4158,python (8660),Compute,11958969208,21292
4159,python (8660),Compute,11959138416,20584
4160,python (8660),Compute,11959314500,20583
4161,python (8660),Compute,11959490166,20500
4162,python (8660),Compute,11959689541,20834
4163,python (8660),Compute,11959885333,20167
4164,python (8660),Compute,11960066875,20291
4165,python (8660),Compute,11960239125,20500
4166,python (8660),Compute,11960410541,20584
4167,python (8660),Compute,11960580333,20292
4168,python (8660),Compute,11960740666,20792
4169,python (8660),Compute,11960914166,20292
4170,python (8660),Compute,11961114041,21209
4171,python (8660),Compute,11961313916,21084
4172,python (8660),Compute,11961510458,21250
4173,python (8660),Compute,11961710208,21250
4174,python (8660),Compute,11961908666,20959
4175,python (8660),Compute,11962104833,20958
4176,python (8660),Compute,11962298083,20958
4177,python (8660),Compute,11962492500,20541
4178,python (8660),Compute,11962667333,20958
4179,python (8660),Compute,11962868208,21625
4180,python (8660),Compute,11963069958,21333
4181,python (8660),Compute,11963267583,21875
4182,python (8660),Compute,11963465833,21417
4183,python (8660),Compute,11963664291,21209
4184,python (8660),Compute,11963860041,21209
4185,python (8660),Compute,11964055708,20958
4186,python (8660),Compute,11964253958,20708
4187,python (8660),Compute,11964431166,20875
4188,python (8660),Compute,11964752583,21125
4189,python (8660),Compute,11964954208,21292
4190,python (8660),Compute,11965151708,21167
4191,python (8660),Compute,11965348833,21083
4192,python (8660),Compute,11965544375,21291
4193,python (8660),Compute,11965737958,21417
4194,python (8660),Compute,11965931583,21125
4195,python (8660),Compute,11966129625,20958
4196,python (8660),Compute,11966330083,21083
4197,python (8660),Compute,11966524458,20292
4198,python (8660),Compute,11966717875,21083
4199,python (8660),Compute,11966919041,21209
4200,python (8660),Compute,11967118583,21167
4201,python (8660),Compute,11967318333,21292
4202,python (8660),Compute,11967513416,21084
4203,python (8660),Compute,11967710833,21042
4204,python (8660),Compute,11967906458,21167
4205,python (8660),Compute,11968103333,21167
4206,python (8660),Compute,11968299416,21250
4207,python (8660),Compute,11968496041,21209
4208,python (8660),Compute,11968688000,20375
4209,python (8660),Compute,11968851000,20416
4210,python (8660),Compute,11969010916,20417
4211,python (8660),Compute,11969175250,20208
4212,python (8660),Compute,11969364250,20000
4213,python (8660),Compute,11969528333,20500
4214,python (8660),Compute,11969725708,21333
4215,python (8660),Compute,11969921208,20958
4216,python (8660),Compute,11970121375,20916
4217,python (8660),Compute,11970316958,20542
4218,python (8660),Compute,11970483625,20875
4219,python (8660),Compute,11970683625,20833
4220,python (8660),Compute,11970880375,20666
4221,python (8660),Compute,11971077000,21166
4222,python (8660),Compute,11971276333,20875
4223,python (8660),Compute,11971478291,20959
4224,python (8660),Compute,11971677041,21209
4225,python (8660),Compute,11971877833,21375
4226,python (8660),Compute,11972074041,21125
4227,python (8660),Compute,11972267791,21209
4228,python (8660),Compute,11972457833,21417
4229,python (8660),Compute,11972654083,21750
4230,python (8660),Compute,11973003333,20292
4231,python (8660),Compute,11973175250,20333
4232,python (8660),Compute,11973346208,20333
4233,python (8660),Compute,11973520125,20833
4234,python (8660),Compute,11973698125,20541
4235,python (8660),Compute,11973868833,20333
4236,python (8660),Compute,11974042208,21167
4237,python (8660),Compute,11974242833,20958
4238,python (8660),Compute,11974438250,21000
4239,python (8660),Compute,11974634791,21125
4240,python (8660),Compute,11974829916,21334
4241,python (8660),Compute,11975026541,20375
4242,python (8660),Compute,11975202291,21417
4243,python (8660),Compute,11975396583,20833
4244,python (8660),Compute,11975598166,21084
4245,python (8660),Compute,11975798125,21208
4246,python (8660),Compute,11975989000,21208
4247,python (8660),Compute,11976189416,21167
4248,python (8660),Compute,11976384166,21084
4249,python (8660),Compute,11976579708,21000
4250,python (8660),Compute,11976775833,21083
4251,python (8660),Compute,11976968083,20292
4252,python (8660),Compute,11977159416,21167
4253,python (8660),Compute,11977355958,21000
4254,python (8660),Compute,11977553083,20958
4255,python (8660),Compute,11977750000,21083
4256,python (8660),Compute,11977943833,21250
4257,python (8660),Compute,11978141875,20958
4258,python (8660),Compute,11978341208,21125
4259,python (8660),Compute,11978538166,20959
4260,python (8660),Compute,11978734333,20875
4261,python (8660),Compute,11978932250,21166
4262,python (8660),Compute,11979127166,21000
4263,python (8660),Compute,11979322833,20792
4264,python (8660),Compute,11979519500,20750
4265,python (8660),Compute,11979695333,20167
4266,python (8660),Compute,11979866041,20375
4267,python (8660),Compute,11980033000,21125
4268,python (8660),Compute,11980232083,21167
4269,python (8660),Compute,11980432166,20792
4270,python (8660),Compute,11980624250,20458
4271,python (8660),Compute,11980816958,21167
4272,python (8660),Compute,11981010458,21042
4273,python (8660),Compute,11981273541,21125
4274,python (8660),Compute,11981472750,21250
4275,python (8660),Compute,11981671125,21291
4276,python (8660),Compute,11981865416,20625
4277,python (8660),Compute,11982031291,20334
4278,python (8660),Compute,11982207708,20292
4279,python (8660),Compute,11982391791,21209
4280,python (8660),Compute,11982592208,21167
4281,python (8660),Compute,11982788041,20750
4282,python (8660),Compute,11982987875,20958
4283,python (8660),Compute,11983184833,21125
4284,python (8660),Compute,11983381666,21250
4285,python (8660),Compute,11983577958,21167
4286,python (8660),Compute,11983774583,20917
4287,python (8660),Compute,11983970500,20958
4288,python (8660),Compute,11984160333,20958
4289,python (8660),Compute,11984359250,20833
4290,python (8660),Compute,11984557291,21209
4291,python (8660),Compute,11984755750,21041
4292,python (8660),Compute,11984951583,20875
4293,python (8660),Compute,11985147625,21041
4294,python (8660),Compute,11985351125,21083
4295,python (8660),Compute,11985546125,21166
4296,python (8660),Compute,11985743041,21125
4297,python (8660),Compute,11985942166,20834
4298,python (8660),Compute,11986141000,21208
4299,python (8660),Compute,11986339750,20916
4300,python (8660),Compute,11986536666,21167
4301,python (8660),Compute,11986733208,21083
4302,python (8660),Compute,11986930500,21083
4303,python (8660),Compute,11987103250,20583
4304,python (8660),Compute,11987266833,20542
4305,python (8660),Compute,11987441500,20458
4306,python (8660),Compute,11987610125,21458
4307,python (8660),Compute,11987806500,21166
4308,python (8660),Compute,11987999791,21250
4309,python (8660),Compute,11988193416,21084
4310,python (8660),Compute,11988387458,21125
4311,python (8660),Compute,11988563041,20375
4312,python (8660),Compute,11988738125,20541
4313,python (8660),Compute,11988912916,20500
4314,python (8660),Compute,11989089708,20458
4315,python (8660),Compute,11989284750,21333
4316,python (8660),Compute,11989639000,21250
4317,python (8660),Compute,11989837666,21042
4318,python (8660),Compute,11990031833,20542
4319,python (8660),Compute,11990202291,20417
4320,python (8660),Compute,11990377458,20542
4321,python (8660),Compute,11990548708,20458
4322,python (8660),Compute,11990724333,20500
4323,python (8660),Compute,11990897166,20542
4324,python (8660),Compute,11991074291,20250
4325,python (8660),Compute,11991247000,20416
4326,python (8660),Compute,11991425500,20375
4327,python (8660),Compute,11991598833,20667
4328,python (8660),Compute,11991785125,20750
4333,python (8660),Compute,11992026375,20416
4334,python (8660),Compute,11992263750,21250
4335,python (8660),Compute,11992450375,20458
4336,python (8660),Compute,11992628125,20250
4337,python (8660),Compute,11992800583,20250
4338,python (8660),Compute,11992995625,20833
4339,python (8660),Compute,11993193375,20916
4340,python (8660),Compute,11993391541,21000
4341,python (8660),Compute,11993586791,20584
4342,python (8660),Compute,11993759041,20167
4343,python (8660),Compute,11993957500,21000
4344,python (8660),Compute,11994156875,21000
4345,python (8660),Compute,11994355708,21167
4346,python (8660),Compute,11994553833,21125
4347,python (8660),Compute,11994753791,21167
4348,python (8660),Compute,11994954208,20958
4349,python (8660),Compute,11995146583,21042
4350,python (8660),Compute,11995341000,20375
4351,python (8660),Compute,11995536125,21083
4352,python (8660),Compute,11995735625,21291
4353,python (8660),Compute,11995933125,21250
4354,python (8660),Compute,11996131583,20917
4355,python (8660),Compute,11996328083,21708
4356,python (8660),Compute,11996526333,21708
4357,python (8660),Compute,11996725333,21292
4358,python (8660),Compute,11996913791,21250
4359,python (8660),Compute,11997111416,21209
4360,python (8660),Compute,11997308041,21167
4361,python (8660),Compute,11997512583,20917
4362,python (8660),Compute,11997712541,20542
4363,python (8660),Compute,11998075041,21000
4364,python (8660),Compute,11998275875,21250
4365,python (8660),Compute,11998474541,20834
4366,python (8660),Compute,11998673625,21291
4367,python (8660),Compute,11998872250,21291
4368,python (8660),Compute,11999071583,20958
4369,python (8660),Compute,11999267458,21333
4370,python (8660),Compute,11999461750,20458
4371,python (8660),Compute,11999656333,20958
4372,python (8660),Compute,11999854083,21167
4373,python (8660),Compute,12000055041,20542
4374,python (8660),Compute,12000250125,20875
4375,python (8660),Compute,12000448833,21167
4376,python (8660),Compute,12000649791,21000
4377,python (8660),Compute,12000850000,20958
4378,python (8660),Compute,12001047041,20959
4379,python (8660),Compute,12001248666,21084
4380,python (8660),Compute,12001444375,21166
4381,python (8660),Compute,12001639333,20375
4382,python (8660),Compute,12001833750,20875
4383,python (8660),Compute,12002037458,20875
4384,python (8660),Compute,12002237125,21041
4385,python (8660),Compute,12002436000,20958
4386,python (8660),Compute,12002631833,21000
4387,python (8660),Compute,12002829583,21208
4388,python (8660),Compute,12003025000,20791
4389,python (8660),Compute,12003224916,21250
4390,python (8660),Compute,12003421875,21041
4391,python (8660),Compute,12003618083,20583
4392,python (8660),Compute,12003788083,20542
4393,python (8660),Compute,12003980750,20375
4394,python (8660),Compute,12004174125,21041
4395,python (8660),Compute,12004373166,21042
4396,python (8660),Compute,12004570875,21166
4397,python (8660),Compute,12004768666,20959
4398,python (8660),Compute,12004963666,20959
4399,python (8660),Compute,12005162916,21292
4400,python (8660),Compute,12005362708,21375
4401,python (8660),Compute,12005559666,21375
4402,python (8660),Compute,12005761208,20792
4403,python (8660),Compute,12005958250,20916
4404,python (8660),Compute,12006307250,20708
4405,python (8660),Compute,12006480875,21083
4406,python (8660),Compute,12006678541,20917
4407,python (8660),Compute,12006875291,21292
4408,python (8660),Compute,12007072750,21125
4409,python (8660),Compute,12007271333,21042
4410,python (8660),Compute,12007469750,21166
4411,python (8660),Compute,12007665791,20417
4412,python (8660),Compute,12007857500,21000
4413,python (8660),Compute,12008054708,21042
4414,python (8660),Compute,12008247750,21083
4415,python (8660),Compute,12008447666,21375
4416,python (8660),Compute,12008646125,21083
4417,python (8660),Compute,12008844041,21167
4418,python (8660),Compute,12009047833,21083
4419,python (8660),Compute,12009246125,21083
4420,python (8660),Compute,12009445250,21041
4421,python (8660),Compute,12009641958,21167
4422,python (8660),Compute,12009837666,21125
4423,python (8660),Compute,12010037000,21250
4424,python (8660),Compute,12010233166,20584
4425,python (8660),Compute,12010405625,20583
4426,python (8660),Compute,12010596500,21125
4427,python (8660),Compute,12010792708,21167
4428,python (8660),Compute,12010993166,21167
4429,python (8660),Compute,12011187083,20333
4430,python (8660),Compute,12011361208,20417
4431,python (8660),Compute,12011532875,20250
4432,python (8660),Compute,12011707416,20875
4433,python (8660),Compute,12011906041,21125
4434,python (8660),Compute,12012101666,21250
4435,python (8660),Compute,12012304833,21333
4436,python (8660),Compute,12012499416,20459
4437,python (8660),Compute,12012678708,21292
4438,python (8660),Compute,12012876708,21250
4439,python (8660),Compute,12013070166,21167
4440,python (8660),Compute,12013274750,21000
4441,python (8660),Compute,12013472416,20959
4442,python (8660),Compute,12013669750,21125
4443,python (8660),Compute,12013869708,21042
4444,python (8660),Compute,12014067916,21250
4445,python (8660),Compute,12014265916,21125
4446,python (8660),Compute,12014629041,21125
4447,python (8660),Compute,12014825333,20500
4448,python (8660),Compute,12015022666,21084
4449,python (8660),Compute,12015221458,21083
4450,python (8660),Compute,12015419375,21208
4451,python (8660),Compute,12015616791,21250
4452,python (8660),Compute,12015818625,21083
4453,python (8660),Compute,12016015000,21250
4454,python (8660),Compute,12016212416,21125
4455,python (8660),Compute,12016409166,21125
4456,python (8660),Compute,12016606208,21000
4457,python (8660),Compute,12016808000,21333
4458,python (8660),Compute,12017002625,20666
4459,python (8660),Compute,12017174541,20167
4460,python (8660),Compute,12017347375,20291
4461,python (8660),Compute,12017523833,20833
4462,python (8660),Compute,12017726625,21041
4463,python (8660),Compute,12017921916,20959
4464,python (8660),Compute,12018119250,21083
4465,python (8660),Compute,12018316541,21084
4466,python (8660),Compute,12018517333,21167
4467,python (8660),Compute,12018707083,20458
4468,python (8660),Compute,12018873250,20416
4469,python (8660),Compute,12019027416,20167
4470,python (8660),Compute,12019204291,20292
4471,python (8660),Compute,12019384833,20833
4472,python (8660),Compute,12019552041,20417
4473,python (8660),Compute,12019716125,20416
4474,python (8660),Compute,12019884625,20416
4475,python (8660),Compute,12020064791,20209
4476,python (8660),Compute,12020244583,20500
4477,python (8660),Compute,12020409541,20459
4478,python (8660),Compute,12020578166,20459
4479,python (8660),Compute,12020745125,20416
4480,python (8660),Compute,12020912208,20542
4481,python (8660),Compute,12021088708,20000
4482,python (8660),Compute,12021261625,20375
4483,python (8660),Compute,12021415791,20292
4484,python (8660),Compute,12021590208,20292
4485,python (8660),Compute,12021750875,20041
4486,python (8660),Compute,12021939375,20041
4487,python (8660),Compute,12022108625,20333
4488,python (8660),Compute,12022265250,20625
4489,python (8660),Compute,12022437583,20583
4490,python (8660),Compute,12022623666,20375
4491,python (8660),Compute,12022943500,20500
4492,python (8660),Compute,12023125416,20292
4493,python (8660),Compute,12023299375,20583
4494,python (8660),Compute,12023477958,20333
4495,python (8660),Compute,12023667125,20458
4496,python (8660),Compute,12023825000,20500
4497,python (8660),Compute,12023990000,20166
4498,python (8660),Compute,12024151750,20250
4499,python (8660),Compute,12024311458,20208
4500,python (8660),Compute,12024468916,20209
4501,python (8660),Compute,12024622416,20334
4502,python (8660),Compute,12024783625,20416
4503,python (8660),Compute,12025052916,20709
4504,python (8660),Compute,12025247208,20292
4509,python (8660),Compute,12025508250,20541
4510,python (8660),Compute,12025675875,20291
4511,python (8660),Compute,12025832541,20292
4512,python (8660),Compute,12026062750,20416
4513,python (8660),Compute,12026260083,20750
4514,python (8660),Compute,12026434833,20500
4515,python (8660),Compute,12026606791,20042
4516,python (8660),Compute,12026795833,20292
4517,python (8660),Compute,12026979541,20292
4518,python (8660),Compute,12027137666,20375
4519,python (8660),Compute,12027296375,20458
4520,python (8660),Compute,12027454916,20125
4521,python (8660),Compute,12027612708,20375
4522,python (8660),Compute,12027770750,20333
4523,python (8660),Compute,12027928166,20292
4524,python (8660),Compute,12028096333,20167
4525,python (8660),Compute,12028254958,20208
4526,python (8660),Compute,12028413000,20083
4527,python (8660),Compute,12028561208,20375
4528,python (8660),Compute,12028713333,20333
4529,python (8660),Compute,12028872041,20209
4530,python (8660),Compute,12029039458,20333
4531,python (8660),Compute,12029200958,20375
4532,python (8660),Compute,12029353791,20459
4533,python (8660),Compute,12029505291,20084
4534,python (8660),Compute,12029659125,20291
4535,python (8660),Compute,12029813125,20250
4536,python (8660),Compute,12029969541,20334
4537,python (8660),Compute,12030275291,20500
4538,python (8660),Compute,12030448416,20292
4539,python (8660),Compute,12030607583,20333
4540,python (8660),Compute,12030775500,20333
4541,python (8660),Compute,12030930708,20167
4542,python (8660),Compute,12031091416,20375
4543,python (8660),Compute,12031381166,20459
4544,python (8660),Compute,12031571333,20333
4545,python (8660),Compute,12031743250,20375
4546,python (8660),Compute,12031901000,20541
4547,python (8660),Compute,12032051291,20709
4548,python (8660),Compute,12032216583,20583
4549,python (8660),Compute,12032390666,20334
4550,python (8660),Compute,12032548541,20542
4551,python (8660),Compute,12032705500,20500
4552,python (8660),Compute,12032856083,20875
4553,python (8660),Compute,12033007916,20542
4554,python (8660),Compute,12033172625,20875
4555,python (8660),Compute,12033337125,20500
4556,python (8660),Compute,12033501958,20625
4557,python (8660),Compute,12033657958,20417
4558,python (8660),Compute,12033821916,20459
4559,python (8660),Compute,12033975000,20666
4560,python (8660),Compute,12034129291,20542
4561,python (8660),Compute,12034295416,20542
4562,python (8660),Compute,12034448375,20666
4563,python (8660),Compute,12034601000,20541
4564,python (8660),Compute,12034753791,20542
4565,python (8660),Compute,12034901875,20791
4566,python (8660),Compute,12035065500,20583
4567,python (8660),Compute,12035217833,20625
4568,python (8660),Compute,12035358291,20959
4569,python (8660),Compute,12035525375,20750
4570,python (8660),Compute,12035684166,20667
4571,python (8660),Compute,12035838416,20334
4572,python (8660),Compute,12035978041,20584
4573,python (8660),Compute,12036130625,20583
4574,python (8660),Compute,12036282833,20667
4575,python (8660),Compute,12036435833,20458
4576,python (8660),Compute,12036576375,20625
4577,python (8660),Compute,12036741458,20375
4578,python (8660),Compute,12036900333,20042
4579,python (8660),Compute,12037069958,20417
4580,python (8660),Compute,12037239291,20375
4581,python (8660),Compute,12037410625,20625
4582,python (8660),Compute,12037564375,20500
4583,python (8660),Compute,12037717333,20750
4584,python (8660),Compute,12037878583,20625
4585,python (8660),Compute,12038037458,20625
4586,python (8660),Compute,12038209291,20500
4587,python (8660),Compute,12038384208,20833
4588,python (8660),Compute,12038544291,20667
4589,python (8660),Compute,12038703291,20417
4590,python (8660),Compute,12038863416,20459
4591,python (8660),Compute,12039023958,20667
4592,python (8660),Compute,12039196916,20709
4593,python (8660),Compute,12039370041,20500
4594,python (8660),Compute,12039626958,20500
4595,python (8660),Compute,12039782833,20500
4596,python (8660),Compute,12039943416,20792
4597,python (8660),Compute,12040114875,20750
4598,python (8660),Compute,12040286416,20709
4599,python (8660),Compute,12040460208,20458
4600,python (8660),Compute,12040630791,20750
4601,python (8660),Compute,12040804375,20125
4602,python (8660),Compute,12040964708,20583
4603,python (8660),Compute,12041134958,20542
4604,python (8660),Compute,12041291875,20625
4605,python (8660),Compute,12041465791,21000
4606,python (8660),Compute,12041626583,20708
4607,python (8660),Compute,12041798083,20500
4608,python (8660),Compute,12041969166,20542
4609,python (8660),Compute,12042140291,20667
4610,python (8660),Compute,12042311291,20542
4611,python (8660),Compute,12042483125,20583
4612,python (8660),Compute,12042655708,20417
4613,python (8660),Compute,12042828833,20583
4614,python (8660),Compute,12043001208,20667
4615,python (8660),Compute,12043157666,20750
4616,python (8660),Compute,12043329666,20417
4617,python (8660),Compute,12043495458,20792
4618,python (8660),Compute,12043654041,20584
4619,python (8660),Compute,12043807333,20625
4620,python (8660),Compute,12043978916,20542
4621,python (8660),Compute,12044151166,20834
4622,python (8660),Compute,12044310583,20500
4623,python (8660),Compute,12044468625,20750
4624,python (8660),Compute,12044642250,20375
4625,python (8660),Compute,12044814500,20666
4626,python (8660),Compute,12044986166,20459
4627,python (8660),Compute,12045143791,20834
4628,python (8660),Compute,12045315041,20334
4629,python (8660),Compute,12045486000,20500
4630,python (8660),Compute,12045640083,20875
4631,python (8660),Compute,12045831666,21125
4632,python (8660),Compute,12046031708,21208
4633,python (8660),Compute,12046226708,21375
4634,python (8660),Compute,12046424291,21334
4635,python (8660),Compute,12046620083,20958
4636,python (8660),Compute,12046815458,20958
4637,python (8660),Compute,12047008291,21209
4638,python (8660),Compute,12047195416,21292
4639,python (8660),Compute,12047389041,21125
4640,python (8660),Compute,12047591208,21417
4641,python (8660),Compute,12047939583,22125
4642,python (8660),Compute,12048156875,22083
4643,python (8660),Compute,12048355083,22333
4644,python (8660),Compute,12048558666,22417
4645,python (8660),Compute,12048754833,22250
4646,python (8660),Compute,12048955458,22417
4647,python (8660),Compute,12049150833,22458
4648,python (8660),Compute,12049351000,22250
4649,python (8660),Compute,12049550541,22459
4650,python (8660),Compute,12049752958,22042
4651,python (8660),Compute,12049946625,21666
4652,python (8660),Compute,12050119958,22333
4653,python (8660),Compute,12050318125,22416
4654,python (8660),Compute,12050519041,22167
4655,python (8660),Compute,12050717083,22333
4656,python (8660),Compute,12050916625,22458
4657,python (8660),Compute,12051112125,22291
4658,python (8660),Compute,12051310458,22292
4659,python (8660),Compute,12051506083,22625
4660,python (8660),Compute,12051703833,22500
4661,python (8660),Compute,12051894958,21458
4662,python (8660),Compute,12052066000,22250
4663,python (8660),Compute,12052264125,21875
4664,python (8660),Compute,12052464791,22042
4665,python (8660),Compute,12052664583,22042
4666,python (8660),Compute,12052859208,21417
4667,python (8660),Compute,12053056416,22167
4668,python (8660),Compute,12053259875,22166
4669,python (8660),Compute,12053454250,22208
4670,python (8660),Compute,12053651458,21625
4671,python (8660),Compute,12053822250,21333
4672,python (8660),Compute,12053989875,21666
4673,python (8660),Compute,12054158291,20917
4674,python (8660),Compute,12054325875,21666
4675,python (8660),Compute,12054524125,22291
4676,python (8660),Compute,12054722750,22250
4677,python (8660),Compute,12054919750,22333
4678,python (8660),Compute,12055120291,22375
4679,python (8660),Compute,12055316125,22208
4680,python (8660),Compute,12055518416,22250
4681,python (8660),Compute,12055715833,22458
4682,python (8660),Compute,12055929458,21667
4683,python (8660),Compute,12056262625,22166
4684,python (8660),Compute,12056475583,22542
4685,python (8660),Compute,12056664333,22333
4686,python (8660),Compute,12056836541,21667
4687,python (8660),Compute,12057008791,21917
4688,python (8660),Compute,12057183958,21500
4689,python (8660),Compute,12057359791,21709
4690,python (8660),Compute,12057531208,21333
4691,python (8660),Compute,12057703791,21667
4692,python (8660),Compute,12057873750,21791
4693,python (8660),Compute,12058045541,21750
4694,python (8660),Compute,12058222416,21709
4695,python (8660),Compute,12058407000,21250
4698,python (8660),Compute,12058626750,21666
4699,python (8660),Compute,12058794375,21541
4700,python (8660),Compute,12058963250,21750
4701,python (8660),Compute,12059139416,21750
4702,python (8660),Compute,12059331833,22333
4703,python (8660),Compute,12059525875,22708
4704,python (8660),Compute,12059719416,22584
4705,python (8660),Compute,12059916916,22417
4706,python (8660),Compute,12060116500,22333
4707,python (8660),Compute,12060313083,22250
4708,python (8660),Compute,12060510666,22250
4709,python (8660),Compute,12060708541,22250
4710,python (8660),Compute,12060900333,21708
4711,python (8660),Compute,12061093291,22334
4712,python (8660),Compute,12061292958,22167
4713,python (8660),Compute,12061490500,22208
4714,python (8660),Compute,12061689250,22250
4715,python (8660),Compute,12061888791,21792
4716,python (8660),Compute,12062062833,21458
4717,python (8660),Compute,12062228708,21292
4718,python (8660),Compute,12062394166,21459
4719,python (8660),Compute,12062559458,21333
4720,python (8660),Compute,12062724916,21334
4721,python (8660),Compute,12062889041,21500
4722,python (8660),Compute,12063053958,21500
4723,python (8660),Compute,12063219750,21333
4724,python (8660),Compute,12063385166,21542
4725,python (8660),Compute,12063550458,21250
4726,python (8660),Compute,12063715500,21500
4727,python (8660),Compute,12063879458,21375
4728,python (8660),Compute,12064049166,21500
4729,python (8660),Compute,12064212625,20791
4730,python (8660),Compute,12064378166,20834
4731,python (8660),Compute,12064594125,20458
4732,python (8660),Compute,12064777625,20541
4733,python (8660),Compute,12064963333,20750
4734,python (8660),Compute,12065138833,20625
4735,python (8660),Compute,12065330208,20792
4736,python (8660),Compute,12065517416,20792
4737,python (8660),Compute,12065704875,20583
4738,python (8660),Compute,12065890916,20375
4739,python (8660),Compute,12066088416,21209
4740,python (8660),Compute,12066283458,20375
4741,python (8660),Compute,12066458083,20292
4742,python (8660),Compute,12066629583,20417
4743,python (8660),Compute,12066801875,20250
4744,python (8660),Compute,12066984125,21458
4745,python (8660),Compute,12067186791,21084
4746,python (8660),Compute,12067383666,21000
4747,python (8660),Compute,12067578458,20875
4748,python (8660),Compute,12067775583,20958
4749,python (8660),Compute,12067975208,21083
4750,python (8660),Compute,12068180916,20959
4751,python (8660),Compute,12068377458,20583
4752,python (8660),Compute,12068553125,20500
4753,python (8660),Compute,12068720416,20459
4754,python (8660),Compute,12068885166,20250
4755,python (8660),Compute,12069037416,20334
4756,python (8660),Compute,12069206125,20166
4757,python (8660),Compute,12069396791,20334
4758,python (8660),Compute,12069587291,20375
4759,python (8660),Compute,12069777125,20958
4760,python (8660),Compute,12069975500,21041
4761,python (8660),Compute,12070174583,21208
4762,python (8660),Compute,12070367125,20416
4763,python (8660),Compute,12070531041,20209
4764,python (8660),Compute,12070695875,20375
4765,python (8660),Compute,12070848750,20416
4768,python (8660),Compute,12071008083,20917
4769,python (8660),Compute,12071280958,21375
4770,python (8660),Compute,12071482958,21417
4771,python (8660),Compute,12071681208,21458
4772,python (8660),Compute,12071878791,20709
4773,python (8660),Compute,12072053625,20208
4774,python (8660),Compute,12072235625,20416
4775,python (8660),Compute,12072430458,21500
4776,python (8660),Compute,12072626458,21125
4777,python (8660),Compute,12072989833,20458
4778,python (8660),Compute,12073162708,20958
4779,python (8660),Compute,12073360625,21000
4780,python (8660),Compute,12073559000,20958
4781,python (8660),Compute,12073758750,21166
4782,python (8660),Compute,12073954625,21041
4783,python (8660),Compute,12074148208,21208
4784,python (8660),Compute,12074348375,21000
4785,python (8660),Compute,12074544750,21125
4786,python (8660),Compute,12074739708,20417
4787,python (8660),Compute,12074932500,21125
4788,python (8660),Compute,12075129541,21209
4789,python (8660),Compute,12075327666,20750
4790,python (8660),Compute,12075524833,21208
4791,python (8660),Compute,12075719375,20958
4792,python (8660),Compute,12075914250,21208
4793,python (8660),Compute,12076111125,21000
4794,python (8660),Compute,12076301791,20417
4795,python (8660),Compute,12076496125,20958
4796,python (8660),Compute,12076695916,21000
4797,python (8660),Compute,12076891916,20709
4798,python (8660),Compute,12077077041,20875
4799,python (8660),Compute,12077277291,21084
4800,python (8660),Compute,12077472958,21042
4801,python (8660),Compute,12077671875,20916
4802,python (8660),Compute,12077867833,20917
4803,python (8660),Compute,12078061583,21000
4804,python (8660),Compute,12078259583,21042
4805,python (8660),Compute,12078452458,20500
4806,python (8660),Compute,12078640291,20334
4807,python (8660),Compute,12078808791,21000
4808,python (8660),Compute,12079007333,20958
4809,python (8660),Compute,12079204875,21125
4810,python (8660),Compute,12079403750,21041
4811,python (8660),Compute,12079601708,21042
4812,python (8660),Compute,12079797541,21167
4813,python (8660),Compute,12079992958,21375
4814,python (8660),Compute,12080189166,21625
4815,python (8660),Compute,12080382791,21500
4816,python (8660),Compute,12080579625,21583
4817,python (8660),Compute,12080774000,21000
4818,python (8660),Compute,12080970958,21125
4819,python (8660),Compute,12081294458,21083
4820,python (8660),Compute,12081498833,21083
4821,python (8660),Compute,12081697916,21209
4822,python (8660),Compute,12081894458,21208
4823,python (8660),Compute,12082091083,20833
4824,python (8660),Compute,12082285791,21375
4825,python (8660),Compute,12082483291,21709
4826,python (8660),Compute,12082681416,21042
4827,python (8660),Compute,12082874875,20416
4828,python (8660),Compute,12083072083,21083
4829,python (8660),Compute,12083272375,21166
4830,python (8660),Compute,12083469833,21208
4831,python (8660),Compute,12083669916,21292
4832,python (8660),Compute,12083870083,21208
4833,python (8660),Compute,12084066875,21125
4834,python (8660),Compute,12084264708,21250
4835,python (8660),Compute,12084462666,20875
4836,python (8660),Compute,12084656750,21291
4837,python (8660),Compute,12084852083,21167
4838,python (8660),Compute,12085047750,20916
4839,python (8660),Compute,12085241000,20791
4840,python (8660),Compute,12085433125,21375
4841,python (8660),Compute,12085633583,20750
4842,python (8660),Compute,12085833708,21000
4843,python (8660),Compute,12086030416,21250
4844,python (8660),Compute,12086227416,21250
4845,python (8660),Compute,12086423500,21000
4846,python (8660),Compute,12086621791,21334
4847,python (8660),Compute,12086819375,21000
4848,python (8660),Compute,12087013458,20792
4849,python (8660),Compute,12087182166,20500
4850,python (8660),Compute,12087346875,20291
4851,python (8660),Compute,12087517458,20958
4852,python (8660),Compute,12087716666,21125
4853,python (8660),Compute,12087909416,20625
4854,python (8660),Compute,12088101583,21042
4855,python (8660),Compute,12088295500,21125
4856,python (8660),Compute,12088493458,21000
4857,python (8660),Compute,12088690625,20958
4858,python (8660),Compute,12088885416,20917
4859,python (8660),Compute,12089079041,21042
4860,python (8660),Compute,12089276583,21125
4861,python (8660),Compute,12089638291,21042
4862,python (8660),Compute,12089832875,21000
4863,python (8660),Compute,12090035458,20250
4864,python (8660),Compute,12090207125,20166
4865,python (8660),Compute,12090367666,20125
4866,python (8660),Compute,12090547750,20416
4867,python (8660),Compute,12090723750,20333
4868,python (8660),Compute,12090898000,20250
4869,python (8660),Compute,12091070625,20500
4870,python (8660),Compute,12091252666,20334
4871,python (8660),Compute,12091432750,20541
4872,python (8660),Compute,12091611916,20459
4875,python (8660),Compute,12091849791,20250
4876,python (8660),Compute,12092021041,20417
4877,python (8660),Compute,12092218666,20334
4878,python (8660),Compute,12092391041,20292
4879,python (8660),Compute,12092565791,20500
4880,python (8660),Compute,12092737500,20791
4881,python (8660),Compute,12092936958,21042
4882,python (8660),Compute,12093134541,20917
4883,python (8660),Compute,12093328666,20167
4884,python (8660),Compute,12093501291,20417
4885,python (8660),Compute,12093699541,20917
4886,python (8660),Compute,12093894416,20459
4887,python (8660),Compute,12094094041,21167
4888,python (8660),Compute,12094292750,21041
4889,python (8660),Compute,12094490583,21333
4890,python (8660),Compute,12094690333,21250
4891,python (8660),Compute,12094888000,21333
4892,python (8660),Compute,12095090000,21125
4893,python (8660),Compute,12095290833,20750
4894,python (8660),Compute,12095458916,21334
4895,python (8660),Compute,12095659791,21042
4896,python (8660),Compute,12095859833,21000
4897,python (8660),Compute,12096056291,20667
4898,python (8660),Compute,12096257000,21083
4899,python (8660),Compute,12096456541,21209
4900,python (8660),Compute,12096653666,21042
4901,python (8660),Compute,12096853708,21208
4902,python (8660),Compute,12097052125,21250
4903,python (8660),Compute,12097252541,21375
4904,python (8660),Compute,12097453208,21167
4905,python (8660),Compute,12097648708,21000
4906,python (8660),Compute,12097984250,21041
4907,python (8660),Compute,12098187708,20292
4908,python (8660),Compute,12098358166,20167
4909,python (8660),Compute,12098533458,20667
4910,python (8660),Compute,12098706041,20334
4911,python (8660),Compute,12098881583,20500
4912,python (8660),Compute,12099055833,20500
4913,python (8660),Compute,12099227791,20417
4914,python (8660),Compute,12099399541,20292
4915,python (8660),Compute,12099573041,20542
4916,python (8660),Compute,12099745708,20292
4917,python (8660),Compute,12099920791,20209
4918,python (8660),Compute,12100081375,20583
4919,python (8660),Compute,12100257625,20791
4920,python (8660),Compute,12100453791,20334
4921,python (8660),Compute,12100650416,21250
4922,python (8660),Compute,12100846083,21292
4923,python (8660),Compute,12101047958,21250
4924,python (8660),Compute,12101251083,21125
4925,python (8660),Compute,12101447541,21167
4926,python (8660),Compute,12101644416,21167
4927,python (8660),Compute,12101841791,20959
4928,python (8660),Compute,12102056250,21000
4929,python (8660),Compute,12102257916,20917
4930,python (8660),Compute,12102451416,21000
4931,python (8660),Compute,12102646083,20542
4932,python (8660),Compute,12102839333,20833
4933,python (8660),Compute,12103040125,20916
4934,python (8660),Compute,12103239041,20834
4935,python (8660),Compute,12103437958,21042
4936,python (8660),Compute,12103635166,20375
4937,python (8660),Compute,12103817416,21000
4938,python (8660),Compute,12104024166,21084
4939,python (8660),Compute,12104225375,21166
4940,python (8660),Compute,12104423041,20959
4941,python (8660),Compute,12104623125,20958
4942,python (8660),Compute,12104820750,20625
4943,python (8660),Compute,12105017666,21042
4944,python (8660),Compute,12105215958,21000
4945,python (8660),Compute,12105416291,21084
4946,python (8660),Compute,12105616833,20708
4947,python (8660),Compute,12105807000,20875
4948,python (8660),Compute,12106003708,21167
4949,python (8660),Compute,12106339625,20208
4950,python (8660),Compute,12106513333,21000
4951,python (8660),Compute,12106714416,21459
4952,python (8660),Compute,12106913708,21042
4953,python (8660),Compute,12107112208,21083
4954,python (8660),Compute,12107311916,21084
4955,python (8660),Compute,12107513333,21042
4956,python (8660),Compute,12107712333,21042
4957,python (8660),Compute,12107910083,21083
4958,python (8660),Compute,12108105958,21250
4959,python (8660),Compute,12108303291,21125
4960,python (8660),Compute,12108500791,20917
4961,python (8660),Compute,12108695000,20833
4962,python (8660),Compute,12108891041,20959
4963,python (8660),Compute,12109086250,21333
4964,python (8660),Compute,12109279041,21000
4965,python (8660),Compute,12109479250,21375
4966,python (8660),Compute,12109676083,21542
4967,python (8660),Compute,12109874875,21166
4968,python (8660),Compute,12110071208,21125
4969,python (8660),Compute,12110267458,20250
4970,python (8660),Compute,12110457208,21250
4971,python (8660),Compute,12110654208,21125
4972,python (8660),Compute,12110852625,21041
4973,python (8660),Compute,12111049541,21209
4974,python (8660),Compute,12111250000,21041
4975,python (8660),Compute,12111445833,20583
4976,python (8660),Compute,12111637166,20959
4977,python (8660),Compute,12111834166,20959
4978,python (8660),Compute,12112024583,20000
4979,python (8660),Compute,12112198416,21375
4980,python (8660),Compute,12112397375,21000
4981,python (8660),Compute,12112596625,21166
4982,python (8660),Compute,12112792833,21333
4983,python (8660),Compute,12112991000,21291
4984,python (8660),Compute,12113189625,20875
4985,python (8660),Compute,12113388416,21209
4986,python (8660),Compute,12113583791,20834
4987,python (8660),Compute,12113777791,21167
4988,python (8660),Compute,12113979791,21459
4989,python (8660),Compute,12114178791,20792
4990,python (8660),Compute,12114375166,20500
4991,python (8660),Compute,12114743291,21334
4992,python (8660),Compute,12114943291,21125
4993,python (8660),Compute,12115142583,21250
4994,python (8660),Compute,12115338458,21000
4995,python (8660),Compute,12115535500,21041
4996,python (8660),Compute,12115735250,21000
4997,python (8660),Compute,12115927166,20959
4998,python (8660),Compute,12116122875,20791
4999,python (8660),Compute,12116319666,21042
5000,python (8660),Compute,12116518000,21208
5001,python (8660),Compute,12116716083,21125
5002,python (8660),Compute,12116915708,20958
5003,python (8660),Compute,12117115291,21375
5004,python (8660),Compute,12117312750,21291
5005,python (8660),Compute,12117510875,21250
5006,python (8660),Compute,12117708083,21167
5007,python (8660),Compute,12117904916,21167
5008,python (8660),Compute,12118104666,21292
5009,python (8660),Compute,12118304791,21167
5010,python (8660),Compute,12118495958,20333
5011,python (8660),Compute,12118686916,20125
5012,python (8660),Compute,12118863833,20500
5013,python (8660),Compute,12119028666,20500
5014,python (8660),Compute,12119192708,20542
5015,python (8660),Compute,12119348125,20416
5016,python (8660),Compute,12119515000,20041
5017,python (8660),Compute,12119668291,20250
5018,python (8660),Compute,12119823666,20250
5019,python (8660),Compute,12119978958,20583
5020,python (8660),Compute,12120143291,20417
5021,python (8660),Compute,12120316333,20375
5022,python (8660),Compute,12120488375,20291
5023,python (8660),Compute,12120671666,20250
5024,python (8660),Compute,12120837833,20292
5025,python (8660),Compute,12120989458,20625
5026,python (8660),Compute,12121164750,20291
5027,python (8660),Compute,12121326791,20584
5028,python (8660),Compute,12121480041,20459
5029,python (8660),Compute,12121655958,20583
5030,python (8660),Compute,12121822666,20459
5031,python (8660),Compute,12122003750,20416
5032,python (8660),Compute,12122185375,20291
5033,python (8660),Compute,12122360541,20167
5034,python (8660),Compute,12122529166,20334
5035,python (8660),Compute,12122694583,20292
5036,python (8660),Compute,12122941083,20208
5037,python (8660),Compute,12123144666,20334
5038,python (8660),Compute,12123314125,20333
5039,python (8660),Compute,12123491416,20375
5040,python (8660),Compute,12123667541,20334
5041,python (8660),Compute,12123846416,20417
5042,python (8660),Compute,12124040583,20250
5043,python (8660),Compute,12124224125,20333
5044,python (8660),Compute,12124398500,20375
5045,python (8660),Compute,12124569833,20417
5046,python (8660),Compute,12124727291,20334
5047,python (8660),Compute,12124910458,20250
5048,python (8660),Compute,12125070166,19959
5049,python (8660),Compute,12125234416,20250
5050,python (8660),Compute,12125488750,20500
5053,python (8660),Compute,12125727833,20792
5054,python (8660),Compute,12125963166,20042
5055,python (8660),Compute,12126151041,20250
5056,python (8660),Compute,12126348416,20459
5057,python (8660),Compute,12126538875,20208
5058,python (8660),Compute,12126727250,20541
5059,python (8660),Compute,12126910958,20208
5060,python (8660),Compute,12127088875,20166
5061,python (8660),Compute,12127286291,20334
5062,python (8660),Compute,12127461750,20208
5063,python (8660),Compute,12127665500,20291
5064,python (8660),Compute,12127845041,20417
5065,python (8660),Compute,12128017750,20166
5066,python (8660),Compute,12128210875,20250
5067,python (8660),Compute,12128403333,20167
5068,python (8660),Compute,12128562666,20292
5069,python (8660),Compute,12128717458,20500
5070,python (8660),Compute,12128864291,20417
5071,python (8660),Compute,12129024333,20375
5072,python (8660),Compute,12129186291,20167
5073,python (8660),Compute,12129345875,20541
5074,python (8660),Compute,12129496083,20458
5075,python (8660),Compute,12129671875,21125
5076,python (8660),Compute,12129832625,20500
5077,python (8660),Compute,12129978750,20375
5078,python (8660),Compute,12130128750,20625
5079,python (8660),Compute,12130295375,20291
5080,python (8660),Compute,12130455041,20167
5081,python (8660),Compute,12130609458,20167
5082,python (8660),Compute,12130751000,20375
5083,python (8660),Compute,12130909750,20250
5084,python (8660),Compute,12131079750,20250
5085,python (8660),Compute,12131392083,20125
5086,python (8660),Compute,12131536916,20334
5087,python (8660),Compute,12131686666,20417
5088,python (8660),Compute,12131847750,20166
5089,python (8660),Compute,12131992333,20708
5090,python (8660),Compute,12132162166,20667
5091,python (8660),Compute,12132325083,20292
5092,python (8660),Compute,12132485208,20458
5093,python (8660),Compute,12132638916,20500
5094,python (8660),Compute,12132780750,20375
5095,python (8660),Compute,12132933416,20584
5096,python (8660),Compute,12133098416,20625
5097,python (8660),Compute,12133250500,20583
5098,python (8660),Compute,12133404708,20250
5099,python (8660),Compute,12133566250,20750
5100,python (8660),Compute,12133720208,20500
5101,python (8660),Compute,12133875291,20667
5102,python (8660),Compute,12134036375,20750
5103,python (8660),Compute,12134189166,20750
5104,python (8660),Compute,12134345083,20542
5105,python (8660),Compute,12134510958,20583
5106,python (8660),Compute,12134663458,20417
5107,python (8660),Compute,12134817125,20666
5108,python (8660),Compute,12134970583,20500
5109,python (8660),Compute,12135121916,20709
5110,python (8660),Compute,12135272375,20708
5111,python (8660),Compute,12135425916,20709
5112,python (8660),Compute,12135599958,20333
5113,python (8660),Compute,12135759666,20417
5114,python (8660),Compute,12135911833,20500
5115,python (8660),Compute,12136064041,20542
5116,python (8660),Compute,12136230416,20584
5117,python (8660),Compute,12136381125,20458
5118,python (8660),Compute,12136547958,20458
5119,python (8660),Compute,12136701916,20459
5120,python (8660),Compute,12136855750,20708
5121,python (8660),Compute,12137009625,20666
5122,python (8660),Compute,12137160916,20542
5123,python (8660),Compute,12137313000,20333
5124,python (8660),Compute,12137454041,20375
5125,python (8660),Compute,12137596333,20708
5126,python (8660),Compute,12137737958,20542
5127,python (8660),Compute,12137902875,20708
5128,python (8660),Compute,12138067166,20542
5129,python (8660),Compute,12138235541,20334
5130,python (8660),Compute,12138410416,20375
5131,python (8660),Compute,12138583833,20542
5132,python (8660),Compute,12138742333,20458
5133,python (8660),Compute,12138914750,20458
5134,python (8660),Compute,12139086083,20750
5135,python (8660),Compute,12139258875,20666
5136,python (8660),Compute,12139432250,20291
5137,python (8660),Compute,12139735291,20292
5138,python (8660),Compute,12139907666,20500
5139,python (8660),Compute,12140061666,20750
5140,python (8660),Compute,12140221666,20292
5141,python (8660),Compute,12140392583,20583
5142,python (8660),Compute,12140565083,20625
5143,python (8660),Compute,12140738125,20500
5144,python (8660),Compute,12140907125,20625
5145,python (8660),Compute,12141063083,20750
5146,python (8660),Compute,12141231750,20708
5147,python (8660),Compute,12141403166,20500
5148,python (8660),Compute,12141576708,20500
5149,python (8660),Compute,12141748791,20292
5150,python (8660),Compute,12141906125,20333
5151,python (8660),Compute,12142077583,20667
5152,python (8660),Compute,12142248750,20250
5153,python (8660),Compute,12142406708,20667
5154,python (8660),Compute,12142573166,20167
5155,python (8660),Compute,12142732250,20583
5156,python (8660),Compute,12142903291,20584
5157,python (8660),Compute,12143072416,20584
5158,python (8660),Compute,12143241750,20500
5159,python (8660),Compute,12143412625,20583
5160,python (8660),Compute,12143585208,20250
5161,python (8660),Compute,12143741916,20584
5162,python (8660),Compute,12143913833,20542
5163,python (8660),Compute,12144084708,20833
5164,python (8660),Compute,12144255583,20500
5165,python (8660),Compute,12144426791,20500
5166,python (8660),Compute,12144586291,20584
5167,python (8660),Compute,12144759250,20666
5168,python (8660),Compute,12144931125,20666
5169,python (8660),Compute,12145090791,20625
5170,python (8660),Compute,12145251125,20625
5171,python (8660),Compute,12145410708,20875
5172,python (8660),Compute,12145583291,20459
5173,python (8660),Compute,12145755333,20583
5174,python (8660),Compute,12145927750,20541
5175,python (8660),Compute,12146100375,20583
5176,python (8660),Compute,12146270416,20709
5177,python (8660),Compute,12146440041,20417
5178,python (8660),Compute,12146614708,21167
5179,python (8660),Compute,12146816750,20916
5180,python (8660),Compute,12147014583,21083
5181,python (8660),Compute,12147196875,21250
5182,python (8660),Compute,12147394916,21000
5183,python (8660),Compute,12147593500,21000
5184,python (8660),Compute,12147928000,22416
5185,python (8660),Compute,12148143541,22334
5186,python (8660),Compute,12148343708,22417
5187,python (8660),Compute,12148544416,22417
5188,python (8660),Compute,12148743041,21959
5189,python (8660),Compute,12148940541,22250
5190,python (8660),Compute,12149138875,22083
5191,python (8660),Compute,12149338916,22334
5192,python (8660),Compute,12149537458,22167
5193,python (8660),Compute,12149739416,22167
5194,python (8660),Compute,12149937458,22042
5195,python (8660),Compute,12150135083,22208
5196,python (8660),Compute,12150331458,22125
5197,python (8660),Compute,12150532875,22250
5198,python (8660),Compute,12150726291,22459
5199,python (8660),Compute,12150922458,21917
5200,python (8660),Compute,12151112916,22334
5201,python (8660),Compute,12151313125,22333
5202,python (8660),Compute,12151514958,22208
5203,python (8660),Compute,12151715458,22083
5204,python (8660),Compute,12151912083,22000
5205,python (8660),Compute,12152098875,22583
5206,python (8660),Compute,12152296125,22625
5207,python (8660),Compute,12152498666,22917
5208,python (8660),Compute,12152695625,22375
5209,python (8660),Compute,12152893791,22334
5210,python (8660),Compute,12153090791,21625
5211,python (8660),Compute,12153282000,22250
5212,python (8660),Compute,12153481041,22375
5213,python (8660),Compute,12153677083,21292
5214,python (8660),Compute,12153849208,21333
5215,python (8660),Compute,12154016625,21416
5216,python (8660),Compute,12154199791,22209
5217,python (8660),Compute,12154396208,22333
5218,python (8660),Compute,12154594083,22500
5219,python (8660),Compute,12154792166,22292
5220,python (8660),Compute,12154990666,22167
5221,python (8660),Compute,12155189208,22417
5222,python (8660),Compute,12155384000,22458
5223,python (8660),Compute,12155585750,22416
5224,python (8660),Compute,12155826208,21125
5225,python (8660),Compute,12156027000,21416
5226,python (8660),Compute,12156276583,21542
5227,python (8660),Compute,12156468250,22291
5228,python (8660),Compute,12156666041,21417
5229,python (8660),Compute,12156837333,21750
5230,python (8660),Compute,12157011041,21750
5231,python (8660),Compute,12157185500,21375
5232,python (8660),Compute,12157361333,21500
5233,python (8660),Compute,12157533833,21625
5234,python (8660),Compute,12157708166,21334
5235,python (8660),Compute,12157880750,21625
5236,python (8660),Compute,12158054458,21500
5237,python (8660),Compute,12158229791,21834
5238,python (8660),Compute,12158404541,21834
5239,python (8660),Compute,12158587625,21458
5242,python (8660),Compute,12158817000,21708
5243,python (8660),Compute,12158979125,21875
5244,python (8660),Compute,12159165708,21458
5245,python (8660),Compute,12159338250,21625
5246,python (8660),Compute,12159511166,21375
5247,python (8660),Compute,12159682416,21625
5248,python (8660),Compute,12159874500,22208
5249,python (8660),Compute,12160075291,22417
5250,python (8660),Compute,12160273750,21708
5251,python (8660),Compute,12160448208,22250
5252,python (8660),Compute,12160648250,22375
5253,python (8660),Compute,12160847791,22459
5254,python (8660),Compute,12161044958,22208
5255,python (8660),Compute,12161245750,22125
5256,python (8660),Compute,12161444458,22583
5257,python (8660),Compute,12161643416,22167
5258,python (8660),Compute,12161842125,22083
5259,python (8660),Compute,12162033083,21667
5260,python (8660),Compute,12162230958,22250
5261,python (8660),Compute,12162430416,22084
5262,python (8660),Compute,12162630833,22208
5263,python (8660),Compute,12162827625,22208
5264,python (8660),Compute,12163025916,21917
5265,python (8660),Compute,12163223791,22167
5266,python (8660),Compute,12163423166,22167
5267,python (8660),Compute,12163620458,22458
5268,python (8660),Compute,12163820250,22291
5269,python (8660),Compute,12164015000,21625
5270,python (8660),Compute,12164192416,21667
5271,python (8660),Compute,12164397250,21083
5272,python (8660),Compute,12164748250,21541
5273,python (8660),Compute,12164946541,21417
5274,python (8660),Compute,12165144625,21541
5275,python (8660),Compute,12165341916,21250
5276,python (8660),Compute,12165540708,21042
5277,python (8660),Compute,12165738000,20958
5278,python (8660),Compute,12165936250,21083
5279,python (8660),Compute,12166133125,21041
5280,python (8660),Compute,12166326666,20250
5281,python (8660),Compute,12166521958,21167
5282,python (8660),Compute,12166726041,20667
5283,python (8660),Compute,12166917625,21208
5284,python (8660),Compute,12167114500,21000
5285,python (8660),Compute,12167312458,21042
5286,python (8660),Compute,12167510541,21209
5287,python (8660),Compute,12167707333,21042
5288,python (8660),Compute,12167906291,21042
5289,python (8660),Compute,12168104500,21041
5290,python (8660),Compute,12168301500,21041
5291,python (8660),Compute,12168496166,20542
5292,python (8660),Compute,12168682625,20375
5293,python (8660),Compute,12168870833,20750
5294,python (8660),Compute,12169033625,20541
5295,python (8660),Compute,12169184416,21042
5296,python (8660),Compute,12169384541,21084
5297,python (8660),Compute,12169587375,21250
5298,python (8660),Compute,12169786500,21375
5299,python (8660),Compute,12169987625,21166
5300,python (8660),Compute,12170184000,21000
5301,python (8660),Compute,12170374083,20375
5302,python (8660),Compute,12170568666,21292
5303,python (8660),Compute,12170758125,20875
5304,python (8660),Compute,12170956416,21000
5305,python (8660),Compute,12171154083,21083
5306,python (8660),Compute,12171352833,20917
5307,python (8660),Compute,12171552208,20833
5308,python (8660),Compute,12171750666,20959
5309,python (8660),Compute,12171948583,21208
5310,python (8660),Compute,12172145583,21167
5311,python (8660),Compute,12172338458,21000
5312,python (8660),Compute,12172539208,20958
5313,python (8660),Compute,12172733916,20209
5314,python (8660),Compute,12173072416,20417
5315,python (8660),Compute,12173271708,21083
5316,python (8660),Compute,12173468333,21000
5317,python (8660),Compute,12173663416,21000
5318,python (8660),Compute,12173864625,20958
5319,python (8660),Compute,12174059875,21000
5320,python (8660),Compute,12174257875,21125
5321,python (8660),Compute,12174454583,21000
5322,python (8660),Compute,12174653541,21167
5323,python (8660),Compute,12174850458,21167
5324,python (8660),Compute,12175046500,21041
5325,python (8660),Compute,12175236833,20958
5326,python (8660),Compute,12175433458,21125
5327,python (8660),Compute,12175629375,21125
5328,python (8660),Compute,12175827125,21041
5329,python (8660),Compute,12176024291,20792
5330,python (8660),Compute,12176222083,21208
5331,python (8660),Compute,12176417083,21000
5332,python (8660),Compute,12176609708,21083
5333,python (8660),Compute,12176805583,21375
5334,python (8660),Compute,12177003333,21542
5335,python (8660),Compute,12177199083,21542
5336,python (8660),Compute,12177392416,21334
5337,python (8660),Compute,12177589666,21417
5338,python (8660),Compute,12177791875,21291
5339,python (8660),Compute,12177991750,21041
5340,python (8660),Compute,12178190083,21292
5341,python (8660),Compute,12178384833,21167
5342,python (8660),Compute,12178580416,20917
5343,python (8660),Compute,12178776208,21167
5344,python (8660),Compute,12178973125,21166
5345,python (8660),Compute,12179164083,20542
5346,python (8660),Compute,12179336750,20708
5347,python (8660),Compute,12179529166,21209
5348,python (8660),Compute,12179730333,21333
5349,python (8660),Compute,12179929458,21000
5350,python (8660),Compute,12180126708,21083
5351,python (8660),Compute,12180323958,20958
5352,python (8660),Compute,12180523000,21041
5353,python (8660),Compute,12180717750,21000
5354,python (8660),Compute,12180917625,20916
5355,python (8660),Compute,12181268541,21084
5356,python (8660),Compute,12181466083,21208
5357,python (8660),Compute,12181661833,20833
5358,python (8660),Compute,12181850791,20959
5359,python (8660),Compute,12182047958,20833
5360,python (8660),Compute,12182254750,21291
5361,python (8660),Compute,12182453500,21083
5362,python (8660),Compute,12182654125,21000
5363,python (8660),Compute,12182850291,20959
5364,python (8660),Compute,12183046666,21125
5365,python (8660),Compute,12183245750,21083
5366,python (8660),Compute,12183443708,21042
5367,python (8660),Compute,12183640250,21291
5368,python (8660),Compute,12183838500,20541
5369,python (8660),Compute,12184029375,21291
5370,python (8660),Compute,12184227916,21084
5371,python (8660),Compute,12184423875,21041
5372,python (8660),Compute,12184622541,21209
5373,python (8660),Compute,12184822333,21167
5374,python (8660),Compute,12185018666,21209
5375,python (8660),Compute,12185214208,20542
5376,python (8660),Compute,12185396750,20166
5377,python (8660),Compute,12185592208,21083
5378,python (8660),Compute,12185789375,21125
5379,python (8660),Compute,12185989458,21167
5380,python (8660),Compute,12186181916,21000
5381,python (8660),Compute,12186378708,20875
5382,python (8660),Compute,12186579125,21000
5383,python (8660),Compute,12186774833,21000
5384,python (8660),Compute,12186972708,20542
5385,python (8660),Compute,12187145291,20459
5386,python (8660),Compute,12187324500,20375
5387,python (8660),Compute,12187496625,20416
5388,python (8660),Compute,12187696125,21125
5389,python (8660),Compute,12187891166,21042
5390,python (8660),Compute,12188087458,20750
5391,python (8660),Compute,12188280625,20416
5392,python (8660),Compute,12188477333,20917
5393,python (8660),Compute,12188675791,21167
5394,python (8660),Compute,12188875208,20917
5395,python (8660),Compute,12189073541,21250
5396,python (8660),Compute,12189275291,21459
5397,python (8660),Compute,12189629375,21500
5398,python (8660),Compute,12189831500,21333
5399,python (8660),Compute,12190026250,20708
5400,python (8660),Compute,12190197083,20333
5401,python (8660),Compute,12190369041,20500
5402,python (8660),Compute,12190543333,20417
5403,python (8660),Compute,12190719833,20208
5404,python (8660),Compute,12190884166,20459
5405,python (8660),Compute,12191059125,20708
5406,python (8660),Compute,12191246083,20417
5407,python (8660),Compute,12191436791,20417
5408,python (8660),Compute,12191616583,20250
5411,python (8660),Compute,12191859916,20584
5412,python (8660),Compute,12192049583,20583
5413,python (8660),Compute,12192220375,20750
5414,python (8660),Compute,12192394166,20584
5415,python (8660),Compute,12192574041,20459
5416,python (8660),Compute,12192763791,21042
5417,python (8660),Compute,12192963333,21000
5418,python (8660),Compute,12193161958,21208
5419,python (8660),Compute,12193360958,21042
5420,python (8660),Compute,12193556458,20250
5421,python (8660),Compute,12193742583,21083
5422,python (8660),Compute,12193940500,21041
5423,python (8660),Compute,12194138291,21084
5424,python (8660),Compute,12194339083,21250
5425,python (8660),Compute,12194537541,21084
5426,python (8660),Compute,12194734375,21083
5427,python (8660),Compute,12194931875,21166
5428,python (8660),Compute,12195132625,21208
5429,python (8660),Compute,12195331375,20416
5430,python (8660),Compute,12195500291,20959
5431,python (8660),Compute,12195701583,20875
5432,python (8660),Compute,12195892750,20916
5433,python (8660),Compute,12196090750,21208
5434,python (8660),Compute,12196289500,20916
5435,python (8660),Compute,12196484833,21208
5436,python (8660),Compute,12196681750,21208
5437,python (8660),Compute,12196878750,21166
5438,python (8660),Compute,12197074041,20500
5439,python (8660),Compute,12197281541,20959
5440,python (8660),Compute,12197481583,21000
5441,python (8660),Compute,12197680125,21208
5442,python (8660),Compute,12197950875,21083
5443,python (8660),Compute,12198155666,21084
5444,python (8660),Compute,12198356416,21000
5445,python (8660),Compute,12198554875,20916
5446,python (8660),Compute,12198752000,21208
5447,python (8660),Compute,12198953166,20917
5448,python (8660),Compute,12199148791,20917
5449,python (8660),Compute,12199344541,21084
5450,python (8660),Compute,12199543208,21167
5451,python (8660),Compute,12199740208,20417
5452,python (8660),Compute,12199933166,21000
5453,python (8660),Compute,12200130208,21000
5454,python (8660),Compute,12200328916,21084
5455,python (8660),Compute,12200526208,20958
5456,python (8660),Compute,12200723041,21000
5457,python (8660),Compute,12200921375,20916
5458,python (8660),Compute,12201118250,21083
5459,python (8660),Compute,12201316291,21125
5460,python (8660),Compute,12201512875,20791
5461,python (8660),Compute,12201712750,21041
5462,python (8660),Compute,12201908250,20541
5463,python (8660),Compute,12202085708,21333
5464,python (8660),Compute,12202287041,20917
5465,python (8660),Compute,12202485375,20958
5466,python (8660),Compute,12202684666,21209
5467,python (8660),Compute,12202884833,20958
5468,python (8660),Compute,12203082916,21042
5469,python (8660),Compute,12203281416,21209
5470,python (8660),Compute,12203480041,20959
5471,python (8660),Compute,12203672333,20083
5472,python (8660),Compute,12203862125,20875
5473,python (8660),Compute,12204060625,20958
5474,python (8660),Compute,12204248791,20417
5475,python (8660),Compute,12204443375,21125
5476,python (8660),Compute,12204641958,21000
5477,python (8660),Compute,12204838750,20916
5478,python (8660),Compute,12205037000,21000
5479,python (8660),Compute,12205234958,20917
5480,python (8660),Compute,12205432625,21041
5481,python (8660),Compute,12205632250,21041
5482,python (8660),Compute,12205828583,21000
5483,python (8660),Compute,12206029250,21291
5484,python (8660),Compute,12206292333,20333
5485,python (8660),Compute,12206469333,20750
5486,python (8660),Compute,12206658083,20458
5487,python (8660),Compute,12206841250,20333
5488,python (8660),Compute,12207013166,20334
5489,python (8660),Compute,12207185291,20459
5490,python (8660),Compute,12207357958,20500
5491,python (8660),Compute,12207517458,20375
5492,python (8660),Compute,12207691500,20375
5493,python (8660),Compute,12207861916,20334
5494,python (8660),Compute,12208033833,20167
5495,python (8660),Compute,12208220166,21125
5496,python (8660),Compute,12208418291,20875
5497,python (8660),Compute,12208614083,21250
5498,python (8660),Compute,12208814208,21000
5499,python (8660),Compute,12209005708,21083
5500,python (8660),Compute,12209204791,20917
5501,python (8660),Compute,12209396750,20916
5502,python (8660),Compute,12209594416,20917
5503,python (8660),Compute,12209790125,21125
5504,python (8660),Compute,12209987333,21250
5505,python (8660),Compute,12210181833,20833
5506,python (8660),Compute,12210354583,20542
5507,python (8660),Compute,12210545250,21375
5508,python (8660),Compute,12210746625,20916
5509,python (8660),Compute,12210940041,21125
5510,python (8660),Compute,12211137041,21334
5511,python (8660),Compute,12211329333,21125
5512,python (8660),Compute,12211526625,21250
5513,python (8660),Compute,12211723041,21209
5514,python (8660),Compute,12211921500,21208
5515,python (8660),Compute,12212107958,20917
5516,python (8660),Compute,12212307541,21042
5517,python (8660),Compute,12212505333,21167
5518,python (8660),Compute,12212705375,20916
5519,python (8660),Compute,12212900000,21000
5520,python (8660),Compute,12213096291,20917
5521,python (8660),Compute,12213290000,20750
5522,python (8660),Compute,12213486833,21083
5523,python (8660),Compute,12213681166,21084
5524,python (8660),Compute,12213879125,20875
5525,python (8660),Compute,12214077375,21166
5526,python (8660),Compute,12214276333,20833
5527,python (8660),Compute,12214638083,20375
5528,python (8660),Compute,12214838333,20792
5529,python (8660),Compute,12215032625,21000
5530,python (8660),Compute,12215229833,21167
5531,python (8660),Compute,12215423791,21000
5532,python (8660),Compute,12215618875,20958
5533,python (8660),Compute,12215818708,20792
5534,python (8660),Compute,12216013041,21042
5535,python (8660),Compute,12216206833,21083
5536,python (8660),Compute,12216404041,21167
5537,python (8660),Compute,12216600375,20458
5538,python (8660),Compute,12216773500,20666
5539,python (8660),Compute,12216957208,20958
5540,python (8660),Compute,12217159666,20917
5541,python (8660),Compute,12217356083,20167
5542,python (8660),Compute,12217541791,21000
5543,python (8660),Compute,12217735125,21416
5544,python (8660),Compute,12217930583,21250
5545,python (8660),Compute,12218124958,21292
5546,python (8660),Compute,12218320458,20833
5547,python (8660),Compute,12218513291,21625
5548,python (8660),Compute,12218705375,20583
5549,python (8660),Compute,12218879833,20083
5550,python (8660),Compute,12219043041,20417
5551,python (8660),Compute,12219197583,20542
5552,python (8660),Compute,12219364000,20333
5553,python (8660),Compute,12219531541,20292
5554,python (8660),Compute,12219705916,20334
5555,python (8660),Compute,12219872250,20541
5556,python (8660),Compute,12220025583,20375
5557,python (8660),Compute,12220189291,20875
5558,python (8660),Compute,12220354375,20000
5559,python (8660),Compute,12220518333,20292
5560,python (8660),Compute,12220730250,20416
5561,python (8660),Compute,12220936041,20292
5562,python (8660),Compute,12221091041,20375
5563,python (8660),Compute,12221277750,20291
5564,python (8660),Compute,12221439083,20500
5565,python (8660),Compute,12221597708,20375
5566,python (8660),Compute,12221766166,20625
5567,python (8660),Compute,12221943083,20125
5568,python (8660),Compute,12222110416,20209
5569,python (8660),Compute,12222342583,20417
5570,python (8660),Compute,12222517916,20042
5571,python (8660),Compute,12222683666,20334
5572,python (8660),Compute,12222932375,20416
5573,python (8660),Compute,12223092708,20250
5574,python (8660),Compute,12223283791,20209
5575,python (8660),Compute,12223466916,20125
5576,python (8660),Compute,12223644125,21000
5577,python (8660),Compute,12223825416,20625
5578,python (8660),Compute,12224007666,20334
5579,python (8660),Compute,12224190791,20209
5580,python (8660),Compute,12224371083,20292
5581,python (8660),Compute,12224598291,20042
5582,python (8660),Compute,12224773500,20333
5583,python (8660),Compute,12224953666,20584
5584,python (8660),Compute,12225139750,20708
5585,python (8660),Compute,12225376083,20250
5588,python (8660),Compute,12225555541,20084
5589,python (8660),Compute,12225821291,20417
5590,python (8660),Compute,12225996875,20375
5591,python (8660),Compute,12226240458,20292
5592,python (8660),Compute,12226416291,20167
5593,python (8660),Compute,12226611041,20417
5594,python (8660),Compute,12226817750,20583
5595,python (8660),Compute,12226999666,20334
5596,python (8660),Compute,12227157250,20541
5597,python (8660),Compute,12227327166,20250
5598,python (8660),Compute,12227485250,20375
5599,python (8660),Compute,12227642541,20292
5600,python (8660),Compute,12227790333,20167
5601,python (8660),Compute,12227951000,20458
5602,python (8660),Compute,12228112041,20709
5603,python (8660),Compute,12228279875,21083
5604,python (8660),Compute,12228442125,20250
5605,python (8660),Compute,12228599458,20625
5606,python (8660),Compute,12228757666,20250
5607,python (8660),Compute,12228916291,20209
5608,python (8660),Compute,12229077541,20084
5609,python (8660),Compute,12229239083,20000
5610,python (8660),Compute,12229400250,20333
5611,python (8660),Compute,12229546125,20666
5612,python (8660),Compute,12229687250,20750
5613,python (8660),Compute,12229840708,20750
5614,python (8660),Compute,12229992375,20541
5615,python (8660),Compute,12230139291,20084
5616,python (8660),Compute,12230299500,20166
5617,python (8660),Compute,12230448583,20542
5618,python (8660),Compute,12230609750,20791
5619,python (8660),Compute,12230770375,20541
5620,python (8660),Compute,12230940958,20542
5621,python (8660),Compute,12231265250,20083
5622,python (8660),Compute,12231443583,20958
5623,python (8660),Compute,12231601916,20584
5624,python (8660),Compute,12231773208,20750
5625,python (8660),Compute,12231933375,20375
5626,python (8660),Compute,12232105000,20625
5627,python (8660),Compute,12232277291,20459
5628,python (8660),Compute,12232435166,20542
5629,python (8660),Compute,12232593000,20458
5630,python (8660),Compute,12232764500,20791
5631,python (8660),Compute,12232924958,20750
5632,python (8660),Compute,12233099958,20833
5633,python (8660),Compute,12233275208,20625
5634,python (8660),Compute,12233449000,20750
5635,python (8660),Compute,12233618666,20625
5636,python (8660),Compute,12233788166,20709
5637,python (8660),Compute,12233958916,20459
5638,python (8660),Compute,12234132791,20542
5639,python (8660),Compute,12234307875,20500
5640,python (8660),Compute,12234480541,20667
5641,python (8660),Compute,12234640000,20583
5642,python (8660),Compute,12234799833,20458
5643,python (8660),Compute,12234971833,20917
5644,python (8660),Compute,12235144541,20625
5645,python (8660),Compute,12235318583,20250
5646,python (8660),Compute,12235483458,20458
5647,python (8660),Compute,12235642958,20542
5648,python (8660),Compute,12235803583,20375
5649,python (8660),Compute,12235962958,20625
5650,python (8660),Compute,12236122500,20458
5651,python (8660),Compute,12236295750,20708
5652,python (8660),Compute,12236470875,20333
5653,python (8660),Compute,12236641750,20250
5654,python (8660),Compute,12236800666,20375
5655,python (8660),Compute,12236972958,20500
5656,python (8660),Compute,12237145583,20625
5657,python (8660),Compute,12237310250,20500
5658,python (8660),Compute,12237468583,20708
5659,python (8660),Compute,12237642083,20500
5660,python (8660),Compute,12237813875,20833
5661,python (8660),Compute,12237985750,20375
5662,python (8660),Compute,12238157041,20875
5663,python (8660),Compute,12238329875,20416
5664,python (8660),Compute,12238501625,20833
5665,python (8660),Compute,12238675333,20292
5666,python (8660),Compute,12238845541,20750
5667,python (8660),Compute,12239006458,20250
5668,python (8660),Compute,12239176291,20542
5669,python (8660),Compute,12239350166,20459
5670,python (8660),Compute,12239607708,20583
5671,python (8660),Compute,12239771833,20500
5672,python (8660),Compute,12239922583,20375
5673,python (8660),Compute,12240093541,20417
5674,python (8660),Compute,12240263500,20833
5675,python (8660),Compute,12240438708,20792
5676,python (8660),Compute,12240612500,20958
5677,python (8660),Compute,12240784000,20583
5678,python (8660),Compute,12240946916,20459
5679,python (8660),Compute,12241107000,20625
5680,python (8660),Compute,12241277916,20750
5681,python (8660),Compute,12241450291,20417
5682,python (8660),Compute,12241624208,20458
5683,python (8660),Compute,12241797041,20667
5684,python (8660),Compute,12241969791,20459
5685,python (8660),Compute,12242141208,20667
5686,python (8660),Compute,12242311833,20500
5687,python (8660),Compute,12242485291,20459
5688,python (8660),Compute,12242657416,20542
5689,python (8660),Compute,12242829500,20750
5690,python (8660),Compute,12242988541,20459
5691,python (8660),Compute,12243159083,20250
5692,python (8660),Compute,12243356291,21250
5693,python (8660),Compute,12243553291,20417
5694,python (8660),Compute,12243741000,21000
5695,python (8660),Compute,12243937458,21000
5696,python (8660),Compute,12244135083,20958
5697,python (8660),Compute,12244330208,20833
5698,python (8660),Compute,12244525791,21209
5699,python (8660),Compute,12244722791,21250
5700,python (8660),Compute,12244918833,21208
5701,python (8660),Compute,12245115958,21292
5702,python (8660),Compute,12245307041,20125
5703,python (8660),Compute,12245494583,21167
5704,python (8660),Compute,12245691958,21000
5705,python (8660),Compute,12245886750,21333
5706,python (8660),Compute,12246085625,21333
5707,python (8660),Compute,12246283791,21167
5708,python (8660),Compute,12246481875,21166
5709,python (8660),Compute,12246677666,21125
5710,python (8660),Compute,12246871666,21417
5711,python (8660),Compute,12247065208,21083
5712,python (8660),Compute,12247257791,20500
5713,python (8660),Compute,12247447750,21250
5714,python (8660),Compute,12247646791,21250
5715,python (8660),Compute,12247983708,20958
5716,python (8660),Compute,12248193291,21542
5717,python (8660),Compute,12248390208,21250
5718,python (8660),Compute,12248590541,21125
5719,python (8660),Compute,12248787750,21208
5720,python (8660),Compute,12248985166,21292
5721,python (8660),Compute,12249178708,20833
5722,python (8660),Compute,12249365750,21208
5723,python (8660),Compute,12249561916,21500
5724,python (8660),Compute,12249757583,20792
5725,python (8660),Compute,12249952583,21208
5726,python (8660),Compute,12250151958,21125
5727,python (8660),Compute,12250347791,21584
5728,python (8660),Compute,12250546125,21500
5729,python (8660),Compute,12250744083,21000
5730,python (8660),Compute,12250943666,21125
5731,python (8660),Compute,12251139625,21166
5732,python (8660),Compute,12251337166,21292
5733,python (8660),Compute,12251535791,21417
5734,python (8660),Compute,12251734000,20916
5735,python (8660),Compute,12251929166,20375
5736,python (8660),Compute,12252122041,21125
5737,python (8660),Compute,12252320833,21375
5738,python (8660),Compute,12252517166,21375
5739,python (8660),Compute,12252712875,21333
5740,python (8660),Compute,12252907791,20375
5741,python (8660),Compute,12253103625,21291
5742,python (8660),Compute,12253303458,21167
5743,python (8660),Compute,12253496125,20458
5744,python (8660),Compute,12253664500,20166
5745,python (8660),Compute,12253819625,20333
5746,python (8660),Compute,12253985333,20292
5747,python (8660),Compute,12254154875,20708
5748,python (8660),Compute,12254356958,21083
5749,python (8660),Compute,12254553291,20959
5750,python (8660),Compute,12254741958,21042
5751,python (8660),Compute,12254937291,21167
5752,python (8660),Compute,12255134708,21208
5753,python (8660),Compute,12255330791,21209
5754,python (8660),Compute,12255527625,20916
5755,python (8660),Compute,12255724375,20958
5756,python (8660),Compute,12255925291,20875
5757,python (8660),Compute,12256266708,21167
5758,python (8660),Compute,12256460583,21125
5759,python (8660),Compute,12256654958,20167
5760,python (8660),Compute,12256823541,20084
5761,python (8660),Compute,12256982666,20167
5762,python (8660),Compute,12257154375,20291
5763,python (8660),Compute,12257322916,20250
5764,python (8660),Compute,12257492458,20250
5765,python (8660),Compute,12257662291,20375
5766,python (8660),Compute,12257835208,20500
5767,python (8660),Compute,12258006541,20250
5768,python (8660),Compute,12258187875,20333
5769,python (8660),Compute,12258368458,20417
5772,python (8660),Compute,12258589083,20500
5773,python (8660),Compute,12258797041,21167
5774,python (8660),Compute,12258969291,20625
5775,python (8660),Compute,12259142958,20458
5776,python (8660),Compute,12259319041,20292
5777,python (8660),Compute,12259512541,20292
5778,python (8660),Compute,12259697625,21208
5779,python (8660),Compute,12259895208,20333
5780,python (8660),Compute,12260068666,21250
5781,python (8660),Compute,12260271083,20583
5782,python (8660),Compute,12260462000,21000
5783,python (8660),Compute,12260656166,20625
5784,python (8660),Compute,12260839625,21166
5785,python (8660),Compute,12261037958,20875
5786,python (8660),Compute,12261233666,21167
5787,python (8660),Compute,12261432208,21042
5788,python (8660),Compute,12261628000,21000
5789,python (8660),Compute,12261825375,20916
5790,python (8660),Compute,12262018375,20791
5791,python (8660),Compute,12262204500,21750
5792,python (8660),Compute,12262398583,21375
5793,python (8660),Compute,12262597500,21458
5794,python (8660),Compute,12262790583,21792
5795,python (8660),Compute,12262988791,21042
5796,python (8660),Compute,12263187666,21167
5797,python (8660),Compute,12263388208,21542
5798,python (8660),Compute,12263587750,21166
5799,python (8660),Compute,12263784958,20958
5800,python (8660),Compute,12263978000,21291
5801,python (8660),Compute,12264174208,21250
5802,python (8660),Compute,12264369541,21167
5803,python (8660),Compute,12264636625,20708
5804,python (8660),Compute,12264831875,21166
5805,python (8660),Compute,12265029125,20875
5806,python (8660),Compute,12265222500,21291
5807,python (8660),Compute,12265420500,21166
5808,python (8660),Compute,12265617708,21417
5809,python (8660),Compute,12265816041,21042
5810,python (8660),Compute,12266013500,21416
5811,python (8660),Compute,12266216750,21041
5812,python (8660),Compute,12266403375,20666
5813,python (8660),Compute,12266604125,20875
5814,python (8660),Compute,12266803708,21083
5815,python (8660),Compute,12267002916,21042
5816,python (8660),Compute,12267195625,20250
5817,python (8660),Compute,12267365833,20292
5818,python (8660),Compute,12267539833,20167
5819,python (8660),Compute,12267730875,20875
5820,python (8660),Compute,12267927541,20959
5821,python (8660),Compute,12268123625,21125
5822,python (8660),Compute,12268327750,20291
5823,python (8660),Compute,12268504541,20500
5824,python (8660),Compute,12268675000,20250
5825,python (8660),Compute,12268847208,20083
5826,python (8660),Compute,12269018541,20459
5827,python (8660),Compute,12269190375,20625
5828,python (8660),Compute,12269353166,20334
5829,python (8660),Compute,12269525750,20208
5830,python (8660),Compute,12269693000,20916
5831,python (8660),Compute,12269893416,21042
5832,python (8660),Compute,12270090000,20458
5833,python (8660),Compute,12270280875,20291
5834,python (8660),Compute,12270447916,20959
5835,python (8660),Compute,12270648000,21250
5836,python (8660),Compute,12270845250,20916
5837,python (8660),Compute,12271042375,21333
5838,python (8660),Compute,12271236000,20958
5839,python (8660),Compute,12271433958,20958
5840,python (8660),Compute,12271630833,20708
5841,python (8660),Compute,12271828708,20958
5842,python (8660),Compute,12272027625,20958
5843,python (8660),Compute,12272227083,21083
5844,python (8660),Compute,12272425375,20583
5845,python (8660),Compute,12272600916,20875
5846,python (8660),Compute,12272962083,21000
5847,python (8660),Compute,12273150583,21042
5848,python (8660),Compute,12273348916,21084
5849,python (8660),Compute,12273547166,20959
5850,python (8660),Compute,12273741416,20667
5851,python (8660),Compute,12273931166,21167
5852,python (8660),Compute,12274127750,21041
5853,python (8660),Compute,12274324125,20833
5854,python (8660),Compute,12274519500,21041
5855,python (8660),Compute,12274717208,20917
5856,python (8660),Compute,12274915375,21000
5857,python (8660),Compute,12275110041,21042
5858,python (8660),Compute,12275306666,20875
5859,python (8660),Compute,12275502750,21250
5860,python (8660),Compute,12275697291,20917
5861,python (8660),Compute,12275895000,21041
5862,python (8660),Compute,12276087833,20958
5863,python (8660),Compute,12276284125,21041
5864,python (8660),Compute,12276479541,20959
5865,python (8660),Compute,12276677000,20958
5866,python (8660),Compute,12276872625,20833
5867,python (8660),Compute,12277060958,20958
5868,python (8660),Compute,12277259083,21042
5869,python (8660),Compute,12277455083,21083
5870,python (8660),Compute,12277649916,21584
5871,python (8660),Compute,12277851958,21250
5872,python (8660),Compute,12278049125,21291
5873,python (8660),Compute,12278248541,21000
5874,python (8660),Compute,12278446500,21250
5875,python (8660),Compute,12278641375,20541
5876,python (8660),Compute,12278817666,20834
5877,python (8660),Compute,12279010875,21166
5878,python (8660),Compute,12279206708,21458
5879,python (8660),Compute,12279404208,21125
5880,python (8660),Compute,12279600750,21083
5881,python (8660),Compute,12279797791,21084
5882,python (8660),Compute,12279996791,21209
5883,python (8660),Compute,12280191833,20917
5884,python (8660),Compute,12280384833,21250
5885,python (8660),Compute,12280583000,21083
5886,python (8660),Compute,12280778541,20959
5887,python (8660),Compute,12280979583,21333
5888,python (8660),Compute,12281311875,21291
5889,python (8660),Compute,12281515875,21125
5890,python (8660),Compute,12281712750,20958
5891,python (8660),Compute,12281909000,21333
5892,python (8660),Compute,12282105250,21375
5893,python (8660),Compute,12282303041,21125
5894,python (8660),Compute,12282496958,21292
5895,python (8660),Compute,12282688458,20958
5896,python (8660),Compute,12282885625,21041
5897,python (8660),Compute,12283087416,21250
5898,python (8660),Compute,12283284416,21334
5899,python (8660),Compute,12283483083,21333
5900,python (8660),Compute,12283679458,21042
5901,python (8660),Compute,12283877000,21458
5902,python (8660),Compute,12284075208,21208
5903,python (8660),Compute,12284274833,21167
5904,python (8660),Compute,12284470375,21166
5905,python (8660),Compute,12284667458,20875
5906,python (8660),Compute,12284857333,21125
5907,python (8660),Compute,12285053125,20916
5908,python (8660),Compute,12285225875,20541
5909,python (8660),Compute,12285411791,21042
5910,python (8660),Compute,12285607583,21167
5911,python (8660),Compute,12285809458,21167
5912,python (8660),Compute,12285998916,21084
5913,python (8660),Compute,12286193666,21334
5914,python (8660),Compute,12286389250,21250
5915,python (8660),Compute,12286587000,21125
5916,python (8660),Compute,12286786916,21584
5917,python (8660),Compute,12286979375,20708
5918,python (8660),Compute,12287142708,20375
5919,python (8660),Compute,12287305000,20416
5920,python (8660),Compute,12287476750,20625
5921,python (8660),Compute,12287676708,21083
5922,python (8660),Compute,12287872541,20792
5923,python (8660),Compute,12288068583,21333
5924,python (8660),Compute,12288263666,21084
5925,python (8660),Compute,12288461083,21167
5926,python (8660),Compute,12288657583,21250
5927,python (8660),Compute,12288855875,21166
5928,python (8660),Compute,12289053041,21084
5929,python (8660),Compute,12289241666,21375
5930,python (8660),Compute,12289436125,20500
5931,python (8660),Compute,12289793291,21250
5932,python (8660),Compute,12289993958,20500
5933,python (8660),Compute,12290166166,20500
5934,python (8660),Compute,12290338083,20583
5935,python (8660),Compute,12290511291,20500
5936,python (8660),Compute,12290687458,20583
5937,python (8660),Compute,12290859166,20667
5938,python (8660),Compute,12291029958,20583
5939,python (8660),Compute,12291202750,20583
5940,python (8660),Compute,12291374041,20500
5941,python (8660),Compute,12291562083,20542
5942,python (8660),Compute,12291745291,20250
5945,python (8660),Compute,12291974666,20584
5946,python (8660),Compute,12292146916,20459
5947,python (8660),Compute,12292332916,20167
5948,python (8660),Compute,12292505958,20625
5949,python (8660),Compute,12292681416,20584
5950,python (8660),Compute,12292868458,20375
5951,python (8660),Compute,12293063583,21083
5952,python (8660),Compute,12293262833,21042
5953,python (8660),Compute,12293459666,20709
5954,python (8660),Compute,12293648416,20375
5955,python (8660),Compute,12293839250,20916
5956,python (8660),Compute,12294041583,21208
5957,python (8660),Compute,12294238625,21000
5958,python (8660),Compute,12294437458,21000
5959,python (8660),Compute,12294632791,21125
5960,python (8660),Compute,12294832916,21084
5961,python (8660),Compute,12295030416,21042
5962,python (8660),Compute,12295229500,21041
5963,python (8660),Compute,12295428208,21125
5964,python (8660),Compute,12295627708,21083
5965,python (8660),Compute,12295824541,20917
5966,python (8660),Compute,12296029125,21333
5967,python (8660),Compute,12296228833,21250
5968,python (8660),Compute,12296428500,20875
5969,python (8660),Compute,12296627083,21125
5970,python (8660),Compute,12296823916,21084
5971,python (8660),Compute,12297021791,21000
5972,python (8660),Compute,12297222583,21000
5973,python (8660),Compute,12297419875,21000
5974,python (8660),Compute,12297619541,21125
5975,python (8660),Compute,12297973833,21042
5976,python (8660),Compute,12298183041,20959
5977,python (8660),Compute,12298381375,21083
5978,python (8660),Compute,12298581583,21042
5979,python (8660),Compute,12298778458,21292
5980,python (8660),Compute,12298977916,20917
5981,python (8660),Compute,12299174458,21208
5982,python (8660),Compute,12299371625,20958
5983,python (8660),Compute,12299573000,20958
5984,python (8660),Compute,12299772208,21208
5985,python (8660),Compute,12299967708,21000
5986,python (8660),Compute,12300161666,20417
5987,python (8660),Compute,12300360041,21125
5988,python (8660),Compute,12300558708,21083
5989,python (8660),Compute,12300756375,21083
5990,python (8660),Compute,12300954625,20916
5991,python (8660),Compute,12301152833,21250
5992,python (8660),Compute,12301350833,21208
5993,python (8660),Compute,12301550750,21166
5994,python (8660),Compute,12301749541,21042
5995,python (8660),Compute,12301943916,20167
5996,python (8660),Compute,12302137291,21084
5997,python (8660),Compute,12302330333,20250
5998,python (8660),Compute,12302525666,21000
5999,python (8660),Compute,12302723708,21208
6000,python (8660),Compute,12302921125,20958
6001,python (8660),Compute,12303119291,20959
6002,python (8660),Compute,12303319208,21250
6003,python (8660),Compute,12303514625,21083
6004,python (8660),Compute,12303711666,21625
6005,python (8660),Compute,12303910291,21250
6006,python (8660),Compute,12304104333,20583
6007,python (8660),Compute,12304278708,20333
6008,python (8660),Compute,12304476208,20625
6009,python (8660),Compute,12304655000,20958
6010,python (8660),Compute,12304855750,20916
6011,python (8660),Compute,12305052291,21209
6012,python (8660),Compute,12305251791,21167
6013,python (8660),Compute,12305449750,21083
6014,python (8660),Compute,12305648166,21125
6015,python (8660),Compute,12305848375,21083
6016,python (8660),Compute,12306046458,20708
6017,python (8660),Compute,12306400458,20417
6018,python (8660),Compute,12306594333,20875
6019,python (8660),Compute,12306793250,21083
6020,python (8660),Compute,12306995208,20917
6021,python (8660),Compute,12307193958,21125
6022,python (8660),Compute,12307391458,21125
6023,python (8660),Compute,12307590375,20916
6024,python (8660),Compute,12307788875,20875
6025,python (8660),Compute,12307986166,21209
6026,python (8660),Compute,12308183708,20875
6027,python (8660),Compute,12308381125,20750
6028,python (8660),Compute,12308575708,21125
6029,python (8660),Compute,12308773208,20917
6030,python (8660),Compute,12308968500,21125
6031,python (8660),Compute,12309168875,21166
6032,python (8660),Compute,12309365208,20917
6033,python (8660),Compute,12309563166,20959
6034,python (8660),Compute,12309756416,20500
6035,python (8660),Compute,12309942833,21083
6036,python (8660),Compute,12310140166,20917
6037,python (8660),Compute,12310334291,20709
6038,python (8660),Compute,12310524541,20959
6039,python (8660),Compute,12310722000,20958
6040,python (8660),Compute,12310918250,20875
6041,python (8660),Compute,12311107458,20167
6042,python (8660),Compute,12311303250,20916
6043,python (8660),Compute,12311498541,20334
6044,python (8660),Compute,12311696916,21125
6045,python (8660),Compute,12311895958,20708
6046,python (8660),Compute,12312097083,21208
6047,python (8660),Compute,12312295458,20875
6048,python (8660),Compute,12312485083,20833
6049,python (8660),Compute,12312680875,20875
6050,python (8660),Compute,12312878500,21083
6051,python (8660),Compute,12313075708,21125
6052,python (8660),Compute,12313273083,20875
6053,python (8660),Compute,12313465875,20791
6054,python (8660),Compute,12313670458,21208
6055,python (8660),Compute,12313866750,21250
6056,python (8660),Compute,12314066666,21209
6057,python (8660),Compute,12314263791,20959
6058,python (8660),Compute,12314614083,21208
6059,python (8660),Compute,12314813291,21084
6060,python (8660),Compute,12315009541,21000
6061,python (8660),Compute,12315205958,20750
6062,python (8660),Compute,12315405916,20875
6063,python (8660),Compute,12315599833,20917
6064,python (8660),Compute,12315799208,20875
6065,python (8660),Compute,12315996291,20875
6066,python (8660),Compute,12316195208,21208
6067,python (8660),Compute,12316393416,21292
6068,python (8660),Compute,12316593250,20500
6069,python (8660),Compute,12316766000,20625
6070,python (8660),Compute,12316932583,20583
6071,python (8660),Compute,12317108750,20416
6072,python (8660),Compute,12317282541,20459
6073,python (8660),Compute,12317454250,20250
6074,python (8660),Compute,12317627458,20625
6075,python (8660),Compute,12317800000,20500
6076,python (8660),Compute,12317974625,21125
6077,python (8660),Compute,12318175750,20958
6078,python (8660),Compute,12318377208,21208
6079,python (8660),Compute,12318574583,20667
6080,python (8660),Compute,12318745625,20458
6081,python (8660),Compute,12318910208,20667
6082,python (8660),Compute,12319077291,20375
6083,python (8660),Compute,12319240333,20333
6084,python (8660),Compute,12319393583,20417
6085,python (8660),Compute,12319548458,20208
6086,python (8660),Compute,12319714250,20166
6087,python (8660),Compute,12319881708,20417
6088,python (8660),Compute,12320049833,20333
6089,python (8660),Compute,12320211416,20334
6090,python (8660),Compute,12320372666,20334
6091,python (8660),Compute,12320533458,20458
6092,python (8660),Compute,12320698083,20333
6093,python (8660),Compute,12320851250,20083
6094,python (8660),Compute,12321001958,20333
6095,python (8660),Compute,12321162416,20375
6096,python (8660),Compute,12321313666,20250
6097,python (8660),Compute,12321495208,20083
6098,python (8660),Compute,12321667125,20416
6099,python (8660),Compute,12321839708,20125
6100,python (8660),Compute,12322092958,20042
6101,python (8660),Compute,12322267875,20416
6102,python (8660),Compute,12322542625,20000
6103,python (8660),Compute,12322730750,20458
6104,python (8660),Compute,12323047833,20583
6105,python (8660),Compute,12323195916,20500
6106,python (8660),Compute,12323349500,20333
6107,python (8660),Compute,12323511666,20459
6108,python (8660),Compute,12323668791,20250
6109,python (8660),Compute,12323827666,20292
6110,python (8660),Compute,12323988791,20084
6111,python (8660),Compute,12324146666,20500
6112,python (8660),Compute,12324336291,20667
6113,python (8660),Compute,12324510916,20209
6114,python (8660),Compute,12324675708,20208
6115,python (8660),Compute,12324832458,20458
6116,python (8660),Compute,12325014291,20417
6117,python (8660),Compute,12325196500,20416
6118,python (8660),Compute,12325377458,20292
6121,python (8660),Compute,12325623708,20333
6122,python (8660),Compute,12325803291,20417
6123,python (8660),Compute,12325997500,20666
6124,python (8660),Compute,12326186875,20333
6125,python (8660),Compute,12326355583,20542
6126,python (8660),Compute,12326556875,20458
6127,python (8660),Compute,12326735083,20375
6128,python (8660),Compute,12326891500,20416
6129,python (8660),Compute,12327053125,20333
6130,python (8660),Compute,12327197500,20708
6131,python (8660),Compute,12327362750,20500
6132,python (8660),Compute,12327519250,20291
6133,python (8660),Compute,12327681833,20292
6134,python (8660),Compute,12327833916,20417
6135,python (8660),Compute,12327984541,20334
6136,python (8660),Compute,12328132166,20459
6137,python (8660),Compute,12328286958,20000
6138,python (8660),Compute,12328442166,20334
6139,python (8660),Compute,12328605500,20208
6140,python (8660),Compute,12328761375,20250
6141,python (8660),Compute,12329023708,20333
6142,python (8660),Compute,12329237833,20292
6143,python (8660),Compute,12329413750,20583
6144,python (8660),Compute,12329567958,20542
6145,python (8660),Compute,12329753250,20416
6146,python (8660),Compute,12329971125,20416
6147,python (8660),Compute,12330169375,20458
6148,python (8660),Compute,12330344416,20209
6149,python (8660),Compute,12330499833,20583
6150,python (8660),Compute,12330660333,20042
6151,python (8660),Compute,12330816583,20250
6152,python (8660),Compute,12330985875,20041
6153,python (8660),Compute,12331287291,20584
6154,python (8660),Compute,12331442833,20333
6155,python (8660),Compute,12331589708,20375
6156,python (8660),Compute,12331741666,20542
6157,python (8660),Compute,12331894458,20625
6158,python (8660),Compute,12332048375,20375
6159,python (8660),Compute,12332214000,20416
6160,python (8660),Compute,12332379958,20542
6161,python (8660),Compute,12332532333,20542
6162,python (8660),Compute,12332683416,20667
6163,python (8660),Compute,12332834666,20625
6164,python (8660),Compute,12332986375,20708
6165,python (8660),Compute,12333139458,20542
6166,python (8660),Compute,12333292500,20458
6167,python (8660),Compute,12333448750,20625
6168,python (8660),Compute,12333611625,20416
6169,python (8660),Compute,12333763416,20625
6170,python (8660),Compute,12333917875,20583
6171,python (8660),Compute,12334082000,20500
6172,python (8660),Compute,12334235416,20334
6173,python (8660),Compute,12334393416,20417
6174,python (8660),Compute,12334548916,20542
6175,python (8660),Compute,12334700541,20584
6176,python (8660),Compute,12334839958,20458
6177,python (8660),Compute,12334984458,20917
6178,python (8660),Compute,12335137916,20500
6179,python (8660),Compute,12335282250,20583
6180,python (8660),Compute,12335454416,20459
6181,python (8660),Compute,12335623583,20417
6182,python (8660),Compute,12335793791,20584
6183,python (8660),Compute,12335952500,20791
6184,python (8660),Compute,12336126750,20583
6185,python (8660),Compute,12336299541,20459
6186,python (8660),Compute,12336471041,20750
6187,python (8660),Compute,12336641333,20292
6188,python (8660),Compute,12336802791,20334
6189,python (8660),Compute,12336956208,20500
6190,python (8660),Compute,12337120875,20541
6191,python (8660),Compute,12337283583,21000
6192,python (8660),Compute,12337456916,20792
6193,python (8660),Compute,12337616000,20416
6194,python (8660),Compute,12337787333,20708
6195,python (8660),Compute,12337961666,20500
6196,python (8660),Compute,12338133375,20416
6197,python (8660),Compute,12338305708,20625
6198,python (8660),Compute,12338478291,20542
6199,python (8660),Compute,12338651166,20709
6200,python (8660),Compute,12338810666,20417
6201,python (8660),Compute,12338981000,20333
6202,python (8660),Compute,12339153000,20500
6203,python (8660),Compute,12339326458,20750
6204,python (8660),Compute,12339645041,20292
6205,python (8660),Compute,12339815000,20458
6206,python (8660),Compute,12339976625,20541
6207,python (8660),Compute,12340148250,20791
6208,python (8660),Compute,12340319583,20542
6209,python (8660),Compute,12340492291,20625
6210,python (8660),Compute,12340664583,20625
6211,python (8660),Compute,12340835500,20583
6212,python (8660),Compute,12340990583,20333
6213,python (8660),Compute,12341160625,20708
6214,python (8660),Compute,12341331958,20458
6215,python (8660),Compute,12341502958,20667
6216,python (8660),Compute,12341675708,20542
6217,python (8660),Compute,12341845666,20250
6218,python (8660),Compute,12342015958,20375
6219,python (8660),Compute,12342185416,20500
6220,python (8660),Compute,12342342291,20542
6221,python (8660),Compute,12342513083,20583
6222,python (8660),Compute,12342685791,20292
6223,python (8660),Compute,12342856333,20583
6224,python (8660),Compute,12343015333,20458
6225,python (8660),Compute,12343184291,20500
6226,python (8660),Compute,12343354583,20542
6227,python (8660),Compute,12343523875,20583
6228,python (8660),Compute,12343696625,20500
6229,python (8660),Compute,12343868541,20709
6230,python (8660),Compute,12344042208,20250
6231,python (8660),Compute,12344212333,20417
6232,python (8660),Compute,12344383708,20542
6233,python (8660),Compute,12344557333,20708
6234,python (8660),Compute,12344730625,20458
6235,python (8660),Compute,12344903791,20625
6236,python (8660),Compute,12345075625,20541
6237,python (8660),Compute,12345233916,20667
6238,python (8660),Compute,12345404166,20750
6239,python (8660),Compute,12345575458,20417
6240,python (8660),Compute,12345746791,20709
6241,python (8660),Compute,12345898833,20667
6242,python (8660),Compute,12346047250,20458
6243,python (8660),Compute,12346216625,20583
6244,python (8660),Compute,12346386958,20500
6245,python (8660),Compute,12346557291,21000
6246,python (8660),Compute,12346730666,20417
6247,python (8660),Compute,12346902458,21000
6248,python (8660),Compute,12347074250,20250
6249,python (8660),Compute,12347244875,20458
6250,python (8660),Compute,12347413041,20459
6251,python (8660),Compute,12347582166,20709
6252,python (8660),Compute,12347756166,20417
6253,python (8660),Compute,12348053708,20583
6254,python (8660),Compute,12348226416,20542
6255,python (8660),Compute,12348399041,20417
6256,python (8660),Compute,12348591833,21208
6257,python (8660),Compute,12348791208,21167
6258,python (8660),Compute,12348990250,20875
6259,python (8660),Compute,12349188166,21167
6260,python (8660),Compute,12349386375,21125
6261,python (8660),Compute,12349584416,21209
6262,python (8660),Compute,12349784625,21125
6263,python (8660),Compute,12349981666,21167
6264,python (8660),Compute,12350180916,21209
6265,python (8660),Compute,12350378291,21250
6266,python (8660),Compute,12350576958,20750
6267,python (8660),Compute,12350767666,21042
6268,python (8660),Compute,12350965666,21250
6269,python (8660),Compute,12351163458,20958
6270,python (8660),Compute,12351360666,21125
6271,python (8660),Compute,12351558291,21292
6272,python (8660),Compute,12351751083,21667
6273,python (8660),Compute,12351942458,20333
6274,python (8660),Compute,12352117625,21208
6275,python (8660),Compute,12352312166,21334
6276,python (8660),Compute,12352509166,21125
6277,python (8660),Compute,12352709500,21166
6278,python (8660),Compute,12352905458,21167
6279,python (8660),Compute,12353100333,21167
6280,python (8660),Compute,12353299541,21125
6281,python (8660),Compute,12353493958,20917
6282,python (8660),Compute,12353690083,20250
6283,python (8660),Compute,12353866000,20250
6284,python (8660),Compute,12354031250,20208
6285,python (8660),Compute,12354215125,21166
6286,python (8660),Compute,12354417708,21208
6287,python (8660),Compute,12354612208,21208
6288,python (8660),Compute,12354807041,21042
6289,python (8660),Compute,12354998041,20459
6290,python (8660),Compute,12355197333,21208
6291,python (8660),Compute,12355393833,21167
6292,python (8660),Compute,12355591416,21000
6293,python (8660),Compute,12355788708,21208
6294,python (8660),Compute,12355985125,21250
6295,python (8660),Compute,12356298125,21000
6296,python (8660),Compute,12356499541,21125
6297,python (8660),Compute,12356694416,20625
6298,python (8660),Compute,12356864791,20542
6299,python (8660),Compute,12357036833,20417
6300,python (8660),Compute,12357209125,20666
6301,python (8660),Compute,12357382375,20708
6302,python (8660),Compute,12357553125,20791
6303,python (8660),Compute,12357725875,20250
6304,python (8660),Compute,12357896500,20625
6305,python (8660),Compute,12358069708,20583
6306,python (8660),Compute,12358241833,20375
6309,python (8660),Compute,12358466125,20125
6310,python (8660),Compute,12358704291,20667
6311,python (8660),Compute,12358880375,20958
6312,python (8660),Compute,12359059291,20375
6313,python (8660),Compute,12359232750,20500
6314,python (8660),Compute,12359407083,20417
6315,python (8660),Compute,12359597583,21167
6316,python (8660),Compute,12359796791,21334
6317,python (8660),Compute,12359995625,21125
6318,python (8660),Compute,12360189583,21167
6319,python (8660),Compute,12360381041,21042
6320,python (8660),Compute,12360576250,21166
6321,python (8660),Compute,12360774416,21167
6322,python (8660),Compute,12360969916,21000
6323,python (8660),Compute,12361168541,21209
6324,python (8660),Compute,12361363166,21375
6325,python (8660),Compute,12361561875,20625
6326,python (8660),Compute,12361739666,21000
6327,python (8660),Compute,12361937125,20958
6328,python (8660),Compute,12362115375,21625
6329,python (8660),Compute,12362318875,21333
6330,python (8660),Compute,12362513208,21125
6331,python (8660),Compute,12362710791,21084
6332,python (8660),Compute,12362905750,21500
6333,python (8660),Compute,12363104458,21125
6334,python (8660),Compute,12363301625,21083
6335,python (8660),Compute,12363498416,20792
6336,python (8660),Compute,12363691791,21042
6337,python (8660),Compute,12363886791,21000
6338,python (8660),Compute,12364078791,21167
6339,python (8660),Compute,12364282416,21042
6340,python (8660),Compute,12364630833,20917
6341,python (8660),Compute,12364831375,21041
6342,python (8660),Compute,12365025625,21000
6343,python (8660),Compute,12365223750,21000
6344,python (8660),Compute,12365414541,21292
6345,python (8660),Compute,12365612791,21042
6346,python (8660),Compute,12365804625,21083
6347,python (8660),Compute,12365998166,20250
6348,python (8660),Compute,12366191208,21125
6349,python (8660),Compute,12366387500,20958
6350,python (8660),Compute,12366584291,20959
6351,python (8660),Compute,12366779125,21000
6352,python (8660),Compute,12366973791,21042
6353,python (8660),Compute,12367171958,21083
6354,python (8660),Compute,12367366250,21000
6355,python (8660),Compute,12367567750,21041
6356,python (8660),Compute,12367759583,21083
6357,python (8660),Compute,12367956166,21250
6358,python (8660),Compute,12368149333,20333
6359,python (8660),Compute,12368323166,21167
6360,python (8660),Compute,12368518250,21166
6361,python (8660),Compute,12368710333,20083
6362,python (8660),Compute,12368882250,20250
6363,python (8660),Compute,12369034500,20458
6364,python (8660),Compute,12369198625,20208
6365,python (8660),Compute,12369363333,20542
6366,python (8660),Compute,12369551958,20625
6367,python (8660),Compute,12369739958,21250
6368,python (8660),Compute,12369934875,21208
6369,python (8660),Compute,12370134375,21250
6370,python (8660),Compute,12370327708,20542
6371,python (8660),Compute,12370515041,21542
6372,python (8660),Compute,12370709541,21584
6373,python (8660),Compute,12370901541,20709
6374,python (8660),Compute,12371093500,21333
6375,python (8660),Compute,12371291125,21125
6376,python (8660),Compute,12371488541,21084
6377,python (8660),Compute,12371684958,21375
6378,python (8660),Compute,12371878500,21208
6379,python (8660),Compute,12372075500,21291
6380,python (8660),Compute,12372271125,21458
6381,python (8660),Compute,12372468958,21250
6382,python (8660),Compute,12372662041,20834
6383,python (8660),Compute,12372994333,20375
6384,python (8660),Compute,12373169208,21083
6385,python (8660),Compute,12373367916,21209
6386,python (8660),Compute,12373562208,21083
6387,python (8660),Compute,12373755083,21083
6388,python (8660),Compute,12373949166,21209
6389,python (8660),Compute,12374144958,21042
6390,python (8660),Compute,12374336583,20958
6391,python (8660),Compute,12374534208,21000
6392,python (8660),Compute,12374727208,20667
6393,python (8660),Compute,12374921458,20958
6394,python (8660),Compute,12375115875,20916
6395,python (8660),Compute,12375312166,21292
6396,python (8660),Compute,12375504708,21208
6397,python (8660),Compute,12375699958,21083
6398,python (8660),Compute,12375892791,20792
6399,python (8660),Compute,12376088125,21166
6400,python (8660),Compute,12376282458,20917
6401,python (8660),Compute,12376479708,20917
6402,python (8660),Compute,12376669333,21125
6403,python (8660),Compute,12376865083,21083
6404,python (8660),Compute,12377049583,20792
6405,python (8660),Compute,12377246833,20958
6406,python (8660),Compute,12377439458,20875
6407,python (8660),Compute,12377640625,20916
6408,python (8660),Compute,12377831666,21417
6409,python (8660),Compute,12378027541,21084
6410,python (8660),Compute,12378223791,21084
6411,python (8660),Compute,12378420833,21083
6412,python (8660),Compute,12378612833,20417
6413,python (8660),Compute,12378783166,21209
6414,python (8660),Compute,12378982500,21250
6415,python (8660),Compute,12379183625,20458
6416,python (8660),Compute,12379386875,21250
6417,python (8660),Compute,12379586083,20958
6418,python (8660),Compute,12379779041,21167
6419,python (8660),Compute,12379975541,21209
6420,python (8660),Compute,12380171166,21167
6421,python (8660),Compute,12380367291,20834
6422,python (8660),Compute,12380564125,21041
6423,python (8660),Compute,12380761000,21333
6424,python (8660),Compute,12380953708,21292
6425,python (8660),Compute,12381306041,21000
6426,python (8660),Compute,12381482583,21042
6427,python (8660),Compute,12381682166,21042
6428,python (8660),Compute,12381883291,20875
6429,python (8660),Compute,12382076583,20292
6430,python (8660),Compute,12382266208,21250
6431,python (8660),Compute,12382462041,20417
6432,python (8660),Compute,12382643625,20375
6433,python (8660),Compute,12382812708,20167
6434,python (8660),Compute,12382986166,20375
6435,python (8660),Compute,12383146708,20500
6436,python (8660),Compute,12383318291,20417
6437,python (8660),Compute,12383489791,20375
6438,python (8660),Compute,12383659958,20333
6439,python (8660),Compute,12383830416,20084
6440,python (8660),Compute,12383990833,20583
6441,python (8660),Compute,12384163208,20208
6442,python (8660),Compute,12384328583,20417
6443,python (8660),Compute,12384503916,20709
6444,python (8660),Compute,12384678625,20416
6445,python (8660),Compute,12384853041,20625
6446,python (8660),Compute,12385028708,20875
6447,python (8660),Compute,12385203708,20667
6448,python (8660),Compute,12385385333,21083
6449,python (8660),Compute,12385582958,21125
6450,python (8660),Compute,12385775500,20791
6451,python (8660),Compute,12385972583,21708
6452,python (8660),Compute,12386168208,21375
6453,python (8660),Compute,12386368125,21458
6454,python (8660),Compute,12386564250,21416
6455,python (8660),Compute,12386764125,21208
6456,python (8660),Compute,12386956166,20625
6457,python (8660),Compute,12387139208,20292
6458,python (8660),Compute,12387301500,20291
6459,python (8660),Compute,12387466291,20250
6460,python (8660),Compute,12387646958,21250
6461,python (8660),Compute,12387841583,20875
6462,python (8660),Compute,12388021416,21000
6463,python (8660),Compute,12388220583,21167
6464,python (8660),Compute,12388420208,21125
6465,python (8660),Compute,12388618291,21250
6466,python (8660),Compute,12388807416,21084
6467,python (8660),Compute,12389003416,20959
6468,python (8660),Compute,12389198333,21083
6469,python (8660),Compute,12389403333,20333
6470,python (8660),Compute,12389747958,21083
6471,python (8660),Compute,12389942375,20416
6472,python (8660),Compute,12390113916,20417
6473,python (8660),Compute,12390283750,20125
6474,python (8660),Compute,12390457083,20375
6475,python (8660),Compute,12390629500,20666
6476,python (8660),Compute,12390799500,20333
6477,python (8660),Compute,12390969875,20625
6478,python (8660),Compute,12391138708,20250
6479,python (8660),Compute,12391326291,20250
6480,python (8660),Compute,12391498791,20417
6481,python (8660),Compute,12391673958,20292
6482,python (8660),Compute,12391843791,20292
6485,python (8660),Compute,12392063750,20958
6488,python (8660),Compute,12392309875,20416
6489,python (8660),Compute,12392472708,20333
6490,python (8660),Compute,12392648875,20583
6491,python (8660),Compute,12392819583,20625
6492,python (8660),Compute,12392993875,20416
6493,python (8660),Compute,12393166166,21167
6494,python (8660),Compute,12393363041,21375
6495,python (8660),Compute,12393560583,20500
6496,python (8660),Compute,12393734458,21042
6497,python (8660),Compute,12393932916,21125
6498,python (8660),Compute,12394127250,21000
6499,python (8660),Compute,12394323291,21209
6500,python (8660),Compute,12394516541,21167
6501,python (8660),Compute,12394715750,21375
6502,python (8660),Compute,12394909791,21542
6503,python (8660),Compute,12395109208,21125
6504,python (8660),Compute,12395303708,20708
6505,python (8660),Compute,12395472625,21125
6506,python (8660),Compute,12395669666,21000
6507,python (8660),Compute,12395867833,20375
6508,python (8660),Compute,12396045041,21209
6509,python (8660),Compute,12396247083,21000
6510,python (8660),Compute,12396442583,21000
6511,python (8660),Compute,12396636041,20959
6512,python (8660),Compute,12396834958,21000
6513,python (8660),Compute,12397038416,20834
6514,python (8660),Compute,12397232666,20542
6515,python (8660),Compute,12397429041,21125
6516,python (8660),Compute,12397624291,21292
6517,python (8660),Compute,12397985083,20917
6518,python (8660),Compute,12398185375,21291
6519,python (8660),Compute,12398384458,21083
6520,python (8660),Compute,12398582041,21042
6521,python (8660),Compute,12398778291,20459
6522,python (8660),Compute,12398973166,21459
6523,python (8660),Compute,12399170500,21250
6524,python (8660),Compute,12399364625,21375
6525,python (8660),Compute,12399560708,21458
6526,python (8660),Compute,12399756500,21291
6527,python (8660),Compute,12399953500,21333
6528,python (8660),Compute,12400144750,21125
6529,python (8660),Compute,12400346041,21000
6530,python (8660),Compute,12400540708,21000
6531,python (8660),Compute,12400736458,21042
6532,python (8660),Compute,12400931916,20584
6533,python (8660),Compute,12401110250,20541
6534,python (8660),Compute,12401304791,21209
6535,python (8660),Compute,12401506041,21042
6536,python (8660),Compute,12401701541,20875
6537,python (8660),Compute,12401897875,20666
6538,python (8660),Compute,12402070708,20500
6539,python (8660),Compute,12402272958,21042
6540,python (8660),Compute,12402467708,21125
6541,python (8660),Compute,12402665750,21041
6542,python (8660),Compute,12402862875,21000
6543,python (8660),Compute,12403061333,20958
6544,python (8660),Compute,12403254166,20917
6545,python (8660),Compute,12403455875,20958
6546,python (8660),Compute,12403650291,20417
6547,python (8660),Compute,12403838000,21000
6548,python (8660),Compute,12404031708,20958
6549,python (8660),Compute,12404232166,20959
6550,python (8660),Compute,12404427125,20958
6551,python (8660),Compute,12404624083,21000
6552,python (8660),Compute,12404819875,21166
6553,python (8660),Compute,12405018541,21000
6554,python (8660),Compute,12405213958,20958
6555,python (8660),Compute,12405408791,20875
6556,python (8660),Compute,12405603875,21000
6557,python (8660),Compute,12405794291,20917
6558,python (8660),Compute,12405988916,20917
6559,python (8660),Compute,12406339000,20500
6560,python (8660),Compute,12406529583,20792
6561,python (8660),Compute,12406732500,20958
6562,python (8660),Compute,12406924708,20792
6563,python (8660),Compute,12407121125,21041
6564,python (8660),Compute,12407313333,21000
6565,python (8660),Compute,12407510583,20833
6566,python (8660),Compute,12407692166,21042
6567,python (8660),Compute,12407893541,21042
6568,python (8660),Compute,12408089166,20917
6569,python (8660),Compute,12408283541,20584
6570,python (8660),Compute,12408463750,20416
6571,python (8660),Compute,12408657208,21167
6572,python (8660),Compute,12408854375,21208
6573,python (8660),Compute,12409050958,20917
6574,python (8660),Compute,12409240541,21292
6575,python (8660),Compute,12409437875,21000
6576,python (8660),Compute,12409631500,21083
6577,python (8660),Compute,12409827833,21000
6578,python (8660),Compute,12410026333,21042
6579,python (8660),Compute,12410220083,20375
6580,python (8660),Compute,12410403750,21125
6581,python (8660),Compute,12410601333,21125
6582,python (8660),Compute,12410793916,21084
6583,python (8660),Compute,12410990166,21125
6584,python (8660),Compute,12411187583,21250
6585,python (8660),Compute,12411385125,21083
6586,python (8660),Compute,12411578083,21500
6587,python (8660),Compute,12411778375,21416
6588,python (8660),Compute,12411971541,20625
6589,python (8660),Compute,12412142791,21042
6590,python (8660),Compute,12412337583,21167
6591,python (8660),Compute,12412535208,21167
6592,python (8660),Compute,12412727916,21292
6593,python (8660),Compute,12412925625,21333
6594,python (8660),Compute,12413126750,21416
6595,python (8660),Compute,12413323916,21292
6596,python (8660),Compute,12413518208,21250
6597,python (8660),Compute,12413714625,21000
6598,python (8660),Compute,12413908791,21042
6599,python (8660),Compute,12414106125,20666
6600,python (8660),Compute,12414284250,21208
6601,python (8660),Compute,12414645625,21166
6602,python (8660),Compute,12414846625,21375
6603,python (8660),Compute,12415045041,21375
6604,python (8660),Compute,12415244041,21500
6605,python (8660),Compute,12415442208,21375
6606,python (8660),Compute,12415639208,21208
6607,python (8660),Compute,12415836458,21208
6608,python (8660),Compute,12416029250,21333
6609,python (8660),Compute,12416229083,21042
6610,python (8660),Compute,12416421708,21292
6611,python (8660),Compute,12416620166,21167
6612,python (8660),Compute,12416816875,21208
6613,python (8660),Compute,12417014833,21000
6614,python (8660),Compute,12417207625,21291
6615,python (8660),Compute,12417406791,21000
6616,python (8660),Compute,12417602000,21291
6617,python (8660),Compute,12417799708,21208
6618,python (8660),Compute,12417996750,21125
6619,python (8660),Compute,12418195916,21375
6620,python (8660),Compute,12418393208,21458
6621,python (8660),Compute,12418586000,20625
6622,python (8660),Compute,12418767708,20542
6623,python (8660),Compute,12418938958,20625
6624,python (8660),Compute,12419101791,20417
6625,python (8660),Compute,12419256041,20209
6626,python (8660),Compute,12419441625,20500
6627,python (8660),Compute,12419607000,20166
6628,python (8660),Compute,12419763333,20500
6629,python (8660),Compute,12419946166,20459
6630,python (8660),Compute,12420108375,20250
6631,python (8660),Compute,12420272291,20709
6632,python (8660),Compute,12420424583,20417
6633,python (8660),Compute,12420595333,20292
6634,python (8660),Compute,12420758333,20583
6635,python (8660),Compute,12420920208,20375
6636,python (8660),Compute,12421088916,20292
6637,python (8660),Compute,12421262166,20334
6638,python (8660),Compute,12421435916,20292
6639,python (8660),Compute,12421612000,20250
6640,python (8660),Compute,12421794833,20417
6641,python (8660),Compute,12421978333,20708
6642,python (8660),Compute,12422243875,20375
6643,python (8660),Compute,12422533916,20292
6644,python (8660),Compute,12422768291,20167
6645,python (8660),Compute,12423080375,20166
6646,python (8660),Compute,12423263750,20458
6647,python (8660),Compute,12423475666,20209
6648,python (8660),Compute,12423673375,20208
6649,python (8660),Compute,12423871000,20458
6650,python (8660),Compute,12424053458,20333
6651,python (8660),Compute,12424210208,20250
6652,python (8660),Compute,12424417541,20459
6653,python (8660),Compute,12424599250,20250
6654,python (8660),Compute,12424793458,20167
6655,python (8660),Compute,12424971041,20375
6656,python (8660),Compute,12425131583,20125
6657,python (8660),Compute,12425327791,20459
6660,python (8660),Compute,12425547958,20417
6661,python (8660),Compute,12425731375,20208
6662,python (8660),Compute,12425901208,20250
6663,python (8660),Compute,12426060375,19958
6664,python (8660),Compute,12426231750,20166
6665,python (8660),Compute,12426405333,20500
6666,python (8660),Compute,12426577208,20125
6667,python (8660),Compute,12426738083,20375
6668,python (8660),Compute,12426905041,20334
6669,python (8660),Compute,12427064666,20334
6670,python (8660),Compute,12427210125,20291
6671,python (8660),Compute,12427384708,20625
6672,python (8660),Compute,12427545291,19709
6673,python (8660),Compute,12427691250,19666
6674,python (8660),Compute,12427837250,19833
6675,python (8660),Compute,12428021291,19750
6676,python (8660),Compute,12428184500,19666
6677,python (8660),Compute,12428353291,19834
6678,python (8660),Compute,12428511333,19625
6679,python (8660),Compute,12428661208,20000
6680,python (8660),Compute,12428842416,19584
6681,python (8660),Compute,12429018291,19917
6682,python (8660),Compute,12429199875,19708
6683,python (8660),Compute,12429377125,19833
6684,python (8660),Compute,12429550791,19667
6685,python (8660),Compute,12429728083,19500
6686,python (8660),Compute,12429898791,20209
6687,python (8660),Compute,12430066333,19750
6688,python (8660),Compute,12430244166,20167
6689,python (8660),Compute,12430416458,19708
6690,python (8660),Compute,12430580458,19542
6691,python (8660),Compute,12430726958,19542
6692,python (8660),Compute,12430873458,19833
6693,python (8660),Compute,12431049166,19834
6694,python (8660),Compute,12431356125,19541
6695,python (8660),Compute,12431525708,19625
6696,python (8660),Compute,12431695750,19500
6697,python (8660),Compute,12431866208,20583
6698,python (8660),Compute,12432027750,20750
6699,python (8660),Compute,12432178958,20042
6700,python (8660),Compute,12432317750,20375
6701,python (8660),Compute,12432469291,20209
6702,python (8660),Compute,12432635875,20375
6703,python (8660),Compute,12432788250,20333
6704,python (8660),Compute,12432937250,20541
6705,python (8660),Compute,12433077541,20167
6706,python (8660),Compute,12433230125,20583
6707,python (8660),Compute,12433381416,20292
6708,python (8660),Compute,12433521083,20458
6709,python (8660),Compute,12433670333,20458
6710,python (8660),Compute,12433821000,20375
6711,python (8660),Compute,12433973875,20375
6712,python (8660),Compute,12434137666,20375
6713,python (8660),Compute,12434289500,20416
6714,python (8660),Compute,12434430125,20500
6715,python (8660),Compute,12434578666,20375
6716,python (8660),Compute,12434728750,20583
6717,python (8660),Compute,12434869000,20166
6718,python (8660),Compute,12435009166,20250
6719,python (8660),Compute,12435158583,20375
6720,python (8660),Compute,12435309666,20334
6721,python (8660),Compute,12435466166,20334
6722,python (8660),Compute,12435616708,20167
6723,python (8660),Compute,12435765333,20292
6724,python (8660),Compute,12435916583,20083
6725,python (8660),Compute,12436056250,20583
6726,python (8660),Compute,12436198583,20333
6727,python (8660),Compute,12436368750,20250
6728,python (8660),Compute,12436526666,20334
6729,python (8660),Compute,12436683125,20208
6730,python (8660),Compute,12436852458,20417
6731,python (8660),Compute,12437021041,20292
6732,python (8660),Compute,12437191166,20334
6733,python (8660),Compute,12437361291,20500
6734,python (8660),Compute,12438177708,18500
